item_id,has_error,strict_v1_correct,strict_v2_correct,answer_type,question_type_if_available,entropy,parse_failed,max_entropy,span_m_disp,span_t_disp,label_m,label_t,human_label_if_available,human_truth_if_available,extraction_status_if_available,error_location_if_available,error_type_if_available,image_path_if_available,n_red_spans,red_spans_approx_only,answer_type_either_side,truth_span_len,model_span_len,answer_shape,truth_span_bucket,mcq_vs_open
0,False,False,False,single_expression,free_response,1.0549201679861442,False,False,"Hence, the required number of words is 24",4 \times 3 \times 2 \times 1 = 24,sympy:h*(e*(n*(c*e))),text:4 \times 3 \times 2 \times 1 = 24,,,,,,,1,"Additionally, if we consider the factorial function, \(n!\),",multi_value,33,41,simple_value,long_31-100,free_response
1,False,False,False,text_conclusion,free_response,1.6094379124341005,False,True,(-j)(2j)\left(\frac{-1}{8}i\right)^3 = 2 \times \frac{1}{8 \times 8 \times 8} \times i^5 = \frac{1}{256}(j^2)^2 = \frac{1}{256}j,\left( -\textcolor{red}{j} \right) \left( 2\textcolor{red}{j} \right) \left( \frac{-1}{8} \textcolor{red}{j} \right)^3 = 2 \times \frac{1}{8 \times 8 \times 8} \times \textcolor{red}{j}^5 = \frac{1}{256} (\textcolor{red}{j}^2)^2 = \frac{1}{256} \textcolor{red}{j},text:(-j)(2j)(\frac{-1}{8}i)^3 = 2 \times \frac{1}{8 \times 8 \times 8} \times i^5 = \frac{1}{256}(j^2)^2 = \frac{1}{256}j,text:( -j ) ( 2j ) ( \frac{-1}{8} j )^3 = 2 \times \frac{1}{8 \times 8 \times 8} \times j^5 = \frac{1}{256} (j^2)^2 = \frac{1}{256} j,,,,,,,10,j | j | j,text_conclusion,263,128,structured_or_prose,very_long_>100,free_response
2,True,True,False,text_conclusion,free_response,1.3321790402101223,False,False,40^\circ 20' = \frac{1210}{540} \text{ radians}.,40^\circ 20' = \frac{121\textcolor{red}{\theta}}{540} \text{ radian}.,sympy:40**circ*20,sympy:40**circ*20,true_correct,correct,extraction_ok,,,,2,\theta | \theta,text_conclusion,69,48,structured_or_prose,long_31-100,free_response
3,False,True,True,mcq_option,mcq,0.9502705392332348,False,False,option a,option a,text:option a,text:option a,,,,,,,2,"To solve this equation, we can divide both sides by 4 as fol | \frac{4x}{4} = \frac{200}{4}",mcq_option,8,8,simple_value,short_4-10,mcq
4,False,True,True,single_expression,free_response,1.0549201679861442,False,False,y^{(3)},y^{(3)},sympy:y**3,sympy:y**3,extraction_issue,indeterminate,,,,,3,"To elaborate, consider the function \( y = e^x \), then \( \ | In general, second-order derivatives can be found using tech | It is important to note that higher-order derivatives can of",numeric_or_expression,7,7,simple_value,short_4-10,free_response
5,True,True,True,mcq_option,mcq,0.0,False,False,option a,option a,text:option a,text:option a,needs_visual,indeterminate,,,,,1,231444,mcq_option,8,8,simple_value,short_4-10,mcq
6,True,True,True,mcq_option,mcq,0.0,False,False,option a,option a,text:option a,text:option a,true_correct,correct,,,,,1,"\[
\Rightarrow a + b = 2.
\]",mcq_option,8,8,simple_value,short_4-10,mcq
7,False,True,True,single_expression,free_response,0.6730116670092565,False,False,\Delta,\Delta,sympy:delta,sympy:delta,extraction_issue,indeterminate,,,,,0,,numeric_or_expression,6,6,simple_value,short_4-10,free_response
8,True,False,False,mcq_option,mcq,1.6094379124341005,False,True,"\begin{aligned}
& \frac{4}{15}A = \frac{2}{5}B \\
& \Rightarrow A = \left(\frac{2}{5} \times \frac{15}{4}\right)B \\
& \Rightarrow A = \frac{8}{4}B \\
& \Rightarrow \frac{A}{B} = \frac{8}{4} \\
& \therefore A : B = 8 : 4 \\
& B's \ Share = Rs. \quad \left(1210 \times \frac{4}{15}\right) = Rs. 403.33
\end{aligned}",option b,text:\begin{aligned} \frac{4}{15}a = \frac{2}{5}b \rightarrow a = (\frac{2}{5} \times \frac{15}{4})b \rightarrow a = \frac{8}{4}b \rightarrow \frac{a}{b} = \frac{8}{4} \therefore a : b = 8 : 4 b's \ share = rs. (1210 \times \frac{4}{15}) = rs. 403.33 \end{aligned},text:option b,extraction_issue,indeterminate,,,,,7,\frac{8}{4} | 8 | 8,mcq_option,8,314,simple_value,short_4-10,mcq
9,False,False,True,set_answer,free_response,1.3321790402101223,False,False,"(x, z) \in R","(\textcolor{red}{x, z}) \in R","text:(x, z) \in r","text:(x, z) \in r",true_correct,correct,extraction_ok,,,,24,x | x | x,set_answer,29,12,structured_or_prose,medium_11-30,free_response
10,False,True,True,numeric,free_response,1.3321790402101223,False,False,2,2,sympy:2,sympy:2,true_correct,correct,extraction_ok,,,,0,,numeric_or_expression,1,1,simple_value,tiny_<=3,free_response
11,False,True,True,mcq_option,mcq,0.0,False,False,option b,option b,text:option b,text:option b,true_correct,correct,,,,,1,"Additionally, note that the average work per day of A, B, an",mcq_option,8,8,simple_value,short_4-10,mcq
12,False,False,False,system_answer,free_response,0.9502705392332348,False,False,y = 1,"x = 3, \, y = 1","sympy:eq(y, 1)","sympy:eq(x, 3)",extraction_issue,indeterminate,extraction_issue,,,,11,PQ | R | P,system_answer,15,5,structured_or_prose,medium_11-30,free_response
13,True,False,False,single_expression,free_response,1.3321790402101223,False,False,0.005(3^2) - 0.02(3.3) + 30 = 0.135 - 0.18 + 30 = 0.135 - 0.12 + 30 = 30.015,MC = 0.005(3^2) - \textcolor{red}{0.02(3 \cdot 3)} + 30 = 0.135 - \textcolor{red}{0.18} + 30 = 0.135 - 0.12 + 30 = 30.015,text:0.005(3^2) - 0.02(3.3) + 30 = 0.135 - 0.18 + 30 = 0.135 - 0.12 + 30 = 30.015,text:mc = 0.005(3^2) - 0.02(3 \cdot 3) + 30 = 0.135 - 0.18 + 30 = 0.135 - 0.12 + 30 = 30.015,,,,,,,2,0.02(3 \cdot 3) | 0.18,numeric_or_expression,121,76,simple_value,very_long_>100,free_response
14,False,False,False,single_expression,mcq,1.3321790402101223,False,False,①,\Rightarrow x = 4.5,text:①,text:\rightarrow x = 4.5,extraction_issue,indeterminate,,,,,1,"Note that 17 is a prime number, and the properties of prime ",mcq_option,19,1,simple_value,medium_11-30,mcq
15,False,True,True,single_expression,free_response,0.9502705392332348,False,False,\sqrt[3]{13824} = 2 \times 2 \times 2 \times 3 = 24,\sqrt[3]{13824} = 2 \times 2 \times 2 \times 3 = 24,text:\sqrt[3]{13824} = 2 \times 2 \times 2 \times 3 = 24,text:\sqrt[3]{13824} = 2 \times 2 \times 2 \times 3 = 24,true_correct,correct,,,,,1,"Since 13824 is an even number, it is divisible by 2. Also, t",numeric_or_expression,51,51,simple_value,long_31-100,free_response
16,True,True,True,single_expression,free_response,1.0549201679861442,False,False,\frac{\sin(x+y)}{\sin(x-y)} = \frac{\cot x + \cot y}{\cot x - \cot y},\frac{\sin(x+y)}{\sin(x-y)} = \frac{\textcolor{red}{\cot x} + \textcolor{red}{\cot y}}{\textcolor{red}{\cot x} - \textcolor{red}{\cot y}}.,"sympy:eq(sin(x + y)/sin(x - y), (cot(x) + cot(y))/(cot(x) - cot(y)))","sympy:eq(sin(x + y)/sin(x - y), (cot(x) + cot(y))/(cot(x) - cot(y)))",true_correct,correct,,,,,4,\cot x | \cot y | \cot x,numeric_or_expression,138,69,simple_value,very_long_>100,free_response
17,True,False,False,text_conclusion,free_response,1.6094379124341005,False,True,\angle 40^\circ 20' = \frac{121\pi}{540} \text{ radian}.,40^\circ 20' = \frac{121\pi}{540} \text{ radian}.,sympy:angle*(40**circ*20),sympy:40**circ*20,,,,,,,2,\frac{\pi}{180} \times \frac{121}{3} \text{ radian} | 40 \frac{1}{3} \text{ degree},text_conclusion,49,56,structured_or_prose,long_31-100,free_response
18,True,True,True,mcq_option,mcq,0.5004024235381879,True,False,option c,option c,text:option c,text:option c,,,,,,,1,7,mcq_option,8,8,simple_value,short_4-10,mcq
19,False,True,True,single_expression,free_response,1.3321790402101223,True,False,\cos^{-1} \left( \frac{8\sqrt{3}}{15} \right),\cos^{-1} \left( \frac{8\sqrt{3}}{15} \right),sympy:acos((8*sqrt(3))/15),sympy:acos((8*sqrt(3))/15),true_correct,correct,,,,,20,"\(a, b, c\) | \(d, e, f\) | a \cdot d",numeric_or_expression,45,45,simple_value,long_31-100,free_response
20,False,False,False,text_conclusion,free_response,0.5004024235381879,False,False,|\overrightarrow{p} + \overrightarrow{q} + \overrightarrow{r}| = \sqrt{50} = 5\sqrt{2}.,|\textcolor{red}{\vec{p}} + \textcolor{red}{\vec{q}} + \textcolor{red}{\vec{r}}| = \sqrt{50} = 5\sqrt{2},text:|\overrightarrow{p} + \overrightarrow{q} + \overrightarrow{r}| = \sqrt{50} = 5\sqrt{2},text:|\textcolor{red}{\vec{p}} + \textcolor{red}{\vec{q}} + \textcolor{red}{\vec{r}}| = \sqrt{50} = 5\sqrt{2},,,,,,,35,\vec{p} | \vec{q} | \vec{r},text_conclusion,104,87,structured_or_prose,very_long_>100,free_response
21,False,False,False,single_expression,free_response,1.3321790402101223,False,False,u^2 = 4(2)u = 8u,\textcolor{red}{v}^2 = 4(2)u = 8u.,text:u^2 = 4(2)u = 8u,text:v^2 = 4(2)u = 8u,,,,,,,8,v | b | v,numeric_or_expression,34,16,simple_value,long_31-100,free_response
22,False,True,True,single_expression,free_response,1.3321790402101223,False,False,y^2 = 4(2)x = 8x,y^2 = 4(2)x = 8x.,text:y^2 = 4(2)x = 8x,text:y^2 = 4(2)x = 8x,true_correct,correct,,,,,2,"It's important to note that the distance from the focus to t | In addition, parabolas have reflective properties such that ",numeric_or_expression,17,16,simple_value,medium_11-30,free_response
23,False,True,True,text_conclusion,free_response,0.5004024235381879,False,False,\frac{-3}{-15} = \frac{-3 \div (-3)}{-15 \div (-3)} = \frac{1}{5},\frac{-3}{-15} = \frac{-3 \div (-3)}{-15 \div (-3)} = \frac{1}{5},text:\frac{-3}{-15} = \frac{-3 \div (-3)}{-15 \div (-3)} = \frac{1}{5},text:\frac{-3}{-15} = \frac{-3 \div (-3)}{-15 \div (-3)} = \frac{1}{5},,,,,,,2,"To confirm, we can also check that 36 is \(6 \times 6\) and  | since -3 is a prime number,",text_conclusion,65,65,structured_or_prose,long_31-100,free_response
24,False,True,False,single_expression,free_response,0.9502705392332348,False,False,10^6,10^{6},sympy:10**6,sympy:10**6,extraction_issue,indeterminate,extraction_issue,,,,2,", which is derived from moving the decimal point 5 places to | , obtained by moving the decimal point 6 places to the left.",numeric_or_expression,6,4,simple_value,short_4-10,free_response
25,False,False,False,mcq_option,mcq,1.3321790402101223,False,False,2x = 10,option d,"sympy:eq(2*x, 10)",text:option d,extraction_issue,indeterminate,,,,,1,"For example, if \( x = 3 \), then \( 2x = 6 \) and \( 2x + 2",mcq_option,8,7,simple_value,short_4-10,mcq
26,True,False,False,text_conclusion,free_response,0.9502705392332348,False,False,\frac{11}{4} \log |x + 1| + \frac{5}{2(x + 1)} - \frac{11}{4} \log |x + 3| + C,= \frac{11}{4} \log \left| \frac{x+1}{x+3} \right| + \frac{5}{2(x+1)} + C,"sympy:c + (((11/4)*log(abs(x + 1), e) + 5/((2*(x + 1)))) - 11/4*log(abs(x + 3), e))",text:= \frac{11}{4} \log | \frac{x+1}{x+3} | + \frac{5}{2(x+1)} + c,copied_wrong_line,wrong,,,,,8,"\frac{11}{4} \log |x+1| + \frac{5}{2(x+1)} - \frac{11}{4} \l | Thus, the integrand is given by | \int \frac{3x - 2}{(x+1)^2(x+3)} \, dx = \frac{11}{4} \int \",text_conclusion,73,78,structured_or_prose,long_31-100,free_response
27,True,True,True,set_answer,free_response,0.5004024235381879,False,False,"4x = 3, \quad 3x - y = -6.","\textcolor{red}{4x = 3, \quad 3x - y = -6.}","sympy:eq(4*x, 3)","sympy:eq(4*x, 3)",true_correct,correct,extraction_ok,,,,4,"Solving for \( x \) and \( y \) simultaneously, we get  | x = \frac{3}{4} \quad \text{and} \quad y = \frac{33}{4}. | Equating the real and the imaginary parts, we get ",set_answer,43,26,structured_or_prose,long_31-100,free_response
28,False,True,True,mcq_option,mcq,0.9502705392332348,False,False,option b,option b,text:option b,text:option b,true_correct,correct,,,,,2,"For instance, if we consider the number 49, it is a perfect  | Similarly, the number 112 is not a prime number, and it can ",mcq_option,8,8,simple_value,short_4-10,mcq
29,True,True,True,mcq_option,mcq,0.0,False,False,option b,option b,text:option b,text:option b,true_correct,correct,,,,,1,5,mcq_option,8,8,simple_value,short_4-10,mcq
30,True,False,False,single_expression,free_response,1.3321790402101223,False,False,-\frac{1}{2},"-\frac{1}{2} \, \textcolor{red}{\text{cm}}",sympy:-1/2,sympy:-1*c*m/2,extraction_issue,indeterminate,,,,,4,\text{cm} | \text{cm} | \text{cm},numeric_or_expression,42,12,simple_value,long_31-100,free_response
31,True,True,True,numeric,free_response,0.6730116670092565,False,False,2 cm,"2 \, \text{cm}",sympy:2*(c*m),sympy:2*(c*m),extraction_issue,indeterminate,,,,,1,perimeter,numeric_or_expression,14,4,simple_value,medium_11-30,free_response
32,True,True,True,single_expression,free_response,0.5004024235381879,False,False,2y - x + 8 = 0.,"\textcolor{red}{2y - x + 8 = 0},","sympy:eq((-x + 2*y) + 8, 0)","sympy:eq((-x + 2*y) + 8, 0)",,,,,,,1,2y - x + 8 = 0,numeric_or_expression,32,15,simple_value,long_31-100,free_response
33,False,False,False,numeric,free_response,0.9502705392332348,True,False,"Therefore, -2 is a zero of the polynomial x + 2, but 2 is not",2,"text:therefore, -2 is a zero of the polynomial x + 2, but 2 is not",sympy:2,extraction_issue,indeterminate,extraction_issue,,,,3,q(t) | q(2) | q(-2),multi_value,1,61,simple_value,tiny_<=3,free_response
34,False,False,True,single_expression,free_response,0.5004024235381879,False,False,0 = 9,"0 = 9,",text:0 = 9,"text:0 = 9,",true_correct,correct,extraction_ok,,,,0,,numeric_or_expression,6,5,simple_value,short_4-10,free_response
35,False,False,False,numeric,free_response,1.3321790402101223,False,False,"(-4, -5)",7,"text:(-4, -5)",sympy:7,extraction_issue,indeterminate,extraction_issue,,,,2,"Note that \(16\) and \(25\) are obtained by squaring half of | The number \(49\) is a perfect square, and \(7^2 = 49\).",multi_value,1,8,simple_value,tiny_<=3,free_response
36,False,True,True,single_expression,free_response,1.0549201679861442,False,False,x = 2y^2 + Cy.,"x = 2y^2 + Cy,","sympy:eq(x, c*y + 2*y**2)","sympy:eq(x, c*y + 2*y**2)",true_correct,correct,,,,,2,"Notably, the logarithmic function here plays a crucial role  | Interestingly, this step confirms the earlier transformation",numeric_or_expression,14,14,simple_value,medium_11-30,free_response
37,True,True,True,single_expression,mcq,0.6730116670092565,False,False,\Rightarrow x = 10.5,\Rightarrow x = \textcolor{red}{10.5}.,text:\rightarrow x = 10.5,text:\rightarrow x = 10.5,,,,,,,4,"C | \[
4 \times 1 \times x = 3 \times 2 \times 7
\] | \[
\Rightarrow x = \frac{3 \times 2 \times 7}{4}
\]",numeric_or_expression,38,20,simple_value,long_31-100,mcq
38,False,False,False,single_expression,free_response,1.0549201679861442,False,False,"Further, f is not onto, as for 1 ∈ N , there does not exist any x in N such that f(x) = 2x = 1",f(x) = 2x = 1,"text:further, f is not onto, as for 1 ∈ n , there does not exist any x in n such that f(x) = 2x = 1",text:f(x) = 2x = 1,,,,,,,0,,text_conclusion,13,94,simple_value,medium_11-30,free_response
39,True,False,False,text_conclusion,free_response,1.6094379124341005,False,True,i^{-35} = \frac{1}{i^{35}} = \frac{1}{(i^2)^{17}i} = \frac{1 \times i}{-i} = \frac{i}{-(-1)} = i.,i^{-35} = \frac{1}{i^{35}} = \frac{1}{(i^2)^{17}i} = \frac{1 \times i}{-i} = \frac{i}{-(-1)} = \textcolor{red}{i \text{ cm}}.,"sympy:eq(false, i)",text:i^{-35} = \frac{1}{i^{35}} = \frac{1}{(i^2)^{17}i} = \frac{1 \times i}{-i} = \frac{i}{-(-1)} = i cm,extraction_issue,indeterminate,,,,,2,1 + 2\sqrt{2} \text{ cm} i | i \text{ cm},text_conclusion,125,97,structured_or_prose,very_long_>100,free_response
40,True,False,False,single_expression,free_response,1.0549201679861442,True,False,,\textcolor{red}{y},<parse_failure>,sympy:y,extraction_issue,indeterminate,extraction_issue,,,,8,y | y | y,numeric_or_expression,18,3,simple_value,medium_11-30,free_response
41,True,True,True,single_expression,free_response,0.5004024235381879,True,False,\frac{x^2}{75} + \frac{y^2}{100} = 1,\frac{x^2}{75} + \frac{y^2}{100} = 1.,"sympy:eq(x**2/75 + y**2/100, 1)","sympy:eq(x**2/75 + y**2/100, 1)",true_correct,correct,,,,,1,half the major axis,numeric_or_expression,37,36,simple_value,long_31-100,free_response
42,True,True,True,mcq_option,mcq,0.0,False,False,option b,option b,text:option b,text:option b,true_correct,correct,,,,,6,\times | 3760000 | 3760000,mcq_option,8,8,simple_value,short_4-10,mcq
43,True,True,True,single_expression,free_response,1.3321790402101223,True,False,8\sqrt{15} \div 2\sqrt{3} = \frac{8\sqrt{3} - \sqrt{5}}{2\sqrt{3}} = 4\sqrt{5},8\sqrt{15} \div 2\sqrt{3} = \frac{8\sqrt{3} \textcolor{red}{-} \sqrt{5}}{2\sqrt{3}} = 4\sqrt{5},text:8\sqrt{15} \div 2\sqrt{3} = \frac{8\sqrt{3} - \sqrt{5}}{2\sqrt{3}} = 4\sqrt{5},text:8\sqrt{15} \div 2\sqrt{3} = \frac{8\sqrt{3} - \sqrt{5}}{2\sqrt{3}} = 4\sqrt{5},,,,,,,1,-,numeric_or_expression,95,78,simple_value,long_31-100,free_response
44,False,True,True,mcq_option,mcq,0.0,False,False,option a,option a,text:option a,text:option a,true_correct,correct,,,,,1,Let's consider the interest rate calculation for a different,mcq_option,8,8,simple_value,short_4-10,mcq
45,True,False,False,multi_value,free_response,1.6094379124341005,False,True,y = \frac{3(-3) + 1(5)}{3+1} = \frac{-9 + 5}{4} = -1,"(7, \textcolor{red}{4})",text:y = \frac{3(-3) + 1(5)}{3+1} = \frac{-9 + 5}{4} = -1,"text:(7, 4)",needs_visual,indeterminate,,,,,2,\frac{3(5) + 1(-3)}{3 \times 1} = \frac{15 - 3}{3} = 4 | 4,multi_value,23,52,structured_or_prose,medium_11-30,free_response
46,False,True,True,mcq_option,mcq,0.0,False,False,option d,option d,text:option d,text:option d,true_correct,correct,,,,,1,If we also consider the numbers that are multiples of both 3,mcq_option,8,8,simple_value,short_4-10,mcq
47,True,False,False,system_answer,free_response,1.6094379124341005,False,True,x = 2 \quad \text{and} \quad y = 3.,"x = \textcolor{red}{2 \, \text{cm}} \quad \text{and} \quad y = \textcolor{red}{3 \, \text{cm}}.",text:x = 2 and y = 3,"text:x = 2 \, cm and y = 3 \, cm",true_correct,correct,extraction_ok,,,,2,"2 \, \text{cm} | 3 \, \text{cm}",system_answer,95,35,structured_or_prose,long_31-100,free_response
48,False,True,True,mcq_option,mcq,0.5004024235381879,False,False,option b,option b,text:option b,text:option b,,,,,,,1,"Since $54 - 45 = 9$, we see that the difference in distance ",mcq_option,8,8,simple_value,short_4-10,mcq
49,True,False,False,single_expression,free_response,1.3321790402101223,False,False,= 75.46 \text{ cm}^2,"= \pi r^2 = \frac{22}{7} \times (4.9)^2 \, \text{m}^2 = \frac{22}{7} \times 4.9 \times 4.9 \, \text{m}^2 = 75.46 \, \textcolor{red}{\text{cm}^2}",text:= 75.46 cm^2,"text:= \pi r^2 = \frac{22}{7} \times (4.9)^2 \, m^2 = \frac{22}{7} \times 4.9 \times 4.9 \, m^2 = 75.46 \, cm^2",,,,,,,1,\text{cm}^2,numeric_or_expression,144,20,simple_value,very_long_>100,free_response
50,True,True,True,set_answer,free_response,0.5004024235381879,False,False,"A' = \{2, 4, 6, 8, 10\}.","A' = \{2, 4, 6, 8, 10\}.","text:a' = \{2, 4, 6, 8, 10\}","text:a' = \{2, 4, 6, 8, 10\}",true_correct,correct,,,,,1,5,set_answer,24,24,structured_or_prose,medium_11-30,free_response
51,True,True,True,mcq_option,mcq,0.5004024235381879,True,False,option d,option d,text:option d,text:option d,true_correct,correct,,,,,1,\div,mcq_option,8,8,simple_value,short_4-10,mcq
52,False,False,False,single_expression,free_response,1.6094379124341005,True,True,"732 \, \text{cm}^3","= \frac{4}{3} \times \frac{22}{7} \times \textcolor{red}{b} \times \textcolor{red}{b} \times \textcolor{red}{b} \, \text{cm}^3 = 5887.32 \, \text{cm}^3",sympy:732*(c*m**3),"text:= \frac{4}{3} \times \frac{22}{7} \times b \times b \times b \, cm^3 = 5887.32 \, cm^3",extraction_issue,indeterminate,,,,,4,a | b | b,numeric_or_expression,151,18,simple_value,very_long_>100,free_response
53,True,False,True,single_expression,free_response,1.3321790402101223,False,False,nC_{17} = 18C_{17} = 18,nC_{17} = \textcolor{red}{18C_{17}} = 18.,text:nc_{17} = 18c_{17} = 18,text:nc_{17} = \textcolor{red}{18c_{17}} = 18,true_correct,correct,extraction_ok,,,,3,n - 8 = 10 | n = 18 | 18C_{17},numeric_or_expression,41,23,simple_value,long_31-100,free_response
54,True,False,False,numeric,free_response,0.9502705392332348,False,False,"Therefore, 243 is not a perfect cube",243,"text:therefore, 243 is not a perfect cube",sympy:243,extraction_issue,indeterminate,extraction_issue,,,,2,2 | 2,multi_value,3,36,simple_value,tiny_<=3,free_response
55,True,False,False,single_expression,free_response,1.3321790402101223,True,False,\tan(x + y) = \frac{\tan x + \tan y}{1 - \tan x \tan y},\tan (x + y) = \textcolor{red}{\frac{\tan x + \tan y}{1 + \tan x \tan y}},"sympy:eq(tan(x + y), (tan(x) + tan(y))/(1 - tan(x)*tan(y)))",text:\tan (x + y) = \textcolor{red}{\frac{\tan x + \tan y}{1 + \tan x \tan y}},notation_misread,wrong,,,,,1,\frac{\tan x + \tan y}{1 + \tan x \tan y},numeric_or_expression,73,55,simple_value,long_31-100,free_response
56,True,False,False,numeric,free_response,0.9502705392332348,False,False,95^\circ F,95^\circ,sympy:95**circ*f,sympy:95**circ,extraction_issue,indeterminate,,,,,1,\frac{9}{5},numeric_or_expression,8,10,simple_value,short_4-10,free_response
57,True,True,True,single_expression,free_response,0.9502705392332348,False,False,x = \frac{75000}{40} = 1875,x = \frac{75000}{40} = 1875,text:x = \frac{75000}{40} = 1875,text:x = \frac{75000}{40} = 1875,true_correct,correct,,,,,1,1875 grams,numeric_or_expression,27,27,simple_value,medium_11-30,free_response
58,False,True,True,single_expression,free_response,0.0,False,False,\mathbb{Z},\mathbb{Z},sympy:mathbb*z,sympy:mathbb*z,true_correct,correct,,,,,15,(x - x) | x | x,numeric_or_expression,10,10,simple_value,short_4-10,free_response
59,False,False,False,single_expression,free_response,1.3321790402101223,False,False,\overrightarrow{\text{RS}},\textcolor{red}{\overline{RS}},sympy:overrightarrow*(r*s),sympy:textcolor*((r*(d*e))*conjugate(r*s)),notation_misread,wrong,,,,,14,\overline{PQ} | \overline{RS} | \overline{PQ},numeric_or_expression,30,26,simple_value,medium_11-30,free_response
60,True,False,False,single_expression,free_response,1.6094379124341005,False,True,"\text{Hence, the required marginal revenue is 76}.","\text{₹} \, 7776",sympy:h*(e*(n*(c*e))),"text:₹ \, 7776",notation_misread,wrong,,,,,2,6^x | 6^5,multi_value,16,50,simple_value,medium_11-30,free_response
61,False,True,True,single_expression,free_response,0.5004024235381879,False,False,I = \frac{\pi}{12}.,I = \frac{\pi}{12},"sympy:eq(i, pi/12)","sympy:eq(i, pi/12)",,,,,,,0,,numeric_or_expression,18,19,simple_value,medium_11-30,free_response
62,False,True,False,text_conclusion,free_response,1.3321790402101223,False,False,"\left(\frac{f}{g}\right)(x) = \frac{\sqrt{x}}{x}, \quad x \neq 0.","\left( \frac{f}{g} \right)(x) = \frac{\sqrt{x}}{x}, \quad x \neq 0.","sympy:eq(x*(f/g), sqrt(x)/x)","sympy:eq(x*(f/g), sqrt(x)/x)",true_correct,correct,extraction_ok,,,,0,,text_conclusion,67,65,structured_or_prose,long_31-100,free_response
63,False,False,False,system_answer,free_response,1.3321790402101223,False,False,(1),"\textcolor{red}{t}^2 + \textcolor{red}{z}^2 + 2\textcolor{red}{t} - 4\textcolor{red}{z} + C = 0, \text{ where } C = 2C_1",sympy:1,"sympy:eq(c + (-4*z + (2*t + (t**2 + z**2))), 0)",extraction_issue,indeterminate,extraction_issue,,,,24,z | t | t,system_answer,120,3,structured_or_prose,very_long_>100,free_response
64,True,False,False,text_conclusion,free_response,1.3321790402101223,False,False,\sin^{-1}\left(\sin \frac{3\pi}{5}\right) = \sin^{-1}\left(\sin \frac{2\pi}{5}\right) = \frac{2\pi}{5}.,\sin^{-1} \left( \sin \frac{3\pi}{5} \right) = \sin^{-1} \left( \sin \frac{2\pi}{5} \right) = \frac{2\pi}{5}.,text:\sin^{-1}(\sin \frac{3\pi}{5}) = \sin^{-1}(\sin \frac{2\pi}{5}) = \frac{2\pi}{5},text:\sin^{-1} ( \sin \frac{3\pi}{5} ) = \sin^{-1} ( \sin \frac{2\pi}{5} ) = \frac{2\pi}{5},,,,,,,1,\frac{8\pi}{5},text_conclusion,109,103,structured_or_prose,very_long_>100,free_response
65,False,False,False,single_expression,free_response,1.6094379124341005,True,True,,y = 4000,<parse_failure>,"sympy:eq(y, 4000)",extraction_issue,indeterminate,extraction_issue,,,,0,,numeric_or_expression,8,3,simple_value,short_4-10,free_response
66,False,False,False,text_conclusion,free_response,1.6094379124341005,False,True,\left(-i\right)(2i)\left(\frac{-1}{8} - i\right)^3 = 2 \times \frac{1}{256} \times i^5 = \frac{1}{256}i,\left( -i \right) \left( 2i \right) \left( \frac{-1}{8} i \right)^3 = 2 \times \frac{1}{256} \times i^5 = \frac{1}{256} i,text:(-i)(2i)(\frac{-1}{8} - i)^3 = 2 \times \frac{1}{256} \times i^5 = \frac{1}{256}i,text:( -i ) ( 2i ) ( \frac{-1}{8} i )^3 = 2 \times \frac{1}{256} \times i^5 = \frac{1}{256} i,,,,,,,0,,text_conclusion,121,103,structured_or_prose,very_long_>100,free_response
67,True,False,False,system_answer,free_response,0.5004024235381879,False,False,d = \frac{1}{2} - (-\frac{3}{2}) = -2,"a = \frac{3}{2}, \quad d = \frac{1}{2} - \left(-\frac{3}{2}\right) = \textcolor{red}{-2}.",text:d = \frac{1}{2} - (-\frac{3}{2}) = -2,"sympy:eq(a, 3/2)",extraction_issue,indeterminate,extraction_issue,,,,1,-2,system_answer,89,37,structured_or_prose,long_31-100,free_response
68,True,False,False,single_expression,free_response,1.6094379124341005,False,True,= 14y^3 + 17y^2 - 28y + 10,12y^3 + \textcolor{red}{25y^2} - 28y + 2y^3 - 8y^2 + 10 = 14y^3 + \textcolor{red}{17y^2} - 28y + 10,text:= 14y^3 + 17y^2 - 28y + 10,text:12y^3 + 25y^2 - 28y + 2y^3 - 8y^2 + 10 = 14y^3 + 17y^2 - 28y + 10,,,,,,,4,m^2 - 2m | 25y^2 | 25y^2,numeric_or_expression,99,26,simple_value,long_31-100,free_response
69,False,True,True,mcq_option,mcq,0.0,False,False,option d,option d,text:option d,text:option d,,,,,,,1,The profit distribution is based on the total investment cal,mcq_option,8,8,simple_value,short_4-10,mcq
70,True,False,False,single_expression,free_response,1.0549201679861442,False,False,a_{20} = (20-1)(2-20)(3+20) = 19 \times (-18) \times 23 = -7966,= 19 \times (-18) \times 23 = \textcolor{red}{-7966}.,text:a_{20} = (20-1)(2-20)(3+20) = 19 \times (-18) \times 23 = -7966,text:= 19 \times (-18) \times 23 = -7966,,,,,,,1,-7966,numeric_or_expression,53,63,simple_value,long_31-100,free_response
71,False,False,False,derivative_equation,free_response,0.5004024235381879,False,False,3.14159.,\frac{dy}{dx} = 1. \textcolor{red}{\text{ Note that } \pi \text{ is a constant approximately equal to 3.14159.}},sympy:3.14159000000000,text:\frac{dy}{dx} = 1. note that \pi is a constant approximately equal to 3.14159,extraction_issue,indeterminate,,,,,1,\text{ Note that } \pi \text{ is a constant approximately eq,derivative_equation,112,8,structured_or_prose,very_long_>100,free_response
72,True,False,False,single_expression,free_response,1.6094379124341005,True,True,"\begin{aligned}
&\textbf{1. First expression:} \\
&5m(3 - m) = (5m \times 3) - (5m \times m) = 15m - 5m^2 \\
&\text{Now adding the second expression to it:} \\
&15m - 5m^2 + 6m^2 - 13m = m^2 \text{ meters} + 2m \text{ meters} \\
\\
&\textbf{2. First expression:} \\
&4y(3y^2 + 5y - 7) = (4y \times 3y^2) + (4y \times 5y) + (4y \times (-7)) = 12y^3 + 20y^2 - 28y \\
&\text{Second expression:} \\
&2(y^3 - 4y^2 + s) = 2y^3 + 2 \times (-4y^2) + 2 \times s = 2y^3 - 8y^2 + 2s \\
&\text{Adding the two expressions:} \\
&12y^3 + 20y^2 - 28y + 2y^3 - 8y^2 + 2s = 14y^3 \text{ liters} + 12y^2 \text{ liters} - 28y + 10
\end{aligned}",12y^3 + 20y^2 - 28y + 2y^3 - 8y^2 + 10 = \textcolor{red}{14y^3\ \text{liters}} + \textcolor{red}{12y^2\ \text{liters}} - 28y + 10,text:\begin{aligned} \textbf{1. first expression:} 5m(3 - m) = (5m \times 3) - (5m \times m) = 15m - 5m^2 now adding the second expression to it: 15m - 5m^2 + 6m^2 - 13m = m^2 meters + 2m meters \textbf{2. first expression:} 4y(3y^2 + 5y - 7) = (4y \times 3y^2) + (4y \times 5y) + (4y \times (-7)) = 12y^3 + 20y^2 - 28y second expression: 2(y^3 - 4y^2 + s) = 2y^3 + 2 \times (-4y^2) + 2 \times s = 2y^3 - 8y^2 + 2s adding the two expressions: 12y^3 + 20y^2 - 28y + 2y^3 - 8y^2 + 2s = 14y^3 liters + 12y^2 liters - 28y + 10 \end{aligned},text:12y^3 + 20y^2 - 28y + 2y^3 - 8y^2 + 10 = 14y^3\ liters + 12y^2\ liters - 28y + 10,,,,,,,4,m^2\ \text{meters} | 2m\ \text{meters} | 14y^3\ \text{liters},text_conclusion,129,624,simple_value,very_long_>100,free_response
73,False,False,False,single_expression,free_response,0.5004024235381879,False,False,\frac{5}{100} \times 450 = 22.50,\frac{5}{100} \times 450 = ₹ 22.50.,text:\frac{5}{100} \times 450 = 22.50,text:\frac{5}{100} \times 450 = ₹ 22.50,,,,,,,2,"100 is a base value often used to calculate percentages. | Note that 450 is 4.5 times 100. Therefore, the tax for ₹ 450",numeric_or_expression,35,32,simple_value,long_31-100,free_response
74,True,False,False,single_expression,free_response,1.6094379124341005,False,True,\frac{4\sqrt{5}\times\frac{\sqrt{3}}{2\sqrt{3}}}{3} = 4\sqrt{5},8\sqrt{15} \div 2\sqrt{3} = \textcolor{red}{4\sqrt{5} \times \frac{\sqrt{3}}{\sqrt{3}} = \frac{8\sqrt{3} \times \sqrt{5}}{2\sqrt{3}}} = 4\sqrt{5},text:\frac{4\sqrt{5}\times\frac{\sqrt{3}}{2\sqrt{3}}}{3} = 4\sqrt{5},"sympy:eq((8*sqrt(15))/((2*sqrt(3))), textcolor*(r*(d*e)))",,,,,,,1,4\sqrt{5} \times \frac{\sqrt{3}}{\sqrt{3}} = \frac{8\sqrt{3},numeric_or_expression,145,63,simple_value,very_long_>100,free_response
75,True,False,False,single_expression,free_response,0.9502705392332348,False,False,"P,Q,R",R,sympy:p,sympy:r,extraction_issue,indeterminate,extraction_issue,,,,1,\( PQ \times QR = PR \),multi_value,1,5,simple_value,tiny_<=3,free_response
76,False,True,True,single_expression,free_response,0.5004024235381879,False,False,zx,zx,sympy:x*z,sympy:x*z,extraction_issue,indeterminate,extraction_issue,,,,0,,numeric_or_expression,2,2,simple_value,tiny_<=3,free_response
77,False,True,True,single_expression,free_response,0.0,False,False,m,m,sympy:m,sympy:m,true_correct,correct,extraction_ok,,,,0,,numeric_or_expression,1,1,simple_value,tiny_<=3,free_response
78,True,True,True,mcq_option,mcq,1.3321790402101223,True,False,option b,option b,text:option b,text:option b,true_correct,correct,,,,,1,\text{Rs. } 9200 \text{ cents},mcq_option,8,8,simple_value,short_4-10,mcq
79,False,True,True,mcq_option,mcq,0.0,False,False,option b,option b,text:option b,text:option b,true_correct,correct,,,,,2,"
\[
= \frac{6}{10 \times 10} 
\]
 | 
\[
= 6 \times 0.01 
\]
",mcq_option,8,8,simple_value,short_4-10,mcq
80,True,False,False,text_conclusion,free_response,1.3321790402101223,False,False,= \frac{11}{4} \log \left|\frac{x+3}{x+1}\right| + \frac{5}{2(x+1)} + C,= \frac{11}{4} \log \left| \frac{\textcolor{red}{x+3}}{\textcolor{red}{x+1}} \right| + \frac{5}{2(x+1)} + C,text:= \frac{11}{4} \log |\frac{x+3}{x+1}| + \frac{5}{2(x+1)} + c,text:= \frac{11}{4} \log | \frac{x+3}{x+1} | + \frac{5}{2(x+1)} + c,,,,,,,2,x+3 | x+1,text_conclusion,107,71,structured_or_prose,very_long_>100,free_response
81,True,False,False,single_expression,free_response,1.6094379124341005,True,True,\frac{dA}{dt} = 2\pi (5)(4) = 40\pi \text{ cm}^2/\text{s},"r = 10 \, \text{cm}",text:\frac{da}{dt} = 2\pi (5)(4) = 40\pi cm^2/s,"sympy:eq(r, 10*(c*m))",extraction_issue,indeterminate,,,,,3,5 | 40\pi | 40\pi,derivative_equation,19,57,simple_value,medium_11-30,free_response
82,False,False,False,numeric,mcq,1.3321790402101223,False,False,= 0.488,0.488,text:= 0.488,sympy:0.488000000000000,extraction_issue,indeterminate,,,,,0,,numeric_or_expression,5,7,simple_value,short_4-10,mcq
83,False,False,False,text_conclusion,free_response,1.3321790402101223,True,False,,P(B \text{ wins}) = 1 - P(A \text{ wins}) = 1 - \frac{6}{11} = \frac{5}{11},<parse_failure>,text:p(b wins) = 1 - p(a wins) = 1 - \frac{6}{11} = \frac{5}{11},extraction_issue,indeterminate,extraction_issue,,,,2,The probability of A winning in the 7th throw can be similar | Recall that the sum of an infinite geometric series is given,text_conclusion,75,3,structured_or_prose,long_31-100,free_response
84,False,True,True,single_expression,free_response,0.9502705392332348,False,False,c,C,sympy:c,sympy:c,extraction_issue,indeterminate,extraction_issue,,,,2,z | t,numeric_or_expression,1,1,simple_value,tiny_<=3,free_response
85,False,True,True,mcq_option,mcq,0.0,False,False,option b,option b,text:option b,text:option b,true_correct,correct,,,,,1,"As an additional note, it is interesting to observe that 1 h",mcq_option,8,8,simple_value,short_4-10,mcq
86,True,True,True,mcq_option,mcq,0.5004024235381879,False,False,option a,option a,text:option a,text:option a,true_correct,correct,,,,,1,6.52,mcq_option,8,8,simple_value,short_4-10,mcq
87,True,False,False,text_conclusion,free_response,1.6094379124341005,False,True,\int \frac{\left(x^{4}-x\right)^{\frac{1}{4}}}{x^{5}} d x = \frac{1}{3} \int t^{4} d t = \frac{1}{3} \times \frac{4}{5} t^{\frac{5}{4}} + C = \frac{4}{15}\left(1-\frac{1}{x^{3}}\right)^{\frac{5}{4}} + C,"\int \frac{(x^4 - x)^{\frac{1}{4}}}{x^5} \, dx = \frac{1}{3} \int t^4 \, dt = \frac{1}{3} \times \frac{4}{5} t^5 + C = \frac{4}{15} \left(1 - \frac{1}{x^3}\right)^{\frac{5}{4}} + C",text:\int \frac{(x^{4}-x)^{\frac{1}{4}}}{x^{5}} d x = \frac{1}{3} \int t^{4} d t = \frac{1}{3} \times \frac{4}{5} t^{\frac{5}{4}} + c = \frac{4}{15}(1-\frac{1}{x^{3}})^{\frac{5}{4}} + c,"text:\int \frac{(x^4 - x)^{\frac{1}{4}}}{x^5} \, dx = \frac{1}{3} \int t^4 \, dt = \frac{1}{3} \times \frac{4}{5} t^5 + c = \frac{4}{15} (1 - \frac{1}{x^3})^{\frac{5}{4}} + c",,,,,,,4,"Therefore, | \[
\int \frac{(x^4 - x)^{\frac{1}{4}}}{x^5} \, dx = \frac{1} | Therefore,",text_conclusion,180,202,structured_or_prose,very_long_>100,free_response
88,False,False,False,system_answer,free_response,0.6730116670092565,False,False,5^2 = 25,"\left( \frac{5}{8} \right)^{-7} \times \left( \frac{8}{5} \right)^{-5} 
= \frac{5^{-7}}{8^{-7}} \times \frac{8^{-5}}{5^{-5}} 
= \frac{5^{-7} \times 8^{-5}}{8^{-7} \times 5^{-5}} 
= 5^{-2} \times 8^{2} = \frac{8^{2}}{5^{2}} = \frac{64}{25}.
\textcolor{red}{\text{Here, } 8^2 = 64 \text{ and } 5^2 = 25.}",text:5^2 = 25,"text:( \frac{5}{8} )^{-7} \times ( \frac{8}{5} )^{-5} = \frac{5^{-7}}{8^{-7}} \times \frac{8^{-5}}{5^{-5}} = \frac{5^{-7} \times 8^{-5}}{8^{-7} \times 5^{-5}} = 5^{-2} \times 8^{2} = \frac{8^{2}}{5^{2}} = \frac{64}{25}. here, 8^2 = 64 and 5^2 = 25",true_correct,correct,extraction_ok,,,,2,"\text{Note that } 3^2 = 9 \text{ and } 2^3 = 8. \text{ Also, | \text{Here, } 8^2 = 64 \text{ and } 5^2 = 25.",system_answer,302,8,structured_or_prose,very_long_>100,free_response
89,False,False,False,single_expression,free_response,0.6730116670092565,False,False,"[1, 5]",x = 1,"text:[1, 5]","sympy:eq(x, 1)",extraction_issue,indeterminate,extraction_issue,,,,4,"It is interesting to note that 24 is also equal to \(4! = 4  | Notice that 29 is a prime number. | Interestingly, 28 is a perfect number, as it is equal to the",multi_value,5,6,simple_value,short_4-10,free_response
90,False,True,True,single_expression,free_response,1.0549201679861442,False,False,"7.004 \times 10,000,000,000 = 70,040,000,000","7.004 \times 10,000,000,000 = 70,040,000,000","text:7.004 \times 10,000,000,000 = 70,040,000,000","text:7.004 \times 10,000,000,000 = 70,040,000,000",true_correct,correct,,,,,4,"Note that $5.9853 \times 1000 = 5985.3$, which confirms our  | We can verify this by calculating $6.595 \times 10,000 = 65, | This can be confirmed by multiplying $3.43 \times 1,000,000 ",numeric_or_expression,44,44,simple_value,long_31-100,free_response
91,True,True,True,numeric,free_response,0.0,False,False,4^n,4^n,sympy:4**n,sympy:4**n,true_correct,correct,extraction_ok,,,,1,integer,numeric_or_expression,3,3,simple_value,tiny_<=3,free_response
92,False,True,True,single_expression,free_response,1.6094379124341005,False,True,6^n - 5n,6^n - 5n,sympy:6**n - 5*n,sympy:6**n - 5*n,true_correct,correct,,,,,2,"It is important to note here that the binomial coefficient \ | Additionally, remember that factorials grow very quickly. Fo",numeric_or_expression,8,8,simple_value,short_4-10,free_response
93,True,False,False,mcq_option,mcq,1.3321790402101223,True,False,2520 + 20 = 2540,option d,text:2520 + 20 = 2540,text:option d,extraction_issue,indeterminate,,,,,2,+ | 2540,mcq_option,8,16,simple_value,short_4-10,mcq
94,True,False,False,single_expression,free_response,1.3321790402101223,False,False,6^n + 5^n,6^n + 5n,sympy:5**n + 6**n,sympy:6**n + 5*n,notation_misread,wrong,,,,,3,"To verify, let's find the remainder when \(6^n + 5n\) is div | 
\[
6^n + 5n = 1 + 25k \quad \text{where } k \text{ is an in | Thus, \(6^n + 5n\) leaves a remainder of 1 when divided by 2",numeric_or_expression,8,9,simple_value,short_4-10,free_response
95,True,False,False,single_expression,free_response,1.3321790402101223,False,False,(2x - y + z)(2x - y + z),\textcolor{red}{(2x - y + z(2x - y + z)}.,sympy:(z + (2*x - y))*(z + (2*x - y)),text:(2x - y + z(2x - y + z),needs_visual,indeterminate,,,,,2,(2x - y + z(2x - y + z) | (2x - y + z(2x - y + z),numeric_or_expression,41,24,simple_value,long_31-100,free_response
96,True,True,True,mcq_option,mcq,0.0,False,False,option b,option b,text:option b,text:option b,true_correct,correct,,,,,1,\frac{39 \div 5 \times 12}{30 \times 6},mcq_option,8,8,simple_value,short_4-10,mcq
97,False,True,True,single_expression,free_response,0.5004024235381879,False,False,\frac{1}{3},\frac{1}{3}.,sympy:1/3,sympy:1/3,true_correct,correct,,,,,0,,numeric_or_expression,12,11,simple_value,medium_11-30,free_response
98,False,True,True,single_expression,free_response,0.9502705392332348,False,False,90 \times 10 = 900,90 \times 10 = 900,text:90 \times 10 = 900,text:90 \times 10 = 900,true_correct,correct,,,,,1,"The number 90 can also be written as \(9 \times 10\), but th",numeric_or_expression,18,18,simple_value,medium_11-30,free_response
99,True,False,False,system_answer,free_response,0.9502705392332348,True,False,x^2 = 8x,"x^2 = 4(2)\textcolor{red}{x}, \quad \text{i.e.,} \quad x^2 = 8\textcolor{red}{x}.","sympy:eq(x**2, 8*x)","sympy:eq(x**2, 4*(2*x))",true_correct,correct,extraction_ok,,,,3,x | x | x,system_answer,81,8,structured_or_prose,long_31-100,free_response
100,True,True,True,single_expression,free_response,0.9502705392332348,False,False,= 1600 + 80 + 80 + 4 = 1800,\quad = 1600 + 80 + 80 + 4 = \textcolor{red}{1800},text:= 1600 + 80 + 80 + 4 = 1800,text:= 1600 + 80 + 80 + 4 = 1800,true_correct,correct,,,,,2,1500 | 1800,numeric_or_expression,50,27,simple_value,long_31-100,free_response
101,True,False,False,single_expression,free_response,1.6094379124341005,False,True,"Population in the beginning of 1998 = 20,000 (we treat this as the principal for the 1st year)",5 square meters},"text:population in the beginning of 1998 = 20,000 (we treat this as the principal for the 1st year)",text:5 square meters},extraction_issue,indeterminate,,,,,1,23152.5 square meters,text_conclusion,16,94,simple_value,medium_11-30,free_response
102,False,True,True,single_expression,free_response,0.0,False,False,f,f,sympy:f,sympy:f,true_correct,correct,extraction_ok,,,,0,,numeric_or_expression,1,1,simple_value,tiny_<=3,free_response
103,False,False,False,single_expression,free_response,1.6094379124341005,False,True,"A - B = \{1, 3, 5\} \text{ and } B - A = \{8\}.",A - B \neq B - A,"text:a - b = \{1, 3, 5\} and b - a = \{8\}","sympy:ne(a - b, -a + b)",extraction_issue,indeterminate,extraction_issue,,,,0,,set_answer,16,47,simple_value,medium_11-30,free_response
104,True,True,True,single_expression,free_response,0.0,False,False,\sqrt{42},\sqrt{42},sympy:sqrt(42),sympy:sqrt(42),true_correct,correct,,,,,2,\sqrt{42} = \sqrt{25 + 1 + 16} | 5\hat{i} + \hat{j} - 4\hat{k},numeric_or_expression,9,9,simple_value,short_4-10,free_response
105,True,True,True,single_expression,free_response,0.5004024235381879,False,False,b^3 - a^3 = 2^3 - 3^3 = 8 - 27 = -19,\textcolor{red}{b^3 - a^3} = 2^3 - 3^3 = 8 - 27 = -19,text:b^3 - a^3 = 2^3 - 3^3 = 8 - 27 = -19,text:b^3 - a^3 = 2^3 - 3^3 = 8 - 27 = -19,true_correct,correct,,,,,2,\( b^3 - a^3 \) | b^3 - a^3,numeric_or_expression,53,36,simple_value,long_31-100,free_response
106,False,True,True,multi_value,free_response,1.3321790402101223,False,False,"Also, note that 42 is divisible by 2 and 3","\quad \textcolor{red}{\text{Also, note that } 42 \text{ is divisible by 2 and 3.}}",sympy:a*(l*(o*s)),sympy:a*(l*(o*s)),extraction_issue,indeterminate,extraction_issue,,,,2,"\text{Also, note that } 39 \text{ is not a prime number.} | \text{Also, note that } 42 \text{ is divisible by 2 and 3.}",multi_value,82,42,structured_or_prose,long_31-100,free_response
107,False,False,False,single_expression,free_response,1.6094379124341005,False,True,"Interestingly, the number 392 is also divisible by 11 and 98, but this fact does not affect whether it is a perfect cube",},"text:interestingly, the number 392 is also divisible by 11 and 98, but this fact does not affect whether it is a perfect cube",text:},extraction_issue,indeterminate,extraction_issue,,,,1,"Interestingly, the number 392 is also divisible by 4 and 98,",multi_value,1,120,simple_value,tiny_<=3,free_response
108,True,False,False,system_answer,free_response,1.6094379124341005,False,True,4900y^{2} - 100x^{2} = 275,"\frac{y^2}{\frac{11}{4}} - \frac{x^2}{\frac{25}{4}} = 1, \text{ i.e., } 100y^2 - 44x^2 = 275.","sympy:eq(-100*x**2 + 4900*y**2, 275)","sympy:eq(-x**2/(25/4) + y**2/((11/4)), 1)",true_correct,correct,extraction_ok,,,,1,vertices,system_answer,93,26,structured_or_prose,long_31-100,free_response
109,False,True,True,single_expression,free_response,0.5004024235381879,False,False,8^4 = (2^3)^4 = 2^{3 \times 4} = 2^{12},8^4 = (2^3)^4 = 2^{3 \times 4} = 2^{12},text:8^4 = (2^3)^4 = 2^{3 \times 4} = 2^{12},text:8^4 = (2^3)^4 = 2^{3 \times 4} = 2^{12},,,,,,,1,"We can also note that 8 is an even number, and all even numb",numeric_or_expression,39,39,simple_value,long_31-100,free_response
110,False,True,True,single_expression,free_response,0.5004024235381879,True,False,\frac{1}{52},\frac{1}{52},sympy:1/52,sympy:1/52,true_correct,correct,,,,,2,Note that this is similar to rolling a fair die where each f | This is akin to drawing a specific card from a standard deck,numeric_or_expression,12,12,simple_value,medium_11-30,free_response
111,False,False,False,text_conclusion,free_response,1.3321790402101223,False,False,\hat{b} = \frac{1}{\sqrt{14}} (2\hat{i}+3\hat{j}+\hat{k}) = \frac{2}{\sqrt{14}}\hat{i}+\frac{3}{\sqrt{14}}\hat{j}+\frac{1}{\sqrt{14}}\hat{k}.,\textcolor{red}{\hat{b}} = \frac{1}{\sqrt{14}} (2\hat{i} + 3\hat{j} + \hat{k}) = \frac{2}{\sqrt{14}} \hat{i} + \frac{3}{\sqrt{14}} \hat{j} + \frac{1}{\sqrt{14}} \hat{k}.,text:\hat{b} = \frac{1}{\sqrt{14}} (2\hat{i}+3\hat{j}+\hat{k}) = \frac{2}{\sqrt{14}}\hat{i}+\frac{3}{\sqrt{14}}\hat{j}+\frac{1}{\sqrt{14}}\hat{k},text:\textcolor{red}{\hat{b}} = \frac{1}{\sqrt{14}} (2\hat{i} + 3\hat{j} + \hat{k}) = \frac{2}{\sqrt{14}} \hat{i} + \frac{3}{\sqrt{14}} \hat{j} + \frac{1}{\sqrt{14}} \hat{k},,,,,,,6,\vec{b} | \hat{b} | \vec{b},text_conclusion,169,141,structured_or_prose,very_long_>100,free_response
112,False,True,False,text_conclusion,free_response,1.0549201679861442,False,False,"\left(\frac{f}{g}\right)(t) = \frac{t^2}{2t+1}, \quad t \neq -\frac{1}{2}.","\left( \frac{f}{g} \right)(\textcolor{red}{t}) = \frac{\textcolor{red}{t}^2}{2\textcolor{red}{t} + 1}, \quad \textcolor{red}{t} \neq -\frac{1}{2}.","sympy:eq(t*(f/g), t**2/(2*t + 1))","sympy:eq(t*(f/g), t**2/(2*t + 1))",true_correct,correct,extraction_ok,,,,15,t | t | t,text_conclusion,146,74,structured_or_prose,very_long_>100,free_response
113,False,True,True,set_answer,free_response,0.5004024235381879,False,False,R_1 \cap R_2,R_1 \cap R_2,sympy:r_{1}*(cap*r_{2}),sympy:r_{1}*(cap*r_{2}),true_correct,correct,,,,,0,,set_answer,12,12,structured_or_prose,medium_11-30,free_response
114,False,True,False,derivative_equation,free_response,1.6094379124341005,False,True,\frac{dy}{dx} = \frac{1}{2} \sqrt{\frac{(x-3)(x^{2}+4)}{3x^{2}+4x+5}} \left[ \frac{1}{(x-3)} + \frac{2x}{x^{2}+4} - \frac{6x+4}{3x^{2}+4x+5} \right],\frac{dy}{dx} = \frac{1}{2} \sqrt{\frac{(x-3)(x^2 + 4)}{3x^2 + 4x + 5}} \left[ \frac{1}{(x-3)} + \frac{2x}{x^2 + 4} - \frac{6x + 4}{3x^2 + 4x + 5} \right].,"sympy:eq(derivative(y, x), (sqrt(((x - 3)*(x**2 + 4))/((3*x**2 + 4*x) + 5))*(-(6*x + 4)/((3*x**2 + 4*x) + 5) + ((2*x)/(x**2 + 4) + 1/(x - 3))))/2)","sympy:eq(derivative(y, x), (sqrt(((x - 3)*(x**2 + 4))/((3*x**2 + 4*x) + 5))*(-(6*x + 4)/((3*x**2 + 4*x) + 5) + ((2*x)/(x**2 + 4) + 1/(x - 3))))/2)",true_correct,correct,extraction_ok,,,,1,It is important to note that the logarithm of a product is t,derivative_equation,155,148,structured_or_prose,very_long_>100,free_response
115,True,True,True,single_expression,free_response,1.6094379124341005,False,True,"= 56100 \, \text{cm}^2 = 5.61 \, \text{m}^2","= \textcolor{red}{56100} \, \text{cm}^2 = \textcolor{red}{5.61} \, \text{m}^2","text:= 56100 \, cm^2 = 5.61 \, m^2","text:= 56100 \, cm^2 = 5.61 \, m^2",,,,,,,4,60 | 205 | 56100,numeric_or_expression,77,43,simple_value,long_31-100,free_response
116,False,True,True,set_answer,free_response,0.5004024235381879,False,False,"y \in [8, \infty).","\textcolor{red}{y} \in [8, \infty)",sympy:in*y,sympy:in*y,true_correct,correct,extraction_ok,,,,10,y | y | y,set_answer,34,18,structured_or_prose,long_31-100,free_response
117,True,True,False,set_answer,mcq,0.9502705392332348,True,False,P(A|B) = \frac{P(ADB)}{P(B)} = \frac{\frac{4}{13}}{\frac{9}{13}} = \frac{4 \times 13}{9 \times 13} = \frac{4}{9},P(A|B) = \frac{P(A \cap B)}{P(B)} = \frac{\frac{4}{13}}{\frac{9}{13}} = \textcolor{red}{\frac{4 \times 13}{9 \times 13}} = \frac{4}{9}.,sympy:p,sympy:p,true_correct,correct,extraction_ok,,,,1,\frac{4 \times 13}{9 \times 13},set_answer,135,112,structured_or_prose,very_long_>100,mcq
118,False,False,False,single_expression,free_response,1.6094379124341005,False,True,|\frac{y}{y-1} - \frac{y}{y+1}| = y(y) - (y+1)(y-1) = y^2 - (y^2 - 1) = y^2 - y^2 + 1 = 1,\left| \textcolor{red}{\frac{y}{y-1}} \quad \textcolor{red}{\frac{y}{y+1}} \right| = \textcolor{red}{y}(y) - (y+1)(y-1) = y^2 - (y^2 - 1) = y^2 - y^2 + 1 = 1,text:|\frac{y}{y-1} - \frac{y}{y+1}| = y(y) - (y+1)(y-1) = y^2 - (y^2 - 1) = y^2 - y^2 + 1 = 1,text:| \textcolor{red}{\frac{y}{y-1}} \textcolor{red}{\frac{y}{y+1}} | = y(y) - (y+1)(y-1) = y^2 - (y^2 - 1) = y^2 - y^2 + 1 = 1,,,,,,,3,\frac{y}{y-1} | \frac{y}{y+1} | y,numeric_or_expression,157,89,simple_value,very_long_>100,free_response
119,False,False,False,single_expression,free_response,0.9502705392332348,False,False,P(R) = 1 - P(S) = 1 - 0.62 = 0.38,P(R) = 0.38,text:p(r) = 1 - p(s) = 1 - 0.62 = 0.38,"sympy:eq(p(r), 0.38)",extraction_issue,indeterminate,,,,,0,,numeric_or_expression,11,33,simple_value,medium_11-30,free_response
120,True,False,False,numeric,free_response,0.5004024235381879,False,False,S_{24} = \frac{24}{2} [2 \times 5 + (24 - 1) \times 3] = 12 [10 + 69] = 948,\textcolor{red}{948},text:s_{24} = \frac{24}{2} [2 \times 5 + (24 - 1) \times 3] = 12 [10 + 69] = 948,sympy:948,true_correct,correct,extraction_ok,,,,10,8 | 8 | 8,numeric_or_expression,20,75,simple_value,medium_11-30,free_response
121,True,True,True,single_expression,free_response,1.3321790402101223,False,False,3^2 + 4^2 = 5^2,3^2 + 4^2 = 5^2,text:3^2 + 4^2 = 5^2,text:3^2 + 4^2 = 5^2,true_correct,correct,,,,,1,24,numeric_or_expression,15,15,simple_value,medium_11-30,free_response
122,True,True,True,mcq_option,mcq,0.0,False,False,option c,option c,text:option c,text:option c,true_correct,correct,,,,,2,\times | (2x - 5)(x - 9) \neq x(x - 5),mcq_option,8,8,simple_value,short_4-10,mcq
123,True,True,True,single_expression,free_response,0.5004024235381879,False,False,x = 4,x = \textcolor{red}{4},"sympy:eq(x, 4)","sympy:eq(x, 4)",true_correct,correct,extraction_ok,,,,2,4 | 4,numeric_or_expression,22,5,simple_value,medium_11-30,free_response
124,False,True,True,single_expression,free_response,1.6094379124341005,False,True,y = \frac{1}{2x^2 + 1},y = \frac{1}{2x^2 + 1}.,"sympy:eq(y, 1/(2*x**2 + 1))","sympy:eq(y, 1/(2*x**2 + 1))",true_correct,correct,,,,,1,It is interesting to note that the integral of \( \frac{1}{y,numeric_or_expression,23,22,simple_value,medium_11-30,free_response
125,False,False,False,multi_value,free_response,1.3321790402101223,False,False,"Similarly, the direction cosines of the b-axis and c-axis are 0, 1, 0 and 0, 0, 1 respectively","0, 0, 1","text:similarly, the direction cosines of the b-axis and c-axis are 0, 1, 0 and 0, 0, 1 respectively",sympy:0,true_correct,correct,extraction_ok,,,,7,a | a | b,multi_value,7,94,structured_or_prose,short_4-10,free_response
126,True,False,False,single_expression,free_response,1.3321790402101223,True,False,,\frac{y}{4} - 7 = 3.,<parse_failure>,"sympy:eq(y/4 - 7, 3)",needs_visual,indeterminate,needs_visual,,,,4,"We then multiply both sides of the equation by 4, to get | y = 10 \times 4 = 40 | To solve this equation, first transpose 7 to the right-hand ",numeric_or_expression,20,3,simple_value,medium_11-30,free_response
127,False,True,True,single_expression,free_response,0.5004024235381879,False,False,f,f,sympy:f,sympy:f,true_correct,correct,extraction_ok,,,,0,,numeric_or_expression,1,1,simple_value,tiny_<=3,free_response
128,False,True,True,mcq_option,mcq,0.0,False,False,option d,option d,text:option d,text:option d,,,,,,,2,"A's 3 day's work = $\frac{3}{15} = \frac{1}{5}$; | If B worked alone for 2 days, B's work = $\frac{2}{20} = \fr",mcq_option,8,8,simple_value,short_4-10,mcq
129,False,False,False,text_conclusion,free_response,1.6094379124341005,False,True,\text{Percentage increase} = \frac{2}{4} \times 100 = 50\%,= \frac{\text{increase in the number of wins}}{\text{original number of wins}} \times 100 = \frac{2}{4} \times 100 = 50,text:percentage increase = \frac{2}{4} \times 100 = 50\%,text:= \frac{increase in the number of wins}{original number of wins} \times 100 = \frac{2}{4} \times 100 = 50,,,,,,,1,"In general, percentage increase is a measure of how much a q",text_conclusion,119,58,structured_or_prose,very_long_>100,free_response
130,False,False,False,single_expression,free_response,0.9502705392332348,True,False,47.62,\frac{1}{21},sympy:47.6200000000000,sympy:1/21,extraction_issue,indeterminate,,,,,2,"Additionally, knowing that 1 km = 1000 meters, we can conver | Interestingly, if we convert this distance to meters, it wou",numeric_or_expression,12,5,simple_value,medium_11-30,free_response
131,True,False,False,text_conclusion,free_response,1.3321790402101223,False,False,"\text{We know that values of } \cos x \text{ repeat after an interval of } 2\pi \text{ or } 360^\circ. \text{ Therefore}, \\
\cos(-1710^\circ) = \cos(-1710^\circ + 5 \times 360^\circ) = \cos(-1710^\circ + 1800^\circ) = \cos90^\circ = 0",\cos(-1710^\circ) = \cos(-1710^\circ + 5 \times 360^\circ) = \cos(\textcolor{red}{-1710^\circ + 1700^\circ}) = \cos(-1710^\circ + 1800^\circ) = \cos 90^\circ = 0.,"text:we know that values of \cos x repeat after an interval of 2\pi or 360^\circ. therefore, \cos(-1710^\circ) = \cos(-1710^\circ + 5 \times 360^\circ) = \cos(-1710^\circ + 1800^\circ) = \cos90^\circ = 0",text:\cos(-1710^\circ) = \cos(-1710^\circ + 5 \times 360^\circ) = \cos(-1710^\circ + 1700^\circ) = \cos(-1710^\circ + 1800^\circ) = \cos 90^\circ = 0,notation_misread,wrong,,,,,1,-1710^\circ + 1700^\circ,text_conclusion,162,235,structured_or_prose,very_long_>100,free_response
132,False,True,True,system_answer,free_response,0.6730116670092565,False,False,"x = 3, \quad y = 1.","x = 3, \, y = 1","sympy:eq(x, 3)","sympy:eq(x, 3)",true_correct,correct,extraction_ok,,,,0,,system_answer,15,19,structured_or_prose,medium_11-30,free_response
133,True,False,False,text_conclusion,free_response,1.6094379124341005,False,True,= \lim_{y \to 1} \frac{\frac{1}{2} y - \frac{1}{2}}{1} = \frac{1}{2}(1)^{-1} = \frac{1}{2}.,= \lim_{y \to 1} \frac{\frac{1}{2} y^{-\frac{1}{2}}}{1} = \frac{1}{2} (1)^{-1} = \frac{1}{2}.,text:= \lim_{y \to 1} \frac{\frac{1}{2} y - \frac{1}{2}}{1} = \frac{1}{2}(1)^{-1} = \frac{1}{2},text:= \lim_{y \to 1} \frac{\frac{1}{2} y^{-\frac{1}{2}}}{1} = \frac{1}{2} (1)^{-1} = \frac{1}{2},,,,,,,6,14 | 9 | 14,text_conclusion,93,91,structured_or_prose,long_31-100,free_response
134,True,True,True,mcq_option,mcq,0.0,False,False,option a,option a,text:option a,text:option a,,,,,,,3,410 | 410 | 390,mcq_option,8,8,simple_value,short_4-10,mcq
135,False,True,True,single_expression,free_response,0.9502705392332348,False,False,-3 + 2 = -1,-3 + 2 = -1,text:-3 + 2 = -1,text:-3 + 2 = -1,,,,,,,1,"Also, note that the sum of the coordinates of the centre is ",numeric_or_expression,11,11,simple_value,medium_11-30,free_response
136,False,False,False,multi_value,free_response,1.6094379124341005,False,True,"2 \times (60 + 40) = 200 \, m","90,000","sympy:eq(2*(40 + 60), 200*m)",sympy:90000,extraction_issue,indeterminate,,,,,1,The perimeter of the base of the godown is \( 2 \times (60 +,multi_value,6,29,structured_or_prose,short_4-10,free_response
137,True,True,True,single_expression,free_response,0.9502705392332348,False,False,= 3 - 4 \times \frac{1}{2} = 1 = R.H.S.,= 3 - 4 \times \frac{1}{2} = 1 = \text{R.H.S.},text:= 3 - 4 \times \frac{1}{2} = 1 = r.h.s,text:= 3 - 4 \times \frac{1}{2} = 1 = r.h.s,true_correct,correct,,,,,1,\frac{\pi}{3},numeric_or_expression,46,39,simple_value,long_31-100,free_response
138,False,True,True,single_expression,free_response,0.5004024235381879,False,False,f+g,f + g,sympy:f + g,sympy:f + g,true_correct,correct,extraction_ok,,,,0,,numeric_or_expression,5,3,simple_value,short_4-10,free_response
139,False,True,True,mcq_option,mcq,0.0,False,False,option b,option b,text:option b,text:option b,,,,,,,1,"Additionally, it's worth noting that the batsman faced a tot",mcq_option,8,8,simple_value,short_4-10,mcq
140,True,True,True,single_expression,free_response,0.0,False,False,x = 1,x = 1,"sympy:eq(x, 1)","sympy:eq(x, 1)",true_correct,correct,extraction_ok,,,,4,\( f''(x) \geq 0 \) | for all \( x \in \mathbb{R} \) | \( f''(x) > 0 \),numeric_or_expression,5,5,simple_value,short_4-10,free_response
141,True,True,True,mcq_option,mcq,0.0,False,False,option d,option d,text:option d,text:option d,true_correct,correct,,,,,1,91 is divisible by 5,mcq_option,8,8,simple_value,short_4-10,mcq
142,True,False,False,single_expression,free_response,0.9502705392332348,True,False,,(3x + 5y),<parse_failure>,sympy:3*x + 5*y,extraction_issue,indeterminate,extraction_issue,,,,0,,numeric_or_expression,9,3,simple_value,short_4-10,free_response
143,True,True,True,mcq_option,mcq,0.0,False,False,option b,option b,text:option b,text:option b,true_correct,correct,,,,,9,\frac{1}{15} | \frac{5}{60} | \frac{1}{12},mcq_option,8,8,simple_value,short_4-10,mcq
144,False,False,False,numeric,free_response,1.3321790402101223,True,False,The mode of this data is 2 because it occurs more frequently than other observations,2,text:the mode of this data is 2 because it occurs more frequently than other observations,sympy:2,true_correct,correct,extraction_ok,,,,1,We can also note that the sum of the set is \( 1+1+2+4+3+2+1,text_conclusion,1,84,simple_value,tiny_<=3,free_response
145,True,False,False,numeric,free_response,1.3321790402101223,False,False,10\pi \text{ cm}^2/\text{s},10\pi,sympy:(10*(pi*(c*m**2)))/s,sympy:10*pi,extraction_issue,indeterminate,,,,,2,"\int A \, dr | \int A \, dr",numeric_or_expression,5,27,simple_value,short_4-10,free_response
146,False,True,True,mcq_option,mcq,0.9502705392332348,True,False,option c,option c,text:option c,text:option c,,,,,,,1,"Additionally, note that \( x \) and \( y \) must be positive",mcq_option,8,8,simple_value,short_4-10,mcq
147,False,True,True,multi_value,free_response,0.5004024235381879,False,False,"12, 35, 37","12, 35, 37",sympy:12,sympy:12,true_correct,correct,extraction_ok,,,,2,"Note that 11 is a prime number, which means it cannot be div | Here, 35 is a composite number which can be factored into 5 ",multi_value,10,10,structured_or_prose,short_4-10,free_response
148,True,False,False,single_expression,free_response,0.6730116670092565,False,False,"Therefore, 301 is not a term of the given list of numbers",n,"text:therefore, 301 is not a term of the given list of numbers",sympy:n,true_correct,correct,extraction_ok,,,,1,50.3333,multi_value,1,57,simple_value,tiny_<=3,free_response
149,True,False,False,multi_value,free_response,1.0549201679861442,False,False,1^\circ,"0^\circ, 0^\circ, 1^\circ",sympy:1**circ,sympy:0**circ,true_correct,correct,extraction_ok,,,,3,"\( 1^\circ, 0^\circ, 0^\circ \) | \( 0^\circ, 1^\circ, 0^\circ \) | \( 0^\circ, 0^\circ, 1^\circ \)",multi_value,25,7,structured_or_prose,medium_11-30,free_response
150,True,True,True,single_expression,free_response,1.3321790402101223,False,False,m_1 : m_2 = 4 : 7,m_1 : m_2 = 4 : 7,"sympy:eq(m_{1}/m_{2}, 4/7)","sympy:eq(m_{1}/m_{2}, 4/7)",true_correct,correct,,,,,2,8 | 4,numeric_or_expression,17,17,simple_value,medium_11-30,free_response
151,False,False,False,single_expression,free_response,1.6094379124341005,False,True,\frac{15}{2} = \frac{8+q}{2},\textcolor{red}{q} = 7,"sympy:eq(15/2, (q + 8)/2)","sympy:eq(q, 7)",true_correct,correct,extraction_ok,,,,5,q | q | q,numeric_or_expression,22,28,simple_value,medium_11-30,free_response
152,False,False,False,text_conclusion,free_response,1.6094379124341005,False,True,"\text{Hence,",d = \frac{|\textcolor{red}{\vec{b_3}} \times \textcolor{red}{\vec{b_4}} \cdot (\textcolor{red}{\vec{a_4}} - \textcolor{red}{\vec{a_3}})|}{|\textcolor{red}{\vec{b_3}} \times \textcolor{red}{\vec{b_4}}|} = \frac{|3 - 0 + 7|}{\sqrt{59}} = \frac{10}{\sqrt{59}},sympy:text,text:d = \frac{|\textcolor{red}{\vec{b_3}} \times \textcolor{red}{\vec{b_4}} \cdot (\textcolor{red}{\vec{a_4}} - \textcolor{red}{\vec{a_3}})|}{|\textcolor{red}{\vec{b_3}} \times \textcolor{red}{\vec{b_4}}|} = \frac{|3 - 0 + 7|}{\sqrt{59}} = \frac{10}{\sqrt{59}},notation_misread,wrong,,,,,20,\vec{a_3} | \vec{b_3} | \vec{a_4},text_conclusion,256,12,structured_or_prose,very_long_>100,free_response
153,True,True,True,mcq_option,mcq,0.0,False,False,option b,option b,text:option b,text:option b,true_correct,correct,,,,,1,750 cm\textsuperscript{3},mcq_option,8,8,simple_value,short_4-10,mcq
154,False,True,True,mcq_option,mcq,0.5004024235381879,False,False,option c,option c,text:option c,text:option c,true_correct,correct,,,,,1,Let us consider the scenario if the race length was 600 m. I,mcq_option,8,8,simple_value,short_4-10,mcq
155,False,False,False,text_conclusion,free_response,1.6094379124341005,False,True,"\text{Thus,} \\
y &= \left[ \frac{1}{0}, \frac{-2}{5} \right].",Y = \begin{bmatrix} 1 & -2 \\ 0 & 5 \end{bmatrix}.,sympy:t*(h*(s*u)),text:y = \begin{bmatrix} 1 -2 0 5 \end{bmatrix},notation_misread,wrong,,,,,0,,text_conclusion,50,62,structured_or_prose,long_31-100,free_response
156,False,False,False,single_expression,free_response,1.3321790402101223,False,False,PR = QS,\textcolor{red}{QS} = \sqrt{(4 + 4)^2 + (2 - 4)^2} = \sqrt{64 + 4} = \sqrt{68},"sympy:eq(p*r, q*s)",text:qs = \sqrt{(4 + 4)^2 + (2 - 4)^2} = \sqrt{64 + 4} = \sqrt{68},extraction_issue,indeterminate,,,,,17,"P(1, 7) | Q(4, 2) | R(-1, -1)",numeric_or_expression,78,7,simple_value,long_31-100,free_response
157,False,True,True,numeric,free_response,0.9502705392332348,False,False,"30 \, cm","30 \, \text{cm}",sympy:30*(c*m),sympy:30*(c*m),true_correct,correct,,,,,9,\(d_3\) | \(d_4\) | d_3,numeric_or_expression,15,8,simple_value,medium_11-30,free_response
158,False,True,True,single_expression,free_response,0.5004024235381879,True,False,2^3 = 8,2^3 = 8,text:2^3 = 8,text:2^3 = 8,,,,,,,1,"Note that the number 8 is a power of 2, specifically \(2^3 =",numeric_or_expression,7,7,simple_value,short_4-10,free_response
159,True,True,True,single_expression,free_response,1.0549201679861442,False,False,\overline{CD},\overline{CD},sympy:conjugate(c*d),sympy:conjugate(c*d),extraction_issue,indeterminate,,,,,2,3\sqrt{2} \ \text{cm} | 6\sqrt{2} \ \text{cm},numeric_or_expression,13,13,simple_value,medium_11-30,free_response
160,False,False,False,single_expression,free_response,0.5004024235381879,False,False,x = 5,\textcolor{red}{z} = 5,"sympy:eq(x, 5)","sympy:eq(z, 5)",true_wrong,wrong,extraction_ok,,,,10,2z | z | 2z,numeric_or_expression,22,5,simple_value,medium_11-30,free_response
161,True,False,False,set_answer,free_response,1.0549201679861442,False,False,"R \times R \times R = \{(x, y, z) : x, y, z \in R\}","\mathbb{R} \times \mathbb{R} \times \mathbb{R} = \{(x, y, \textcolor{red}{x}) : x, y, \textcolor{red}{x} \in \mathbb{R}\}","text:r \times r \times r = \{(x, y, z) : x, y, z \in r\}","text:\mathbb{r} \times \mathbb{r} \times \mathbb{r} = \{(x, y, x) : x, y, x \in \mathbb{r}\}",notation_misread,wrong,,,,,2,x | x,set_answer,121,51,structured_or_prose,very_long_>100,free_response
162,True,False,False,single_expression,free_response,1.6094379124341005,False,True,xe^{x}-e^{x}+C,"\int x e^{x} \, dx = x e^{x} - \int \textcolor{red}{x} \cdot e^{x} \, dx = x e^{x} - e^{x} + C.",sympy:c + (e**x*x - e**x),"text:\int x e^{x} \, dx = x e^{x} - \int x \cdot e^{x} \, dx = x e^{x} - e^{x} + c",extraction_issue,indeterminate,,,,,1,x,numeric_or_expression,95,14,simple_value,long_31-100,free_response
163,False,False,False,single_expression,free_response,1.6094379124341005,False,True,"Hence, \int (\log x \cdot 1) dx = log x \int 1dx - \int [-\frac{1}{x}(log x)] \int 1dx dx \\ = (log x)x - \int \frac{1}{x}dx = x(log x - x + C)","= (\log x) \cdot x - \int \frac{1}{x} \, dx = x \log x - x + C .",sympy:h*(e*(n*(c*e))),"text:= (\log x) \cdot x - \int \frac{1}{x} \, dx = x \log x - x + c",,,,,,,1,Recall that the logarithm function is the inverse of the exp,text_conclusion,64,143,simple_value,long_31-100,free_response
164,True,True,True,single_expression,free_response,0.9502705392332348,False,False,= 9039207968.,= 9039207968.,text:= 9039207968,text:= 9039207968,true_correct,correct,,,,,3,10000000000 - 1000000000 + 40000000 - 1600000 - 32 | 10040008000 - 100800032 = 9039207968. | = 10040008000 - 100800032,numeric_or_expression,13,13,simple_value,medium_11-30,free_response
165,False,False,True,multi_value,free_response,0.9502705392332348,False,False,"(2,1)","(2, 1)","text:(2,1)","text:(2, 1)",extraction_issue,indeterminate,extraction_issue,,,,0,,multi_value,6,5,structured_or_prose,short_4-10,free_response
166,False,False,False,text_conclusion,free_response,1.3321790402101223,False,False,AB,= \begin{bmatrix} 75 & 117 & 72 \\ 25 & 39 & 24 \end{bmatrix}.,sympy:a*b,text:= \begin{bmatrix} 75 117 72 25 39 24 \end{bmatrix},true_wrong,wrong,extraction_ok,,,,0,,text_conclusion,62,2,structured_or_prose,long_31-100,free_response
167,True,False,False,single_expression,free_response,1.6094379124341005,False,True,= \frac{i}{(-1)},\textcolor{red}{= \frac{i}{-(-1)}},text:= \frac{i}{(-1)},sympy:textcolor*(r*(d*e)),extraction_issue,indeterminate,,,,,4,= \frac{3 + 6\sqrt{2}i}{1 + 2} | = \frac{3(1 + 2\sqrt{2}i)}{3} = 1 + 2\sqrt{2}i. | i.,numeric_or_expression,34,16,simple_value,long_31-100,free_response
168,False,False,True,single_expression,free_response,1.6094379124341005,True,True,"= 154 \, \text{m}^2","= 154 \, \text{m}^2","text:= 154 \, m^2","text:= 154 \, m^2",true_correct,correct,extraction_ok,,,,1,It is important to note that the diameter is twice the radiu,numeric_or_expression,19,19,simple_value,medium_11-30,free_response
169,True,False,False,single_expression,free_response,1.3321790402101223,False,False,(800 + 480) = 1280,= \text{₹}(800 + 480) = \text{₹} 1280,text:(800 + 480) = 1280,text:= ₹(800 + 480) = ₹ 1280,,,,,,,2,2 \times 10 \times 4 | 80,numeric_or_expression,37,18,simple_value,long_31-100,free_response
170,False,False,False,mcq_option,mcq,0.5004024235381879,False,False,"Finally, (iv) matches (b)",(b),"text:finally, (iv) matches (b)",sympy:b,extraction_issue,indeterminate,,,,,0,,mcq_option,3,25,simple_value,tiny_<=3,mcq
171,True,True,False,single_expression,free_response,0.5004024235381879,False,False,x = \frac{-11}{12}.,x = -\frac{11}{12},"sympy:eq(x, -11/12)","sympy:eq(x, -11/12)",true_correct,correct,extraction_ok,,,,2,13x | 13x,numeric_or_expression,18,19,simple_value,medium_11-30,free_response
172,True,False,True,single_expression,free_response,1.3321790402101223,False,False,a_n = ar^{n-1} = 5(5)^{n-1} = 5^{n-1},a_n = ar^{n-1} = 5(5)^{n-1} = \textcolor{red}{5^{n-1}}.,text:a_n = ar^{n-1} = 5(5)^{n-1} = 5^{n-1},text:a_n = ar^{n-1} = 5(5)^{n-1} = \textcolor{red}{5^{n-1}},true_correct,correct,extraction_ok,,,,2,5^9 | 5^{n-1},numeric_or_expression,55,37,simple_value,long_31-100,free_response
173,True,False,False,mcq_option,mcq,0.5004024235381879,False,False,2x = 10,option d,"sympy:eq(2*x, 10)",text:option d,extraction_issue,indeterminate,,,,,1,4x + 2 = 27,mcq_option,8,7,simple_value,short_4-10,mcq
174,True,False,False,text_conclusion,free_response,1.0549201679861442,False,False,\overrightarrow{OR} = \lambda\vec{b} - \vec{a} = \frac{2(\vec{a} + \vec{b}) - (3\vec{a} - 2\vec{b})}{2-1},\overline{OR} = \textcolor{red}{4\vec{b} - \vec{a} = \frac{2(\vec{a} + \vec{b}) - (3\vec{a} - 2\vec{b})}{2 - 1}},text:\overrightarrow{or} = \lambda\vec{b} - \vec{a} = \frac{2(\vec{a} + \vec{b}) - (3\vec{a} - 2\vec{b})}{2-1},"sympy:eq(conjugate(o*r), textcolor*(r*(d*e)))",,,,,,,2,\frac{5\vec{a}}{3} = \frac{2(\vec{a} + \vec{b}) + (3\vec{a}  | 4\vec{b} - \vec{a} = \frac{2(\vec{a} + \vec{b}) - (3\vec{a} ,text_conclusion,112,105,structured_or_prose,very_long_>100,free_response
175,False,False,False,text_conclusion,free_response,1.6094379124341005,False,True,= \begin{bmatrix} -1 & 5 & \frac{3}{6} \\ \end{bmatrix}.,= \begin{bmatrix} -1 & 5 & 3 \\ 5 & 6 & 0 \end{bmatrix}.,text:= \begin{bmatrix} -1 5 \frac{3}{6} \end{bmatrix},text:= \begin{bmatrix} -1 5 3 5 6 0 \end{bmatrix},notation_misread,wrong,,,,,2,X | a,text_conclusion,56,56,structured_or_prose,long_31-100,free_response
176,True,False,False,text_conclusion,free_response,0.0,False,False,x = 4,\frac{1}{3} \times \frac{12}{x - 8} = -1 \quad \textcolor{red}{\text{Assuming } x > 0} \quad \textcolor{red}{\text{or} \quad x = 4}.,"sympy:eq(x, 4)",text:\frac{1}{3} \times \frac{12}{x - 8} = -1 assuming x > 0 or x = 4,extraction_issue,indeterminate,extraction_issue,,,,2,\text{Assuming } x > 0 | \text{or} \quad x = 4,text_conclusion,132,5,structured_or_prose,very_long_>100,free_response
177,True,False,False,system_answer,free_response,0.9502705392332348,False,False,(3+4)^2 = 5^2,3^2 = 3 \times 3 = 9; \quad 4^2 = 4 \times 4 = 16; \quad 5^2 = 5 \times 5 = 25,text:(3+4)^2 = 5^2,text:3^2 = 3 \times 3 = 9; 4^2 = 4 \times 4 = 16; 5^2 = 5 \times 5 = 25,extraction_issue,indeterminate,extraction_issue,,,,1,(3 + 4)^2 = 5^2,system_answer,78,13,structured_or_prose,long_31-100,free_response
178,False,True,True,mcq_option,mcq,0.0,False,False,option b,option b,text:option b,text:option b,,,,,,,2,"It's important to note that 1 day consists of 24 hours and t | Additionally, if we were to consider the number of hours wor",mcq_option,8,8,simple_value,short_4-10,mcq
179,False,True,False,single_expression,free_response,1.6094379124341005,False,True,z = \dfrac{1}{2x^2+1}.,\textcolor{red}{z} = \frac{1}{2x^2 + 1}.,"sympy:eq(z, 1/(2*x**2 + 1))","sympy:eq(z, 1/(2*x**2 + 1))",true_correct,correct,extraction_ok,,,,8,z | z | z,numeric_or_expression,40,22,simple_value,long_31-100,free_response
180,True,True,True,single_expression,free_response,1.3321790402101223,True,False,zx,zx,sympy:x*z,sympy:x*z,extraction_issue,indeterminate,extraction_issue,,,,3,xz | xz | xz,numeric_or_expression,2,2,simple_value,tiny_<=3,free_response
181,False,True,False,single_expression,free_response,1.6094379124341005,False,True,\sin^{-1}(2x\sqrt{1-x^2})=2\cos^{-1}x,\sin^{-1}\left(2x\sqrt{1-x^2}\right) = 2 \cos^{-1} x,"sympy:eq(asin(2*(x*sqrt(1 - x**2))), 2*acos(x))","sympy:eq(asin(2*(x*sqrt(1 - x**2))), 2*acos(x))",true_correct,correct,extraction_ok,,,,0,,numeric_or_expression,52,37,simple_value,long_31-100,free_response
182,False,True,True,single_expression,free_response,0.9502705392332348,False,False,k=\mp2,k = \mp 2.,"sympy:eq(k, mp*2)","sympy:eq(k, mp*2)",,,,,,,0,,numeric_or_expression,10,6,simple_value,short_4-10,free_response
183,True,True,False,derivative_equation,free_response,0.9502705392332348,False,False,(1-x^2)\frac{d^2y}{dx^2} - x\frac{dy}{dx} = 0.,(1 - x^2) \frac{d^2 y}{dx^2} - x \frac{dy}{dx} = 0,"sympy:eq(-x*derivative(y, x) + ((d**2*y)/(dx**2))*(1 - x**2), 0)","sympy:eq(-x*derivative(y, x) + ((d**2*y)/(dx**2))*(1 - x**2), 0)",true_correct,correct,extraction_ok,,,,1,3x,derivative_equation,50,46,structured_or_prose,long_31-100,free_response
184,False,False,False,single_expression,free_response,1.3321790402101223,False,False,1500 \times 2 = 3000,\frac{15}{100} \times 10000 = ₹ 1500,text:1500 \times 2 = 3000,text:\frac{15}{100} \times 10000 = ₹ 1500,extraction_issue,indeterminate,,,,,1,It's important to note that simple interest is different fro,numeric_or_expression,36,20,simple_value,long_31-100,free_response
185,True,False,False,single_expression,free_response,0.5004024235381879,False,False,9a^2 + 16b^2 + 25c^2 + 24ab + 40bc + 30ac.,9a^2 + 16b^2 + \textcolor{red}{24}c^2 + 24ab + 40bc + 30ac.,sympy:30*(a*c) + (40*(b*c) + (24*(a*b) + (25*c**2 + (9*a**2 + 16*b**2)))),sympy:30*(a*c) + (40*(b*c) + (24*(a*b) + (24*c**2 + (9*a**2 + 16*b**2)))),notation_misread,wrong,,,,,1,24,numeric_or_expression,59,42,simple_value,long_31-100,free_response
186,False,True,True,single_expression,free_response,1.3321790402101223,False,False,= \frac{1}{2}.,= \frac{1}{2}.,text:= \frac{1}{2},text:= \frac{1}{2},true_correct,correct,,,,,0,,numeric_or_expression,14,14,simple_value,medium_11-30,free_response
187,True,False,False,set_answer,free_response,0.9502705392332348,False,False,"X \cup Y = \{ Ram, Geeta, Akbar, David, Ashok \}","X \cup Y = \{ \text{Ram, Geeta, Akbar, David, \textcolor{red}{Ashok}}","text:x \cup y = \{ ram, geeta, akbar, david, ashok \}","text:x \cup y = \{ \text{ram, geeta, akbar, david, ashok}",extraction_issue,indeterminate,,,,,1,Ashok,set_answer,69,48,structured_or_prose,long_31-100,free_response
188,True,False,False,system_answer,free_response,1.0549201679861442,False,False,\overrightarrow{\beta_2} = \frac{5}{2}\hat{i} + \frac{1}{2}\hat{j} - 3\hat{k},\vec{\beta_1} = \frac{3}{2} \hat{i} - \frac{1}{2} \hat{j} \quad \text{and} \quad \textcolor{red}{\vec{\beta_2} = \frac{5}{2} \hat{i} + \frac{1}{2} \hat{j} - 3\hat{k}}.,"sympy:eq(beta_{2}*overrightarrow, -3*hat*k + ((5/2)*(hat*i) + (hat*j)/2))",text:\vec{\beta_1} = \frac{3}{2} \hat{i} - \frac{1}{2} \hat{j} and \textcolor{red}{\vec{\beta_2} = \frac{5}{2} \hat{i} + \frac{1}{2} \hat{j} - 3\hat{k}},extraction_issue,indeterminate,extraction_issue,,,,1,\vec{\beta_2} = \frac{5}{2} \hat{i} + \frac{1}{2} \hat{j} - ,system_answer,167,77,structured_or_prose,very_long_>100,free_response
189,False,True,True,single_expression,free_response,0.0,False,False,5 \cdot y - 2 = 0,5 \cdot y - 2 = 0,"sympy:eq(5*y - 2, 0)","sympy:eq(5*y - 2, 0)",,,,,,,0,,numeric_or_expression,17,17,simple_value,medium_11-30,free_response
190,False,False,False,single_expression,free_response,0.9502705392332348,False,False,2^{3} = 8,2^3 = 8,text:2^{3} = 8,text:2^3 = 8,,,,,,,2,", and note that $(-4)^2 = 16$ which is unrelated to this pro | . Also, $2^3 = 8$ which is not needed here.",numeric_or_expression,7,9,simple_value,short_4-10,free_response
191,True,False,False,single_expression,free_response,1.0549201679861442,False,False,"68600 \times 5 = 2 \times 2 \times 2 \times 5 \times 5 \times 7 \times 7 \times 7 = 343500,","68600 \times 5 = 2 \times 2 \times 2 \times 5 \times 5 \times 5 \times 7 \times 7 \times 7 = \textcolor{red}{343500},","text:68600 \times 5 = 2 \times 2 \times 2 \times 5 \times 5 \times 7 \times 7 \times 7 = 343500,","text:68600 \times 5 = 2 \times 2 \times 2 \times 5 \times 5 \times 5 \times 7 \times 7 \times 7 = 343500,",,,,,,,1,343500,numeric_or_expression,117,91,simple_value,very_long_>100,free_response
192,True,True,False,single_expression,free_response,1.0549201679861442,False,False,2x^{2} - 5x + 3 = 0,2x^2 - 5x + 3 = 0,"sympy:eq((2*x**2 - 5*x) + 3, 0)","sympy:eq((2*x**2 - 5*x) + 3, 0)",true_correct,correct,extraction_ok,,,,5,(2x - 3(x - 1) | (2x - 3(x - 1) | (2x - 3(x - 1),numeric_or_expression,17,19,simple_value,medium_11-30,free_response
193,False,False,False,single_expression,free_response,1.6094379124341005,True,True,\frac{22}{7} \times 4\.9 \times 4\.9,"= \pi \textcolor{red}{R}^2 = \frac{22}{7} \times (4.9)^2 \, \text{m}^2 = \frac{22}{7} \times 4.9 \times 4.9 \, \text{m}^2 = 75.46 \, \text{m}^2",sympy:((22/7)*49)*49,"text:= \pi r^2 = \frac{22}{7} \times (4.9)^2 \, m^2 = \frac{22}{7} \times 4.9 \times 4.9 \, m^2 = 75.46 \, m^2",notation_misread,wrong,,,,,3,\( D \) | \( R \) | R,numeric_or_expression,143,36,simple_value,very_long_>100,free_response
194,False,True,True,set_answer,free_response,0.6730116670092565,False,False,"(a,c) \in R","(a,c) \in R","text:(a,c) \in r","text:(a,c) \in r",true_correct,correct,,,,,0,,set_answer,11,11,structured_or_prose,medium_11-30,free_response
195,False,True,True,mcq_option,mcq,0.0,False,False,R,R,sympy:r,sympy:r,,,,,,,5,"\( p \in X \) | \( (p, p) \in R \) | \( f(p) = f(p) \)",mcq_option,1,1,simple_value,tiny_<=3,mcq
196,False,True,True,mcq_option,mcq,0.5004024235381879,False,False,option b,option b,text:option b,text:option b,true_correct,correct,,,,,1,Let us briefly discuss a different problem where 5 machines ,mcq_option,8,8,simple_value,short_4-10,mcq
197,False,True,True,single_expression,free_response,0.9502705392332348,False,False,= (z - 6)(z + 2),= (z - 6)(z + 2),text:= (z - 6)(z + 2),text:= (z - 6)(z + 2),true_correct,correct,,,,,1,It is interesting to note that if we consider the prime fact,numeric_or_expression,16,16,simple_value,medium_11-30,free_response
198,False,False,False,single_expression,free_response,1.6094379124341005,False,True,"\text{Minors of the element } a_{ij} \text{ is } M_{ij}. \\
\text{Here } a_{11} = 1. \text{ So } M_{11} = \text{Minor of } a_{11} = 3 \\
M_{12} = \text{Minor of } a_{12} = 4 \\
M_{21} = \text{Minor of } a_{21} = -2 \\
M_{22} = \text{Minor of } a_{22} = 1 \\
\text{Now, Cofactor of } a_{ij} \text{ is } A_{ij}. \text{ So} \\
A_{11} = (-1)^{1+1} M_{11} = 3 \\
A_{12} = (-1)^{1+2} M_{12} = -4 \\
A_{21} = (-1)^{2+1} M_{21} = 2 \\
A_{22} = (-1)^{2+2} M_{22} = 1",A_{22} = (-1)^{2+2} M_{22} = 1,"text:minors of the element a_{ij} is m_{ij}. here a_{11} = 1. so m_{11} = minor of a_{11} = 3 m_{12} = minor of a_{12} = 4 m_{21} = minor of a_{21} = -2 m_{22} = minor of a_{22} = 1 now, cofactor of a_{ij} is a_{ij}. so a_{11} = (-1)^{1+1} m_{11} = 3 a_{12} = (-1)^{1+2} m_{12} = -4 a_{21} = (-1)^{2+1} m_{21} = 2 a_{22} = (-1)^{2+2} m_{22} = 1",text:a_{22} = (-1)^{2+2} m_{22} = 1,extraction_issue,indeterminate,extraction_issue,,,,0,,system_answer,30,457,simple_value,medium_11-30,free_response
199,False,False,False,numeric,free_response,1.3321790402101223,False,False,y = \frac{21}{3} = 7,7,text:y = \frac{21}{3} = 7,sympy:7,true_correct,correct,extraction_ok,,,,8,$ y $ | $ 3y $ | $ 3y $,numeric_or_expression,1,20,simple_value,tiny_<=3,free_response
200,False,True,True,single_expression,free_response,0.9502705392332348,False,False,y = \frac{3}{4}x + \frac{26}{4}.,y = \frac{3}{4}x + \frac{26}{4},"sympy:eq(y, (3/4)*x + 26/4)","sympy:eq(y, (3/4)*x + 26/4)",true_correct,correct,,,,,1,Note that the slope of the line given by the equation \(3x -,numeric_or_expression,31,32,simple_value,long_31-100,free_response
201,False,True,True,mcq_option,mcq,0.6730116670092565,True,False,option b,option b,text:option b,text:option b,,,,,,,1,Let's also note that the sum of the digits of \(a\) is \(2 +,mcq_option,8,8,simple_value,short_4-10,mcq
202,False,False,False,single_expression,free_response,1.6094379124341005,True,True,"Therefore, the function f is increasing on R",\mathbb{R},"text:therefore, the function f is increasing on r",sympy:mathbb*r,extraction_issue,indeterminate,,,,,0,,multi_value,10,44,simple_value,short_4-10,free_response
203,True,False,False,single_expression,free_response,1.6094379124341005,False,True,"Hence, x = 8,5","r = 8, \textcolor{red}{5}",sympy:h*(e*(n*(c*e))),"sympy:eq(r, 8)",extraction_issue,indeterminate,,,,,2,\text{or} \quad r = 5 | 5,numeric_or_expression,25,14,simple_value,medium_11-30,free_response
204,True,True,False,single_expression,free_response,1.0549201679861442,False,False,&= 11310,= \textcolor{red}{11310},text:= 11310,text:= 11310,true_correct,correct,extraction_ok,,,,1,11310,numeric_or_expression,24,8,simple_value,medium_11-30,free_response
205,True,True,True,mcq_option,mcq,0.9502705392332348,False,False,option c,option c,text:option c,text:option c,true_correct,correct,,,,,3,7 | 7 | 210,mcq_option,8,8,simple_value,short_4-10,mcq
206,False,False,True,single_expression,free_response,1.6094379124341005,True,True,\frac{1}{2},\frac{1}{2},sympy:1/2,sympy:1/2,true_correct,correct,extraction_ok,,,,0,,numeric_or_expression,11,11,simple_value,medium_11-30,free_response
207,True,True,True,single_expression,free_response,1.0549201679861442,False,False,5\cdot y + 0\cdot x - 2 = 0,5 \cdot y + 0 \cdot x - 2 = 0,"sympy:eq((0*x + 5*y) - 2, 0)","sympy:eq((0*x + 5*y) - 2, 0)",true_correct,correct,,,,,4,\( 0 \cdot y + 1 \cdot x + 5 = 0 \) | \( 0 \cdot y + 1 \cdot y - 2 = 0 \) | \( 0 \cdot y + 2 \cdot x - 3 = 0 \),numeric_or_expression,29,27,simple_value,medium_11-30,free_response
208,False,False,False,system_answer,free_response,0.5004024235381879,False,False,3x^2 = -4y,"x^2 = -4\left(\frac{1}{3}\right)y, \quad \text{i.e.,} \quad 3x^2 = -4y.","sympy:eq(3*x**2, -4*y)","sympy:eq(x**2, -4*y/3)",true_correct,correct,extraction_ok,,,,1,"We can also observe that the point (2, -3) lies in the fourt",system_answer,71,10,structured_or_prose,long_31-100,free_response
209,True,False,False,single_expression,free_response,0.9502705392332348,True,False,The perimeter of the park is 1600 m,},text:the perimeter of the park is 1600 m,text:},extraction_issue,indeterminate,extraction_issue,,,,1,The perimeter of the park is 1600 m.,text_conclusion,1,35,simple_value,tiny_<=3,free_response
210,True,True,True,single_expression,free_response,0.5004024235381879,False,False,B = 45^\circ,B = 45^\circ,"sympy:eq(b, 45**circ)","sympy:eq(b, 45**circ)",,,,,,,3,\(\cos (A + B) = 60^\circ \quad (2)\) | \(A = 75^\circ\) | \(B = 45^\circ\),numeric_or_expression,12,12,simple_value,medium_11-30,free_response
211,True,False,False,text_conclusion,free_response,1.6094379124341005,False,True,7\hat{a} = 7\left( \frac{1}{\sqrt{5}}\hat{i} - \frac{2}{\sqrt{5}}\hat{j} \right) = \frac{7}{\sqrt{5}}\hat{i} - \frac{14}{\sqrt{5}}\hat{j}.,7\hat{a} = 7 \left( \frac{1}{\sqrt{5}} \hat{i} - \frac{2}{\sqrt{5}} \hat{j} \right) = \frac{7}{\sqrt{5}} \hat{i} - \frac{14}{\sqrt{5}} \hat{j} \textcolor{red}{\text{ cm}}.,text:7\hat{a} = 7( \frac{1}{\sqrt{5}}\hat{i} - \frac{2}{\sqrt{5}}\hat{j} ) = \frac{7}{\sqrt{5}}\hat{i} - \frac{14}{\sqrt{5}}\hat{j},text:7\hat{a} = 7 ( \frac{1}{\sqrt{5}} \hat{i} - \frac{2}{\sqrt{5}} \hat{j} ) = \frac{7}{\sqrt{5}} \hat{i} - \frac{14}{\sqrt{5}} \hat{j} cm,extraction_issue,indeterminate,,,,,1,\text{ cm},text_conclusion,171,138,structured_or_prose,very_long_>100,free_response
212,True,False,False,single_expression,free_response,1.3321790402101223,False,False,= z_1^2 + 2z_1z_2 + z_2^2.,= z_1^2 + 2z_1z_2 + \textcolor{red}{z_2^3}.,text:= z_1^2 + 2z_1z_2 + z_2^2,text:= z_1^2 + 2z_1z_2 + z_2^3,notation_misread,wrong,,,,,1,z_2^3,numeric_or_expression,43,26,simple_value,long_31-100,free_response
213,True,True,True,mcq_option,mcq,0.0,False,False,option c,option c,text:option c,text:option c,true_correct,correct,,,,,2,\frac{90}{85} | 90 : 85,mcq_option,8,8,simple_value,short_4-10,mcq
214,False,True,True,mcq_option,mcq,0.0,False,False,option a,option a,text:option a,text:option a,true_correct,correct,,,,,2,"Additionally, numbers like 3 and 5 are not factors of all di | Note that 48 can be factored into 2 and 24, and 92 can be fa",mcq_option,8,8,simple_value,short_4-10,mcq
215,True,True,True,multi_value,free_response,0.6730116670092565,True,False,"\frac{3}{\sqrt{77}}, \frac{-2}{\sqrt{77}}, \frac{8}{\sqrt{77}}","\frac{3}{\sqrt{77}}, \quad \frac{-2}{\sqrt{77}}, \quad \frac{8}{\sqrt{77}}.",sympy:3/(sqrt(77)),sympy:3/(sqrt(77)),true_correct,correct,extraction_ok,,,,1,direction ratios,multi_value,75,62,structured_or_prose,long_31-100,free_response
216,False,True,True,single_expression,free_response,1.3321790402101223,False,False,(A + B)C = AC + BC,(A + B)C = AC + BC,"sympy:eq(c*(a + b), a*c + b*c)","sympy:eq(c*(a + b), a*c + b*c)",true_correct,correct,,,,,0,,numeric_or_expression,18,18,simple_value,medium_11-30,free_response
217,False,False,False,system_answer,free_response,1.3321790402101223,False,False,b = \frac{33}{4},\textcolor{red}{a} = \frac{3}{4} \quad \textcolor{red}{\text{and}} \quad \textcolor{red}{b} = \frac{33}{4}.,"sympy:eq(b, 33/4)",text:a = \frac{3}{4} and b = \frac{33}{4},true_correct,correct,extraction_ok,,,,9,a | a | b,system_answer,107,16,structured_or_prose,very_long_>100,free_response
218,True,False,False,mcq_option,mcq,0.0,False,False,option a,\text{A},text:option a,sympy:a,extraction_issue,indeterminate,,,,,1,21,mcq_option,8,8,simple_value,short_4-10,mcq
219,False,True,True,single_expression,free_response,0.0,False,False,x = \frac{5}{3},x = \frac{5}{3},"sympy:eq(x, 5/3)","sympy:eq(x, 5/3)",extraction_issue,indeterminate,,,,,20,"(a, b) | a | b",numeric_or_expression,15,15,simple_value,medium_11-30,free_response
220,True,False,False,set_answer,free_response,1.6094379124341005,False,True,"\{(x, y, z) : (x, y, z \in R) \}","\mathbb{R} \times \mathbb{R} \times \mathbb{R} = \{(x, y, z) : x, y, \textcolor{red}{z} \in \mathbb{R}\}","text:\{(x, y, z) : (x, y, z \in r) \}","text:\mathbb{r} \times \mathbb{r} \times \mathbb{r} = \{(x, y, z) : x, y, z \in \mathbb{r}\}",extraction_issue,indeterminate,,,,,2,z | four,set_answer,104,32,structured_or_prose,very_long_>100,free_response
221,True,False,False,single_expression,free_response,0.9502705392332348,True,False,"Therefore, Number of boys = 15",\textcolor{red}{\text{Number of boys}} = \textcolor{red}{15},"text:therefore, number of boys = 15",text:number of boys = 15,,,,,,,4,\text{Number of girls} | 25 | \text{Number of boys},text_conclusion,60,30,simple_value,long_31-100,free_response
222,False,False,False,set_answer,free_response,1.3321790402101223,False,False,"18, 81, 42, 24","Hence, possible orders are \textcolor{red}{1 \times 8, 8 \times 1, 4 \times 2, 2 \times 4}",sympy:18,sympy:h*(e*(n*(c*e))),true_correct,correct,extraction_ok,,,,4,"a \times b | ab | (1, 8), (8, 1), (4, 2), (2, 4)",set_answer,90,14,structured_or_prose,long_31-100,free_response
223,True,True,True,single_expression,free_response,0.5004024235381879,False,False,R_1,R_1,sympy:r_{1},sympy:r_{1},true_correct,correct,extraction_ok,,,,2,"(1, 2) | (2, 3)",numeric_or_expression,3,3,simple_value,tiny_<=3,free_response
224,False,False,False,multi_value,free_response,0.9502705392332348,False,False,\beta,"\textcolor{red}{\text{Also, prime numbers such as 2, 3, 5, and 7 have unique properties that are interesting to study.}}",sympy:beta,sympy:a*(l*(o*s)),extraction_issue,indeterminate,extraction_issue,,,,2,"\text{Additionally, it's important to note that } 7 \times 8 | \text{Also, prime numbers such as 2, 3, 5, and 7 have unique",multi_value,120,5,structured_or_prose,very_long_>100,free_response
225,True,False,True,derivative_equation,free_response,0.9502705392332348,True,False,\frac{dS}{dt} = \frac{36}{10} = 3.6 \text{ cm}^2/\text{s},"\frac{dS}{dt} = \frac{36}{10} = 3.6 \, \text{cm}^2/\text{s}",text:\frac{ds}{dt} = \frac{36}{10} = 3.6 cm^2/s,"text:\frac{ds}{dt} = \frac{36}{10} = 3.6 \, cm^2/s",true_correct,correct,extraction_ok,,,,1,\text{assuming } x > 0,derivative_equation,59,57,structured_or_prose,long_31-100,free_response
226,False,True,True,mcq_option,mcq,0.5004024235381879,False,False,option b,option b,text:option b,text:option b,true_correct,correct,,,,,1,"Since the square root of 36 is 6, and 36 is also a perfect s",mcq_option,8,8,simple_value,short_4-10,mcq
227,True,False,False,single_expression,free_response,1.6094379124341005,False,True,=\left(2y-2\right)^{3} \quad \text{(required factorisation)},= \textcolor{red}{(2y - 2)^3} \quad \textcolor{red}{\text{(required factorisation)}},text:=(2y-2)^{3} (required factorisation),text:= (2y - 2)^3 (required factorisation),,,,,,,2,(2y - 2)^3 | \text{(required factorisation)},numeric_or_expression,84,60,simple_value,long_31-100,free_response
228,False,False,False,single_expression,free_response,1.6094379124341005,True,True,& \quad \quad \frac{1}{M_{1}} \times \frac{1}{M_{2}} = -1 \implies \frac{1}{M_{1}} \times \frac{1}{M_{2}} = -1 \text{ or } x = -6,\frac{1}{3} \times \frac{12}{x - 8} = -1 \quad \text{or} \quad x = 4.,text:\frac{1}{m_{1}} \times \frac{1}{m_{2}} = -1 \implies \frac{1}{m_{1}} \times \frac{1}{m_{2}} = -1 or x = -6,text:\frac{1}{3} \times \frac{12}{x - 8} = -1 or x = 4,notation_misread,wrong,,,,,4,"For completeness, note that the sum of the coordinates for t | (-2 + 6) + (4 + 8) = 2 + 12 = 14 | Interestingly, the product of the differences in y-coordinat",text_conclusion,69,129,simple_value,long_31-100,free_response
229,False,True,True,single_expression,free_response,0.0,False,False,t = 1,\textcolor{red}{t} = 1,"sympy:eq(t, 1)","sympy:eq(t, 1)",true_correct,correct,extraction_ok,,,,12,f(t) | t | t,numeric_or_expression,22,5,simple_value,medium_11-30,free_response
230,False,False,False,system_answer,free_response,1.6094379124341005,False,True,"x^2 = 4(z)z, \text{i.e.,} x^2 = 8z.","x^2 = 4(2)\textcolor{red}{z}, \quad \text{i.e.,} \quad x^2 = 8\textcolor{red}{z}.","sympy:eq(x**2, 4*(z*z))","sympy:eq(x**2, 4*(2*z))",true_correct,correct,extraction_ok,,,,5,\( z \) | \( z \) | z,system_answer,81,35,structured_or_prose,long_31-100,free_response
231,False,False,False,text_conclusion,free_response,1.6094379124341005,False,True,\frac{1}{|\vec{b}|}(\vec{a}.\vec{b}) = \frac{10}{\sqrt{6}} = \frac{5}{3}\sqrt{6},\frac{1}{|\vec{b}|} (\vec{a} \cdot \vec{b}) = \frac{10}{\sqrt{6}} = \frac{5}{3}\sqrt{6},sympy:1/abs(b*vec),text:\frac{1}{|\vec{b}|} (\vec{a} \cdot \vec{b}) = \frac{10}{\sqrt{6}} = \frac{5}{3}\sqrt{6},,,,,,,0,,text_conclusion,87,80,structured_or_prose,long_31-100,free_response
232,True,False,True,text_conclusion,free_response,0.9502705392332348,False,False,\frac{1}{3^{-2}} \: = \frac{1}{3 \times (-2)} \: = \frac{1}{-6},\frac{1}{3^{-2}} = \frac{1}{3 \times (-2)} = \textcolor{red}{\frac{1}{-6}},text:\frac{1}{3^{-2}} \: = \frac{1}{3 \times (-2)} \: = \frac{1}{-6},text:\frac{1}{3^{-2}} = \frac{1}{3 \times (-2)} = \textcolor{red}{\frac{1}{-6}},true_correct,correct,extraction_ok,,,,2,-6 | \frac{1}{-6},text_conclusion,74,63,structured_or_prose,long_31-100,free_response
233,False,True,True,mcq_option,mcq,0.0,False,False,option a,option a,text:option a,text:option a,true_correct,correct,,,,,1,The number 7 is a prime number.,mcq_option,8,8,simple_value,short_4-10,mcq
234,True,False,False,single_expression,mcq,1.6094379124341005,False,True,&= 1 - P(A)P(B^{'}),= 1 - \textcolor{red}{P(A)} P(B'),text:= 1 - p(a)p(b^{'}),text:= 1 - p(a) p(b'),extraction_issue,indeterminate,,,,,1,P(A),numeric_or_expression,33,19,simple_value,long_31-100,mcq
235,True,False,False,text_conclusion,free_response,1.6094379124341005,False,True,\overrightarrow{OR} = \frac{2(\vec{a} + \vec{b}) - (3\vec{a} - 2\vec{b})}{2-1} = 5\vec{b} - \vec{a}.,\overline{OR} = \frac{2(\vec{a} + \vec{b}) - (3\vec{a} - \textcolor{red}{3}\vec{b})}{2 - 1} = \textcolor{red}{5\vec{b}} - \vec{a},text:\overrightarrow{or} = \frac{2(\vec{a} + \vec{b}) - (3\vec{a} - 2\vec{b})}{2-1} = 5\vec{b} - \vec{a},text:\overline{or} = \frac{2(\vec{a} + \vec{b}) - (3\vec{a} - 3\vec{b})}{2 - 1} = \textcolor{red}{5\vec{b}} - \vec{a},,,,,,,4,3 | 6\vec{a} + \vec{b} | 3,text_conclusion,129,100,structured_or_prose,very_long_>100,free_response
236,False,False,False,text_conclusion,free_response,1.3321790402101223,True,False,-2 \times 5 = 10 = \frac{\text{constant term}}{1},\text{product of zeroes} = (-2) \times (-5) = 10 = \frac{\text{Constant term}}{1} \text{ (Coefficient of } \textcolor{red}{y}^2\text{)}.,text:-2 \times 5 = 10 = \frac{constant term}{1},text:product of zeroes = (-2) \times (-5) = 10 = \frac{constant term}{1} (coefficient of y^2),extraction_issue,indeterminate,,,,,15,y | y | y,text_conclusion,136,49,structured_or_prose,very_long_>100,free_response
237,True,False,False,mcq_option,mcq,0.6730116670092565,False,False,"x = 3, -3",(b),"sympy:eq(x, 3)",sympy:b,extraction_issue,indeterminate,,,,,1,8,mcq_option,3,9,simple_value,tiny_<=3,mcq
238,False,False,False,single_expression,free_response,1.6094379124341005,False,True,\Delta = q^2 - 4pr = (-9)^2 - (4 \times 2 \times 3) = 81 - 24 = 57,\textcolor{red}{q^2 - 4pr} = (-4)^2 - (4 \times 2 \times 3) = 16 - 24 = -8 < 0,text:\delta = q^2 - 4pr = (-9)^2 - (4 \times 2 \times 3) = 81 - 24 = 57,text:q^2 - 4pr = (-4)^2 - (4 \times 2 \times 3) = 16 - 24 = -8 < 0,extraction_issue,indeterminate,,,,,5,px^2 + qx + r | p = 2 | q = -4,numeric_or_expression,78,66,simple_value,long_31-100,free_response
239,False,True,False,single_expression,free_response,0.5004024235381879,True,False,L.H.S = 9e^{-3x} + (-3e^{-3x}) - 6e^{-3x} = 9e^{-3x} - 9e^{-3x} = 0 = R.H.S.,\text{L.H.S.} = 9 e^{-3x} + (-3e^{-3x}) - 6e^{-3x} = 9 e^{-3x} - 9 e^{-3x} = 0 = \text{R.H.S.}.,sympy:l,sympy:l,true_correct,correct,extraction_ok,,,,0,,numeric_or_expression,95,76,simple_value,long_31-100,free_response
240,True,False,False,system_answer,free_response,1.6094379124341005,True,True,"\frac{1}{2} \begin{vmatrix}
1 & 3 & 1 \\
0 & 0 & 1 \\
K & 0 & 1 
\end{vmatrix} = \pm 3.","\textcolor{red}{\frac{3k}{2}} = \pm 3, \quad \text{i.e.,} \quad k = \pm 2.",text:\frac{1}{2} \begin{vmatrix} 1 3 1 0 0 1 k 0 1 \end{vmatrix} = \pm 3,"sympy:eq(textcolor*(((3*k)/2)*(r*(d*e))), pm*3)",extraction_issue,indeterminate,extraction_issue,,,,1,\frac{3k}{2},system_answer,74,87,structured_or_prose,long_31-100,free_response
241,False,False,False,single_expression,free_response,1.0549201679861442,False,False,n = -\frac{4}{3},r = -\frac{4}{3},"sympy:eq(n, -4/3)","sympy:eq(r, -4/3)",extraction_issue,indeterminate,,,,,1,"We can also note that if $a = 0$, the terms of the G.P. woul",numeric_or_expression,16,16,simple_value,medium_11-30,free_response
242,False,True,True,single_expression,free_response,0.9502705392332348,False,False,d = -1,d = -1,"sympy:eq(d, -1)","sympy:eq(d, -1)",true_correct,correct,,,,,2,It is interesting to note that the series is decreasing. | If we consider another sequence with a different common diff,numeric_or_expression,6,6,simple_value,short_4-10,free_response
243,False,False,False,single_expression,free_response,0.6730116670092565,False,False,"Therefore, R is an equivalence relation",R,"text:therefore, r is an equivalence relation",sympy:r,true_correct,correct,extraction_ok,,,,12,"\( (A, B) \) | \( B \) | \( A \)",multi_value,1,39,simple_value,tiny_<=3,free_response
244,True,True,True,single_expression,free_response,0.9502705392332348,False,False,B',\textcolor{red}{B'},sympy:b',sympy:b',true_correct,correct,extraction_ok,,,,1,B',numeric_or_expression,19,2,simple_value,medium_11-30,free_response
245,True,False,False,system_answer,free_response,0.9502705392332348,False,False,50y^2 - 88x^2 = 275,"\frac{y^2}{\frac{11}{4}} - \frac{x^2}{\textcolor{red}{\frac{25}{2}}} = 1, \text{ i.e., } \textcolor{red}{50}y^2 - \textcolor{red}{88}x^2 = 275.","sympy:eq(-88*x**2 + 50*y**2, 275)","text:\frac{y^2}{\frac{11}{4}} - \frac{x^2}{\textcolor{red}{\frac{25}{2}}} = 1, i.e., 50y^2 - 88x^2 = 275",true_correct,correct,extraction_ok,,,,4,\frac{25}{2} | \frac{25}{2} | 50,system_answer,143,19,structured_or_prose,very_long_>100,free_response
246,False,False,False,single_expression,free_response,0.9502705392332348,False,False,x,\textcolor{red}{3x + 5} = 44,sympy:x,"sympy:eq(3*x + 5, 44)",extraction_issue,indeterminate,extraction_issue,,,,6,x | 3x | 3x,numeric_or_expression,28,1,simple_value,medium_11-30,free_response
247,True,True,True,mcq_option,mcq,0.0,False,False,option d,option d,text:option d,text:option d,true_correct,correct,,,,,8,\text{Total amount after 3 years} | = \text{Rs.} 815. | \text{Principal},mcq_option,8,8,simple_value,short_4-10,mcq
248,True,True,True,single_expression,free_response,1.0549201679861442,False,False,"4\pi r^2 = 4 \times \frac{22}{7} \times 7 \times 7 \, \text{cm}^2 = 615.75 \, \text{cm}^2","4\pi r^2 = 4 \times \frac{22}{7} \times 7 \times 7 \, \text{cm}^2 = \textcolor{red}{615.75 \, \text{cm}^2}","text:4\pi r^2 = 4 \times \frac{22}{7} \times 7 \times 7 \, cm^2 = 615.75 \, cm^2","text:4\pi r^2 = 4 \times \frac{22}{7} \times 7 \times 7 \, cm^2 = 615.75 \, cm^2",true_correct,correct,,,,,1,"615.75 \, \text{cm}^2",numeric_or_expression,106,89,simple_value,very_long_>100,free_response
249,True,False,False,derivative_equation,free_response,0.9502705392332348,False,False,\frac{d}{dx}(a^x) = a^x \log a,\frac{d}{dx}(a^x) = a^x \textcolor{red}{x \log a},"sympy:eq(derivative(a**x, x), a**x*log(a, e))","sympy:eq(derivative(a**x, x), a**x*(x*log(a, e)))",extraction_issue,indeterminate,,,,,3,x \log a | x \log a | x \log a,derivative_equation,49,30,structured_or_prose,long_31-100,free_response
250,False,True,True,single_expression,free_response,0.5004024235381879,False,False,R,R,sympy:r,sympy:r,extraction_issue,indeterminate,extraction_issue,,,,6,AB | BC | AC,numeric_or_expression,1,1,simple_value,tiny_<=3,free_response
251,True,False,False,set_answer,free_response,1.3321790402101223,False,False,"\{1, -2\}","\{\textcolor{red}{y}, -2\}","text:\{1, -2\}","text:\{y, -2\}",notation_misread,wrong,,,,,2,y | y,set_answer,26,9,structured_or_prose,medium_11-30,free_response
252,False,True,True,mcq_option,mcq,0.5004024235381879,False,False,option c,option c,text:option c,text:option c,true_correct,correct,,,,,1,Note that the distance covered with the current is greater b,mcq_option,8,8,simple_value,short_4-10,mcq
253,False,False,False,derivative_equation,free_response,1.6094379124341005,False,True,\dfrac{dy}{dx} = \dfrac{\dfrac{dy}{d\theta}}{\dfrac{dx}{d\theta}} = \dfrac{3a\sin^{5}\theta\cos\theta}{-3a\cos^{5}\theta\sin\theta} = -\tan\theta = -\dfrac{3\sqrt{y}}{x},\frac{dy}{dx} = \frac{dy/d\theta}{dx/d\theta} = \frac{3a \sin^2 \theta \cos \theta}{-3a \cos^2 \theta \sin \theta} = -\tan \theta = -\frac{\sqrt[3]{y}}{x},text:\dfrac{dy}{dx} = \dfrac{\dfrac{dy}{d\theta}}{\dfrac{dx}{d\theta}} = \dfrac{3a\sin^{5}\theta\cos\theta}{-3a\cos^{5}\theta\sin\theta} = -\tan\theta = -\dfrac{3\sqrt{y}}{x},text:\frac{dy}{dx} = \frac{dy/d\theta}{dx/d\theta} = \frac{3a \sin^2 \theta \cos \theta}{-3a \cos^2 \theta \sin \theta} = -\tan \theta = -\frac{\sqrt[3]{y}}{x},extraction_issue,indeterminate,,,,,0,,derivative_equation,154,169,structured_or_prose,very_long_>100,free_response
254,False,True,True,numeric,free_response,0.9502705392332348,False,False,2^4,2^4,sympy:2**4,sympy:2**4,true_correct,correct,extraction_ok,,,,0,,numeric_or_expression,3,3,simple_value,tiny_<=3,free_response
255,True,False,False,numeric,free_response,1.6094379124341005,False,True,86 < F < 95,\textcolor{red}{94}^\circ,text:86 < f < 95,sympy:94**circ,notation_misread,wrong,,,,,6,59 | 62 | 91,numeric_or_expression,25,11,simple_value,medium_11-30,free_response
256,True,False,False,single_expression,free_response,1.6094379124341005,True,True,g\circ f(5) &= g(f(5)) = g(5)=11,g \circ f(5) = g(f(5)) = g(5) = 11.,text:g\circ f(5) = g(f(5)) = g(5)=11,text:g \circ f(5) = g(f(5)) = g(5) = 11,,,,,,,2,g(3 = 7 | g(4 = 7,numeric_or_expression,35,32,simple_value,long_31-100,free_response
257,True,False,False,single_expression,free_response,0.9502705392332348,False,False,V = \frac{2}{3} \times \frac{22}{7} \times 3.5 \times 3.5 \text{ cm}^2 = 25.67 \text{ cm}^3,"V = \frac{2}{3} \times \frac{22}{7} \times 3.5 \times 3.5 \, \text{cm}^3 = 25.67 \, \text{cm}^3",text:v = \frac{2}{3} \times \frac{22}{7} \times 3.5 \times 3.5 cm^2 = 25.67 cm^3,"text:v = \frac{2}{3} \times \frac{22}{7} \times 3.5 \times 3.5 \, cm^3 = 25.67 \, cm^3",,,,,,,1,\pi r^2,numeric_or_expression,95,91,simple_value,long_31-100,free_response
258,True,True,False,single_expression,free_response,1.3321790402101223,False,False,\frac{63}{25} + \frac{16}{25}i,\frac{63}{25} + \frac{16}{25} i.,sympy:(16/25)*i + 63/25,sympy:(16/25)*i + 63/25,true_correct,correct,extraction_ok,,,,2,\frac{48 - 36i + 20i + 15}{16 + 9} | \frac{6 + 9i - 4i + 6}{2 - i + 4i + 2},numeric_or_expression,32,30,simple_value,long_31-100,free_response
259,False,True,True,single_expression,free_response,0.5004024235381879,False,False,(2x - y + z)(2x - y + z).,(2x - y + z)(2x - y + z).,sympy:(z + (2*x - y))*(z + (2*x - y)),sympy:(z + (2*x - y))*(z + (2*x - y)),,,,,,,0,,numeric_or_expression,25,25,simple_value,medium_11-30,free_response
260,True,True,True,single_expression,free_response,0.6730116670092565,False,False,x - 3 > 0,x-3 > 0,sympy:x - 3 > 0,sympy:x - 3 > 0,,,,,,,1,"Assume that \(x > 3\), so \(x-3 > 0\) and we don't need to w",numeric_or_expression,7,9,simple_value,short_4-10,free_response
261,False,True,True,mcq_option,mcq,0.9502705392332348,False,False,option c,option c,text:option c,text:option c,true_correct,correct,,,,,1,"\text{Here, } P = 100 \text{ and } \text{Rate} = 12\%",mcq_option,8,8,simple_value,short_4-10,mcq
262,True,False,False,text_conclusion,free_response,1.6094379124341005,False,True,= 7 + 84 + 210 + 140 + 1 = 442,\binom{4}{3} \times \binom{7}{2} + \binom{4}{4} \times \binom{7}{1} = 84 + 7 = 91,text:= 7 + 84 + 210 + 140 + 1 = 442,text:\binom{4}{3} \times \binom{7}{2} + \binom{4}{4} \times \binom{7}{1} = 84 + 7 = 91,notation_misread,wrong,,,,,3,\binom{7}{1} \times \binom{4}{4} + \binom{7}{2} \times \bino | 7 + 84 + 210 + 140 + 1 | 442,text_conclusion,81,30,structured_or_prose,long_31-100,free_response
263,True,False,False,system_answer,free_response,1.3321790402101223,False,False,z=k1,"x = \textcolor{red}{x2}, \quad y = 2, \quad z = \textcolor{red}{k1}.","sympy:eq(z, k*1)","sympy:eq(x, x*2)",extraction_issue,indeterminate,extraction_issue,,,,2,x2 | k1,system_answer,68,4,structured_or_prose,long_31-100,free_response
264,True,False,False,single_expression,free_response,0.9502705392332348,False,False,"Solving (1) and (2), we get: A = 45^\circ and B = 15^\circ",B = 15^\circ,"text:solving (1) and (2), we get: a = 45^\circ and b = 15^\circ","sympy:eq(b, 15**circ)",true_correct,correct,extraction_ok,,,,1,3 \cdot 10^\circ,system_answer,12,58,simple_value,medium_11-30,free_response
265,False,False,False,numeric,free_response,0.9502705392332348,False,False,y = 13,13,"sympy:eq(y, 13)",sympy:13,true_correct,correct,extraction_ok,,,,0,,numeric_or_expression,2,6,simple_value,tiny_<=3,free_response
266,True,True,True,mcq_option,mcq,0.6730116670092565,True,False,option d,option d,text:option d,text:option d,true_correct,correct,,,,,3,500 | 1600 | 4000,mcq_option,8,8,simple_value,short_4-10,mcq
267,False,True,True,mcq_option,mcq,0.5004024235381879,False,False,option b,option b,text:option b,text:option b,,,,,,,4,"Additionally, to verify the speed conversion, we can use the | \text{Speed (m/sec)} = \text{Speed (km/hr)} \times \frac{5}{ | So, \( 54 \times \frac{5}{18} = 3 \times 5 = 15 \) m/sec.",mcq_option,8,8,simple_value,short_4-10,mcq
268,False,True,True,mcq_option,mcq,0.5004024235381879,False,False,option a,option a,text:option a,text:option a,true_correct,correct,,,,,1,"Also, recall that the sum of the squares of any two real num",mcq_option,8,8,simple_value,short_4-10,mcq
269,True,False,False,single_expression,free_response,1.3321790402101223,True,False,x = \frac{49}{29},x,"sympy:eq(x, 49/29)",sympy:x,extraction_issue,indeterminate,extraction_issue,,,,1,"\text{Therefore, the value of \(x\) is } x = \frac{49}{29}.",numeric_or_expression,1,17,simple_value,tiny_<=3,free_response
270,True,True,True,mcq_option,mcq,0.0,False,False,option b,option b,text:option b,text:option b,,,,,,,4,Option B | Angle traced by minute hand in 60 minutes = 360°. | Angle traced by minute hand in 10 minutes = $\left( \frac{36,mcq_option,8,8,simple_value,short_4-10,mcq
271,True,False,False,text_conclusion,free_response,0.0,False,False,25,\left( \frac{2}{3} \right)^{-2} = \frac{2^{-2}}{3^{-2}} = \frac{3^{2}}{2^{2}} = \frac{9}{4} = \textcolor{red}{2.25},sympy:25,text:( \frac{2}{3} )^{-2} = \frac{2^{-2}}{3^{-2}} = \frac{3^{2}}{2^{2}} = \frac{9}{4} = 2.25,true_wrong,wrong,extraction_ok,,,,1,2.25,text_conclusion,115,2,structured_or_prose,very_long_>100,free_response
272,True,False,True,text_conclusion,free_response,1.6094379124341005,False,True,S_5 = 3\left(1-\left(\frac{2}{3}\right)^5\right) = 3\times \frac{211}{243} = \frac{121}{81},S_5 = 3\left(1 - \left(\frac{2}{3}\right)^5\right) = 3 \times \frac{211}{243} = \textcolor{red}{\frac{121}{81}}.,text:s_5 = 3(1-(\frac{2}{3})^5) = 3\times \frac{211}{243} = \frac{121}{81},text:s_5 = 3(1 - (\frac{2}{3})^5) = 3 \times \frac{211}{243} = \textcolor{red}{\frac{121}{81}},true_correct,correct,extraction_ok,,,,1,\frac{121}{81},text_conclusion,112,91,structured_or_prose,very_long_>100,free_response
273,True,False,False,single_expression,free_response,1.3321790402101223,False,False,},\frac{\textcolor{red}{2}}{4},text:},sympy:2/4,extraction_issue,indeterminate,extraction_issue,,,,2,2 | 2,numeric_or_expression,28,1,simple_value,medium_11-30,free_response
274,False,False,False,single_expression,free_response,0.9502705392332348,False,False,P(E \cap F) = P(E) \cdot P(F),F,"sympy:eq(p(e*(cap*f)), p(e)*p(f))",sympy:f,extraction_issue,indeterminate,extraction_issue,,,,2,"Note that a die has six faces and each face shows a differen | Additionally, the probability of rolling an odd number is \(",set_answer,1,29,simple_value,tiny_<=3,free_response
275,True,False,True,derivative_equation,free_response,1.6094379124341005,True,True,\frac{ds}{dt} = \frac{36}{10} = 3.6 \text{ cm}^2 \text{/s},"\frac{dS}{dt} = \frac{36}{10} = 3.6 \, \text{cm}^2/\text{s}",text:\frac{ds}{dt} = \frac{36}{10} = 3.6 cm^2 /s,"text:\frac{ds}{dt} = \frac{36}{10} = 3.6 \, cm^2/s",true_correct,correct,extraction_ok,,,,3,y | y | y,derivative_equation,59,58,structured_or_prose,long_31-100,free_response
276,False,False,False,numeric,free_response,1.0549201679861442,False,False,"Therefore, 243 is not a perfect cube",243,"text:therefore, 243 is not a perfect cube",sympy:243,true_correct,correct,extraction_ok,,,,2,"We know that a perfect cube can be expressed as \(n^3\) for  | Additionally, consider that 3 is a prime number.",multi_value,3,36,simple_value,tiny_<=3,free_response
277,True,False,False,single_expression,free_response,1.3321790402101223,False,False,\sqrt{(-4-1)^2 + (1+3)^2 + (2-4)^2} = \sqrt{25 + 16 + 4} = 3\sqrt{3},= \sqrt{45} = \textcolor{red}{3\sqrt{3}} \text{ units},text:\sqrt{(-4-1)^2 + (1+3)^2 + (2-4)^2} = \sqrt{25 + 16 + 4} = 3\sqrt{3},text:= \sqrt{45} = \textcolor{red}{3\sqrt{3}} units,extraction_issue,indeterminate,,,,,1,3\sqrt{3},numeric_or_expression,54,68,simple_value,long_31-100,free_response
278,False,False,False,text_conclusion,free_response,1.3321790402101223,False,False,\frac{12.5}{2.5} = \frac{125}{25} = 5,\text{Number of sides} = \frac{12.5}{2.5} = \frac{125}{25} = 5,text:\frac{12.5}{2.5} = \frac{125}{25} = 5,text:number of sides = \frac{12.5}{2.5} = \frac{125}{25} = 5,,,,,,,1,"As a side note, the area of a regular pentagon can be calcul",text_conclusion,62,37,structured_or_prose,long_31-100,free_response
279,True,False,False,text_conclusion,free_response,1.3321790402101223,True,False,The polygon has 6 sides,\text{Number of sides} = \frac{12.5}{2.5} = \frac{125}{25} = 5,text:the polygon has 6 sides,text:number of sides = \frac{12.5}{2.5} = \frac{125}{25} = 5,,,,,,,1,6,text_conclusion,62,23,structured_or_prose,long_31-100,free_response
280,True,False,True,single_expression,free_response,1.3321790402101223,True,False,= 11130 \text{ cm},"= \textcolor{red}{11130 \, \text{cm}}",text:= 11130 cm,"text:= 11130 \, cm",true_correct,correct,extraction_ok,,,,1,"11130 \, \text{cm}",numeric_or_expression,37,18,simple_value,long_31-100,free_response
281,False,True,True,single_expression,free_response,0.9502705392332348,False,False,c^3 - d^3 = 3^3 - 2^3 = 27 - 8 = 19,\textcolor{red}{c}^3 - \textcolor{red}{d}^3 = 3^3 - 2^3 = 27 - 8 = 19,text:c^3 - d^3 = 3^3 - 2^3 = 27 - 8 = 19,text:c^3 - d^3 = 3^3 - 2^3 = 27 - 8 = 19,,,,,,,22,c | d | c,numeric_or_expression,69,35,simple_value,long_31-100,free_response
282,True,True,True,single_expression,free_response,0.5004024235381879,False,False,c,C,sympy:c,sympy:c,extraction_issue,indeterminate,extraction_issue,,,,1,x^{-1},numeric_or_expression,1,1,simple_value,tiny_<=3,free_response
283,True,True,True,mcq_option,mcq,0.5004024235381879,False,False,option c,option c,text:option c,text:option c,,,,,,,4,10^{1.50} | 1.50 | 150,mcq_option,8,8,simple_value,short_4-10,mcq
284,True,False,True,single_expression,free_response,1.0549201679861442,False,False,256=2^8,256 = 2^8,text:256=2^8,text:256 = 2^8,true_correct,correct,extraction_ok,,,,1,3,numeric_or_expression,9,7,simple_value,short_4-10,free_response
285,False,True,False,multi_value,free_response,1.0549201679861442,False,False,"3, 4, 5, 6, 7, ...","3, 4, 5, 6, 7, \ldots",sympy:3,sympy:3,true_correct,correct,extraction_ok,,,,2,"In some arithmetic progressions, the sum of the first \( n \ | It's interesting to note that the common difference \( d \) ",multi_value,21,18,structured_or_prose,medium_11-30,free_response
286,True,True,True,mcq_option,mcq,0.9502705392332348,False,False,option c,option c,text:option c,text:option c,true_correct,correct,,,,,1,C's age is \( x = 5 \) years.,mcq_option,8,8,simple_value,short_4-10,mcq
287,False,False,False,text_conclusion,free_response,1.6094379124341005,False,True,= -\frac{1}{3}\tan^{-1}(x) + \frac{2}{3}\tan^{-1}\left(\frac{5}{2}\right) + C,= -\frac{1}{3} \tan^{-1}(x) + \frac{2}{3} \tan^{-1}\left(\frac{x}{2}\right) + C,text:= -\frac{1}{3}\tan^{-1}(x) + \frac{2}{3}\tan^{-1}(\frac{5}{2}) + c,text:= -\frac{1}{3} \tan^{-1}(x) + \frac{2}{3} \tan^{-1}(\frac{x}{2}) + c,,,,,,,0,,text_conclusion,79,77,structured_or_prose,long_31-100,free_response
288,True,False,True,text_conclusion,free_response,1.6094379124341005,False,True,|\vec{a}+\vec{b}+\vec{c}|=\sqrt{77}=\sqrt{77},|\vec{a} + \vec{b} + \vec{c}| = \sqrt{\textcolor{red}{77}} = \textcolor{red}{\sqrt{77}},text:|\vec{a}+\vec{b}+\vec{c}|=\sqrt{77}=\sqrt{77},text:|\vec{a} + \vec{b} + \vec{c}| = \sqrt{77} = \textcolor{red}{\sqrt{77}},true_correct,correct,extraction_ok,,,,4,52 | 77 | 77,text_conclusion,87,45,structured_or_prose,long_31-100,free_response
289,True,True,True,single_expression,free_response,0.9502705392332348,False,False,B,B,sympy:b,sympy:b,extraction_issue,indeterminate,extraction_issue,,,,6,Y | Y | Y,numeric_or_expression,1,1,simple_value,tiny_<=3,free_response
290,False,False,False,multi_value,free_response,0.9502705392332348,True,False,"\left(0, -\frac{13}{3}\right).","\left( 0, -\frac{13}{3} \right).","text:(0, -\frac{13}{3})","text:( 0, -\frac{13}{3} )",,,,,,,12,m : 1 | m : 1 | -m + 5,multi_value,32,30,structured_or_prose,long_31-100,free_response
291,False,True,True,single_expression,free_response,0.0,False,False,x,x,sympy:x,sympy:x,extraction_issue,indeterminate,extraction_issue,,,,0,,numeric_or_expression,1,1,simple_value,tiny_<=3,free_response
292,True,True,True,mcq_option,mcq,0.5004024235381879,False,False,option d,option d,text:option d,text:option d,,,,,,,1,\times,mcq_option,8,8,simple_value,short_4-10,mcq
293,False,True,False,single_expression,free_response,1.3321790402101223,False,False,V = 7546 \text{ cm}^{3},"V = 7546 \, \text{cm}^3","sympy:eq(v, 7546*(c*m**3))","sympy:eq(v, 7546*(c*m**3))",true_correct,correct,extraction_ok,,,,8,m | s | t,numeric_or_expression,23,23,simple_value,medium_11-30,free_response
294,True,True,False,text_conclusion,free_response,1.6094379124341005,False,True,&= -\frac{1 \times 7}{3 \times 7} &= -\frac{18}{17},"-\frac{5}{15}, \quad -\frac{1 \times 6}{3 \times 6}, \quad -\frac{6}{18}, \quad -\frac{1 \times 7}{3 \times 7} = \textcolor{red}{-\frac{2}{17}}.",text:= -\frac{1 \times 7}{3 \times 7} = -\frac{18}{17},sympy:-5/15,extraction_issue,indeterminate,extraction_issue,,,,1,-\frac{2}{17},text_conclusion,144,51,structured_or_prose,very_long_>100,free_response
295,True,True,True,single_expression,free_response,0.9502705392332348,False,False,256 = 2^8,256 = 2^8,text:256 = 2^8,text:256 = 2^8,true_correct,correct,,,,,7,+ | + | +,numeric_or_expression,9,9,simple_value,short_4-10,free_response
296,False,False,False,text_conclusion,free_response,1.3321790402101223,False,False,"\int_{0}^{\pi} \log \sin t \, dt = -\pi \log 2","\int_0^{\frac{\pi}{2}} \log \sin x \, dx = -\frac{\pi}{2} \log 2.","sympy:eq(integral(log(sin(t), e), (t, 0, pi)), -pi*log(2, e))","sympy:eq(integral(log(sin(x), e), (x, 0, pi/2)), -pi/2*log(2, e))",extraction_issue,indeterminate,,,,,0,,text_conclusion,65,46,structured_or_prose,long_31-100,free_response
297,True,False,False,single_expression,free_response,1.3321790402101223,False,False,P(T_1|E) = \frac{P(E|T_1)P(T_1)}{P(E|T_1)P(T_1) + P(E|T_2)P(T_2) + P(E|T_3)P(T_3) + P(E|T_4)P(T_4)},\frac{3}{20},sympy:p,sympy:3/20,extraction_issue,indeterminate,,,,,2,\frac{3}{20} | \(\frac{3}{20}\),numeric_or_expression,12,99,simple_value,medium_11-30,free_response
298,True,False,False,system_answer,free_response,0.9502705392332348,False,False,x = 2 \quad \text{and},x = 2 \quad \text{and} \quad \textcolor{red}{y = 3).,"sympy:eq(x, 2*(a*(d*n)))",text:x = 2 and \textcolor{red}{y = 3),extraction_issue,indeterminate,extraction_issue,,,,2,"y - 2 = 1).
\]

Solving we get 

\[
x = 2 \quad \text{and} \ | y = 3).
\]
",system_answer,52,22,structured_or_prose,long_31-100,free_response
299,True,False,False,single_expression,free_response,0.9502705392332348,False,False,Z,R,sympy:z,sympy:r,extraction_issue,indeterminate,extraction_issue,,,,1,\mathbb{Q},numeric_or_expression,1,1,simple_value,tiny_<=3,free_response
