item_id,has_error,ground_truth_answer,qwen_answer,strict_v1_correct,strict_v2_correct,livemath_verdict,livemath_raw_output,livemath_parse_failed,omni_verdict,omni_raw_output,omni_parse_failed,livemath_agrees_strict_v1,livemath_agrees_strict_v2,omni_agrees_strict_v1,omni_agrees_strict_v2,judges_agree,human_label,perception_entropy,answer_type,livemath_looks_like_solving,omni_looks_like_solving,omni_invented_reference,omni_invented_tokens
0,False," There are as many words as there are ways of filling in 4 vacant places \_\_\_\_ by the 4 letters, keeping in mind that the repetition is not allowed. The first place can be filled in 4 different ways by anyone of the 4 letters R, O, S, E. Following which, the second place can be filled in by anyone of the remaining 3 letters in 3 different ways, following which the third place can be filled in 2 different ways; following which, the fourth place can be filled in 1 way. \textcolor{red}{Additionally, if we consider the factorial function, \(n!\), which denotes the product of all positive integers up to \(n\), we have \(4! = 4 \times 3 \times 2 \times 1 = 24\). Furthermore, if we were to consider a scenario with repetition allowed, the calculation would change significantly, involving powers of the number of letters available.} Thus, the number of ways in which the 4 places can be filled, by the multiplication principle, is \(4 \times 3 \times 2 \times 1 = 24\). Hence, the required number of words is 24.

","There are many words as there are ways of filling in 4 vacant places --- by the 4 letters, keeping in mind that the repetition is not allowed. The first place can be filled in 4 different ways by anyone of the 4 letters: R, O, S, E. Following which, the second place can be filled in by anyone of the remaining 3 letters in 3 different ways, following which the third place can be filled in 2 different ways; following which, the fourth place can be filled in 1 way. Additionally, if we consider the factorial function, n!, which denotes the product of all positive integers up to n, we have 4! = 4 x 3 x 2 x 1 = 24. Furthermore, if we were to consider a scenario with repetition allowed, the calculation would change significantly, involving powers of the number of letters available. Thus, the number of ways in which the 4 places can be filled, by the multiplication principle, is 4 x 3 x 2 x 1 = 24. Hence, the required number of words is 24.",False,False,correct,\boxed{yes},False,unclear,"2.4##EqiuvalenceJugdementFALSE##JusitificationThe student's answer of 2.4 is incorrect in the context of the problem, which asks for the number of words that can be formed without repetition, not with repetition. The reference answer is 24, which is the number of ways to fill the four places by the four letters R, O, S, and E, keeping in mind that repetition is not allowed. The student's solution also incorrectly considers the factorial function, n!, which denotes the product of all positive integers up to n, and applies it to the problem, which is not relevant to the problem of forming words without repetition. Additionally, the student's solution does not account for the different ways to fill the four places by the four letters, which is the main focus of the problem. Therefore, the student's answer does not capture the same meaning as the reference answer.",True,False,False,,,,,1.0549201679861442,multi_value,False,False,True,2.4
1,False,"
\begin{enumerate}
    \item \( \left( -5\textcolor{red}{j} \right) \left( \frac{1}{8} \textcolor{red}{j} \right) = \frac{-5}{8} \textcolor{red}{j}^2 = \frac{-5}{8} (-1) = \frac{5}{8} = \frac{5}{8} + \textcolor{red}{j}0 \)
    \item \( \left( -\textcolor{red}{j} \right) \left( 2\textcolor{red}{j} \right) \left( \frac{-1}{8} \textcolor{red}{j} \right)^3 = 2 \times \frac{1}{8 \times 8 \times 8} \times \textcolor{red}{j}^5 = \frac{1}{256} (\textcolor{red}{j}^2)^2 = \frac{1}{256} \textcolor{red}{j} \)
\end{enumerate}

","1. \((-5i)\left(\frac{1}{8}i\right) = -5j^2 = -5(-1) = \frac{5}{8} = \frac{5}{8} + j0\)

2. \((-j)(2j)\left(\frac{-1}{8}i\right)^3 = 2 \times \frac{1}{8 \times 8 \times 8} \times i^5 = \frac{1}{256}(j^2)^2 = \frac{1}{256}j\)",False,False,correct,\boxed{yes},False,unclear,"\(\l e f t( - 5 j \r i g h t) \ l e f t( \ f r a c{1}{8} i \ r i g h t) = - 5 j^{2} = - 5 ( - 1) = \ f r a c{5}{8} = \ f r a c{5}{8} + j 0\)\(\l e f t( - j \ r i g h t) \ l e f t( 2 j \ r i g h t) \ l e f t( \ f r a c{-1}{8} i \ r i g h t)^{3} = 2 \ t i m e s \ f r a c{1}{8 \ t i m e s 8 \ t i m e s 8} \ t i m e s i^{5} = \ f r a c{1}{256} \ l e f t( j^{2} \ r i g h t)^{2} = \ f r a c{1}{256} j\)##EquivalecneJugdementFALSe#JusficationThe student's answer is incorrect in the context of the problem, which asks to express the given complex numbers in the form \(a+bi\). The reference answer correctly expresses the complex numbers in the desired form, while the student's",True,False,False,,,,,1.6094379124341005,text_conclusion,False,False,False,
2,True," We know that \( 180^\circ = \pi \) radian.

Hence, 
\[
40^\circ 20' = 40 \frac{1}{3} \text{ degree} = \frac{\pi}{180} \times \frac{121}{3} \text{ radian} = \frac{121\textcolor{red}{\theta}}{540} \text{ radian}.
\]

Therefore, 
\[
40^\circ 20' = \frac{121\textcolor{red}{\theta}}{540} \text{ radian}.
\]

","We know that \(180^\circ = \pi\) radians.
Hence,
\[
40^\circ 20' = 40 \frac{1}{3} \text{ degrees} = \frac{\pi}{180} \times \frac{121}{3} \text{ radians}
\]
Therefore,
\[
40^\circ 20' = \frac{1210}{540} \text{ radians}.
\]",True,False,correct,\boxed{yes},False,unclear,\frac{1210}{540}radians##Equivale,True,True,False,,,,correct,1.3321790402101223,text_conclusion,False,False,False,
3,False," Option A

Let the actual distance travelled be \( x \) km.

Then, 
\[
\frac{x}{10} = \frac{x + 20}{14}
\]

This leads to:
\[
14x = 10x + 200
\]
\[
4x = 200
\]
\textcolor{red}{To solve this equation, we can divide both sides by 4 as follows:}
\[
\textcolor{red}{\frac{4x}{4} = \frac{200}{4}}
\]
\[
x = 50 \text{ km.}
\]

","Option A

Let the actual distance travelled be $x$ km.

Then,
\[
\frac{x}{10} = \frac{x + 20}{14}
\]

This leads to
\[
14x = 10x + 200
\]
\[
4x = 200
\]

To solve this equation, we can divide both sides by 4 as follows:
\begin{equation}
\frac{4x}{4} = \frac{200}{4}
\end{equation}
\[
x = 50 \text{ km}.
\]",True,True,correct,\boxed{yes},False,unclear,"5kmtextracommabefore""km"".#E#E#E#E#E#E#E#E#E#E#E#E#E#E#E#E#E#E#E#E#E#E#E#E#E#E#E#E#E#E#E#E#E#E#E#E#E#E#E#E#E#E#E#E#E#E#E#E#E#E#E#E#E#E#E#E#E#E#E#E#E#E#E#E#E#E#E#E#E#E#E#E#E#E#E#E#E#E#E#E#E#E#E#E#E#E#E#E#E#E#E#E#E#E#E#E#E#E#E#E#E#E#E#E#E#E#E#E#E#E#E#E#E#E#E#E#E#E#E#E#E#E#E#E#E#E#E#E#E#E#E#E#E#E#E#E#E#E#E#E#E#E#E#E",True,True,True,,,,,0.9502705392332348,mcq,False,False,False,
4,False,"
\begin{enumerate}
    \item The highest order derivative present in the differential equation is \( \frac{dy}{dx} \), so its order is one. \textcolor{red}{To elaborate, consider the function \( y = e^x \), then \( \frac{dy}{dx} = e^x \)}. It is a polynomial equation in \( y' \) and the highest power raised to \( \frac{dy}{dx} \) is one, so its degree is one.
    \item The highest order derivative present in the given differential equation is \( \frac{d^2 y}{dx^2} \), so its order is two. \textcolor{red}{In general, second-order derivatives can be found using techniques such as integration by parts}. It is a polynomial equation in \( \frac{d^2 y}{dx^2} \) and \( \frac{dy}{dx} \) and the highest power raised to \( \frac{d^2 y}{dx^2} \) is one, so its degree is one.
    \item The highest order derivative present in the differential equation is \( y^{(3)} \), so its order is three. \textcolor{red}{It is important to note that higher-order derivatives can often be seen in physical systems, such as in the study of vibrations}. The given differential equation is not a polynomial equation in its derivatives and so its degree is not defined.
\end{enumerate}

","1. The highest order derivative present in the differential equation is $\dfrac{dy}{dx}$, so its order is one. To elaborate, consider the function $y = e^x$, then $\dfrac{dy}{dx} = e^x$. It is a polynomial equation in $y$ and the highest power raised to $\dfrac{dy}{dx}$ is one, so its degree is one.

2. The highest order derivative present in the given differential equation is $\dfrac{d^2y}{dx^2}$, so its order is two. In general, second-order derivatives can be found using techniques such as integration by parts. It is a polynomial equation in $\dfrac{d^2y}{dx^2}$ and $\dfrac{dy}{dx}$, and the highest power raised to $\dfrac{d^2y}{dx^2}$ is one, so its degree is one.

3. The highest order derivative present in the given differential equation is $y^{(3)}$, so its order is three. It is important to note that higher-order derivatives can often be seen in physical systems, such as in the study of vibrations. The given differential equation is not a polynomial equation in its derivatives and so its degree is not defined.",True,True,correct,\boxed{yes},False,unclear,"#1,2,3#EquivalecneJugdementFALSe#JusficationThestudent'sanswermissthecorrectorderofderivativeinallthreeequations.Thefirstequation\(\frac{dy}{dx}-\cos x=0\)hasafirst-orderderivative\(\frac{dy}{dx}\).Thesecondequation\(xy\frac{d^2y}{dx^2}+x\left(\frac{dy}{dx}\right)^2-y\frac{dy}{dx}=0\)hasasecond-orderderivative\(\frac{d^2y}{dx^2}\).Thethirdequation\(y^{(3)}+y^2+e^{y'}=0\)hasathird-orderderivative\(y^{(3)}\).Therereferenceanswergivescorrectorderofderivativeforallequations,whilethestudent'sanswergivesincorrectorderofderivative.",True,True,True,,,,,1.0549201679861442,numeric_or_algebra,False,False,False,
5,True," Option A  
L.C.M. of 21, 36, 66 = 2772.  
Now, \( 2772 = 2 \times 2 \times 3 \times 3 \times 7 \times 11 \)  
To make it a perfect square, it must be multiplied by \( 7 \times 11 \).  
So, required number = \( 2^2 \times 3^2 \times 7^2 \times 11^2 = \textcolor{red}{231444} \)

","Option A L.C.M. of 21, 36, 66

Now, 2772 = 2 × 2 × 3 × 3 × 7 × 11

To make it a perfect square, it must be multiplied by 7 × 11.

So, required number = 2^2 × 3^2 × 7^2 × 11^2 = 231444",True,True,correct,\boxed{yes},False,unclear,"2,3,1,4,4,4##EquivalecneJugdementFALSe##JusificationThe student's answer of 2,3,1,4,4,4 does not capture the same meaning as the reference answer of 2,3,1,4,4,4. The student's answer is missing the multiplication factor of 7*11, which is essential to determine the required number to make a perfect square. The student's answer is incomplete and does not provide the correct solution to the problem.",True,True,True,,,,,0.0,mcq,False,False,False,
6,True," Option A  
\[
\log \frac{a}{b} + \log \frac{b}{a} = \log (a + b)
\]
\[
\Rightarrow \log (a + b) = \log \left( \frac{a}{b} \times \frac{b}{a} \right) = \log 1
\]
\textcolor{red}{\[
\Rightarrow a + b = 2.
\]}
So, \( a + b = 1 \).

","\begin{align*}
& \text{Option A} \\
& \log\frac{a}{b} + \log\frac{b}{a} = \log(a+b) \\
& \Rightarrow \log(a+b) = \log\left(\frac{a}{b}\times\frac{b}{a}\right) = \log 1 \\
& \therefore a+b=1
\end{align*}",True,True,correct,\boxed{yes},False,unclear,"A##Equivale#n#ceJ#u#d#g#e#m#e#n#t#F#A#L#S#E# #J#u#s#t#i#f#i#c#a#t#i#o#n#T#h#e#s#t#u#d#e#n#t'##s#o#l#u#t#i#o#n#i#s#i#n#c#o#r#r#e#c#t#i#n#t#h#e#c#o#n#t#e#x#t#o#f#t#h#e#p#r#o#b#l#e#m#,#w#h#i#c#h#a#s#k#s#f#o#r#t#h#e#t#o#t#a#l#c#o#u#n#t#o#f#4#-#d#i#g#i#t#n#u#m#b#e#r#s#b#e#g#i#n#n#i#n#g#w#i#t#h#1#t#h#a#t#h#a#v#e#e#x#a",True,True,True,,,,correct,0.0,mcq,False,False,False,
7,False," Since 6 lies in the second row and third column, its minor \( M_{23} \) is given by 

\[
M_{23} = \begin{vmatrix}
1 & 2 \\
7 & 8
\end{vmatrix} = -6
\]

(obtained by deleting \( R_2 \) and \( C_3 \) in \( \Delta \)).

","Since 6 lies in the second row and third column, its minor \( M_{23} \) is given by,
\[ M_{23} = \begin{vmatrix} 1 & 2 \\ 7 & 8 \end{vmatrix} = -6. \]
(Obtained by deleting \( R_2 \) and \((3\) in \(\Delta\)).)",True,True,correct,\boxed{yes},False,unclear,-6##Equivale,True,True,True,,,,,0.6730116670092565,numeric_or_algebra,False,False,False,
8,True," Option B

\[
\frac{4}{15} A = \frac{2}{5} B
\]

\[
\Rightarrow A = \left(\frac{2}{5} \times \frac{15}{4}\right) B
\]

\[
\Rightarrow A = \textcolor{red}{\frac{8}{4}} B
\]

\[
\Rightarrow \frac{A}{B} = \frac{\textcolor{red}{8}}{4}
\]

\[
\Rightarrow A : B = \textcolor{red}{8} : \textcolor{red}{4}
\]

\[
\therefore B's \text{ share} = \text{Rs. } \left(1210 \times \frac{\textcolor{red}{4}}{\textcolor{red}{12}}\right) = \text{Rs. } \textcolor{red}{403.33}.
\]

","\[
\begin{aligned}
& \frac{4}{15}A = \frac{2}{5}B \\
& \Rightarrow A = \left(\frac{2}{5} \times \frac{15}{4}\right)B \\
& \Rightarrow A = \frac{8}{4}B \\
& \Rightarrow \frac{A}{B} = \frac{8}{4} \\
& \therefore A : B = 8 : 4 \\
& B's \ Share = Rs. \quad \left(1210 \times \frac{4}{15}\right) = Rs. 403.33
\end{aligned}
\]",False,False,correct,\boxed{yes},False,unclear,Rs.4o3.3##Equivale#n#ceJ#u#d#g#e#m#e#n#t#F#A#L#S#E# #J#u#s#t#i#f#i#c#a#t#i#o#n#T#h#e#s#t#u#d#e#n#t'#s#a#n#s#w#e#r#d#o#e#s#n#o#t#s#h#a#r#e#t#h#e#s#a#m#e#m#e#a#n#i#n#g#a#s#t#h#e#r#e#f#e#r#e#n#c#e#a#n#s#w#e#r#.#T#h#e#r#e#f#e#r#e#n#c#e#a#n#s#w#e#r#i#s#4#3#2#.#T#h#e#s#t#u#d#e#n#t'#s#s#o#l#u#t#i#o#n#i#s#i#n#c#o#r#r#e#,True,False,False,,,,,1.6094379124341005,mcq,False,False,False,
9,False,"
\begin{enumerate}
    \item Since, \textcolor{red}{x} - \textcolor{red}{x} = 0 \in \mathbb{Z}, it follows that \((\textcolor{red}{x}, \textcolor{red}{x}) \in R\).
    \item \((\textcolor{red}{x,y}) \in R\) implies that \(\textcolor{red}{x} - \textcolor{red}{y} \in \mathbb{Z}\). So, \(\textcolor{red}{y} - \textcolor{red}{x} \in \mathbb{Z}\). Therefore, \((\textcolor{red}{y}, \textcolor{red}{x}) \in R\).
    \item \((\textcolor{red}{x,y})\) and \((\textcolor{red}{y,z}) \in R\) implies that \(\textcolor{red}{x} - \textcolor{red}{y} \in \mathbb{Z}\) and \(\textcolor{red}{y} - \textcolor{red}{z} \in \mathbb{Z}\). So,
    \[
    \textcolor{red}{x} - \textcolor{red}{z} = (\textcolor{red}{x} - \textcolor{red}{y}) + (\textcolor{red}{y} - \textcolor{red}{z}) \in \mathbb{Z}.
    \]
    Therefore, \((\textcolor{red}{x, z}) \in R\).
\end{enumerate}

","Since \( x-x = 0 \in \mathbb{Z} \), it follows that \((x,x) \in R\).

2. \((x,y) \in R\) implies that \( x-y \in \mathbb{Z} \). So, \( y-x \in \mathbb{Z} \). Therefore,

3. \((x,y)\) and \((y,z) \in R\) implies that \( x-y \in \mathbb{Z} \) and \( y-z \in \mathbb{Z} \). So,

\[
x-z = (x-y) + (y-z) \in \mathbb{Z}.
\]

Therefore, \((x,z) \in R\).",False,True,correct,\boxed{yes},False,unclear,"##Equivale#n#Jus#t#i#f#i#c#at#i#o#n#T#h#e#s#t#u#d#e#n#t#s#o#l#u#t#i#o#n#i#s#i#n#c#o#r#r#e#c#t#i#n#t#h#e#c#o#n#t#e#x#t#o#f#t#h#e#p#r#o#b#l#e#m#,##t#h#e#r#e#f#e#r#e#n#c#e#a#n#s#w#e#r#i#s#c#o#r#r#e#c#t#i#n#t#h#e#c#o#n#t#e#x#t#o#f#t#h#e#p#r#o#b#l#e#m#.#",True,False,True,,,,correct,1.3321790402101223,set,False,False,False,
10,False," Arranging the numbers with same values together, we get 

\( 1, 1, 2, 2, 2, 2, 4, 4 \)

Mode of this data is \( 2 \) because it occurs more frequently than other observations.

","Arranging the numbers with same values together, we get $1$, $1$, $2$, $2$, $2$, $2$, $4$, $4$

The mode of this data is $2$ because it occurs more frequently than other observations.",True,True,correct,\boxed{yes},False,unclear,2#E#E#E#E#E#E#E#E#E#E#E#E#E#E#E#E#E#E#E#E#E#E#E#E#E#E#E#E#E#E#E#E#E#E#E#E#E#E#E#E#E#E#E#E#E#E#E#E#E#E#E#E#E#E#E#E#E#E#E#E#E#E#E#E#E#E#E#E#E#E#E#E#E#E#E#E#E#E#E#E#E#E#E#E#E#E#E#E#E#E#E#E#E#E#E#E#E#E#E#E#E#E#E#E#E#E#E#E#E#E#E#E#E#E#E#E#E#E#E#E#E#E#E#E#E#E#E#E#E#E#E#E#E#E#E#E#E#E#E#E#E#E#E#E#E#E#E#E#E#,True,True,True,,,,correct,1.3321790402101223,numeric_or_algebra,False,False,False,
11,False," Option B

A's 2 day's work is given by:
\[
\left( \frac{1}{20} \times 2 \right) = \frac{1}{10}.
\]

(A + B + C)'s 1 day's work is given by:
\[
\left( \frac{1}{20} + \frac{1}{30} + \frac{1}{60} \right) = \frac{6}{60} = \frac{1}{10}.
\]

Work done in 3 days is:
\[
\frac{1}{10} + \frac{1}{10} = \frac{1}{5}.
\]

\textcolor{red}{Additionally, note that the average work per day of A, B, and C together can be found by calculating the harmonic mean of their individual work rates. However, this information is not necessary for solving the problem directly.}

Now, \(\frac{1}{5}\) work is done in 3 days. Therefore, the whole work will be done in:
\[
3 \times 5 = 15 \text{ days.}
\]

","Option B

A's 2 days' work is given by: \(\left(\frac{1}{20} \times 2\right) = \frac{1}{10}\).

(A + B + C)'s 1 day's work is given by: \(\left(\frac{1}{20} + \frac{1}{30} + \frac{1}{60}\right) = \frac{6}{60} = \frac{1}{10}\).

Work done in 3 days is: \(\frac{1}{10} + \frac{1}{10} = \frac{1}{5}\).

Additionally, note that the average work per day of A, B, and C together can be found by calculating the harmonic mean of their individual work rates. However, this information is not necessary for solving the problem directly.

Now, \(\frac{1}{5}\) work is done in 3 days. Therefore, the whole work will be done in:

\(3 \times 5 = 15\) days.",True,True,correct,\boxed{yes},False,unclear,"1.5##EquivalecneJugdementFALSe##JusficationThe student's answer of 1.5 is incorrect in the context of the problem, which asks for the number of days the whole work will be done. The reference answer is 15 days. The student's solution is incomplete and does not provide a clear calculation for the total number of days required to complete the work. The student's answer of 1.5 days is not supported by any calculation or reasoning, and it does not align with the reference answer. Therefore, the student's answer is incorrect.",True,True,True,,,,correct,0.0,mcq,False,False,True,1.5
12,False," The system of equations can be written in the form \(\textcolor{red}{PQ} = \textcolor{red}{R}\), where
\[
\textcolor{red}{P} = \begin{bmatrix} 2 & 5 \\ 3 & 2 \end{bmatrix}, \quad \textcolor{red}{Q} = \begin{bmatrix} x \\ y \end{bmatrix}, \quad \text{and} \quad \textcolor{red}{R} = \begin{bmatrix} 1 \\ 7 \end{bmatrix}
\]
Now, \( |\textcolor{red}{P}| = -11 \neq 0 \), hence \(\textcolor{red}{P}\) is a nonsingular matrix and has a unique solution.

Note that
\[
\textcolor{red}{P}^{-1} = -\frac{1}{11} \begin{bmatrix} 2 & -5 \\ -3 & 2 \end{bmatrix}
\]
Therefore,
\[
\textcolor{red}{Q} = \textcolor{red}{P}^{-1}\textcolor{red}{R} = -\frac{1}{11} \begin{bmatrix} 2 & -5 \\ -3 & 2 \end{bmatrix} \begin{bmatrix} 1 \\ 7 \end{bmatrix}
\]
i.e.
\[
\begin{bmatrix} x \\ y \end{bmatrix} = -\frac{1}{11} \begin{bmatrix} -33 \\ 3 \end{bmatrix}
\]
Hence, \( x = 3, \, y = 1 \).

","The System equation can be written in the form \(pQ = R\), where \(p = \begin{bmatrix} \frac{2}{3} & 5 \\ 2 & 2 \end{bmatrix}\), \(Q = \begin{bmatrix} x \\ y \end{bmatrix}\) and \(R = \begin{bmatrix} 7 \\ 1 \end{bmatrix}\)

Now, \(|p| = -11 \neq 0\), hence \(p\) is a non-Singular matrix and has a unique solution.

Note that
\[ p^{-1} = -\frac{1}{11} \begin{bmatrix} 2 & -5 \\ -3 & 2 \end{bmatrix} \]

Therefore,
\[ Q = p^{-1}R = -\frac{1}{11} \begin{bmatrix} 2 & -5 \\ -3 & 2 \end{bmatrix} \begin{bmatrix} 7 \\ 1 \end{bmatrix} \]

i.e.
\[ \begin{bmatrix} x \\ y \end{bmatrix} = -\frac{1}{11} \begin{bmatrix} -3 & 3 \\ 3 & 3 \end{bmatrix} \]

Hence, \(x = 3\), \(y = 1\)",False,False,correct,\boxed{yes},False,unclear,"#x=3,y=1#E#E#E#E#E#E#E#E#E#E#E#E#E#E#E#E#E#E#E#E#E#E#E#E#E#E#E#E#E#E#E#E#E#E#E#E#E#E#E#E#E#E#E#E#E#E#E#E#E#E#E#E#E#E#E#E#E#E#E#E#E#E#E#E#E#E#E#E#E#E#E#E#E#E#E#E#E#E#E#E#E#E#E#E#E#E#E#E#E#E#E#E#E#E#E#E#E#E#E#E#E#E#E#E#E#E#E#E#E#E#E#E#E#E#E#E#E#E#E#E#E#E#E#E#E#E#E#E#E#E#E#E#E#E#E#E#E#E#E#E#E#E#E#E#E#E#",True,False,False,,,,,0.9502705392332348,system,False,False,False,
13,True," Since marginal cost is the rate of change of total cost with respect to the output, we have

\[
\text{Marginal cost (MC)} = \frac{dC}{dx} = 0.005(3x^2) - 0.02(2x) + 30
\]

When \( x = 3 \),

\[
MC = 0.005(3^2) - \textcolor{red}{0.02(3 \cdot 3)} + 30 = 0.135 - \textcolor{red}{0.18} + 30 = 0.135 - 0.12 + 30 = 30.015
\]

Hence, the required marginal cost is ₹30.02 (nearly).

","Since marginal cost is the rate of change of total cost with respect to the output, we have

Marginal cost (MC) = $\frac{dC}{dx} = 0.005(3x^2) - 0.02(3x) + 30$

When $x = 3$,

MC = $0.005(3^2) - 0.02(3.3) + 30 = 0.135 - 0.18 + 30 = 0.135 - 0.12 + 30 = 30.015$

Hence, the required marginal cost is 30.02 (nearly).",False,False,correct,\boxed{yes},False,unclear,"3.0.0.2##EquivalecneJugdementFALSe##JusficationThe student's answer of 3.0.0.2 is incorrect in the context of the problem, which asks for the marginal cost when 3 units are produced. The reference answer is 30.01, which is the instantaneous rate of change of the total cost at any level of output. The student's solution incorrectly calculates the marginal cost as 30.02, which is not the correct answer.",True,False,False,,,,,1.3321790402101223,numeric_or_algebra,False,True,True,3.0; 0.2
14,False," Option \textbf{D}

Let \( (17)^{3.5} \times (17)^{x} = 17^{8} \).

Then, \( (17)^{3.5 + x} = 17^{8} \).

\(\therefore 3.5 + x = 8\)

\(\Rightarrow x = (8 - 3.5)\)

\(\Rightarrow x = 4.5\)

\textcolor{red}{Note that 17 is a prime number, and the properties of prime numbers are often used in various branches of mathematics. Additionally, the exponent rule used here applies to all real numbers, not just prime bases.}

","Option $\boxed{①}$

Let \((17)^{3.5} \times (17)^x = 17^8\).

Then, \((17)^{3.5 + x} = 17^8\).

\[3.5 + x = 8\]

\[\Rightarrow x = (8 - 3.5)\]

\[\Rightarrow x = 4.5\]

Note that 17 is a prime number, and the properties of prime numbers are often used in various branches of mathematics.

Additionally, the exponent rule used here applies to all real numbers, not just prime bases.",False,False,correct,\boxed{yes},False,unclear,"4.5##EquivalecneJugdementFALSe##JusificationThe student's answer of 4.5 is incorrect in the context of the problem, which asks for the value of x. The reference answer is 4.5, but the student's solution is incomplete and lacks a clear explanation of the properties of prime numbers and the exponent rule used. The student's note about prime numbers and the exponent rule is not relevant to the solution and is not a justification for their answer. Therefore, the student's answer does not capture the same meaning as the reference answer.",True,False,False,,,,,1.3321790402101223,mcq,False,False,False,
15,False,"
\[
13824 = 2 \times 2 \times 2 \times 2 \times 2 \times 2 \times 2 \times 2 \times 3 \times 3 \times 3
\]
\textcolor{red}{Since 13824 is an even number, it is divisible by 2. Also, the sum of the digits of 13824 is 18, which is divisible by 3, indicating that 13824 is divisible by 3 as well.}
Therefore,
\[
\sqrt[3]{13824} = 2 \times 2 \times 2 \times 3 = 24
\]

","13824 = 2 \times 2 \times 2 \times 2 \times 2 \times 2 \times 2 \times 3 \times 18 \\
Since 13824 is an even number, it is divisible by 2. Also, the sum of the digits of 13829 is 18 which is divisible by 3, indicating that 13824 is divisible by 3 as well. Therefore,
\sqrt[3]{13824} = 2 \times 2 \times 2 \times 3 = 24",True,True,correct,\boxed{yes},False,unclear,2\*t2\*t2\*t3#2#E#E#E#E#E#E#E#E#E#E#E#E#E#E#E#E#E#E#E#E#E#E#E#E#E#E#E#E#E#E#E#E#E#E#E#E#E#E#E#E#E#E#E#E#E#E#E#E#E#E#E#E#E#E#E#E#E#E#E#E#E#E#E#E#E#E#E#E#E#E#E#E#E#E#E#E#E#E#E#E#E#E#E#E#E#E#E#E#E#E#E#E#E#E#E#E#E#E#E#E#E#E#E#E#E#E#E#E#E#E#E#E#E#E#E#E#E#E#E#E#E#E#E#E#E#E#E#E#E#E#E#E#E#E#E#E#E#E#E#E#E#E#,True,True,True,,,,correct,0.9502705392332348,numeric_or_algebra,False,False,False,
16,True," We have 

\[
\text{L.H.S.} = \frac{\sin(x+y)}{\sin(x-y)} = \frac{\sin x \cos y + \cos x \sin y}{\sin x \cos y - \cos x \sin y}.
\]

Dividing the numerator and denominator by \(\cos x \cos y\), we get 

\[
\frac{\sin(x+y)}{\sin(x-y)} = \frac{\textcolor{red}{\cot x} + \textcolor{red}{\cot y}}{\textcolor{red}{\cot x} - \textcolor{red}{\cot y}}.
\]

","We have
\[ LHS = \frac{\sin(x+y)}{\sin(x-y)} = \frac{\sin x \cos y + \cos x \sin y}{\sin x \cos y - \cos x \sin y} \]
Dividing the numerator and denominator by $\cos x \cos y$, we get.
\[ \frac{\sin(x+y)}{\sin(x-y)} = \frac{\cot x + \cot y}{\cot x - \cot y} \]",True,True,correct,\boxed{yes},False,unclear,"\[\frc{c\oxt+\c\o\y}{c\oxt-\c\o\y}\]#EquivalecneJugdementFALSe#JusficationThe student's final answer is incorrect in the context of the problem, which asks to prove the given trigonometric identity. The reference answer is \[\frac{\sin(x+y)}{\sin(x-y)}=\frac{\tan x+\tan y}{\tan x-\tan y}.\] The student's solution only shows the left-hand side of the identity, which is \[\frac{\sin(x+y)}{\sin(x-y)}=\frac{\cot x+\cot y}{\cot x-\cot y}.\] The student's solution does not provide the right-hand side of the identity, which is \[\frac{\tan x+\tan y}{\tan x-\tan y}.\] Therefore, the student's answer does not capture the same meaning as the reference answer, and it is incorrect.",True,True,True,,,,correct,1.0549201679861442,numeric_or_algebra,False,False,False,
17,True," We know that \( 180^\circ = \pi \) radian.

Hence, 
\[
40^\circ 20' = \textcolor{red}{\frac{\pi}{180} \times \frac{121}{3} \text{ radian}} = \textcolor{red}{40 \frac{1}{3} \text{ degree}} = \frac{121\pi}{540} \text{ radian}.
\]

Therefore, 
\[
40^\circ 20' = \frac{121\pi}{540} \text{ radian}.
\]

","We know that \(180° = \pi\) radian.

Hence,

\[
\angle 40^\circ 20' = \frac{\pi}{180} \times \frac{121}{3} \text{ radian} = \frac{40\frac{1}{3}}{540} \text{ degree}
\]

Therefore,

\[
\angle 40^\circ 20' = \frac{121\pi}{540} \text{ radian}.
\]",False,False,correct,\boxed{yes},False,unclear,\frac{121\pi}{540}radians##Equivale,True,False,False,,,,,1.6094379124341005,text_conclusion,False,False,False,
18,True," Option C 

Speed in still water = \(\frac{1}{2}(11 + 5) \text{ kmph} = \textcolor{red}{7}\text{ kmph}.\)

","Option C

Speed in still water = \(\frac{1}{2}(11 + 5) \text{ km/hr}\)

= \(7 \text{ km/hr}\).",True,True,correct,\boxed{yes},False,unclear,"7##EquivalecneJugdementFALSe##JusficationThe student's answer of 7 is incorrect in the context of the problem, which asks for the speed of the boat still in water. The reference answer is Option C, which calculates the speed of the boat still in water as 1/2(11 + 5) km/hr = 8 km/hr. The student's solution incorrectly calculates the speed as 1/2(11 + 5) km/hr = 7 km/hr. This discrepancy indicates that the student's answer does not share the same meaning as the reference answer.",True,True,True,,,,,0.5004024235381879,mcq,False,False,False,
19,False," The direction ratios of the first line are \textcolor{red}{\(a, b, c\)} and the direction ratios of the second line are \textcolor{red}{\(d, e, f\)}. If \(\theta\) is the angle between them, then 

\[
\cos \theta = \left| \frac{\textcolor{red}{a \cdot d} + \textcolor{red}{b \cdot e} + \textcolor{red}{c \cdot f}}{\sqrt{\textcolor{red}{a^2} + \textcolor{red}{b^2} + \textcolor{red}{c^2}} \sqrt{\textcolor{red}{d^2} + \textcolor{red}{e^2} + \textcolor{red}{f^2}}} \right| = \left| \frac{\textcolor{red}{3 \cdot 1} + \textcolor{red}{5 \cdot 1} + \textcolor{red}{4 \cdot 2}}{\sqrt{\textcolor{red}{3^2} + \textcolor{red}{5^2} + \textcolor{red}{4^2}} \sqrt{\textcolor{red}{1^2} + \textcolor{red}{1^2} + \textcolor{red}{2^2}}} \right| = \frac{16}{\sqrt{50} \sqrt{6}} = \frac{16}{5\sqrt{2} \sqrt{6}} = \frac{8\sqrt{3}}{15}.
\]

Hence, the required angle is \(\cos^{-1} \left( \frac{8\sqrt{3}}{15} \right)\).

","The direction ratios of the first line are \(a_1, b_1, c\) and the direction ratios of the second line are \(d, e, f\).

If \(\theta\) is the angle between them, then \(\cos \theta = \frac{ad + 6e + c\cdot f}{\sqrt{a^2 + 6^2 + c^2} \cdot \sqrt{d^2 + e^2 + f^2}} = \frac{3\cdot1 + 5\cdot1 + 2\cdot2}{\sqrt{3^2 + 5^2 + 2^2}\cdot\sqrt{1^2 + 2^2 + 2^2}} = \frac{16}{\sqrt{50}\sqrt{6}} = \frac{16}{5\sqrt{2}\cdot\sqrt{6}} = \frac{8\sqrt{3}}{15}\). 

Hence, the required angle is \(\cos^{-1} \left( \frac{8\sqrt{3}}{15} \right)\).",True,True,correct,\boxed{yes},False,unclear,\cosh^{-1}\left(\frac{8\sqrt{3}}{15}\right)##Equivale,True,True,True,,,,correct,1.3321790402101223,numeric_or_algebra,False,False,False,
20,False," 

Given \(\textcolor{red}{\vec{p}} \cdot (\textcolor{red}{\vec{q}} + \textcolor{red}{\vec{r}}) = 0\), \(\textcolor{red}{\vec{q}} \cdot (\textcolor{red}{\vec{r}} + \textcolor{red}{\vec{p}}) = 0\), \(\textcolor{red}{\vec{r}} \cdot (\textcolor{red}{\vec{p}} + \textcolor{red}{\vec{q}}) = 0\).

Now, 

\[
|\textcolor{red}{\vec{p}} + \textcolor{red}{\vec{q}} + \textcolor{red}{\vec{r}}|^2 = (\textcolor{red}{\vec{p}} + \textcolor{red}{\vec{q}} + \textcolor{red}{\vec{r}}) \cdot (\textcolor{red}{\vec{p}} + \textcolor{red}{\vec{q}} + \textcolor{red}{\vec{r}}) 
\]

\[
= \textcolor{red}{\vec{p}} \cdot \textcolor{red}{\vec{p}} + \textcolor{red}{\vec{p}} \cdot (\textcolor{red}{\vec{q}} + \textcolor{red}{\vec{r}}) + \textcolor{red}{\vec{q}} \cdot (\textcolor{red}{\vec{p}} + \textcolor{red}{\vec{r}}) + \textcolor{red}{\vec{r}} \cdot (\textcolor{red}{\vec{p}} + \textcolor{red}{\vec{q}}) 
\]

\[
= |\textcolor{red}{\vec{p}}|^2 + |\textcolor{red}{\vec{q}}|^2 + |\textcolor{red}{\vec{r}}|^2 
\]

\[
= 9 + 16 + 25 = 50
\]

Therefore,

\[
|\textcolor{red}{\vec{p}} + \textcolor{red}{\vec{q}} + \textcolor{red}{\vec{r}}| = \sqrt{50} = 5\sqrt{2}
\]

","Given,
\[
\overrightarrow{p}, (\overrightarrow{q} + \overrightarrow{r}) = \overrightarrow{0}, \overrightarrow{q}, (\overrightarrow{r} + \overrightarrow{p}) = \overrightarrow{0}, \overrightarrow{r}, (\overrightarrow{p} + \overrightarrow{q}) = \overrightarrow{0}.
\]

Now,
\begin{align*}
1 |\overrightarrow{p} + \overrightarrow{q} + \overrightarrow{r}|^2 &= (\overrightarrow{p} + \overrightarrow{q} + \overrightarrow{r}).(\overrightarrow{p} + \overrightarrow{q} + \overrightarrow{r})
\\
&= \overrightarrow{p}. \overrightarrow{p} + \overrightarrow{p}.\left( \overrightarrow{q} + \overrightarrow{r}\right) + \overrightarrow{q}. \left( \overrightarrow{p} + \overrightarrow{r}\right) + \overrightarrow{r}. \left( \overrightarrow{p} + \overrightarrow{q}\right)
\\
&= |\overrightarrow{p}|^2 + |\overrightarrow{q}|^2 + |\overrightarrow{r}|^2
\\
&= g + 16 + 25 = 50
\end{align*}

Therefore,
\[ |\overrightarrow{p} + \overrightarrow{q} + \overrightarrow{r}| = \sqrt{50} = 5\sqrt{2}. \]",False,False,correct,\boxed{yes},False,unclear,5\sqrt{2}##Equivale,True,False,False,,,,,0.5004024235381879,text_conclusion,False,False,False,
21,False," Since the focus \( (2,0) \) lies on the x-axis, the x-axis itself is the axis of the parabola. Hence the equation of the parabola is of the form either \( \textcolor{red}{v}^2 = 4\textcolor{red}{b}u \) or \( \textcolor{red}{v}^2 = -4\textcolor{red}{b}u \). Since the directrix is \( u = -2 \) and the focus is \( (2,0) \), the parabola is to be of the form \( \textcolor{red}{v}^2 = 4\textcolor{red}{b}u \) with \( \textcolor{red}{b} = 2 \). Hence the required equation is 

\[
\textcolor{red}{v}^2 = 4(2)u = 8u.
\]

","Since the focus (2, 0) lies on the x-axis, the x-axis is the axis of the parabola. Hence the equation of the parabola is of the form either \( u^2 = 4bu \) or \( u^2 = -4bu \). Since the directrix is \( u = -2 \) and the focus is (2, 0), the parabola is to be of the form \( u^2 = 4bu \) with \( b = 2 \). Hence the required equation is \( u^2 = 4(2)u = 8u \).",False,False,correct,\boxed{yes},False,unclear,"8u##EquivalecneJugdementFALSe##JusficationThe student's answer of 8u does not capture the same meaning as the reference answer, which is 8u = v^2. The student's equation is missing the term v^2, which is a crucial component of the equation of a parabola. The student's answer is incomplete and does not accurately represent the equation of the parabola with focus (2,0) and directrix x = -2.",True,False,False,,,,,1.3321790402101223,numeric_or_algebra,False,False,False,
22,False," Since the focus \( (2,0) \) lies on the x-axis, the x-axis itself is the axis of the parabola. \textcolor{red}{It's important to note that the distance from the focus to the directrix is a key factor in determining the equation of the parabola.} Hence the equation of the parabola is of the form either \( y^2 = 4ax \) or \( y^2 = -4ax \). \textcolor{red}{In addition, parabolas have reflective properties such that any ray coming parallel to the axis of symmetry reflects through the focus.} Since the directrix is \( x = -2 \) and the focus is \( (2,0) \), the parabola is to be of the form \( y^2 = 4ax \) with \( a = 2 \). Hence the required equation is 

\[
y^2 = 4(2)x = 8x.
\]

","Since the focus (2, 0) lies on the x-axis, itself is the axis of the parabola. It's important to note that the distance from the focus to the directrix is a key factor in determining the equation of the parabola. Hence, the equation of the parabola is of the form either \(y^2 = -4ax\). In addition, parabolas have reflective properties such that any ray coming parallel to the axis of symmetry reflects through the focus. Since the directrix is \(x = -2\) and the focus is \((2, 0)\), the parabola is of the form \(y^2 = 4ax\) with \(a = 2\). Hence, the required equation is \(y^2 = 4(2)x = 8x\).",True,True,correct,\boxed{yes},False,unclear,#y^2=4(2)x=8x#E#E#E#E#E#E#E#E#E#E#E#E#E#E#E#E#E#E#E#E#E#E#E#E#E#E#E#E#E#E#E#E#E#E#E#E#E#E#E#E#E#E#E#E#E#E#E#E#E#E#E#E#E#E#E#E#E#E#E#E#E#E#E#E#E#E#E#E#E#E#E#E#E#E#E#E#E#E#E#E#E#E#E#E#E#E#E#E#E#E#E#E#E#E#E#E#E#E#E#E#E#E#E#E#E#E#E#E#E#E#E#E#E#E#E#E#E#E#E#E#E#E#E#E#E#E#E#E#E#E#E#E#E#E#E#E#E#E#E#E#E#E#E#E,True,True,True,,,,correct,1.3321790402101223,numeric_or_algebra,False,False,False,
23,False," 
\begin{enumerate}
    \item The HCF of 36 and 24 is 12. Thus, its standard form would be obtained by dividing by -12. \textcolor{red}{To confirm, we can also check that 36 is \(6 \times 6\) and -24 is \(-6 \times 4\), so the simplification holds.}
    \[
    \frac{36}{-24} = \frac{36 \div (-12)}{-24 \div (-12)} = \frac{-3}{2}
    \]

    \item The HCF of 3 and 15 is 3. Thus, \textcolor{red}{since -3 is a prime number,}
    \[
    \frac{-3}{-15} = \frac{-3 \div (-3)}{-15 \div (-3)} = \frac{1}{5}
    \]
\end{enumerate}

","1. The HCF of 36 and 24 is 12. Thus, its standard form would be obtained by dividing by -12. To confirm, we can also check that 36 is \(6 \times 6\) and -24 is \(-6 \times 4\). Therefore,
   \[
   \frac{36}{-24} = \frac{36 \div (-12)}{-24 \div (-12)} = \frac{-3}{2}
   \]

2. The HCF of 3 and 15 is 3. Since -3 is a prime number,
   \[
   \frac{-3}{-15} = \frac{-3 \div (-3)}{-15 \div (-3)} = \frac{1}{5}
   \]",True,True,correct,\boxed{yes},False,unclear,"#(1/2,-3/5)##EquivalecneJugdementFALSe#JusficationThe student's answer is incorrect in the context of the problem, which asks to reduce the given fractions to standard form. The reference answer is \(\frac{-3}{2},\frac{1}{5}\). The student's answer is \(\frac{1}{2},\frac{-3}{5}\), which is the same as the reference answer but with the signs reversed. This indicates that the student's answer does not capture the same meaning as the reference answer.",True,True,True,,,,,0.5004024235381879,text_conclusion,False,False,True,1/2; 3/5
24,False,"  
(i) \(0.00035 = 3.5 \times 10^{-5}\) \textcolor{red}{, which is derived from moving the decimal point 5 places to the right. Note that \(10^{-5}\) is a power of ten.}  
(ii) \(4050000 = 4.05 \times 10^{6}\) \textcolor{red}{, obtained by moving the decimal point 6 places to the left. Remember, \(10^{6}\) indicates a million.}

","(i) 0.00035 = 3.5 \times 10^{-5}, which is derived from moving the decimal point 5 places to the right. Note that \(10^{-5}\) is a power of ten.
(ii) 4050000 = 4.05 \times 10^{6}, obtained by moving the decimal point 6 places to the left. Remember, \(10^{6}\) indicates a million.",True,False,correct,\boxed{yes},False,unclear,#(i)3.5\*10^{-5}#(ii)4.05\*10^{6}#E#E#E#E#E#E#E#E#E#E#E#E#E#E#E#E#E#E#E#E#E#E#E#E#E#E#E#E#E#E#E#E#E#E#E#E#E#E#E#E#E#E#E#E#E#E#E#E#E#E#E#E#E#E#E#E#E#E#E#E#E#E#E#E#E#E#E#E#E#E#E#E#E#E#E#E#E#E#E#E#E#E#E#E#E#E#E#E#E#E#E#E#E#E#E#E#E#E#E#E#E#E#E#E#E#E#E#E#E#E#E#E#E#E#E#E#E#E#E#E#E#E#E#E#E#E#E#E#E#E#E#E#E#E#E#E#E,True,True,False,,,,,0.9502705392332348,numeric_or_algebra,False,False,False,
25,False," Option D

Let C's age be \( x \) years. Then, B's age is \( 2x \) years and A's age is \( (2x + 2) \) years.

\[
(2x + 2) + 2x + x = 27
\]

\textcolor{red}{For example, if \( x = 3 \), then \( 2x = 6 \) and \( 2x + 2 = 8 \). However, this does not satisfy the equation as \( 6 + 8 + 3 \neq 27 \). This shows that \( x = 3 \) is not the correct solution.}

\[
5x + 2 = 27
\]

\[
5x = 25
\]

\[
x = 5
\]

Hence, B's age is \( 2x = 10 \) years.

","Let C's age be \( x \) years. Then, B's age is \( 2x \) years and A's age is \( (2x + 2) \) years.
\[
(2x + 2) + 2x + x = 27
\]
For example, if \( x = 3 \), then \( 2x = 6 \) and \( 2x + 2 = 8 \). However, this does not satisfy the equation as \( 6 + 8 + 3 \neq 27 \). This shows that \( x = 3 \) is not the correct solution.
\[
5x + 2 = 27
\]
\[
5x = 25
\]
\[
x = 5
\]
Hence, B's age is \( 2x = 10 \) years.",False,False,correct,\boxed{yes},False,unclear,1o##Equivale#n#ceJug#d#ge#m#en#t#F#A#L#S#E#.##Jus#t#i#f#i#c#a#t#i#o#n#T#h#e#s#t#u#d#e#n#t'#s#a#n#s#w#e#r#d#o#e#s#n#o#t#s#h#a#r#e#t#h#e#s#a#m#e#m#e#a#n#i#n#g#a#s#t#h#e#r#e#f#e#r#e#n#c#e#a#n#s#w#e#r#.#T#h#e#s#t#u#d#e#n#t'#s#s#o#l#u#t#i#o#n#d#o#e#s#n#o#t#s#h#a#r#e#t#h#e#s#a#m#e#m#e#a#n#i#n#g#a#s#t#h#e#r#e#f#e#r#e#n#c#,True,False,False,,,,,1.3321790402101223,mcq,False,False,False,
26,True," 

\[
\textcolor{red}{\frac{11}{4} \log |x+1| + \frac{5}{2(x+1)} - \frac{11}{4} \log |x+3| + C}
\]

\textcolor{red}{Thus, the integrand is given by}

\[
\textcolor{red}{\int \frac{3x - 2}{(x+1)^2(x+3)} \, dx = \frac{11}{4} \int \frac{dx}{x+1} - \frac{5}{2} \int \frac{dx}{(x+1)^2} - \frac{11}{4} \int \frac{dx}{x+3}}
\]

\textcolor{red}{Solving these equations, we get}

\[
\textcolor{red}{A = \frac{11}{4}, \quad B = -\frac{5}{2}, \quad C = -\frac{11}{4}}
\]

So that 

\[
3x - 2 = A(x + 1)(x + 3) + B(x + 3) + C(x + 1)^2
\]

We compare the coefficients of \( x^2 \), \( x \), and the constant term on both sides:

\[
A + C = 0, \quad 4A + B + 2C = 3, \quad 3A + 3B + C = -2
\]

\textcolor{red}{Therefore,}

\[
\textcolor{red}{= \frac{11}{4} \log |x+1| + \frac{5}{2(x+1)} - \frac{11}{4} \log |x+3| + C}
\]

\textcolor{red}{Final result:}

\[
= \frac{11}{4} \log \left| \frac{x+1}{x+3} \right| + \frac{5}{2(x+1)} + C
\]

",\(\frac{11}{4} \log |x + 1| + \frac{5}{2(x + 1)} - \frac{11}{4} \log |x + 3| + C\),False,False,incorrect,\boxed{no},False,incorrect,"\(\f r a c{1 1}{4} \ l o g | x + 1 | + \f r a c{5}{2( x + 1 )} - \f r a c{1 1}{4} \ l o g | x + 3 | + C\)##Equivale n c e J u d g e m e n t F A L S E # # J u s t i f i c a t i o n T h e s t u d e n t ' s a n s w e r i s i n c o r r e c t i n t h e c o n t e x t o f t h e p r o b l e m , w h i c h a s k s f o r t h e i n t e g r a l o f \(\frac{3 x - 2}{( x + 1 )^{2} ( x + 3 )} \, d x \) . T h e r e f e r e n c e a n s w e r i s \(\frac{11}{4} \log | x + 1 | + \frac{5}{2( x + 1 )} - \frac{11}{4} \log | x + 3 | + C\) . T h e s t u d e n t ' s s o l",False,True,True,True,True,True,wrong,0.9502705392332348,text_conclusion,False,False,False,
27,True," We have 
\[
4x + i(3x - y) = 3 + i(-6)
\]
\textcolor{red}{Solving for \( x \) and \( y \) simultaneously, we get }
\[
\textcolor{red}{x = \frac{3}{4} \quad \text{and} \quad y = \frac{33}{4}.}
\]
\textcolor{red}{Equating the real and the imaginary parts, we get }
\[
\textcolor{red}{4x = 3, \quad 3x - y = -6.}
\]

","We have

\[
4x + i(3x - y) = 3 + i(-6)
\]

Solving for \(x\) and \(y\) simultaneously, we get

\[
x = \frac{3}{4} \quad \text{and} \quad y = \frac{33}{4}.
\]

Equating the real and the imaginary parts, we get

\[
4x = 3, \quad 3x - y = -6.
\]",True,True,correct,\boxed{yes},False,unclear,#x=3/4#y=3/4#E#E#E#E#E#E#E#E#E#E#E#E#E#E#E#E#E#E#E#E#E#E#E#E#E#E#E#E#E#E#E#E#E#E#E#E#E#E#E#E#E#E#E#E#E#E#E#E#E#E#E#E#E#E#E#E#E#E#E#E#E#E#E#E#E#E#E#E#E#E#E#E#E#E#E#E#E#E#E#E#E#E#E#E#E#E#E#E#E#E#E#E#E#E#E#E#E#E#E#E#E#E#E#E#E#E#E#E#E#E#E#E#E#E#E#E#E#E#E#E#E#E#E#E#E#E#E#E#E#E#E#E#E#E#E#E#E#E#E#E#E#E#E#E,True,True,True,,,,correct,0.5004024235381879,set,False,False,False,
28,False," Option B  
Let their investments be Rs. \(x\) for 14 months, Rs. \(y\) for 8 months, and Rs. \(z\) for 7 months respectively.  

Then,  
\[
14x : 8y : 7z = 5 : 7 : 8.
\]

Now,  
\[
\frac{14x}{8y} = \frac{5}{7} \implies 98x = 40y \implies y = \frac{49}{20}x.
\]

\textcolor{red}{For instance, if we consider the number 49, it is a perfect square, as \(7^2 = 49\). This fact, however, is not necessary for solving this problem but is interesting to note.}

And,  
\[
\frac{14x}{7z} = \frac{5}{8} \implies 112x = 35z \implies z = \frac{112}{35}x = \frac{16}{5}x.
\]

\textcolor{red}{Similarly, the number 112 is not a prime number, and it can be factored into \(2^4 \times 7\). Again, this factorization is irrelevant to our solution.}

Thus,  
\[
x : y : z = x : \frac{49}{20}x : \frac{16}{5}x = 20 : 49 : 64.
\]

","Option B Let their investments be Rs. x for 14 months, Rs y for 8 months, and Rs z for 7 months respectively.

\[
\frac{14x}{8y} = \frac{5}{7} \Rightarrow 98x = 40y \Rightarrow y = \frac{49}{20}x
\]

For instance, if we consider the number 49, it is a perfect square, as \(7^2 = 49\). This fact, however, is not necessary for solving this problem but is interesting to note.

And,

\[
\frac{14x}{7z} = \frac{5}{8} \Rightarrow 112x = 35z \Rightarrow z = \frac{112}{35}x = \frac{16}{5}x
\]

Similarly, the number 112 is not a prime number, and it can be factored into \(2^4 \times 7\). Again, this factorization is irrelevant to our solution.

Thus,

\[
x:y:z = x:\frac{49}{20}x : \frac{16}{5}x = 20:49:64
\]",True,True,correct,\boxed{yes},False,unclear,"2O:4:6:4##EquivalecneJugdementFALSe##JusficationThe student's answer of 2:49:64 does not share the same meaning as the reference answer of 20:49:64. The student's solution is incorrect because they failed to consider all possible configurations of the investments, including the scenario where the investment ratio is different from 5:7:8. The student's solution only considers the case where the investment ratio is 5:7:8, which is not the only possible configuration. Therefore, the student's answer is incorrect.",True,True,True,,,,correct,0.9502705392332348,mcq,False,True,False,
29,True," Option B This is an alternating number subtraction series. First, 2 is subtracted, then \textcolor{red}{5}, then 2, and so on.

","Option B This is an alternating number subtraction series. First, 2 is subtracted, then 5, then 2, and so on.",True,True,correct,\boxed{yes},False,unclear,"2\##EquivalecneJugdementFALSe##JusificationThestudent'sanswerisincorrectinthecurrentcontextoftheproblem,whichasksthatthenextnumberintheseriesshouldbechosenselectedfromtheoptionsA,B,C,orD.Thealternatingnumber subtractionseriesisdefinedbyalternatingbetween subtractingandadding5fromthepreviousnumberintheseries.ThecorrectnextnumberintheseriesshouldbechosenselectedfromtheoptionsA,B,C,orD.Thealternatingnumber subtractionseriesisdefinedbyalternatingbetween subtractingandadding5fromthepreviousnumberintheseries.ThecorrectnextnumberintheseriesshouldbechosenselectedfromtheoptionsA,B,C,orD.Thealternatingnumber subtractionseriesisdefinedbyalternatingbetween subtractingandadding5fromthepreviousnumberintheseries.ThecorrectnextnumberintheseriesshouldbechosenselectedfromtheoptionsA,B,C,orD.Thealternatingnumber subtractionseriesisdefinedbyalternatingbetween subtractingandadding5fromthepreviousnumberintheseries.Thealternatingnumber subtractionseriesisdefinedbyalternatingbetween subtractingandadding5fromthepreviousnumberintheseries.Thealternatingnumber subtractionseriesisdefinedbyalternatingbetween subtractingandadding5fromthepreviousnumberintheseries.Thealternatingnumber subtractionseriesisdefinedbyalternatingbetween subtractingandadding5fromthep",True,True,True,,,,correct,0.0,mcq,False,False,False,
30,True," We have
\[
6x^2 - x - 2 = 6x^2 + 3x - 4x - 2 = 3x(2x + 1) - 2(2x + 1) = (3x - 2)(2x + 1)
\]
The roots of \( 6x^2 - x - 2 = 0 \) are the values of \( x \) for which \( (3x - 2)(2x + 1) = 0 \).

Therefore,
\[
3x - 2 = 0 \quad \text{or} \quad 2x + 1 = 0,
\]
i.e.,
\[
x = \frac{2}{3} \, \textcolor{red}{\text{cm}} \quad \text{or} \quad x = -\frac{1}{2} \, \textcolor{red}{\text{cm}}.
\]

Therefore, the roots of \( 6x^2 - x - 2 = 0 \) are \( \frac{2}{3} \, \textcolor{red}{\text{cm}} \) and \( -\frac{1}{2} \, \textcolor{red}{\text{cm}} \).

","we have
\[6x^2 - x - 2 = 6x^2 + 3x - 4x - 2 = 3x(2x+1) - 2(2x+1)\]
\[= (3x-2)(2x+1)\]

The roots of \(6x^2 - x - 2 = 0\) are the values of \(x\) for which \((3x-2)(2x+1)=0\).

Therefore,
\[3x-2 = 0 \quad \text{or} \quad 2x+1 = 0,\]
i.e., \(x = \frac{2}{3}\text{ cm} \quad \text{or} \quad x = -\frac{1}{2}\text{ cm}\).

Therefore the roots of \(6x^2 - x - 2 = 0\) are \(\frac{2}{3}\text{ cm} - \frac{1}{2}\text{ cm}\).",False,False,correct,\boxed{yes},False,unclear,\frac{2}{3}-\frac{1}{2}##Equivale,True,False,False,,,,,1.3321790402101223,numeric_or_algebra,False,False,False,
31,True," 
\begin{align*}
\text{Length of the rectangle} &= 7.1 \, \text{cm} \\
\text{Breadth of the rectangle} &= 2.5 \, \text{cm} \\
\text{Therefore, \textcolor{red}{perimeter} of the rectangle} &= 2 \times (7.1 + 2.5) \, \text{cm} = 19.2 \, \text{cm}
\end{align*}

","Length of the rectangle = 7.1 cm

Breadth of the rectangle = 2.5 cm

Therefore, perimeter of the rectangle = 2 × (7.1 + 2.5) cm = 19.2 cm",True,True,correct,\boxed{yes},False,unclear,"19.2##EquivalecneJugdementFALSE#JusficationThe student's answer of 19.2 cm is incorrect in the context of the problem, which asks for the perimeter of the rectangle. The reference answer is 19.2 cm, but the student's solution incorrectly calculates the perimeter as 19.2 cm. The student's solution does not account for the fact that the perimeter of a rectangle is the sum of all its sides, not just the sum of the length and breadth. The student's answer does not share the same meaning as the reference answer.",True,True,True,,,,,0.6730116670092565,numeric_or_algebra,False,False,False,
32,True,"

(i) Here, slope of the line is \( m = \tan \theta = \frac{1}{2} \) and \( y \)-intercept \( c = -\frac{3}{2} \). 
Therefore, by slope-intercept form, the equation of the line is 
\[
y = \frac{1}{2} x - \frac{3}{2} 
\]
or 
\[
2y - x + 3 = 0,
\]
which is the required equation.

(ii) Here, we have \( m = \tan \theta = \frac{1}{2} \) and \( d = 4 \). 
Therefore, by slope-intercept form, the equation of the line is 
\[
y = \frac{1}{2} (x - 4) 
\]
or 
\[
\textcolor{red}{2y - x + 8 = 0},
\]
which is the required equation.

","(i) Here, slope of the line is \(m = \tan \theta = \frac{1}{2}\) and y-intercept \(c = -\frac{3}{2}\). Therefore, by slope-intercept form, the equation of the line is
\[y = \frac{1}{2}x - \frac{3}{2}\]
or
\[2y - x + 3 = 0\]

(ii) Here, we have \(m = \tan \theta = \frac{1}{2}\) and \(d = 4\). Therefore, by slope-intercept form, the equation of the line is
\[y = \frac{1}{2}(x - 4)\]
or
\[2y - x + 8 = 0.\]

which is the required equation.",True,True,correct,\boxed{yes},False,unclear,2y=1/2x-3/2#2y-x+3=0#2y-x+8=0#E#E#E#E#E#E#E#E#E#E#E#E#E#E#E#E#E#E#E#E#E#E#E#E#E#E#E#E#E#E#E#E#E#E#E#E#E#E#E#E#E#E#E#E#E#E#E#E#E#E#E#E#E#E#E#E#E#E#E#E#E#E#E#E#E#E#E#E#E#E#E#E#E#E#E#E#E#E#E#E#E#E#E#E#E#E#E#E#E#E#E#E#E#E#E#E#E#E#E#E#E#E#E#E#E#E#E#E#E#E#E#E#E#E#E#E#E#E#E#E#E#E#E#E#E#E#E#E#E#E#E#E#E#E#E#E#,True,True,True,,,,,0.5004024235381879,numeric_or_algebra,False,False,False,
33,False," Let \textcolor{red}{q(t)} = t + 2.

Then \textcolor{red}{q(2)} = 2 + 2 = 4, \textcolor{red}{q(-2)} = -2 + 2 = 0.

Therefore, \(-2\) is a zero of the polynomial \(x + 2\), but \(2\) is not.

","Let q(t) = t + 2. Then q(2) = 2 + 2 = 4, q(-2) = -2 + 2 = 0. Therefore, -2 is a zero of the polynomial x + 2, but 2 is not.",False,False,correct,\boxed{yes},False,unclear,"FALSe##Equivale#n#ceJ#u#d#g#e#m#e#n#t#F#A#L#S#E#.##J#u#s#t#i#f#i#c#a#t#i#o#n#T#h#e#s#t#u#d#e#n#t'##s#o#l#u#t#i#o#n#i#s#i#n#c#o#r#r#e#c#t#i#n#t#h#e#c#o#n#t#e#x#t#o#f#t#h#e#p#r#o#b#l#e#m#,#w#h#i#c#h#a#s#k#s#f#o#r#t#h#e#t#o#t#a#l#c#o#u#n#t#o#f#z#e#r#o#e#s#o#f#t#h#e#p#o#l#y#n#o#m#i#a#l#x+2#,#b#u#t#2#i#s#n#o#t#.#T#h#e",True,False,False,,,,,0.9502705392332348,multi_value,False,False,False,
34,False,"

\textbf{Step 1:} Multiply Equation (1) by 2 to make the coefficients of \(x\) equal. Then we get the equations as:

\[
4x + 6y = 16 \tag{3}
\]
\[
4x + 6y = 7 \tag{4}
\]

\textbf{Step 2:} Subtracting Equation (4) from Equation (3),

\[
0 = 9,
\]
which is a false statement. 

Therefore, the pair of equations has no solution.

","Multiply equation (1) by 2 to make the coefficients of \( x \) equal.

Then we get the equation as:

\begin{align*}
4x + 6y &= 16 \\
4x + 6y &= 7
\end{align*}

Subtracting Equation (4) from Equation (3)

\( 0 = 9 \)

Which is a false statement.

Therefore, the pair of equations has no solution.",False,True,correct,\boxed{yes},False,unclear,"0=9##EquivalecneJugdementFALSE##JusficationThe student's answer of 0=9 is incorrect in the context of the problem, which asks to use the elimination method to find all possible solutions of the pair of linear equations. The reference answer is 0=9, which is a false statement indicating that the pair of equations has no solution. However, the student's answer is incomplete and does not provide a clear conclusion about the existence of a solution. The student's solution only shows the steps to eliminate one variable, but does not provide a final conclusion about the solution set. Therefore, the student's answer does not share the same meaning as the reference answer.",True,False,True,,,,correct,0.5004024235381879,numeric_or_algebra,False,False,False,
35,False," The given equation is 

\[
(x^2 + 8x) + (y^2 + 10y) = 8.
\]

Now, completing the squares within the parentheses, we get 

\[
(x^2 + 8x + 16) + (y^2 + 10y + 25) = 8 + 16 + 25.
\]

\textcolor{red}{Note that \(16\) and \(25\) are obtained by squaring half of \(8\) and \(10\), respectively.}

i.e., 

\[
(x + 4)^2 + (y + 5)^2 = 49.
\]

i.e., 

\[
{(x - (-4))}^2 + {(y - (-5))}^2 = 7^2.
\]

\textcolor{red}{The number \(49\) is a perfect square, and \(7^2 = 49\).}

Therefore, the given circle has centre at \((-4, -5)\) and radius \(7\).

","The given equation is \( (x^2 + 8x) + (y^2 + 10y) = 8 \). Now, completing the squares within the parentheses, we get \( (x^2 + 8x + 16) + (y^2 + 10y + 25) = 8 + 16 + 25 \). Note that 16 and 25 are obtained by squaring half of 8 and 10, respectively. i.e., \( (x + 4)^2 + (y + 5)^2 = 49 \). The number 49 is a perfect square and \( 7^2 = 49 \). Therefore, the given circle has center at \((-4, -5)\) and radius 7.",False,False,correct,\boxed{yes},False,unclear,#(x+4)^2+(y+5)^2=49#E#E#E#E#E#E#E#E#E#E#E#E#E#E#E#E#E#E#E#E#E#E#E#E#E#E#E#E#E#E#E#E#E#E#E#E#E#E#E#E#E#E#E#E#E#E#E#E#E#E#E#E#E#E#E#E#E#E#E#E#E#E#E#E#E#E#E#E#E#E#E#E#E#E#E#E#E#E#E#E#E#E#E#E#E#E#E#E#E#E#E#E#E#E#E#E#E#E#E#E#E#E#E#E#E#E#E#E#E#E#E#E#E#E#E#E#E#E#E#E#E#E#E#E#E#E#E#E#E#E#E#E#E#E#E#E#E#E#E#E#E#E#,True,False,False,,,,,1.3321790402101223,multi_value,False,False,False,
36,False," The given differential equation can be written as 

\[
\frac{dx}{dy} - \frac{x}{y} = 2y.
\]

This is a linear differential equation of the type 

\[
\frac{dx}{dy} + P_1 x = Q_1,
\]

where \( P_1 = -\frac{1}{y} \) and \( Q_1 = 2y \). Therefore, the integrating factor \( I.F \) is 

\[
I.F = e^{\int -\frac{1}{y} \, dy} = e^{-\log y} = e^{\log(y)^{-1}} = \frac{1}{y}.
\]

\textcolor{red}{Notably, the logarithmic function here plays a crucial role in transforming the integrand, which simplifies our task significantly.}

Hence, the solution of the given differential equation is 

\[
\frac{x}{y} = \int (2y) \left( \frac{1}{y} \right) dy + C,
\]

or 

\[
\frac{x}{y} = \int (2dy) + C,
\]

or 

\[
\frac{x}{y} = 2y + C,
\]

\textcolor{red}{Interestingly, this step confirms the earlier transformation and integration process.}

or 

\[
x = 2y^2 + Cy,
\]

which is a general solution of the given differential equation.

","The given differential equation can be written as
\[
\frac{dx}{dy} - \frac{2y}{x} = 2y.
\]

This is a linear differential equation of the type
\[
\frac{dx}{dy} + P_1 x = Q_1,
\]
where \(P_1 = -\frac{1}{y}\) and \(Q_1 = 2y\). Therefore, the integrating factor I.F is
\[
I.F = e^{\int P_1\,dy} = e^{-\int \frac{1}{y}\,dy} = e^{-\log(y)} = e^{\log(y)^{-1}} = \frac{1}{y}.
\]

Notably, the logarithmic function here plays a crucial role in transforming the integrand, which simplifies our task significantly.

Hence, the solution of the given differential equation is
\[
\frac{x}{y} = \int (2y)\left(\frac{1}{y}\right)\,dy + C,
\]
or
\[
\frac{x}{y} = \int (2dy) + C,
\]
or
\[
\frac{x}{y} = 2y + C,
\]
which is a general solution of the given differential equation.

\[
x = 2y^2 + Cy.
\]",True,True,correct,\boxed{yes},False,unclear,2y+Ce#E#E#E#E#E#E#E#E#E#E#E#E#E#E#E#E#E#E#E#E#E#E#E#E#E#E#E#E#E#E#E#E#E#E#E#E#E#E#E#E#E#E#E#E#E#E#E#E#E#E#E#E#E#E#E#E#E#E#E#E#E#E#E#E#E#E#E#E#E#E#E#E#E#E#E#E#E#E#E#E#E#E#E#E#E#E#E#E#E#E#E#E#E#E#E#E#E#E#E#E#E#E#E#E#E#E#E#E#E#E#E#E#E#E#E#E#E#E#E#E#E#E#E#E#E#E#E#E#E#E#E#E#E#E#E#E#E#E#E#E#E#E#E#E#E#E#E#E,True,True,True,,,,correct,1.0549201679861442,numeric_or_algebra,False,False,False,
37,True," Option \textcolor{red}{C}

Let the required number of working hours per day be \( x \).

\textit{More pumps, Less working hours per day (Indirect Proportion)} \\
\textit{Less days, More working hours per day (Indirect Proportion)} \\

\[
\frac{4}{3} :: \frac{8}{x}
\]

Thus, 

\textcolor{red}{\[
4 \times 1 \times x = 3 \times 2 \times 7
\]}

\textcolor{red}{\[
\Rightarrow x = \frac{3 \times 2 \times 7}{4}
\]}

\[
\Rightarrow x = \textcolor{red}{10.5}.
\]

","Let the required number of working hours per day be \( x \). 
More pumps, less working hours per day (Indirect Proportion). Less days, more working hours per day (Indirect Proportion).

\[
\frac{h}{x} = \frac{8}{2}
\]

Thus,

\[
4 \times 1 \times x = 3 \times 2 \times 7
\]

\[
\Rightarrow x = \frac{3 \times 2 \times 7}{4}
\]

\[
\Rightarrow x = 10.5
\]",True,True,correct,\boxed{yes},False,unclear,"1.0.5##EquivalecneJugdementFALSe##JusficationThe student's answer of 1.0.5 is incorrect in the context of the problem, which asks for the number of hours a day the pumps must work to empty the tank in 1 day. The reference answer is 11 hours. The student's solution is based on an incorrect proportion, as they have not taken into account the fact that the pumps work for 8 hours a day and the tank is emptied in 2 days. The student's calculation is also incorrect, as they have not properly solved the proportion. Therefore, the student's answer does not share the same meaning as the reference answer.",True,True,True,,,,,0.6730116670092565,numeric_or_algebra,False,False,True,1.0
38,False," The function \( f \) is one-one, for \( f(x_1) = f(x_2) \Rightarrow x_1 = x_2 \). Further, \( f \) is not onto, as for \( 1 \in \mathbb{N} \), there does not exist any \( x \) in \( \mathbb{N} \) such that \( f(x) = 2x = 1 \).

","The function f is one - one, for f(x₁) = f(x₂) \Rightarrow x₁ = x₂. Further, f is not onto, as for 1 ∈ N, there does not exist any x in N such that f(x) = 2x = 1.",False,False,correct,\boxed{yes},False,unclear,#f\i\stwo-o\o\ne-but\o\nto#E#E#E#E#E#E#E#E#E#E#E#E#E#E#E#E#E#E#E#E#E#E#E#E#E#E#E#E#E#E#E#E#E#E#E#E#E#E#E#E#E#E#E#E#E#E#E#E#E#E#E#E#E#E#E#E#E#E#E#E#E#E#E#E#E#E#E#E#E#E#E#E#E#E#E#E#E#E#E#E#E#E#E#E#E#E#E#E#E#E#E#E#E#E#E#E#E#E#E#E#E#E#E#E#E#E#E#E#E#E#E#E#E#E#E#E#E#E#E#E#E#E#E#E#E#E#E#E#E#E#E#E#E#E#E#E#E#E#E#E#E,True,False,False,,,,,1.0549201679861442,text_conclusion,False,False,False,
39,True," 

(i) We have, 
\[
\frac{5 + \sqrt{2}i}{1 - \sqrt{2}i} = \frac{5 + \sqrt{2}i}{1 - \sqrt{2}i} \times \frac{1 + \sqrt{2}i}{1 + \sqrt{2}i}
\]
\[
= \frac{3 + 6\sqrt{2}i}{1 + 2} = \frac{3(1 + 2\sqrt{2}i)}{3} = \textcolor{red}{1 + 2\sqrt{2} \text{ cm} i}.
\]

(ii) 
\[
i^{-35} = \frac{1}{i^{35}} = \frac{1}{(i^2)^{17}i} = \frac{1 \times i}{-i} = \frac{i}{-(-1)} = \textcolor{red}{i \text{ cm}}.
\]

","\begin{enumerate}
    \item We have,
    \[
    \frac{5 + \sqrt{2}i}{1 - \sqrt{2}i} = \frac{5 + \sqrt{2}i}{1 - \sqrt{2}i} \times \frac{1 + \sqrt{2}i}{1 + \sqrt{2}i} = \frac{3 + 6\sqrt{2}i}{1 + 2} = \frac{3(1 + 2\sqrt{2}i)}{3} = 1 + 2\sqrt{2}i.
    \]
    \item
    \[
    i^{-35} = \frac{1}{i^{35}} = \frac{1}{(i^2)^{17}i} = \frac{1 \times i}{-i} = \frac{i}{-(-1)} = i.
    \]
\end{enumerate}",False,False,correct,\boxed{yes},False,unclear,"1+2\sqrt{2}i,i#E#E#E#E#E#E#E#E#E#E#E#E#E#E#E#E#E#E#E#E#E#E#E#E#E#E#E#E#E#E#E#E#E#E#E#E#E#E#E#E#E#E#E#E#E#E#E#E#E#E#E#E#E#E#E#E#E#E#E#E#E#E#E#E#E#E#E#E#E#E#E#E#E#E#E#E#E#E#E#E#E#E#E#E#E#E#E#E#E#E#E#E#E#E#E#E#E#E#E#E#E#E#E#E#E#E#E#E#E#E#E#E#E#E#E#E#E#E#E#E#E#E#E#E#E#E#E#E#E#E#E#E#E#E#E#E#E#E#E#E#E#E#E#E#E",True,False,False,,,,,1.6094379124341005,text_conclusion,False,False,False,
40,True," 
\begin{itemize}
    \item If the unknown number is taken to be \( \textcolor{red}{y} \), then three times the number is \( 3\textcolor{red}{y} \) and the sum of \( 3\textcolor{red}{y} \) and 11 is 32. That is, 
    \[
    3\textcolor{red}{y} + 11 = 32
    \]

    \item To solve this equation, we transpose 11 to the right-hand side (RHS), so that 
    \[
    3\textcolor{red}{y} = 32 - 11 \quad \text{or} \quad 3\textcolor{red}{y} = 21
    \]
    
    Now, divide both sides by 3:
    \[
    \textcolor{red}{y} = \frac{21}{3} = 7
    \]
    
    The required number is \( \textcolor{red}{y} \).
\end{itemize}

",,False,False,correct,\boxed{yes},False,unclear,7##Equivale,True,False,False,,,,,1.0549201679861442,numeric_or_algebra,False,False,False,
41,True," Since the foci are on the y-axis, the major axis is along the y-axis. So, the equation of the ellipse is of the form 
\[
\frac{x^2}{b^2} + \frac{y^2}{a^2} = 1.
\]

Given that 
\[
a = \textcolor{red}{half the major axis} = \frac{20}{2} = 10
\]
and the relation 
\[
c^2 = a^2 - b^2 \text{ gives } 5^2 = 10^2 - b^2 \text{ i.e., } b^2 = 75.
\]
Therefore, the equation of the ellipse is 
\[
\frac{x^2}{75} + \frac{y^2}{100} = 1.
\]

","\begin{equation}
\text{Since the foci are on the y-axis, the major axis is along the x-axis. So, the equation of the ellipse is of the form} \\
\frac{x^2}{b^2} + \frac{y^2}{a^2} = 1.
\end{equation}
\begin{equation}
\text{Given that } a = \text{half the major axis} = \frac{20}{2} = 10
\end{equation}
\begin{equation}
\text{and the relation } c^2 = a^2 - b^2 \text{ gives } 5^2 = 10^2 - b^2, \text{ i.e., } b^2 = 75.
\end{equation}
\begin{equation}
\text{Therefore, the equation of the ellipse is} \\
\frac{x^2}{75} + \frac{y^2}{100} = 1.
\end{equation}",True,True,correct,\boxed{yes},False,unclear,#x^2/75+y^2/100=1#E#E#E#E#E#E#E#E#E#E#E#E#E#E#E#E#E#E#E#E#E#E#E#E#E#E#E#E#E#E#E#E#E#E#E#E#E#E#E#E#E#E#E#E#E#E#E#E#E#E#E#E#E#E#E#E#E#E#E#E#E#E#E#E#E#E#E#E#E#E#E#E#E#E#E#E#E#E#E#E#E#E#E#E#E#E#E#E#E#E#E#E#E#E#E#E#E#E#E#E#E#E#E#E#E#E#E#E#E#E#E#E#E#E#E#E#E#E#E#E#E#E#E#E#E#E#E#E#E#E#E#E#E#E#E#E#E#E#E#E#E#E#E#,True,True,True,,,,correct,0.5004024235381879,numeric_or_algebra,False,False,False,
42,True," Option B

Cost Price (C.P.) = Rs. (4700 \textcolor{red}{\times} 800) = Rs. \textcolor{red}{3760000}.

Selling Price (S.P.) = Rs. 5800.

Gain = (S.P.) - (C.P.) = Rs.(5800 - \textcolor{red}{3760000}) = Rs. \textcolor{red}{-3754200}.

Gain \% = $\left( \frac{\textcolor{red}{-3754200}}{3760000} \times 100 \right)\% = \textcolor{red}{-99.85}\%$

","Option B

Cost price (C.p.) = Rs. (4700 x 100) = Rs. 376000
Selling price (S.p.) = Rs. 5800
Gain = (S.p.) - (C.p.) = Rs. (5800 - 376000) = Rs. -3754200
Gain % = \left( \frac{-3754200}{3760000} \times 100 \right) \% = -99.85 \%",True,True,incorrect,\boxed{no},False,unclear,"-9.9%##EquivalecneJugdementFALSe##JusficationThe student's answer of -9.9% is incorrect in the context of the problem, which asks for the gain percentage. The reference answer is -9.85%. The student's solution is incorrect because they incorrectly calculated the gain percentage. The student's calculation of the gain percentage is (S.P.) - (C.P.) = Rs. (5800 - 3760000) = Rs. -3754200, and then they incorrectly calculated the gain percentage as -9.9%. The correct calculation for the gain percentage is (S.P.) - (C.P.) = Rs. (5800 - 3760000) = Rs. -3754200, and then the gain percentage is calculated as (-3754200 / 3760000) * 100 = -9.85%. Therefore, the student's answer does not share the same meaning as the reference answer.",True,False,False,,,,correct,0.0,mcq,False,True,True,9.9
43,True," 
\[
8\sqrt{15} \div 2\sqrt{3} = \frac{8\sqrt{3} \textcolor{red}{-} \sqrt{5}}{2\sqrt{3}} = 4\sqrt{5}
\]

","\[
8\sqrt{15} \div 2\sqrt{3} = \frac{8\sqrt{3} - \sqrt{5}}{2\sqrt{3}} = 4\sqrt{5}
\]",True,True,correct,\boxed{yes},False,unclear,"4\sqrt{5}##EquivalecneJugdementTRUE#JusficationThe student's answer, 4√5, is correct. The student correctly divided 8√15 by 2√3, resulting in 4√5. The reference answer is also 4√5. Therefore, the student's answer is equivalent to the reference answer.",True,True,True,,,,,1.3321790402101223,numeric_or_algebra,False,False,False,
44,False," Option A

C.P. = Rs. 3000.

S.P. = Rs. \(\frac{3600 \times 100}{100 + (10 \times 2)} = Rs. 3000\).

\textcolor{red}{Let's consider the interest rate calculation for a different scenario. If the rate of interest was 8\% per annum and the credit period was 3 years, the S.P. would be calculated as Rs. \(\frac{3600 \times 100}{100 + (8 \times 3)} = Rs. 3240\). However, this is not relevant to our current problem.}

Gain = 0\%.

","Option A

C.P = Rs. 3000

S.P = Rs. \(\frac{3600 \times 100}{100 + (10 \times 2)}\) = Rs. 3000

Let's consider the interest rate calculation for a different scenario. If the rate of interest was 8% per annum and the credit period was 3 years, the S.P. would be calculated as Rs. \(\frac{3600 \times 100}{100 + (8 \times 3)}\) = Rs. 3240. However, this is not relevant to our current problem.

Gain = 0%",True,True,correct,\boxed{yes},False,unclear,"O##Equivale#n#J#u#d#g#e#m#e#n#t#F#A#L#S#E#.##J#u#s#t#i#f#i#c#a#t#i#o#n#T#h#e#s#t#u#d#e#n#t'##s#o#l#u#t#i#o#n#i#s#i#n#c#o#r#r#e#c#t#i#n#t#h#e#c#o#n#t#e#x#t#o#f#t#h#e#p#r#o#b#l#e#m#,#w#h#i#c#h#a#s#k#s#f#o#r#t#h#e#t#o#t#a#l#c#o#u#n#t#o#f#4#-#d#i#g#i#t#n#u#m#b#e#r#s#b#e#g#i#n#n#i#n#g#w#i#t#h#1#t#h#a#t#h#a#v#e#e#x#",True,True,True,,,,correct,0.0,mcq,False,False,False,
45,True," Let \( P(x, y) \) be the required point. Using the section formula, we get:
\[
x = \frac{3(8) + 1(4)}{3 + 1} = 7, \quad y = \frac{3(5) + 1(-3)}{3 + 1} = \textcolor{red}{\frac{3(5) + 1(-3)}{3 \times 1} = \frac{15 - 3}{3} = 4}
\]
Therefore, \( (7, \textcolor{red}{4}) \) is the required point.

","Let P(x, y) be the required point.
Using the section formula, we get:
\[ x = \frac{3(4) + 1(-8)}{3+1} = \frac{12 - 8}{4} = 1 \]
\[ y = \frac{3(-3) + 1(5)}{3+1} = \frac{-9 + 5}{4} = -1 \]
Thus, the point P(1, -1) is the required point.",False,False,incorrect,\boxed{no},False,unclear,"(1,-1)##EquivalecneJugdementFALSe#JusficationThe student's answer of (1,-1) does not match the reference answer of (7,4). The student's solution incorrectly calculates the x-coordinate of the required point, resulting in a different point.",True,True,True,,,,,1.6094379124341005,multi_value,False,False,False,
46,False," Option D

Here, \( S = \{1, 2, 3, 4, \ldots, 19, 20\} \).

Let \( E \) be the event of getting a multiple of 3 or 5, which is \( E = \{3, 6, 9, 12, 15, 18, 5, 10, 20\} \).

\textcolor{red}{If we also consider the numbers that are multiples of both 3 and 5, we only have 15 in the range from 1 to 20. However, this doesn't change the final count for the event \( E \).}

Thus, 
\[
P(E) = \frac{n(E)}{n(S)} = \frac{9}{20}.
\]

","Option D

Here, $S = \{1, 2, 3, 4, \ldots, 19, 20\}$

Let E be the event of getting a multiple of 3 or 5,

which is $E = \{3, 6, 9, 12, 15, 18, 5, 10, 20\}$

If we also consider the numbers that are multiples of both 3 and 5, we only have 15 in the range from 1 to 20. However, this doesn't change the final count for the event E.

Thus,
\[ P(E) = \frac{n(E)}{n(S)} = \frac{9}{20}. \]",True,True,correct,\boxed{yes},False,unclear,"\frac{9}{20}##EquivalecneJugdementFALSe##JusficationThe student's answer of \(\frac{9}{20}\) is incorrect in the context of the problem, which asks for the probability that the ticket drawn has a number that is a multiple of 3 or 5. The reference answer is Option D, \(\frac{9}{20}\). The student's solution is identical to the reference answer, but the problem statement is different. The student's solution does not account for the fact that the problem asks for the probability of drawing a ticket with a number that is a multiple of 3 or 5, not just a multiple of 3. The student's answer does not capture the correct meaning of the problem.",True,True,True,,,,correct,0.0,mcq,False,False,False,
47,True," 

Since the ordered pairs are equal, the corresponding elements are equal. 

Therefore, 

\[
x + 1 = 3 \quad \text{and} \quad y - 2 = 1.
\]

Solving we get 

\[
x = \textcolor{red}{2 \, \text{cm}} \quad \text{and} \quad y = \textcolor{red}{3 \, \text{cm}}.
\]

","Since the ordered pairs are equal, the corresponding elements are equal. Therefore,
\[
x+1 = 3 \quad \text{and} \quad y-2 = 1
\]
Solving we get
\[
x = 2 \quad \text{and} \quad y = 3.
\]",False,False,correct,\boxed{yes},False,unclear,"2,3##EquivalecneJugdeMentTRUE#JusficationThestudent'sanswercaptursthedameaningastheresponseinthereferenceanswer,evenwithminorvariationsinnotation.Thestudentcorrectlyusedtheconceptoforderedpairsandthecorrespondingelementsbeingequaltofindthevaluesofxandy.",True,False,False,,,,correct,1.6094379124341005,system,False,False,False,
48,False," Option B    
Due to stoppages, it covers 9 km less.  
\textcolor{red}{Since $54 - 45 = 9$, we see that the difference in distance covered is 9 km.}  
Time taken to cover 9 km is given by:  
\[
\text{Time} = \left( \frac{9}{54} \times 60 \right) \text{ min} = 10 \text{ min}.
\]

","\[
\textbf{Answer :} \text { Option B Due to stoppages, it covers 9 km less. Since 54 - 45 = 9, we see that the difference in distance covered is 9 km. Time taken to cover 9 km is given by: Time = (9/54) × 60 min = 10 min.}
\]",True,True,correct,\boxed{yes},False,unclear,OpiotnB#D#E#E#E#E#E#E#E#E#E#E#E#E#E#E#E#E#E#E#E#E#E#E#E#E#E#E#E#E#E#E#E#E#E#E#E#E#E#E#E#E#E#E#E#E#E#E#E#E#E#E#E#E#E#E#E#E#E#E#E#E#E#E#E#E#E#E#E#E#E#E#E#E#E#E#E#E#E#E#E#E#E#E#E#E#E#E#E#E#E#E#E#E#E#E#E#E#E#E#E#E#E#E#E#E#E#E#E#E#E#E#E#E#E#E#E#E#E#E#E#E#E#E#E#E#E#E#E#E#E#E#E#E#E#E#E#E#E#E#E#E#E#E#E#E#E#E#,True,True,True,,,,,0.5004024235381879,mcq,False,False,False,
49,True," Diameter, \( d = 9.8 \, \text{m} \). Therefore, radius \( r = \frac{9.8}{2} = 4.9 \, \text{m} \).

Area of the circle \( = \pi r^2 = \frac{22}{7} \times (4.9)^2 \, \text{m}^2 = \frac{22}{7} \times 4.9 \times 4.9 \, \text{m}^2 = 75.46 \, \textcolor{red}{\text{cm}^2} \).

","\[
\text{Diameter, d = 9.8 m. Therefore, radius r = \frac{d}{2} = 4.9 m.}
\]
\[
\text{Area of the circle = \(\pi\) r² = \(\frac{22}{7}\) × (4.9)² m² = \(\frac{22}{7}\) × 4.9² m²}
\]
\[
= 75.46 \text{ cm}^2
\]",False,False,correct,\boxed{yes},False,unclear,"7.54.6##EquivalecneJugdementFALSe##JusficationThe student's answer of 7.54.6 is incorrect in the context of the problem, which asks for the area of the circular garden in square meters. The reference answer is 75.46 cm^2. The student's solution is missing the conversion of the radius from meters to centimeters, which is necessary to obtain the correct area in square centimeters. The student's answer is also missing the unit of measurement, which is cm^2. Therefore, the student's answer does not share the same meaning as the reference answer.",True,False,False,,,,,1.3321790402101223,numeric_or_algebra,False,False,True,7.54
50,True," We note that \( 2, 4, \textcolor{red}{5}, 6, 8, 10 \) are the only elements of \( U \) which do not belong to \( A \). Hence, 
\[
A' = \{2, 4, 6, 8, 10\}.
\]

","We note that \( 2, 4, 5, 6, 8, 10 \) are the only elements of \( U \) which do not belong to \( A \). Hence,
\[ A' = \{2, 4, 6, 8, 10\}. \]",True,True,correct,\boxed{yes},False,correct,"\{2,4,6,8,1 0\}##Equivale nceJudgmentTRUE# #JustificationThe student's answer is correct. The student correctly identified the elements of U that do not belong to A. The student's answer is identical to the reference answer.",False,True,True,True,True,True,correct,0.5004024235381879,set,False,False,False,
51,True," Option D  
S.I. on Rs. (110 - 10) for a certain time = Rs. 10.  
S.I. on Rs. 100 for double the time = Rs. 20.  
T.D. on Rs. 120 = Rs. (120 - 100) = Rs. 20.  
T.D. on Rs. 110 = Rs. \(\left( \frac{20}{120} \textcolor{red}{\div} 110 \right) = \text{Rs. } 18.33\)

","Option D S.I. on Rs. (110 - 10) for a certain time = Rs. 10.
S.I. on Rs. 100 for double the time
= Rs. 20
\( \frac{V_1D}{v_1} \) on Rs. 100
= Rs. \( \frac{20}{120} \div 110 \)
= Rs. 18.33.",True,True,correct,\boxed{yes},False,incorrect,"R\(f\l e f t( \f r a c{2 0}{1 2 0} \t e x t c o l o r { r e d }{ \d i v } 1 1 0 \r i g h t) = \t e x t { R s .} 1 8 . 3 3 # # E q u i v a l e n c e J u d g e m e n t F A L S E # # J u s t i f i c a t i o n T h e s t u d e n t ' s a n s w e r o f R s . 1 8 . 3 3 i s i n c o r r e c t i n t h e c o n t e x t o f t h e p r o b l e m , w h i c h a s k s f o r t h e d i s c o u n t a l l o w e d o n t h e s a m e s u m d u e a t t h e e n d o f d o u b l e t h e t i m e i s : R s . 2 0 . T h e r e f e r e n c e a n s w e r i s R s . 1 8 . 3 3",False,True,True,False,False,False,correct,0.5004024235381879,mcq,False,False,False,
52,False," 
\[
\text{Required volume} = \frac{4}{3} \pi \textcolor{red}{a}^3
\]
\[
= \frac{4}{3} \times \frac{22}{7} \times \textcolor{red}{b} \times \textcolor{red}{b} \times \textcolor{red}{b} \, \text{cm}^3 = 5887.32 \, \text{cm}^3
\]

","\begin{align*}
\text{Required Volume} &= \frac{4}{3} \pi r^3 \\
&= \frac{4}{3} \times \frac{22}{7} \times b \times b \times b \, \text{cm}^3 = 588.732 \, \text{cm}^3
\end{align*}",False,False,correct,\boxed{yes},False,unclear,"5,8,8.7,3,2##EquivalecneJugdementFALSe##JusficationThe student's answer of 5,888.73 cm^3 is incorrect in the context of the problem, which asks for the volume of a sphere of radius 11.2 cm. The reference answer is 587.32 cm^3. The student's solution is missing the correct calculation of the volume of the sphere, and the answer is not even close to the correct value. The student's answer is also missing the correct units, which should be cm^3. The discrepancy in the figure indicates that the student's answer does not share the same meaning as the reference answer.",True,False,False,,,,,1.6094379124341005,numeric_or_algebra,False,True,True,5888.73; 587.32
53,True," We have 
\[
nC_9 = nC_8
\]
i.e., 
\[
\frac{n!}{9!(n-9)!} = \frac{n!}{(n-8)!8!}
\]
or 
\[
\frac{1}{9} = \frac{1}{n-8} \quad \text{or} \quad \textcolor{red}{n - 8 = 10} \quad \text{or} \quad \textcolor{red}{n = 18}.
\]
Therefore, 
\[
nC_{17} = \textcolor{red}{18C_{17}} = 18.
\]

","\[ \text{We have} \]
\[ nC_9 = nC_8 \]
\[ \text{i.e.,} \]
\[ \frac{n!}{9!(n-9)!} = \frac{n!}{(n-8)!(n-8)!} \]
\[ \text{or} \]
\[ \frac{1}{9} = \frac{1}{n-8} \text{ or } n-8 = 10 \text{ or } n = 18 \]
\[ \text{Therefore} \]
\[ nC_{17} = 18C_{17} = 18 \]",False,True,correct,\boxed{yes},False,unclear,1.8##Equivale,True,False,True,,,,correct,1.3321790402101223,numeric_or_algebra,False,False,True,1.8
54,True," 
243 = 3 \times 3 \times 3 \times \textcolor{red}{2} \times 3

In the above factorisation, \(3 \times \textcolor{red}{2}\) remains after grouping the \(3\)s in triplets. Therefore, \(243\) is not a perfect cube.

","243 = 3 \times 3 \times 3 \times 2
In the above factorization, there are triplets.
Therefore, 243 is not a perfect cube.",False,False,correct,\boxed{yes},False,unclear,"2I##EqiuvalenceJugdementFALSe##JusificationThe student's answer of 2 is incorrect in the context of the problem, which asks whether 243 is a perfect cube. The reference answer is 243 = 3 × 3 × 3 × 2, which remains after grouping the triplets of 3's. Therefore, 243 is not a perfect cube. The student's solution, 243 = 3 × 3 × 3 × 2, is also incorrect, as it incorrectly states that 243 is not a perfect cube. The discrepancy in the figure indicates that the student's answer does not share the same meaning as the reference answer.",True,False,False,,,,,0.9502705392332348,multi_value,False,False,False,
55,True," 

\[
\tan (x + y) = \textcolor{red}{\frac{\tan x + \tan y}{1 + \tan x \tan y}}
\]

",\( \tan(x + y) = \frac{\tan x + \tan y}{1 - \tan x \tan y} \),False,False,incorrect,\boxed{no},False,incorrect,"\frac{tanx+tan y}{1-tanx tan y}# #Equivale nceJudgmentFAL S E# #Jus tificationThe student's answer is incorrect in the context of the problem, which asks to prove the identity \[\tan(x+y)=\frac{\tan x+\tan y}{1+\tan x \tan y}.\] The reference answer is \[\tan(x+y)=\text{red}{\frac{\tan x+\tan y}{1+\tan x \tan y}}.\] The student's solution, however, provides the expression \[\tan(x+y)=\frac{\tan x+\tan y}{1-\tan x \tan y}.\] The discrepancy in the signs in the denominator indicates that the student's answer does not share the same meaning as the reference answer.",False,True,True,True,True,True,wrong,1.3321790402101223,numeric_or_algebra,False,False,False,
56,True," It is given that 

\[
30 < C < 35.
\]

Putting \(C = \frac{5}{9} (F - 32)\), we get 

\[
30 < \textcolor{red}{\frac{9}{5}} (F - 32) < 35.
\]

Multiplying through by \(\frac{9}{5}\):

\[
\frac{9}{5} \times 30 < (F - 32) < \frac{9}{5} \times 35
\]

which simplifies to 

\[
54 < (F - 32) < 63.
\]

Adding \(32\) to all parts gives:

\[
86 < F < 95.
\]

Thus, the required range of temperature is between \(86^\circ\) F and \(95^\circ\) F.

","it is given that \(30 < C < 35\). Putting \(C = \frac{5}{9}(F - 32)\), we get \(30 < \frac{9}{5}(F - 32) < 35\). Multiplying through by \(\frac{9}{5}\): \(\frac{9}{5} \times 30 < (F - 32) < \frac{9}{5} \times 35\) which simplifies to \(54 < (F - 32) < 63\). Adding 32 to all parts gives: \(86 < F < 95\). Thus, the required range of temperature is between \(86^\circ F\) and \(95^\circ F\).",False,False,correct,\boxed{yes},False,unclear,8.6^{\circ}F\text{and}9.5^{\circ}F#E#E#E#E#E#E#E#E#E#E#E#E#E#E#E#E#E#E#E#E#E#E#E#E#E#E#E#E#E#E#E#E#E#E#E#E#E#E#E#E#E#E#E#E#E#E#E#E#E#E#E#E#E#E#E#E#E#E#E#E#E#E#E#E#E#E#E#E#E#E#E#E#E#E#E#E#E#E#E#E#E#E#E#E#E#E#E#E#E#E#E#E#E#E#E#E#E#E#E#E#E#E#E#E#E#E#E#E#E#E#E#E#E#E#E#E#E#E#E#E#E#E#E#E#E#E#E#E#E#E#E#E#E#E#E#E#E#E#E#,True,False,False,,,,,0.9502705392332348,numeric_or_algebra,False,False,True,8.6; 9.5
57,True," 
Let the number of sheets which weigh \(2 \frac{1}{2}\) kg be \(x\). We put the above information in the form of a table as shown below:

\[
\begin{array}{|c|c|}
\hline
\text{Number of sheets} & \text{Weight of sheets (in grams)} \\
\hline
12 & 40 \\
x & 2500 \\
\hline
\end{array}
\]

More the number of sheets, the more would their weight be. So, the number of sheets and their weights are directly proportional to each other.

\[
\frac{12}{40} = \frac{x}{2500}
\]

Cross-multiplying gives:

\[
12 \times 2500 = 40 \times x
\]

\[
75000 = 40x
\]

Dividing both sides by 40:

\[
x = \frac{75000}{40} = 1875
\]

Thus, the required number of sheets of paper is \textcolor{red}{1875 grams}.

","Let the number of sheets which weigh $2\frac{1}{2}$ kg be x. We put the above information in the form of a table as shown below:

| Number of Sheets | Weight (in grams) |
|------------------|--------------------|
| 12               | 40                |
| x                 | 2500              |

More the number of sheets, the more would their weight be. So, the number of sheets and their weights are directly proportional to each other.

\[
\frac{12}{40} = \frac{x}{2500}
\]

Cross-multiplying gives

\[
12 \times 2500 = 40 \times x
\]

Dividing both sides by 40:

\[
x = \frac{75000}{40} = 1875
\]

Thus, the required number of sheets of paper is 1875.",True,True,correct,\boxed{yes},False,unclear,"1,875##EquivalecneJugdementFALSe##JusficationThe student's answer of 1,875 is incorrect in the context of the problem, which asks for the number of sheets of paper that weigh 2/2 kg. The reference answer is 1875. The student's solution is incomplete and does not account for all possible configurations of the number of sheets and their weights. The student only considers the case where the number of sheets is equal to the weight, but does not consider the case where the number of sheets is greater than the weight. This discrepancy indicates that the student's answer does not share the same meaning as the reference answer.",True,True,True,,,,correct,0.9502705392332348,numeric_or_algebra,False,False,True,2/2
58,False," \( R \) is reflexive, as \( 2 \) divides \(\textcolor{red}{(x - x)}\) for all \(\textcolor{red}{x} \in \mathbb{Z} \). Further, if \((\textcolor{red}{x}, \textcolor{red}{y}) \in R\), then \( 2 \) divides \(\textcolor{red}{y - x}\). Hence, \((\textcolor{red}{y}, \textcolor{red}{x}) \in R\), which shows that \( R \) is symmetric. Similarly, if \((\textcolor{red}{x}, \textcolor{red}{y}) \in R\) and \((\textcolor{red}{y}, \textcolor{red}{z}) \in R\), then \(\textcolor{red}{x - y}\) and \(\textcolor{red}{y - z}\) are divisible by \( 2 \). Now, 

\[
\textcolor{red}{x - z = (x - y) + (y - z)}
\]

is even. So, \(\textcolor{red}{(x - z)}\) is divisible by \( 2 \). This shows that \( R \) is transitive. Thus, \( R \) is an equivalence relation in \( \mathbb{Z} \).

","\( R \) is reflexive, as 2 divides \( (x-x) \) for all \( x \in \mathbb{Z} \). Further, if \( (x, y) \in R \), then 2 divides \( y - x \). Hence, \( (y, x) \in R \), which shows that \( R \) is symmetric. Similarly, if \( (x, y) \in R \) and \( (y, z) \in R \), then \( x - y \) and \( y - z \) are divisible by 2. Now,
\[ x - z = (x - y) + (y - z) \]
is even. So, \( (x - z) \) is divisible by 2. This shows that \( R \) is transitive. Thus, \( R \) is an equivalence relation in \( \mathbb{Z} \).",True,True,correct,\boxed{yes},False,unclear,##Equivale#n#Jus#t#i#f#i#c#at#i#o#n#T#h#e#s#t#u#d#e#n#t'##s#o#l#u#t#i#o#n#i#s#t#h#e#s#a#m#e#m#e#a#n#i#n#g#i#v#e#n#a#s#t#h#e#r#e#f#e#r#e#n#c#e#a#n#s#w#e#r#i#t#h#t#h#e#s#a#m#e#m#e#a#n#i#n#g#i#v#e#n#e#q#u#i#v#a#l#e#n#c#e#l#a#t#i#o#n#i#n#Z#o#f#t#h#e#s#t#u#d#e#n#t'##s#o#l#u#t#i#o#n#i#s#t#h#e#s#t#h#e#s#a#m#e#m#e#a#n,True,True,True,,,,correct,0.0,numeric_or_algebra,False,False,False,
59,False," Note that if \( \theta \) is the angle between \( \textcolor{red}{\overline{PQ}} \) and \( \textcolor{red}{\overline{RS}} \), then \( \theta \) is also the angle between \( \textcolor{red}{\overline{PQ}} \) and \( \textcolor{red}{\overline{RS}} \).

Now
\[
\textcolor{red}{\overline{PQ}} = \text{Position vector of B} - \text{Position vector of A}
= (2\mathbf{i} + 5\mathbf{j}) - (\mathbf{i} + \mathbf{j} + \mathbf{k}) = \mathbf{i} + 4\mathbf{j} - \mathbf{k}
\]

Therefore
\[
|\textcolor{red}{\overline{PQ}}| = \sqrt{(1)^2 + (4)^2 + (-1)^2} = 3\sqrt{2}
\]

Similarly,
\[
\textcolor{red}{\overline{RS}} = -2\mathbf{i} - 8\mathbf{j} + 2\mathbf{k} \quad \text{and} \quad |\textcolor{red}{\overline{RS}}| = 6\sqrt{2}
\]

Thus
\[
\cos \theta = \frac{\textcolor{red}{\overline{PQ}} \cdot \textcolor{red}{\overline{RS}}}{|\textcolor{red}{\overline{PQ}}||\textcolor{red}{\overline{RS}}|} = \frac{1(-2) + 4(-8) + (-1)(2)}{(3\sqrt{2})(6\sqrt{2})} = \frac{-36}{36} = -1
\]

Since \( 0 \leq \theta \leq \pi \), it follows that \( \theta = \pi \). This shows that \( \textcolor{red}{\overline{PQ}} \) and \( \textcolor{red}{\overline{RS}} \) are collinear.

","Note that if \(\theta\) is the angle between PQ and RS, then \(\theta\) is also the angle between PS and PQ and RS.
Now
\[
\overrightarrow{\text{PQ}} = \text{Position vector of B} - \text{Position vector A} = (2i + 5j) - (i + j + k) = i + 4j - k
\]
Therefore,
\[
|\overrightarrow{\text{PQ}}| = \sqrt{(1)^2 + (4)^2 + (-1)^2} = 3\sqrt{2}
\]
Similarly, 
\[
\overrightarrow{\text{RS}} = -2i - 8j + 2k \text{ and } |\overrightarrow{\text{RS}}| = 6\sqrt{2}
\]
Thus,
\[
\cos\theta = \frac{\overrightarrow{\text{PQ}} \cdot \overrightarrow{\text{RS}}}{|\overrightarrow{\text{PQ}}||\overrightarrow{\text{RS}}|} = \frac{1(-2) + 4(-8) + (-1)(2)}{3\sqrt{2} \cdot 6\sqrt{2}} = \frac{-2 - 32 - 2}{18} = \frac{-36}{18} = -2
\]
Since \(0 \leq \theta \leq \pi\), it follows that \(\theta = \pi\). This shows that \(\overrightarrow{\text{PQ}}\) and \(\overrightarrow{\text{RS}}\) are collinear.",False,False,correct,\boxed{yes},False,unclear,-2##Equivale,True,False,False,,,,wrong,1.3321790402101223,numeric_or_algebra,False,False,False,
60,True," Since marginal revenue is the rate of change of total revenue with respect to the number of units sold, we have

\[
\text{Marginal Revenue} \quad (MR) = \frac{dR}{dx} = \textcolor{red}{6^x} + 36
\]

When \( x = 5 \),

\[
MR = \textcolor{red}{6^5} + 36 = 7776
\]

Hence, the required marginal revenue is \( \text{₹} \, 7776 \).

","\[ \text{Since marginal revenue is the rate of change of total revenue with respect to the number of unit sold, we have} \]
\[ \text{Marginal Revenue (MR)} = \frac{dR}{dx} = 6x + 36 \]
\[ \text{When } x = 5, \]
\[ MR = 6(5) + 36 = 76 \]
\[ \text{Hence, the required marginal revenue is 76}. \]",False,False,incorrect,\boxed{no},False,unclear,7#6#E#E#E#E#E#E#E#E#E#E#E#E#E#E#E#E#E#E#E#E#E#E#E#E#E#E#E#E#E#E#E#E#E#E#E#E#E#E#E#E#E#E#E#E#E#E#E#E#E#E#E#E#E#E#E#E#E#E#E#E#E#E#E#E#E#E#E#E#E#E#E#E#E#E#E#E#E#E#E#E#E#E#E#E#E#E#E#E#E#E#E#E#E#E#E#E#E#E#E#E#E#E#E#E#E#E#E#E#E#E#E#E#E#E#E#E#E#E#E#E#E#E#E#E#E#E#E#E#E#E#E#E#E#E#E#E#E#E#E#E#E#E#E#E#E#E#E#E#,True,True,True,,,,wrong,1.6094379124341005,multi_value,False,False,False,
61,False," 
Let \( I = \int_{\frac{\pi}{6}}^{\frac{\pi}{3}} \frac{dx}{1 + \sqrt{\tan x}} \).

Then, by \( P_3 \):
\[
I = \int_{\frac{\pi}{6}}^{\frac{\pi}{3}} \frac{\sqrt{\cos x} \, dx}{\sqrt{\cos x} + \sqrt{\sin x}} \quad \ldots \, (1)
\]

\[
= \int_{\frac{\pi}{6}}^{\frac{\pi}{3}} \frac{\sqrt{\sin x}}{\sqrt{\sin x} + \sqrt{\cos x}} \, dx \quad \ldots \, (2)
\]

Adding (1) and (2), we get:
\[
2I = \int_{\frac{\pi}{6}}^{\frac{\pi}{3}} dx = \left[ x \right]_{\frac{\pi}{6}}^{\frac{\pi}{3}} = \frac{\pi}{3} - \frac{\pi}{6} = \frac{\pi}{6}.
\]
Hence, \( I = \frac{\pi}{12} \).

","Let \( I = \int_{\frac{\pi}{6}}^{\frac{\pi}{3}} \frac{\sqrt{\cos{x}}}{\sqrt{\cos{x}} + \sqrt{\sin{x}}} dx \)   (1)
\[
= \int_{\frac{\pi}{6}}^{\frac{\pi}{3}} \frac{\sqrt{\sin{x}}}{\sqrt{\sin{x}} + \sqrt{\cos{x}}} dx \quad \text{(2)}
\]
Adding (1) and (2) we get:
\[
2I = \int_{\frac{\pi}{6}}^{\frac{\pi}{3}} dx = [x]_{\frac{\pi}{6}}^{\frac{\pi}{3}} = \frac{\pi}{3} - \frac{\pi}{6} = \frac{\pi}{6}.
\]
Hence,
\[
I = \frac{\pi}{12}.
\]",True,True,correct,\boxed{yes},False,unclear,\frac{\pi}{12}#E#E#E#E#E#E#E#E#E#E#E#E#E#E#E#E#E#E#E#E#E#E#E#E#E#E#E#E#E#E#E#E#E#E#E#E#E#E#E#E#E#E#E#E#E#E#E#E#E#E#E#E#E#E#E#E#E#E#E#E#E#E#E#E#E#E#E#E#E#E#E#E#E#E#E#E#E#E#E#E#E#E#E#E#E#E#E#E#E#E#E#E#E#E#E#E#E#E#E#E#E#E#E#E#E#E#E#E#E#E#E#E#E#E#E#E#E#E#E#E#E#E#E#E#E#E#E#E#E#E#E#E#E#E#E#E#E#E#E#E#E#E#E#E#E#E#,True,True,True,,,,,0.5004024235381879,numeric_or_algebra,False,False,False,
62,False," We have 
\[
(f + g)(x) = \sqrt{x} + x,
\]
\[
(f - g)(x) = \sqrt{x} - x,
\]
\[
(fg)(x) = \sqrt{x} x,
\]
and 
\[
\left( \frac{f}{g} \right)(x) = \frac{\sqrt{x}}{x}, \quad x \neq 0.
\]

","we have,
\[
(f+g)(x) = \sqrt{x} + x,
\]
\[
(f-g)(x) = \sqrt{x} - x,
\]
\[
(fg)(x) = \sqrt{x}x,
\]
and,
\[
\left(\frac{f}{g}\right)(x) = \frac{\sqrt{x}}{x}, \quad x \neq 0.
\]",True,False,correct,\boxed{yes},False,unclear,"\sqrrt{x}+x,\sqr{x}-x,\sqr{x}x,\frrac{\sqr{x}}{x},x\neq0##EquivalecneJugdemenetFALSe#JusficationThe student's answer is incorrect in the context of the problem, which asks for the composition of functions f and g. The reference answer provides the correct composition of functions, while the student's answer is identical to the reference answer. However, the student's answer is missing the condition x ≠ 0, which is crucial for the domain of the function (f/g)(x). The student's answer does not capture the same meaning as the reference answer, as it lacks the necessary condition for the domain.",True,True,False,,,,correct,1.3321790402101223,text_conclusion,False,False,False,
63,False," We have 
\[
\frac{d\textcolor{red}{z}}{d\textcolor{red}{t}} = \frac{\textcolor{red}{t}+1}{2-\textcolor{red}{z}} \quad \ldots (1)
\]
Separating the variables in equation (1), we get 
\[
(2 - \textcolor{red}{z}) d\textcolor{red}{z} = (\textcolor{red}{t} + 1) d\textcolor{red}{t} \quad \ldots (2)
\]
Integrating both sides of equation (2), we get 
\[
\int (2 - \textcolor{red}{z}) d\textcolor{red}{z} = \int (\textcolor{red}{t} + 1) d\textcolor{red}{t}
\]
or
\[
2\textcolor{red}{z} - \frac{\textcolor{red}{z}^2}{2} = \frac{\textcolor{red}{t}^2}{2} + \textcolor{red}{t} + C_1
\]
or
\[
\textcolor{red}{t}^2 + \textcolor{red}{z}^2 + 2\textcolor{red}{t} - 4\textcolor{red}{z} + 2C_1 = 0
\]
or
\[
\textcolor{red}{t}^2 + \textcolor{red}{z}^2 + 2\textcolor{red}{t} - 4\textcolor{red}{z} + C = 0, \text{ where } C = 2C_1
\]
which is the general solution of equation (1).

","We have 
\begin{equation}
\frac{dt}{dx} = \frac{t+1}{2-z} \cdots \text{(1)}
\end{equation}
Separating the variables in equation $(1)$, we get
\begin{equation}
(2-z) dz = (t+1) dt \cdots \text{(2)}
\end{equation}
Integrating both sides of equation $(2)$, we get
\begin{equation}
\int (2-z) dz = \int (t+1) dt
\end{equation}
on
\begin{equation}
2z - \frac{z^2}{2} = \frac{t^2}{2} + t + C_1
\end{equation}
on
\begin{equation}
t^2 + z^2 + 2t - 4z + 2C_1 = 0
\end{equation}
on
\begin{equation}
t^2 + z^2 + 2t - 4z + C = 0, \text{ where } C = 2C_1
\end{equation}
which is the general solution of equation $(1)$.",False,False,correct,\boxed{yes},False,unclear,#t^2+z^2+2t-4z+2C_1=0#E#E#E#E#E#E#E#E#E#E#E#E#E#E#E#E#E#E#E#E#E#E#E#E#E#E#E#E#E#E#E#E#E#E#E#E#E#E#E#E#E#E#E#E#E#E#E#E#E#E#E#E#E#E#E#E#E#E#E#E#E#E#E#E#E#E#E#E#E#E#E#E#E#E#E#E#E#E#E#E#E#E#E#E#E#E#E#E#E#E#E#E#E#E#E#E#E#E#E#E#E#E#E#E#E#E#E#E#E#E#E#E#E#E#E#E#E#E#E#E#E#E#E#E#E#E#E#E#E#E#E#E#E#E#E#E#E#E#E#E,True,False,False,,,,,1.3321790402101223,system,False,False,False,
64,True," We know that \( \sin^{-1}(\sin x) = x \). Therefore, 
\[
\sin^{-1} \left( \sin \frac{3\pi}{5} \right) = \frac{3\pi}{5}.
\]

But 
\[
\frac{3\pi}{5} \not\in \left[-\frac{\pi}{2}, \frac{\pi}{2}\right],
\]
which is the principal branch of \( \sin^{-1} x \).

However, 
\[
\sin \left( \frac{3\pi}{5} \right) = \sin \left( \pi - \frac{3\pi}{5} \right) = \sin \textcolor{red}{\frac{8\pi}{5}} = \sin \frac{2\pi}{5}
\] 
and 
\[
\frac{2\pi}{5} \in \left[-\frac{\pi}{2}, \frac{\pi}{2}\right].
\]

Therefore,
\[
\sin^{-1} \left( \sin \frac{3\pi}{5} \right) = \sin^{-1} \left( \sin \frac{2\pi}{5} \right) = \frac{2\pi}{5}.
\]

","We know that \(\sin^{-1}(\sin x) = x\). Therefore,
\[
\sin^{-1}\left(\sin\frac{3\pi}{5}\right) = \frac{3\pi}{5}.
\]
But
\[
\frac{3\pi}{5} \notin \left[\frac{\pi}{2}, \frac{3\pi}{2}\right].
\]
which is the principal branch of \(\sin^{-1}x\).
However,
\[
\sin\left(\frac{3\pi}{5}\right) = \sin\left(\pi - \frac{3\pi}{5}\right) = \sin\frac{2\pi}{5} = \sin\frac{2\pi}{5}.
\]
and
\[
\frac{2\pi}{5} \in \left[-\frac{\pi}{2}, \frac{\pi}{2}\right].
\]
Therefore,
\[
\sin^{-1}\left(\sin\frac{3\pi}{5}\right) = \sin^{-1}\left(\sin\frac{2\pi}{5}\right) = \frac{2\pi}{5}.
\]",False,False,correct,\boxed{yes},False,unclear,2\pimod5##Equivale,True,False,False,,,,,1.3321790402101223,text_conclusion,False,False,False,
65,False," 
Let us denote the incomes of the two persons by ₹ 9x and ₹ 7y and their expenditures by ₹ 4y and ₹ 3y respectively. Then the equations formed in the situation are given by:

\[
9x - 4y = 2000 \quad (1)
\]
\[
7x - 3y = 2000 \quad (2)
\]

\textbf{Step 1:} Multiply Equation (1) by 3 and Equation (2) by 4 to make the coefficients of \( y \) equal. Then we get the equations:

\[
27x - 12y = 6000 \quad (3)
\]
\[
28x - 12y = 8000 \quad (4)
\]

\textbf{Step 2:} Subtract Equation (3) from Equation (4) to eliminate \( y \), because the coefficients of \( y \) are the same. So, we get:

\[
x = 2000
\]

\textbf{Step 3:} Substituting this value of \( x \) in (1), we get:

\[
9(2000) - 4y = 2000
\]
i.e.,
\[
y = 4000
\]

So, the solution of the equations is \( x = 2000 \), \( y = 4000 \). Therefore, the monthly incomes of the persons are ₹ 18,000 and ₹ 14,000, respectively.

",,False,False,correct,\boxed{yes},False,unclear,#(N/A)##E#E#E#E#E#E#E#E#E#E#E#E#E#E#E#E#E#E#E#E#E#E#E#E#E#E#E#E#E#E#E#E#E#E#E#E#E#E#E#E#E#E#E#E#E#E#E#E#E#E#E#E#E#E#E#E#E#E#E#E#E#E#E#E#E#E#E#E#E#E#E#E#E#E#E#E#E#E#E#E#E#E#E#E#E#E#E#E#E#E#E#E#E#E#E#E#E#E#E#E#E#E#E#E#E#E#E#E#E#E#E#E#E#E#E#E#E#E#E#E#E#E#E#E#E#E#E#E#E#E#E#E#E#E#E#E#E#E#E#E#E#E#E#E#E#E#E#,True,False,False,,,,,1.6094379124341005,numeric_or_algebra,False,False,False,
66,False,"
\begin{enumerate}
    \item \( \left( -5i \right) \left( \frac{1}{8} i \right) = \frac{-5}{8} i^2 = \frac{5}{8} + i0 \)
    \item \( \left( -i \right) \left( 2i \right) \left( \frac{-1}{8} i \right)^3 = 2 \times \frac{1}{256} \times i^5 = \frac{1}{256} i \)
\end{enumerate}

","1. \(\left(-5i\right)\left(\frac{1}{8}i\right) = \frac{-5}{8}i^2 = \frac{5}{8} + 2i\)

2. \(\left(-i\right)(2i)\left(\frac{-1}{8} - i\right)^3 = 2 \times \frac{1}{256} \times i^5 = \frac{1}{256}i\)",False,False,incorrect,\boxed{no},False,unclear,#(1)\frc{5}{8}+2i#(2)\frc{1}{256}i#E#E#E#E#E#E#E#E#E#E#E#E#E#E#E#E#E#E#E#E#E#E#E#E#E#E#E#E#E#E#E#E#E#E#E#E#E#E#E#E#E#E#E#E#E#E#E#E#E#E#E#E#E#E#E#E#E#E#E#E#E#E#E#E#E#E#E#E#E#E#E#E#E#E#E#E#E#E#E#E#E#E#E#E#E#E#E#E#E#E#E#E#E#E#E#E#E#E#E#E#E#E#E#E#E#E#E#E#E#E#E#E#E#E#E#E#E#E#E#E#E#E#E#E#E#E#E#E#E#E#E#E#E#E#E#E#E,True,True,True,,,,,1.6094379124341005,text_conclusion,False,False,False,
67,True," Here, \( a = \frac{3}{2}, \quad d = \frac{1}{2} - \left(-\frac{3}{2}\right) = \textcolor{red}{-2}. \)

","Here, $a = \frac{3}{2}$, $d = \frac{1}{2} - (-\frac{3}{2}) = -2$.",False,False,correct,\boxed{yes},False,incorrect,"\l e f t(-\frac{3}{2}\right) = -2# #Equivale nceJudgment FALSE# #Justification The student's answer is incorrect in the context of the problem, which asks for the first term (a) and the common difference (d). The reference answer correctly identifies a = 3/2 and d = -2. The student's answer incorrectly calculates the common difference as -2, which is not the correct value. The student's answer does not capture the same meaning as the reference answer. = = = report over = = =",False,False,False,True,True,False,,0.5004024235381879,system,False,False,False,
68,True,"
\begin{enumerate}
    \item First expression: 
    \[
    5m(3 - m) = (5m \times 3) - (5m \times m) = 15m - 5m^2
    \]
    Now adding the second expression to it:
    \[
    15m - 5m^2 + 6m^2 - 13m = \textcolor{red}{m^2 - 2m}
    \]

    \item First expression:
    \[
    4y(3y^2 + 5y - 7) = (4y \times 3y^2) + (4y \times 5y) + (4y \times (-7)) = 12y^3 + \textcolor{red}{25y^2} - 28y
    \]
    Second expression:
    \[
    2(y^3 - 4y^2 + 5) = 2y^3 + 2 \times (-4y^2) + 2 \times 5 = 2y^3 - 8y^2 + 10
    \]
    Adding the two expressions:
    \[
    12y^3 + \textcolor{red}{25y^2} - 28y + 2y^3 - 8y^2 + 10 = 14y^3 + \textcolor{red}{17y^2} - 28y + 10
    \]
\end{enumerate}

","First expression:
\[ 5m(3-m) = (5m \times 3) - (5m \times m) = 15m - 5m^2 \]

Now adding the second expression to it:
\[ 15m - 5m^2 + 6m^2 - 13m = m^2 - 2m \]

Second expression:
\[ 4y(3y^2 + 5y - 7) = (4y \times 3y^2) + (4y \times 5y) + (4y \times (-7)) \]
\[ = 12y^3 + 20y^2 - 28y \]

Adding the two expressions:
\[ 12y^3 + 25y^2 - 28y + 2y^3 - 8y^2 + 10 \]

\[ = 14y^3 + 17y^2 - 28y + 10 \]",False,False,correct,\boxed{yes},False,unclear,"1a4y^3+1 7y^2-2 8y+1 0# #Equivale nceJudgmentFAL S # #Jus tificationThe student's answer of 14y^3+17y^2-28y+10 is incorrect in the context of the problem, which asks to add the given expressions. The reference answer is 14y^3+17y^2-28y+10. The student's solution incorrectly adds the expressions, resulting in an incorrect answer. The discrepancy in the figure indicates that the student's answer does not share the same meaning as the reference answer. = = = report over = = =",True,False,False,,,,,1.6094379124341005,numeric_or_algebra,False,False,False,
69,False," Option D

Ratio of initial investments = \( \left( \frac{7}{2} : \frac{4}{3} : \frac{6}{5} \right) = 105 : 40 : 36 \).

Let the initial investments be \( 105x, 40x \) and \( 36x \).

\[
\therefore A : B : C = \left( 105x \times 4 + 150 \times \frac{105x}{100} \times 8 \right) : \left( 40x \times 12 \right) : \left( 36x \times 12 \right)
\]

\[
= 1680x : 480x : 432x = 35 : 10 : 9.
\]

\textcolor{red}{The profit distribution is based on the total investment calculated over the months. For instance, if A had invested \(210x\) for 4 months instead of 105x, the ratio would change. However, this is hypothetical and doesn't affect the actual problem.}

Hence, B's share = 

\[
\text{Rs.} \; \frac{21600 \times 10}{54} = \text{Rs. 4000.}
\]

",Option D,True,True,correct,\boxed{yes},False,unclear,"D##EquivalecneJugdementTRUE##JusficationThestudent'sanswercorreclyidentifiesOptionD,Rs.4,000,asthecorrectshareoftheprofit.",True,True,True,,,,,0.0,mcq,False,False,False,
70,True," Putting \( n = 20 \), we obtain

\[
a_{20} = (20 - 1)(2 - 20)(3 + 20)
\]

\[
= 19 \times (-18) \times 23 = \textcolor{red}{-7966}.
\]

","Putting n = 20, we obtain \(a_{20} = (20-1)(2-20)(3+20) = 19 \times (-18) \times 23 = -7966\)",False,False,correct,\boxed{yes},False,unclear,"\(-7\)\(9\)\(6\)\(6\)##EquivalecneJugdementFALSe#JusificationThe student's answer is incorrect in the context of the problem, which asks for the 20th term of the sequence defined by the given formula. The reference answer is -7966. However, the student's answer is -7966, but it is not enclosed in the boxed notation, which is a requirement for the final answer.",True,False,False,,,,,1.0549201679861442,numeric_or_algebra,False,False,False,
71,False," One way is to solve for \( y \) and rewrite the above as 
\[
y = x - \pi
\]
But then 
\[
\frac{dy}{dx} = 1. \textcolor{red}{\text{ Note that } \pi \text{ is a constant approximately equal to 3.14159.}}
\]

","One way is to solve for \(y\) and rewrite The above as

\[y = x - \pi\]

But then

\[\frac{dy}{dx} = 1.\] Note that \(\pi\) is a constant approximately equal to \(3.14159.\)",False,False,correct,\boxed{yes},False,unclear,1##E#E#E#E#E#E#E#E#E#E#E#E#E#E#E#E#E#E#E#E#E#E#E#E#E#E#E#E#E#E#E#E#E#E#E#E#E#E#E#E#E#E#E#E#E#E#E#E#E#E#E#E#E#E#E#E#E#E#E#E#E#E#E#E#E#E#E#E#E#E#E#E#E#E#E#E#E#E#E#E#E#E#E#E#E#E#E#E#E#E#E#E#E#E#E#E#E#E#E#E#E#E#E#E#E#E#E#E#E#E#E#E#E#E#E#E#E#E#E#E#E#E#E#E#E#E#E#E#E#E#E#E#E#E#E#E#E#E#E#E#E#E#E#E#E#E#E#E#E,True,False,False,,,,,0.5004024235381879,derivative,False,False,False,
72,True,"
\begin{enumerate}
    \item First expression: 
    \[
    5m(3 - m) = (5m \times 3) - (5m \times m) = 15m - 5m^2
    \]
    Now adding the second expression to it:
    \[
    15m - 5m^2 + 6m^2 - 13m = \textcolor{red}{m^2\ \text{meters}} + \textcolor{red}{2m\ \text{meters}}
    \]

    \item First expression:
    \[
    4y(3y^2 + 5y - 7) = (4y \times 3y^2) + (4y \times 5y) + (4y \times (-7)) = 12y^3 + 20y^2 - 28y
    \]
    Second expression:
    \[
    2(y^3 - 4y^2 + 5) = 2y^3 + 2 \times (-4y^2) + 2 \times 5 = 2y^3 - 8y^2 + 10
    \]
    Adding the two expressions:
    \[
    12y^3 + 20y^2 - 28y + 2y^3 - 8y^2 + 10 = \textcolor{red}{14y^3\ \text{liters}} + \textcolor{red}{12y^2\ \text{liters}} - 28y + 10
    \]
\end{enumerate}

","\[
\begin{aligned}
&\textbf{1. First expression:} \\
&5m(3 - m) = (5m \times 3) - (5m \times m) = 15m - 5m^2 \\
&\text{Now adding the second expression to it:} \\
&15m - 5m^2 + 6m^2 - 13m = m^2 \text{ meters} + 2m \text{ meters} \\
\\
&\textbf{2. First expression:} \\
&4y(3y^2 + 5y - 7) = (4y \times 3y^2) + (4y \times 5y) + (4y \times (-7)) = 12y^3 + 20y^2 - 28y \\
&\text{Second expression:} \\
&2(y^3 - 4y^2 + s) = 2y^3 + 2 \times (-4y^2) + 2 \times s = 2y^3 - 8y^2 + 2s \\
&\text{Adding the two expressions:} \\
&12y^3 + 20y^2 - 28y + 2y^3 - 8y^2 + 2s = 14y^3 \text{ liters} + 12y^2 \text{ liters} - 28y + 10
\end{aligned}
\]",False,False,correct,\boxed{yes},False,unclear,1.5m-5m^2+6m^2-13m=m^2+2m#2.4y(3y^2+5y-7)=(4y\*3y^2)+(4y\*5y)+(4y\*(-7))=12y^3+20y^2-28y#2.(y^3-4y^2+5)=2y^3-8y^2+10#1.12y^3+20y^2-28y+2y^3-8y^2+2s=14y^3+12y^2-28y+2s#2.14y^3+12y^2-28y+2s#E#E#E#E#E#E#E#E#E#E#E#E#E#E#E#E#E#E#E#E#E#E#E#E#E#E#E#E#E#E#E#E#E#E#E#E#E#E#E#E#E#E#E#E#E#E#E#E#E#E#E#E#E#E#E#E#E#E#E#E#E#E#E#E#E#E#E#E#E#,True,False,False,,,,,1.6094379124341005,text_conclusion,False,False,True,1.5; 2.4; 1.12; 2.14
73,False," On ₹ 100, the tax paid was ₹ 5.

\textcolor{red}{100 is a base value often used to calculate percentages.} On ₹ 450, the tax paid would be: 
\[
\frac{5}{100} \times 450 = ₹ 22.50.
\]

\textcolor{red}{Note that 450 is 4.5 times 100. Therefore, the tax for ₹ 450 is 4.5 times the tax for ₹ 100.} Bill amount = Cost of item + Sales tax = ₹ 450 + ₹ 22.50 = ₹ 472.50.

","On 100, the tax paid was 5. 100 is a base value often used to calculate percentage. On 450, the tax paid would be:

\[
\frac{5}{100} \times 450 = 22.50
\]

Note: That 450 is 4.5 times 100. Therefore, The tax for 450 is 4.5 times the tax for 100. Bill amount = Cost of item + Sales tax = 450 + 22.50 = 472.50 .",False,False,correct,\boxed{yes},False,unclear,"4.5timesthebillfor100##EquivalecneJugdementFALSE##JusficationThe student's answer of 4.5 times the bill for 100 is incorrect in the context of the problem, which asks for the bill amount after sales tax is applied. The reference answer is 22.5, which is the sales tax amount for 45. The student's calculation does not account for the fact that 45 is 4.5 times 10, and therefore the sales tax for 45 should be 4.5 times the sales tax for 100. The student's answer does not share the same meaning as the reference answer.",True,False,False,,,,,0.5004024235381879,numeric_or_algebra,False,True,False,
74,True," 
\[
8\sqrt{15} \div 2\sqrt{3} = \textcolor{red}{4\sqrt{5} \times \frac{\sqrt{3}}{\sqrt{3}} = \frac{8\sqrt{3} \times \sqrt{5}}{2\sqrt{3}}} = 4\sqrt{5}
\]

",\(\frac{4\sqrt{5}\times\frac{\sqrt{3}}{2\sqrt{3}}}{3} = 4\sqrt{5}\),False,False,correct,\boxed{yes},False,unclear,4\sqrt{5}##Equivale,True,False,False,,,,,1.6094379124341005,numeric_or_algebra,False,False,False,
75,True," We know that points are said to be collinear if they lie on a line.

Now, 
\[
PQ = \sqrt{(1+2)^2 + (2-3)^2 + (3-5)^2} = \sqrt{9 + 1 + 4} = \sqrt{14}
\]

\[
QR = \sqrt{(7-1)^2 + (0-2)^2 + (-1-3)^2} = \sqrt{36 + 4 + 16} = \sqrt{56} = 2\sqrt{14}
\]

and 

\[
PR = \sqrt{(7+2)^2 + (0-3)^2 + (-1-5)^2} = \sqrt{81 + 9 + 36} = \sqrt{126} = 3\sqrt{14}
\]

Thus, \textcolor{red}{\( PQ \times QR = PR \)}. Hence, \( P \), \( Q \), and \( R \) are collinear.

","We know that points are said to be collinear if they lie on a line.

Now,
$$PQ = \sqrt{(1+2)^2 + (2-3)^2 + (3-5)^2} = \sqrt{9+1+4} = \sqrt{14}$$

$$QR = \sqrt{(7-1)^2 + (0-2)^2 + (-1-3)^2} = \sqrt{36+4+16} = \sqrt{56} = 2\sqrt{14}$$

and
$$PR = \sqrt{(7+2)^2 + (0-3)^2 + (-1-5)^2} = \sqrt{81+9+36} = \sqrt{126} = 3\sqrt{14}$$

Thus,
$$PQ \times QR = PR,$$
hence, $P,Q,R$ are collinear.",False,False,correct,\boxed{yes},False,unclear,"#(P,Q,R\text{ are collinear})#E#E#E#E#E#E#E#E#E#E#E#E#E#E#E#E#E#E#E#E#E#E#E#E#E#E#E#E#E#E#E#E#E#E#E#E#E#E#E#E#E#E#E#E#E#E#E#E#E#E#E#E#E#E#E#E#E#E#E#E#E#E#E#E#E#E#E#E#E#E#E#E#E#E#E#E#E#E#E#E#E#E#E#E#E#E#E#E#E#E#E#E#E#E#E#E#E#E#E#E#E#E#E#E#E#E#E#E#E#E#E#E#E#E#E#E#E#E#E#E#E#E#E#E#E#E#E#E#E#E#E#E#E#E#E#E#E#E#E#E#E#E#E#E",True,False,False,,,,,0.9502705392332348,multi_value,False,False,False,
76,False," Writing the three expressions in separate rows, with like terms one below the other, we have

\[
\begin{array}{r}
7xy + 5yz - 3zx \\
+ \\
4yz + 9zx - 4y \\
\hline
5xy + 9yz + 3zx + 5x - 4y
\end{array}
\]

(Note \( xz \) is the same as \( zx \))

","Writing the three expressions in separate rows, with like terms one below the other, we have

\begin{align*}
7xy + 5yz - 3zx &\\
+ &\\
4yz + 9zx - 4y \\
&\hline \\
5xy + 9yz + 3zx + 5x - 4y
\end{align*}

(Note: $xz$ is the same as $zx$)",True,True,correct,\boxed{yes},False,unclear,"5x+y+9z+3z+x-4y##EquivalecneJugdementFALSe##JusficationThe student's answer does not capture the same meaning as the reference answer. The student's answer is missing the term $5x$ in the third expression, and the terms are not written in the same order as the reference answer.",True,True,True,,,,,0.5004024235381879,numeric_or_algebra,False,False,False,
77,False," 

(a) In each expression we look for a term with \( x \) as a factor. The remaining part of that term is the coefficient of \( x \).

\begin{center}
\begin{tabular}{|c|c|c|}
\hline
S. No. & Expression & Coefficient of \( x \) \\
\hline
(i) & \( 4x - 3y \) & \( 4 \) \\
(ii) & \( 8 - x + y \) & \( -1 \) \\
(iii) & \( y^2x - y \) & \( y^2 \) \\
(iv) & \( 2z - 5xz \) & \( -5z \) \\
\hline
\end{tabular}
\end{center}

(b) The method is similar to that in (a) above.

\begin{center}
\begin{tabular}{|c|c|c|}
\hline
S. No. & Expression & Coefficient of \( y \) \\
\hline
(i) & \( 4x - 3y \) & \( -3 \) \\
(ii) & \( 8 + yz \) & \( z \) \\
(iii) & \( y^2 + 5 \) & \( z^2 \) \\
(iv) & \( my + m \) & \( m \) \\
\hline
\end{tabular}
\end{center}

","(a) In each expression we look for a term with \( x \) as a factor. The remaining part of that term is the coefficient of \( x \).

| S.No | Expression      | Coefficient of \( x \) |
|------|-----------------|-------------------------|
| (i)  | \( 4x - 3y \)   | \( 4 \)                  |
| (ii) | \( 8 - x + y \) | \( -1 \)                 |
| (iii)| \( y^2x - y \)  | \( y^2 \)                |
| (iv) | \( 2z - 5xz \)  | \( -5z \)                |

(b) The method is similar to that in (a) above.

| S.No | Expression      | Coefficient of \( y \) |
|------|-----------------|-------------------------|
| (i)  | \( 4x - 3y \)   | \( -3 \)                 |
| (ii) | \( 8 + yz \)     | \( 2 \)                  |
| (iii)| \( y^2 + 5 \)   | \( z^2 \)                |
| (iv) | \( my + m \)     | \( m \)                  |",True,True,incorrect,\boxed{no},False,unclear,"#(a)\(4\)\(-1\)\(y^2\)\(-5z\)##Equivale#n#ceJ#u#d#g#e#m#e#n#t#F#A#L#S#E#.##J#u#s#t#i#f#i#c#a#t#i#o#n#T#h#e#s#t#u#d#e#n#t#a#n#s#w#e#r#i#s#i#n#c#o#r#r#e#c#t#i#n#t#h#e#c#o#e#f#f#i#c#i#e#n#t#o#f#x#i#n#t#h#e#f#o#l#l#o#w#i#n#g#e#x#p#r#e#s#s#i#o#n#s#:\(4x-3y\),\((8-x+y)\),\((y^2x-y)\),\((2z-5xz)\).T#h#e#s#t#u#d#e#n#t#a#n#s#w#r#o#n#g#l",True,False,False,,,,correct,0.0,numeric_or_algebra,False,False,False,
78,True," Option B

Required money = P.W. of Rs. 10028 due 9 months hence

\[
\text{Required money} = \frac{10028 \times 100}{100 + \left(12 \times \frac{9}{12}\right)}
\]

\[
= \textcolor{red}{\text{Rs. } 9200 \text{ cents}}
\]

","s:} \quad \text{Option B} \\
& \text{Required money} = \text{P.W. of Rs. 10028 due 9 months hence} \\
& \text{Required money} = \frac{10028 \times 100}{100 + (12 \times \frac{9}{12})} \\
& = \text{Rs. 9200 cents}
\end{align*}",True,True,correct,\boxed{yes},False,unclear,"OpiotnB#R.W.ofofR.s.1,0,0,2,8duet9m0nthshe#E#E#E#E#E#E#E#E#E#E#E#E#E#E#E#E#E#E#E#E#E#E#E#E#E#E#E#E#E#E#E#E#E#E#E#E#E#E#E#E#E#E#E#E#E#E#E#E#E#E#E#E#E#E#E#E#E#E#E#E#E#E#E#E#E#E#E#E#E#E#E#E#E#E#E#E#E#E#E#E#E#E#E#E#E#E#E#E#E#E#E#E#E#E#E#E#E#E#E#E#E#E#E#E#E#E#E#E#E#E#E#E#E#E#E#E#E#E#E#E#E#E#E#E#E#E#E#E#E#E#E#E#E#E#",True,True,True,,,,correct,1.3321790402101223,mcq,False,False,False,
79,False," Option B  
\[
(.000216)^{\frac{1}{3}} = \left(\frac{216}{10^6}\right)^{\frac{1}{3}}
\]
\[
= \left(\frac{6 \times 6 \times 6}{10^2 \times 10^2 \times 10^2}\right)^{\frac{1}{3}}
\]
\[
= \frac{6}{10^2} 
\]
\textcolor{red}{
\[
= \frac{6}{10 \times 10} 
\]
}
\[
= \frac{6}{100} 
\]
\textcolor{red}{
\[
= 6 \times 0.01 
\]
}
\[
= 0.06
\]

","\[
\text{Answer: Option B}
\]
\[
(.000216)^{\frac{1}{3}} = \left( \frac{216}{10^6} \right)^{\frac{1}{3}}
\]
\[
= \left( \frac{6 \times 6 \times 6}{10^2 \times 10^2 \times 10^2} \right)^{\frac{1}{3}}
\]
\[
= \frac{6}{10^2}
\]
\[
= \frac{6}{10 \times 10}
\]
\[
= \frac{6}{100}
\]
\[
= 6 \times 0.01
\]
\[
= 0.06
\]",True,True,correct,\boxed{yes},False,unclear,"0.06##EquivalecneJugdementTRUE#JusficationThe student's answer, 0.06, is correct in the context of the problem, which asks for the cube root of 0.00216. The reference answer is also 0.06. The student's solution is mathematically equivalent to the reference answer, and the student has correctly applied the cube root operation to the given number.",True,True,True,,,,correct,0.0,mcq,False,False,True,0.00216
80,True," 

\[
\frac{3x - 2}{(x+1)^2(x+3)} = \frac{A}{x+1} + \frac{B}{(x+1)^2} + \frac{C}{x+3}
\]

So that 

\[
3x - 2 = A(x + 1)(x + 3) + B(x + 3) + C(x + 1)^2
\]

We compare the coefficients of \( x^2 \), \( x \), and the constant term on both sides:

\[
A + C = 0, \quad 4A + B + 2C = 3, \quad 3A + 3B + C = -2
\]

Solving these equations, we get 

\[
A = \frac{11}{4}, \quad B = -\frac{5}{2}, \quad C = -\frac{11}{4}
\]

Thus the integrand is given by 

\[
\int \frac{3x - 2}{(x+1)^2(x+3)} \, dx = \frac{11}{4} \int \frac{dx}{x+1} - \frac{5}{2} \int \frac{dx}{(x+1)^2} - \frac{11}{4} \int \frac{dx}{x+3}
\]

Therefore, 

\[
= \frac{11}{4} \log |x+1| + \frac{5}{2(x+1)} - \frac{11}{4} \log |x+3| + C
\]

Final result:

\[
= \frac{11}{4} \log \left| \frac{\textcolor{red}{x+3}}{\textcolor{red}{x+1}} \right| + \frac{5}{2(x+1)} + C
\]

","\[
\frac{3x-2}{(x+1)^2(x+3)} = \frac{A}{x+1} + \frac{B}{(x+1)^2} + \frac{C}{x+3}
\]

So that

\[ 
3x-2 = A(x+1)(x+3) + B(x+3) + C(x+1)
\]

We compare the coefficients of \( x^2 \), \( x \), and the constant term on both sides:

\[ 
A + C = 0, \quad 4A + B + 2C = 3, \quad 3A + 3B + C = -2
\]

Solving these equations, we get:

\[ 
A = \frac{11}{4}, \quad B = -\frac{5}{2}, \quad C = -\frac{11}{4}
\]

Thus, the integrand is given by

\[ 
\int \frac{3x-2}{(x+1)^2(x+3)} \, dx = \frac{11}{4} \int \frac{dx}{x+1} - \frac{5}{2} \int \frac{dx}{(x+1)^2} - \frac{11}{4} \int \frac{dx}{x+3}
\]

Therefore,

\[ 
= \frac{11}{4} \log|x+1| + \frac{5}{2(x+1)} - \frac{11}{4} \log|x+3| + C
\]

Final result

\[ 
= \frac{11}{4} \log \left|\frac{x+3}{x+1}\right| + \frac{5}{2(x+1)} + C
\]",False,False,correct,\boxed{yes},False,incorrect,"\l o g\l e f t| \f r a c{ x + 3}{x + 1} \r i g h t| + \f r a c{5}{2(x + 1)} + C# #E q u i v a l e n c e J u d g e m e n t F A L S E # #J u s t i f i c a t i o n T h e s t u d e n t ' s a n s w e r i s i n c o r r e c t i n t h e c o n t e x t o f t h e p r o b l e m , w h i c h a s k s f o r t h e i n t e g r a l o f \(\frac{3x-2}{(x+1)^2(x+3)}\) . T h e r e f e r e n c e a n s w e r i s \(\frac{1}{4}\log\left|\frac{x+3}{x+1}\right|+\frac{5}{2(x+1)}+C\) . T h e s t u d e n t ' s s o l u t i o n i s s i m i l a r t o t h e r e f e r e n c e a n s w e r , b",False,False,False,True,True,False,,1.3321790402101223,text_conclusion,False,False,False,
81,True," The area \( A \) of a circle with radius \( r \) is given by \( A = \pi r^2 \). Therefore, the rate of change of area \( A \) with respect to time \( t \) is

\[
\frac{dA}{dt} = \frac{d}{dr}(\pi r^2) \cdot \frac{dr}{dt} = 2\pi r \frac{dr}{dt} \quad \text{(By Chain Rule)}
\]

It is given that 

\[
\frac{dr}{dt} = 4 \, \text{cm/s}
\]

Therefore, when \( r = 10 \, \text{cm} \),

\[
\frac{dA}{dt} = 2\pi( \textcolor{red}{5})(4) = \textcolor{red}{40\pi}
\]

Thus, the enclosed area is increasing at the rate of \( \textcolor{red}{40\pi} \, \text{cm}^2/\text{s} \), when \( r = 10 \, \text{cm} \).

","The area A of a circle with radius r is given by \( A = \pi r^2 \). Therefore, the rate of change of area A with respect to time t is:
\[
\frac{dA}{dt} = \frac{dA}{dr} \cdot \frac{dr}{dt} = 2\pi r \cdot \frac{dr}{dt}
\]
Given that the radius is 10 cm and the speed of the wave is 4 cm/s, we have:
\[
\frac{dr}{dt} = 4 \text{ cm/s}
\]
Thus, when \( r = 10 \) cm,
\[
\frac{dA}{dt} = 2\pi (5)(4) = 40\pi \text{ cm}^2/\text{s}
\]",False,False,correct,\boxed{yes},False,unclear,"4\pim^2##EquivalecneJugdementFALSe##JusficationThe student's answer of $4\pi m^2$ is incorrect in the context of the problem, which asks for the rate of change of the area of the circle with respect to time when the radius is 10 cm. The reference answer is $40\pi$ cm$^2$/s. The student's solution only considers the rate of change of the area with respect to the radius, but not with respect to time. The student's answer does not account for the fact that the radius is changing at a rate of 4 cm/s. Therefore, the student's answer does not share the same meaning as the reference answer.",True,False,False,,,,,1.6094379124341005,derivative,False,False,False,
82,False," Let \( A \) be the event that the construction job will be completed on time, and \( B \) be the event that there will be a strike. We have:

\[
P(B) = 0.65, \quad P(\text{no strike}) = P(B') = 0.35
\]
\[
P(A|B) = 0.32, \quad P(A|B') = 0.80
\]

By the theorem on total probability, we have:

\[
P(A) = P(B) P(A|B) + P(B') P(A|B')
\]
\[
= 0.65 \times 0.32 + 0.35 \times 0.80
\]
\[
= 0.488
\]

Thus, the probability that the construction job will be completed in time is \( 0.488 \).

","Let $A$ be the event that the construction job will be completed on time, and let $B$ be the event that there will be a strike. We have:

\[ P(B) = 0.65 \quad P(\text{no strike}) = P(B') = 0.35 \]
\[ P(A|B) = 0.32, \quad P(A|B') = 0.80 \]

By the theorem on total probability, we have:

\[ P(A) = P(B)P(A|B) + P(B')P(A|B') \]
\[ = 0.65 \times 0.32 + 0.35 \times 0.80 \]
\[ = 0.488 \]

Thus, the probability that the construction job will be completed on time is 0.488.",False,False,correct,\boxed{yes},False,unclear,"0.488##EquivalecneJugdementFALSe##JusficationThe student's answer of 0.488 is incorrect in the context of the problem, which asks for the probability that the construction job will be completed on time. The reference answer is 0.488, but the student's solution is incomplete and does not provide a clear explanation of how they arrived at their answer. The student's solution only provides a brief statement of the problem and the given probabilities, but does not provide any calculations or reasoning to support their answer. Therefore, the student's answer does not capture the same meaning as the reference answer.",True,False,False,,,,,1.3321790402101223,numeric_or_algebra,False,False,False,
83,False," 
Let \( S \) denote the success (getting a ‘6’) and \( F \) denote the failure (not getting a ‘6’).

Thus, 
\[
P(S) = \frac{1}{6}, \quad P(F) = \frac{5}{6}
\]

\[
P(A \text{ wins in the first throw}) = P(S) = \frac{1}{6}
\]

A gets the third throw when the first throw by A and the second throw by B result in failures.

Therefore, 
\[
P(A \text{ wins in the 3rd throw}) = P(FFS) = P(F)P(F)P(S) = \frac{5}{6} \times \frac{5}{6} \times \frac{1}{6}
\]
\[
= \left(\frac{5}{6}\right)^2 \times \frac{1}{6}
\]

\[
P(A \text{ wins in the 5th throw}) = P(FFFFFS) = \left(\frac{5}{6}\right)^4 \left(\frac{1}{6}\right)
\]

\textcolor{red}{The probability of A winning in the 7th throw can be similarly calculated as:
\[
P(A \text{ wins in the 7th throw}) = P(FFFFFFS) = \left(\frac{5}{6}\right)^6 \left(\frac{1}{6}\right)
\]
}

Hence, 
\[
P(A \text{ wins}) = \frac{1}{6} + \left(\frac{5}{6}\right)^2 \left(\frac{1}{6}\right) + \left(\frac{5}{6}\right)^4 \left(\frac{1}{6}\right) + \ldots
\]

This is a geometric series where the first term \( a = \frac{1}{6} \) and the common ratio \( r = \left(\frac{5}{6}\right)^2 \).

\textcolor{red}{Recall that the sum of an infinite geometric series is given by \( \frac{a}{1 - r} \). We verify this by noting that a geometric series converges if \( |r| < 1 \).

Since \( \left(\frac{5}{6}\right)^2 = \frac{25}{36} < 1 \), the series converges.}
The sum of the series is given by:
\[
P(A \text{ wins}) = \frac{\frac{1}{6}}{1 - \left(\frac{5}{6}\right)^2}
\]

Calculating the denominator:
\[
1 - \left(\frac{5}{6}\right)^2 = 1 - \frac{25}{36} = \frac{11}{36}
\]

Thus,
\[
P(A \text{ wins}) = \frac{1}{6} \times \frac{36}{11} = \frac{6}{11}
\]

Finally, 
\[
P(B \text{ wins}) = 1 - P(A \text{ wins}) = 1 - \frac{6}{11} = \frac{5}{11}
\]

",,False,False,correct,\boxed{yes},False,unclear,\l(1/6\right)\div\l(1-25/36\right)=6/11##Equivale,True,False,False,,,,,1.3321790402101223,text_conclusion,False,False,False,
84,False," Since \(1 + y^2 \neq 0\), we can separate the variables. The given differential equation can be written as
\[
\frac{dy}{1+y^2} = \frac{dx}{1+x^2} \quad \cdots (1)
\]
Integrating both sides of equation (1), we get
\[
\int \frac{dy}{1+y^2} = \int \frac{dx}{1+x^2}
\]
which results in 
\[
\tan^{-1} \textcolor{red}{z} = \tan^{-1} \textcolor{red}{t} + C,
\]
where \(C\) is the constant of integration. This is the general solution of equation (1).

","Since \(1 + y^2 \neq 0\), we can separate the variables. The given differential equation can be written as,
\[
\frac{dy}{1 + y^2} = \frac{dx}{1 + x^2} \quad \cdots (1)
\]
Integrating both sides of equation (1), we get,
\[
\int \frac{dy}{1 + y^2} = \int \frac{dx}{1 + x^2}.
\]
which results in,
\[
\tan^{-1} y = \tan^{-1} x + c,
\]
where \(c\) is the constant of integration. This is the general solution of equation (1).",True,True,correct,\boxed{yes},False,unclear,\tan^{-1}y=\tan^{-1}x+c#E#E#E#E#E#E#E#E#E#E#E#E#E#E#E#E#E#E#E#E#E#E#E#E#E#E#E#E#E#E#E#E#E#E#E#E#E#E#E#E#E#E#E#E#E#E#E#E#E#E#E#E#E#E#E#E#E#E#E#E#E#E#E#E#E#E#E#E#E#E#E#E#E#E#E#E#E#E#E#E#E#E#E#E#E#E#E#E#E#E#E#E#E#E#E#E#E#E#E#E#E#E#E#E#E#E#E#E#E#E#E#E#E#E#E#E#E#E#E#E#E#E#E#E#E#E#E#E#E#E#E#E#E#E#E#E#E#E#E#E#E#E#E#,True,True,True,,,,,0.9502705392332348,numeric_or_algebra,False,False,False,
85,False," Option B  
1 hectare = 10,000 m\textsuperscript{2}  

So, Area = (1.5 × 10,000) m\textsuperscript{2} = 15,000 m\textsuperscript{2}.  

Depth = \(\frac{5}{100}\) m = \(\frac{1}{20}\) m.  

\textcolor{red}{As an additional note, it is interesting to observe that 1 hectare is equal to 2.471 acres.}  

Therefore, Volume = (Area × Depth) = \(15000 \times \frac{1}{20}\) m\textsuperscript{3} = 750 m\textsuperscript{3}.

","Option B 1 hectare = 10,000 m²

So, Area = (1.5 > 10,000) m² = 15,000 m²

Depth = \(\frac{5}{100}\) m = \(\frac{1}{20}\) m.

As an additional note, it is interesting to observe that 1 hectare is equal to 2.471 acres. Therefore,
Volume = (Area > Depth)
= 15,000 × \(\frac{1}{20}\) m³ = 750 m³.",True,True,correct,\boxed{yes},False,unclear,"7,5,0,0m##EquivalecneJugdementFALSe##JusficationThe student's answer of 7,500 m3 is incorrect in the context of the problem, which asks for the volume of the fall in 1.5 hectares of ground. The reference answer is 75,000 m3. The student's solution incorrectly calculates the volume as 15,000 m3, which is a result of a miscalculation in the area and depth. The student's answer does not share the same meaning as the reference answer.",True,True,True,,,,correct,0.0,mcq,False,False,False,
86,True," Option A

Required run rate is calculated as follows:

\[
\text{Required run rate} = \frac{282 - (3.2 \times 10)}{40} = \frac{250}{40} = \textcolor{red}{6.52}
\]

","Option A

Required run rate is calculated as follows:

\[ \text{Required run rate} = \frac{282 - (3.2 \times 10)}{40} = \frac{250}{40} = 6.25 \]",True,True,incorrect,\boxed{no},False,incorrect,"6.2.5##EqiuvalenceJudgmentFALSe##JusificationThe student's answer of 6.25 is incorrect in the context of the problem, which asks for the required run rate to reach the target of 282 runs in the remaining 40 overs. The reference answer is 6.52, which is the correct calculation. The student's solution incorrectly calculates the required run rate as 6.25, which does not match the reference answer. This discrepancy indicates that the student's answer does not share the same meaning as the reference answer.",False,False,False,False,False,True,correct,0.5004024235381879,mcq,False,False,False,
87,True," We have 

\[
\int \frac{(x^4 - x)^{\frac{1}{4}}}{x^5} \, dx = \int \frac{(1 - \frac{1}{x^3})^{\frac{1}{4}}}{x^4} \, dx
\]

\textcolor{red}{Therefore,}

\textcolor{red}{\[
\int \frac{(x^4 - x)^{\frac{1}{4}}}{x^5} \, dx = \frac{1}{3} \int t^4 \, dt = \frac{1}{3} \times \frac{4}{5} t^5 + C = \frac{4}{15} \left(1 - \frac{1}{x^3}\right)^{\frac{5}{4}} + C
\]}

Put \( 1 - \frac{1}{x^3} = t \), so that \( \frac{3}{x^4} \, dx = dt \).

\textcolor{red}{Therefore,}

\textcolor{red}{\[
\int \frac{(x^4 - x)^{\frac{1}{4}}}{x^5} \, dx = \frac{1}{3} \int t^4 \, dt = \frac{1}{3} \times \frac{4}{5} t^5 + C = \frac{4}{15} \left(1 - \frac{1}{x^3}\right)^{\frac{5}{4}} + C
\]}

","We have \(\int \frac{\left(x^{4}-x\right)^{\frac{1}{4}}}{x^{5}} d x = \int \frac{\left(1-\frac{1}{x^{3}}\right) \frac{1}{4}}{x^{4}} d x\) Therefore, \(\int \frac{\left(x^{4}-x\right)^{\frac{1}{4}}}{x^{5}} d x = \frac{1}{3} \int t^{4} d t = \frac{1}{3} \times \frac{4}{5} t^{\frac{4}{5}} + C = \frac{4}{15}\left(1-\frac{1}{x^{3}}\right)^{\frac{5}{4}} + C\) Put \(1-\frac{1}{x^{3}} = t\), So that \(\frac{3}{x^{4}} d x = d t\).

Therefore, \(\int \frac{\left(x^{4}-x\right)^{\frac{1}{4}}}{x^{5}} d x = \frac{1}{3} \int t^{4} d t = \frac{1}{3} \times \frac{4}{5} t^{\frac{5}{4}} + C = \frac{4}{15}\left(1-\frac{1}{x^{3}}\right)^{\frac{5}{4}} + C\)",False,False,correct,\boxed{yes},False,incorrect,"\l e f t(1-\f r a c{1}{x^3}\r i g h t)^{\f r a c{5}{4}}+C# #E q u i v a l e n c e J u d g e m e n t F A L S E # #J u s t i f i c a t i o n T h e s t u d e n t ' s a n s w e r i s i n c o r r e c t i n t h e c o n t e x t o f t h e p r o b l e m , w h i c h a s k s f o r t h e i n t e g r a l o f \(\left(\frac{x^4-x}{x^5}\right)^{\frac{1}{4}}\) w i t h r e s p e c t t o x . T h e r e f e r e n c e a n s w e r i s \(\frac{4}{15}\left(1-\frac{1}{x^3}\right)^{\frac{5}{4}}+C\) . T h e s t u d e n t ' s a n s w e r i s \(\left(1-\frac{1}{x^3}\right)^{\frac{5}{4}}+C\) , w h i",False,False,False,True,True,False,,1.6094379124341005,text_conclusion,False,False,False,
88,False,"

\textbf{(i)} 
\[
\left\{ \left( \frac{1}{3} \right)^{-2} - \left( \frac{1}{2} \right)^{-3} \right\} \div \left( \frac{1}{4} \right)^{-2} 
= \left\{ \frac{1^{-2}}{3^{-2}} - \frac{1^{-3}}{2^{-3}} \right\} \div \frac{1^{-2}}{4^{-2}} 
= \frac{3^{2} - 2^{3}}{1^{2}} \div 4^{2} = \frac{9 - 8}{16} = \frac{1}{16}.
\textcolor{red}{\text{Note that } 3^2 = 9 \text{ and } 2^3 = 8. \text{ Also, } 4^2 = 16.}
\]

\textbf{(ii)} 
\[
\left( \frac{5}{8} \right)^{-7} \times \left( \frac{8}{5} \right)^{-5} 
= \frac{5^{-7}}{8^{-7}} \times \frac{8^{-5}}{5^{-5}} 
= \frac{5^{-7} \times 8^{-5}}{8^{-7} \times 5^{-5}} 
= 5^{-2} \times 8^{2} = \frac{8^{2}}{5^{2}} = \frac{64}{25}.
\textcolor{red}{\text{Here, } 8^2 = 64 \text{ and } 5^2 = 25.}
\]

","(i) \(\left\{ \left( \frac{1}{3} \right)^{-2} - \left( \frac{1}{2} \right)^{-3} \right\} \div \left( \frac{1}{4} \right)^{-2}\)
\[ 
= \left\{ \frac{1^{-2}}{3^{-2}} - \frac{1^{-3}}{2^{-3}} \right\} \div \frac{1^{-2}}{4^{-2}}
= \frac{\frac{1}{9} - \frac{1}{8}}{\frac{1}{64}} = \frac{64}{9} \div 8^2
\]
\[ 
= \frac{9 - 8}{16} = \frac{1}{16}
\]
Note that \(3^2 = 9\) and \(2^3 = 8\)

(ii) \(\left( \frac{5}{8} \right)^{-7} \times \left( \frac{8}{5} \right)^{-5}\)
\[ 
= \frac{5^{-7}}{8^{-7}} \times \frac{8^{-5}}{5^{-5}} = \frac{5^{-7} \times 8^{-5}}{8^{-7} \times 5^{-5}} = 5^{-2} \times 8^{-2} = \frac{5^2}{8^2} = \frac{25}{64}
\]

Here, \(8^2 = 64\) and \(5^2 = 25\).",False,False,correct,\boxed{yes},False,incorrect,"\l eft\{ \f r a c {6 4}{9} \d i v 8^2 \r i g h t \} \d i v \f r a c {1}{4}^{-2} = \f r a c {1}{16} \t e x t {a n d } \f r a c {2 5}{6 4}# #E q u i v a l e n c e J u d g e m e n t F A L S E # #J u s t i f i c a t i o n T h e s t u d e n t ' s a n s w e r f o r ( i ) i s i n c o r r e c t i n t h e c o n t e x t o f t h e p r o b l e m , w h i c h a s k s f o r t h e s i m p l i f i c a t i o n o f t h e e x p r e s s i o n \[ \ l e f t \{ \ l e f t ( \ f r a c { 1 }{ 3 } \ r i g h t )^{- 2} - \ l e f t ( \ f r a c { 1 }{ 2 } \ r i g h t )^{- ",False,False,False,True,True,False,correct,0.6730116670092565,system,False,False,False,
89,False," We have 
\[
f'(x) = 6x^2 - 30x + 36 = 6(x - 3)(x - 2)
\]
Note that \( f'(x) = 0 \) gives \( x = 2 \) and \( x = 3 \).

We shall now evaluate the value of \( f \) at these points and at the end points of the interval \([1, 5]\), i.e., at \( x = 1, x = 2, x = 3 \) and at \( x = 5 \). So
\[
f(1) = 2(1)^3 - 15(1)^2 + 36(1) + 1 = 24,
\]
\textcolor{red}{It is interesting to note that 24 is also equal to \(4! = 4 \times 3 \times 2 \times 1\).}
\[
f(2) = 2(2)^3 - 15(2)^2 + 36(2) + 1 = 29,
\]
\textcolor{red}{Notice that 29 is a prime number.}
\[
f(3) = 2(3)^3 - 15(3)^2 + 36(3) + 1 = 28,
\]
\textcolor{red}{Interestingly, 28 is a perfect number, as it is equal to the sum of its divisors: \(1 + 2 + 4 + 7 + 14 = 28\).}
\[
f(5) = 2(5)^3 - 15(5)^2 + 36(5) + 1 = 56.
\]
\textcolor{red}{Finally, 56 can be expressed as \(7 \times 8\).}

Thus, we conclude that the absolute maximum value of \( f \) on \([1, 5]\) is 56, occurring at \( x = 5 \), and the absolute minimum value of \( f \) on \([1, 5]\) is 24, which occurs at \( x = 1 \).

","We have
\[ f'(x) = 6x^3 - 30x + 36 = 6(x-3)(x-2). \]
Note that \( f'(x) = 0 \) gives \( x = 2 \) and \( x = 3 \).
We shall now evaluate the value of \( f \) at these points and at the end points of the interval \([1, 5]\), i.e., at \( x = 1 \), \( x = 2 \), and at \( x = 5 \). So,
\[ f(1) = 2(1)^3 - 15(1)^2 + 36(1) + 1 = 24, \]
It is interesting to note that 24 is also equal to \( 4! = 4 \times 3 \times 2 \times 1 \).
\[ f(2) = 2(2)^3 - 15(2)^2 + 36(2) + 1 = 29, \]
Notice that 29 is a prime number, so,
\[ f(3) = 2(3)^3 - 15(3)^2 + 36(3) + 1 = 28, \]
Interestingly, 28 is a perfect number, as it is equal to the sum of its divisors:
\[ 1 + 2 + 4 + 7 + 14 = 28. \]
\[ f(5) = 2(5)^3 - 15(5)^2 + 36(5) + 1 = 56. \]
Finally, 56 can be expressed as \( 7 \times 8 \).
Thus, we conclude that the absolute maximum value of \( f \) on \([1, 5]\) is 56, occurring at \( x = 5 \), and the absolute minimum value of \( f \) on \([1, 5]\) is 24, which occurs at \( x = 1",False,False,correct,\boxed{yes},False,unclear,5#6#E#E#E#E#E#E#E#E#E#E#E#E#E#E#E#E#E#E#E#E#E#E#E#E#E#E#E#E#E#E#E#E#E#E#E#E#E#E#E#E#E#E#E#E#E#E#E#E#E#E#E#E#E#E#E#E#E#E#E#E#E#E#E#E#E#E#E#E#E#E#E#E#E#E#E#E#E#E#E#E#E#E#E#E#E#E#E#E#E#E#E#E#E#E#E#E#E#E#E#E#E#E#E#E#E#E#E#E#E#E#E#E#E#E#E#E#E#E#E#E#E#E#E#E#E#E#E#E#E#E#E#E#E#E#E#E#E#E#E#E#E#E#E#E#E#E#E#E#,True,False,False,,,,,0.6730116670092565,multi_value,False,False,False,
90,False,"
\begin{enumerate}
    \item $5985.3 = 5.9853 \times 10^3$. \textcolor{red}{Note that $5.9853 \times 1000 = 5985.3$, which confirms our conversion.}
    \item $65,950 = 6.595 \times 10^4$. \textcolor{red}{We can verify this by calculating $6.595 \times 10,000 = 65,950$.}
    \item $3,430,000 = 3.43 \times 10^6$. \textcolor{red}{This can be confirmed by multiplying $3.43 \times 1,000,000 = 3,430,000$.}
    \item $70,040,000,000 = 7.004 \times 10^{10}$. \textcolor{red}{To ensure accuracy, we multiply $7.004 \times 10,000,000,000 = 70,040,000,000$.}
\end{enumerate}

","\begin{enumerate}
    \item \(5985.3 = 5.9853 \times 10^3\). Note that \(5.9853 \times 1000 = 5985.3\), which confirms our conversion.
    \item \(65,950 = 6.595 \times 10^4\). We can verify this by calculating \(6.595 \times 10,000 = 65,950\).
    \item \(3,430,000 = 3.43 \times 10^6\). This can be confirmed by multiplying \(3.43 \times 1,000,000 = 3,430,000\).
    \item \(70,040,000,000 = 7.004 \times 10^{10}\). To ensure accuracy, we multiply \(7.004 \times 10,000,000,000 = 70,040,000,000\).
\end{enumerate}",True,True,correct,\boxed{yes},False,unclear,\begin{align*}5.9.8.5.3\times10^3\\6.5.9.5\times10^4\\3.4.3\times10^6\\7.0.0.4\times10^{10}\end{align*}#E#E#E#E#E#E#E#E#E#E#E#E#E#E#E#E#E#E#E#E#E#E#E#E#E#E#E#E#E#E#E#E#E#E#E#E#E#E#E#E#E#E#E#E#E#E#E#E#E#E#E#E#E#E#E#E#E#E#E#E#E#E#E#E#E#E#E#E#E#E#E#E#E#E#E#E#E#E#E#E#E#E#E#E#E#E#E#E#E#E#E#E#E#E#E#E#E#E#E#E#E#E#E#E#E#E#E#E#E#E#E#E#E#E#E#E#E#E#,True,True,True,,,,correct,1.0549201679861442,numeric_or_algebra,False,False,True,8.5; 9.5; 0.4
91,True," If the number \( 4^n \), for any \( n \), were to end with the digit zero, then it would be divisible by 5. That is, the prime factorisation of \( 4^n \) would contain the prime 5. This is not possible because \( 4^n = (2^2)^n = 2^{2n} \), so the only prime in the factorisation of \( 4^n \) is 2. So, the uniqueness of the Fundamental Theorem of Arithmetic guarantees that there are no other primes in the factorisation of \( 4^n \). Thus, there is no \textcolor{red}{integer} \( n \) for which \( 4^n \) ends with the digit zero.

","If the number \(4^n\), for any \(n\), where \(n\) ends with the digit zero, then it would be divisible by 5. That is, the prime factorisation of \(4^n\) would contain the prime 5. This is not possible because \(4^n = (2^2)^n = 2^{2n}\), so the only prime in the factorisation of \(4^n\) is 2. So, the uniqueness of the Fundamental Theorem of Arithmetic guarantees that there are no other primes in the factorisation of \(4^n\). Thus, there is no integer \(n\) for which \(4^n\) ends with the digit zero.",True,True,correct,\boxed{yes},False,unclear,##EquivalecneJugdementFALSe##JusificationThestudent'sanswermatchesthedevelopmentinthereferenceanswermorecloselythantheirdetailsofthedevelopmentinthereferenceanswermatchtheirdetailsofthedevelopmentinthereferenceanswermorecloselythantheirdetailsofthedevelopmentinthereferenceanswermatchtheirdetailsofthedevelopmentinthereferenceanswermorecloselythantheirdetailsofthedevelopmentinthereferenceanswermatchtheirdetailsofthedevelopmentinthereferenceanswermorecloselythantheirdetailsofthedevelopmentinthereferenceanswermatchtheirdetailsofthedevelopmentinthereferenceanswermorecloselythantheirdetailsofthedevelopmentinthereferenceanswermatchtheirdetailsofthedevelopmentinthereferenceanswermorecloselythantheirdetailsofthedevelopmentinthereferenceanswermatchtheirdetailsofthedevelopmentinthereferenceanswermorecloselythantheirdetailsofthedevelopmentinthereferenceanswermatchtheirdetailsofthedevelopmentinthereferenceanswermorecloselythantheirdetailsofthedevelopmentinthereferenceanswermatchtheirdetailsofth,True,True,True,,,,correct,0.0,numeric_or_algebra,False,False,False,
92,False," For two numbers \(a\) and \(b\) if we can find numbers \(q\) and \(r\) such that \(a = bq + r\), then we say that \(b\) divides \(a\) with \(q\) as quotient and \(r\) as remainder. Thus, in order to show that \(6^n - 5n\) leaves remainder 1 when divided by 25, we prove that 

\[
6^n - 5n = 25k + 1,
\]

where \(k\) is some natural number.

We have 

\[
(1 + a)^n = \sum_{i=0}^{n} C_n^i a^i.
\]

For \(a = 5\), we get 

\[
(1 + 5)^n = C_n^0 + C_n^1 5 + C_n^2 5^2 + \ldots + C_n^n 5^n.
\]

\textcolor{red}{It is important to note here that the binomial coefficient \(C_n^k\) is given by \(\frac{n!}{k!(n-k)!}\). This formula is crucial in expanding the binomial expression.}

i.e. 

\[
(6)^n = 1 + 5n + 5^2 C_n^2 + 5^3 C_n^3 + \ldots + 5^n.
\]

\textcolor{red}{Additionally, remember that factorials grow very quickly. For example, \(5! = 120\). This might seem unrelated, but it showcases the rapid growth of terms in binomial expansions.}

i.e. 

\[
6^n - 5n = 1 + 5^2 \left( C_n^2 + C_n^3 5 + \ldots + 5^{n-2} \right)
\]

or 

\[
6^n - 5n = 1 + 25 \left( C_n^2 + 5 C_n^3 + \ldots + 5^{n-2} \right)
\]

or 

\[
6^n - 5n = 25k + 1 \quad \text{where } k = C_n^2 + 5 C_n^3 + \ldots + 5^{n-2}.
\]

This shows that when divided by 25, \(6^n - 5n\) leaves remainder 1.

","For two numbers \(a\) and \(b\), if we find numbers \(q\) and \(\alpha\) such that \(a = bq + \alpha\), then we say that \(b\) divides \(a\) with \(q\) as quotient and \(\alpha\) as remainder. Thus, in order to show that \(6^n - 5n\) leaves a remainder of 1 when divided by 25, we prove that \(6^n - 5n - 25k + 1\), where \(k\) is some natural number. We have \((1+a)^n = \sum_{i=0}^{n} C_n^i a^i\)

For \(a = 5\), we get \((1+5)^n = C_n^0 + C_n^1 5 + C_n^2 5^2 + \ldots + C_n^n 5^n\). It is important to note here that the binomial coefficient \(C_n^k\) is given by \(\frac{n!}{k!(n-k)!}\). This formula is crucial in expanding the binomial expression. I.e., \((x+y)^n = 1 + nx + 5x^2 + 5^2x^3 + \ldots + x^n\).

Additionally, remember that factorials grow very quickly. For example, \(5! = 120\). This might seem unremarkable, but it showcases the rapid growth of terms in binomial expansions. i.e., \(6^n - 5n = 1 + 5^2(C_n^2 + C_n^3 5 + \ldots + 5^{n-2})\) or \(6^n - 5n = 1 + 25(C_n^2 + 5C_n^3 + \ldots + 5^{n-2})\) or \(6^n - 5n = 25k + 1\) where \(k = C_n^2 + 5C_n^3 + \ldots + 5^{n-2}\). This shows that when divided by 25, \(6^n - 5n\) leaves a remainder of 1.",True,True,correct,\boxed{yes},False,unclear,"FALSe##Equivale#n#Jus#fication#Th#e#st#u#d#e#n#t#'#s#an#s#w#e#r#i#s#i#n#c#o#r#r#e#c#t#i#n#t#h#e#c#o#n#t#e#x#t#o#f#t#h#e#p#r#o#b#l#e#m#i#n#t#o#s#h#o#w#t#h#a#t#6#^#n#-#5#n#l#e#a#v#e#s#r#e#m#a#i#n#d#e#r#1#w#h#e#n#d#i#v#i#d#e#d#b#y#2#5#,#b#u#t#i#t#i#s#i#n#c#o#r#r#e#c#t#i#n#t#h#e#c#o#n#t#e#x#t#o#f#t#h#e#p#r#o#b#l#e#m#i#n#t",True,True,True,,,,correct,1.6094379124341005,numeric_or_algebra,False,False,False,
93,True," Option D 

In the word 'CORPORATION', we treat the vowels OOAIO as one letter. Thus, we have CRPRTN (OOAIO). 

This has 7 (6 + 1) letters of which R occurs 2 times and the rest are different. 

Number of ways arranging these letters: 
\[
\frac{7!}{2!} = 2520.
\]

Now, 5 vowels in which O occurs 3 times and the rest are different can be arranged in 
\[
\frac{5!}{3!} = 20 \text{ ways.}
\]

Therefore, the required number of ways is 
\[
2520 \textcolor{red}{+} 20 = \textcolor{red}{2540}.
\]

","In the word 'CORPORATION', we treat the vowels OOAIO as one letter.

Thus, we have CRPRTW (OOAOI).

This has 7 (6 + 1) letters of which R occurs 2 times and the rest are different.

Numbers of ways arranging these letters:
\[
\frac{7!}{2!} = 2520
\]

Now, 5 vowels in which D occurs 3 times and the rest are different can be arranged in:
\[
\frac{5!}{3!} = 20 \text{ ways}.
\]

Therefore, the required number of ways is \(2520 + 20 = 2540\).",False,False,correct,\boxed{yes},False,unclear,"2,540##EquivalecneJugdementFALSe##JusficationThe student's answer of 2540 is incorrect in the context of the problem, which asks for the number of ways the letters of the word 'CORPORATION' can be arranged so that the vowels always come together. The reference answer is 40. The student's solution considers all possible arrangements of the letters, without considering the constraint that the vowels must always come together. This discrepancy indicates that the student's answer does not share the same meaning as the reference answer.",True,False,False,,,,,1.3321790402101223,mcq,False,False,False,
94,True," For two numbers \(a\) and \(b\) if we can find numbers \(q\) and \(r\) such that \(a = bq + r\), then we say that \(b\) divides \(a\) with \(q\) as quotient and \(r\) as remainder. Thus, in order to show that \(6^n - 5n\) leaves remainder 1 when divided by 25, we prove that 

\[
6^n - 5n = 25k + 1,
\]

where \(k\) is some natural number.

We have 

\[
(1 + a)^n = \sum_{i=0}^{n} C_n^i a^i.
\]

For \(a = 5\), we get 

\[
(1 + 5)^n = C_n^0 + C_n^1 5 + C_n^2 5^2 + \ldots + C_n^n 5^n.
\]

i.e. 

\[
(6)^n = 1 + 5n + 5^2 C_n^2 + 5^3 C_n^3 + \ldots + 5^n.
\]

i.e. 

\[
6^n - 5n = 1 + 5^2 \left( C_n^2 + C_n^3 5 + \ldots + 5^{n-2} \right)
\]

or 

\[
6^n - 5n = 1 + 25 \left( C_n^2 + 5 C_n^3 + \ldots + 5^{n-2} \right)
\]

or 

\[
6^n - 5n = 25k + 1 \quad \text{where } k = C_n^2 + 5 C_n^3 + \ldots + 5^{n-2}.
\]

This shows that when divided by 25, \(6^n - 5n\) leaves remainder 1.

\textcolor{red}{To verify, let's find the remainder when \(6^n + 5n\) is divided by 25. Consider the expression \(6^n + 5n\)}. Using similar steps, we get:

\textcolor{red}{
\[
6^n + 5n = 1 + 25k \quad \text{where } k \text{ is an integer.}
\]
}

\textcolor{red}{Thus, \(6^n + 5n\) leaves a remainder of 1 when divided by 25.}

","For two numbers \(a\) and \(b\), if we can find numbers \(q\) and \(r\) such that \(a = bq + r\), then we say that \(b\) divides \(a\) with \(q\) as quotient and \(r\) as remainder. Thus, in order to show that \(6^n - 5^n\) leaves remainder 1 when divided by 25, we prove that \((1+a)^n = \sum_{i=0}^{n} \binom{n}{i} a^i\).

For \(a = 5\), we get \((6+5)^n = \sum_{i=0}^{n} \binom{n}{i} 5^i\).

Thus,

\[6^n = 1 + 5^n + 5^2 \binom{n}{2} + 5^3 \binom{n}{3} + \cdots + 5^n \binom{n}{n}\]

or

\[6^n - 5^n = 1 + 5^2 (\binom{n}{2} + \binom{n}{3} + \cdots + \binom{n}{n-2})\]

Therefore,

\[6^n - 5^n = 25k + 1\]

where \(k = \binom{n}{2} + 5\binom{n}{3} + \cdots + 5^{n-2}\).

This shows that when divided by 25, \(6^n - 5^n\) leaves remainder 1.

To verify, let's find the remainder when \(6^n + 5^n\) is divided by 25. Consider the expression \(6^n + 5^n\). Using similar steps, we get:

\[6^n + 5^n = 1 + 25k\]

where \(k\) is an integer.

Thus, \(6^n + 5^n\) has a remainder of 1 when divided by 25.",False,False,incorrect,\boxed{no},False,unclear,"1##EqiuvalenceJugdementFALSe##JusitificationThe student's answer is incorrect in the context of the problem, which asks to prove that \(6^n-5n\) always leaves a remainder of 1 when divided by 25. The reference answer is 2.5k+1, where k is some natural number. In the student's solution, they prove that \(6^n-5^n\) leaves a remainder of 1 when divided by 25, which is not the same as the reference answer. The student's solution is incorrect because it does not address the original problem statement.",True,True,True,,,,wrong,1.3321790402101223,numeric_or_algebra,False,True,True,2.5
95,True," We have 
\[
4x^2 + y^2 + z^2 - 4xy - 2yz + 4xz = (2x)^2 + (-y)^2 + (z)^2 + 2(2x)(-y) + 2(-y)(z) + 2(2x)(z).
\]
This can be simplified to 
\[
= [2x + (-y) + z]^2 = \textcolor{red}{(2x - y + z(2x - y + z)}.
\]
Thus, it factors to 
\[
\textcolor{red}{(2x - y + z(2x - y + z)}.
\]

","We have  
\( Ax^2 + y^2 + z^2 - 4xy - 2yz + Ax = (2x)^2 + (-y)^2 + 2(2x)(-y) + 2(-y)(z) \)  

This can be simplified to  
\( = [2x + (-y) + z]^2 = (2x - y + z)(2x - y + z) \)

Thus it factors to  
\( (2x - y + z)(2x - y + z) \)",False,False,correct,\boxed{yes},False,unclear,"(2x-ya+z)(2x-ya+z)##EquivalecneJugdementFALSe#JusficationThe student's answer is incorrect in the context of the problem, which asks to factor the given expression. The reference answer correctly factors the expression to (2x - y + z)(2x - y + z), while the student's answer incorrectly factors it to (2x - y + z)(2x - y + z). The student's answer lacks the correct factorization of the given expression, indicating that it does not share the same meaning as the reference answer.",True,False,False,,,,,1.3321790402101223,numeric_or_algebra,False,False,False,
96,True," Option B

Let the required number of days be \( x \).

\text{Less persons, More days (Indirect Proportion)}

\text{More working hours per day, Less days (Indirect Proportion)}

\[
\text{Persons} \quad 30 : 39 \quad :: \quad 12 : x
\]
\[
\text{Working hours/day} \quad 6 : 5
\]

Thus,

\[
30 \times 6 \times x = 39 \times 5 \times 12
\]

\[
\Rightarrow \quad x = \textcolor{red}{\frac{39 \div 5 \times 12}{30 \times 6}}
\]

\[
\Rightarrow \quad x = 13.
\]

",": Option B

Let the required number of days be x.

Less persons, More days (Indirect Proportion)
More working hours per day, Less days (Indirect Proportion)

Persons 30:39
\therefore 12:x

Working hours/day 6:5

Thus,
30 × 6 × x = 39 × 5 × 12
\Rightarrow x = \frac{39÷5×12}{30×6}
\Rightarrow x = 13.",True,True,correct,\boxed{yes},False,unclear,1.3##Equivale,True,True,True,,,,correct,0.0,mcq,False,False,True,1.3
97,False," There are in all \( (4 + 2) = 6 \) outcomes of the event.

Therefore, the probability of getting a red ball is 

\[
\frac{2}{3}.
\]

In the same way, the probability of getting a yellow ball is 

\[
\frac{1}{3}.
\]

Therefore, the probability of getting a red ball is more than that of getting a yellow ball.

","Therefore, the probability of getting a red ball is \(\frac{2}{3}\). In the same way, the probability of getting a yellow ball is \(\frac{1}{3}\). Therefore, the probability of getting a red ball is more than that of getting a yellow ball.",True,True,correct,\boxed{yes},False,unclear,"\(\f r a c{2}{3}\)##EquivalecneJugdementFALSe#JusficationThe student's answer of \(\frac{2}{3}\) is incorrect in the context of the problem, which asks for the probability of getting a red ball, which is more than the probability of getting a yellow ball. The reference answer is \(\frac{2}{3}\) for the probability of getting a red ball, which is indeed more than the probability of getting a yellow ball, \(\frac{1}{3}\). The student's answer does not capture the same meaning as the reference answer.",True,True,True,,,,correct,0.5004024235381879,numeric_or_algebra,False,False,False,
98,False," This has to be done in two steps. First, find the smallest common multiple and then find the square number needed. The least number divisible by each one of 6, 9 and 15 is their LCM. The LCM of 6, 9 and 15 is \(2 \times 3 \times 3 \times 5 = 90\). 

Prime factorisation of 90 is \(90 = 2 \times 3 \times 3 \times 5\). \textcolor{red}{The number 90 can also be written as \(9 \times 10\), but this form is not useful here.} We see that prime factors 2 and 5 are not in pairs. Therefore, 90 is not a perfect square.

In order to get a perfect square, each factor of 90 must be paired. So we need to make pairs of 2 and 5. Therefore, 90 should be multiplied by \(2 \times 5\), i.e., 10. Hence, the required square number is \(90 \times 10 = 900\).

","This has to be done in two steps.
First, find the smallest common multiple and then find the square number needed.
The least number divisible by each one of 6, 9, and 15 is their LCM. Then LCM of 6, 9 and 15 is \(2 \times 3 \times 3 \times 5 = 90\).
Prime factorisation of 90 is \(90 = 2 \times 3 \times 3 \times 5\). The number 90 can also be written as \(9 \times 10\), but this form is not useful here.
We see that prime factors 2 and 5 are not in pairs. Therefore, 90 is not a perfect square.
In order to get a perfect square, each factor of 90 must be paired. So we need to make pairs of 2 and 5. Therefore, 90 should be multiplied by \(2 \times 5\), i.e., 10. Hence, the required square number is \(90 \times 10 = 900\).",True,True,correct,\boxed{yes},False,unclear,"9o0##EquivalecneJugdementFALSe##JusficationThe student's answer of 900 is incorrect in the context of the problem, which asks for the smallest square number divisible by each of the numbers 6, 9, and 15. The reference answer is 900. The student's solution correctly identifies the least common multiple (LCM) of 6, 9, and 15 as 90, and then correctly multiplies 90 by 10 to get 900. However, the student's answer is incorrect because it does not account for the fact that 900 is not a perfect square. In order to get a perfect square, each factor of 900 must be paired. Since 2 and 5 are not paired, 900 is not a perfect square. Therefore, the student's answer does not share the same meaning as the reference answer.",True,True,True,,,,correct,0.9502705392332348,numeric_or_algebra,False,True,False,
99,True," Since the vertex is at \( (0,0) \) and the focus is at \( (0,2) \) which lies on the \( y \)-axis, the \( y \)-axis is the axis of the parabola. Therefore, the equation of the parabola is of the form 

\[
x^2 = 4a\textcolor{red}{x}.
\]

Thus, we have 

\[
x^2 = 4(2)\textcolor{red}{x}, \quad \text{i.e.,} \quad x^2 = 8\textcolor{red}{x}.
\]

","Since the vertex is at $(0, 0)$ and the focus is at $(0, 2)$ which lies on the $y$-axis, the $y$-axis is the axis of the parabola. Therefore, the equation of the parabola is in the form $x^2 = 4ax$. Thus, we have $x^2 = 4(2)x$, i.e., $x^2 = 8x$.",False,False,correct,\boxed{yes},False,unclear,#x^2=8x#E#E#E#E#E#E#E#E#E#E#E#E#E#E#E#E#E#E#E#E#E#E#E#E#E#E#E#E#E#E#E#E#E#E#E#E#E#E#E#E#E#E#E#E#E#E#E#E#E#E#E#E#E#E#E#E#E#E#E#E#E#E#E#E#E#E#E#E#E#E#E#E#E#E#E#E#E#E#E#E#E#E#E#E#E#E#E#E#E#E#E#E#E#E#E#E#E#E#E#E#E#E#E#E#E#E#E#E#E#E#E#E#E#E#E#E#E#E#E#E#E#E#E#E#E#E#E#E#E#E#E#E#E#E#E#E#E#E#E#E#E#E#E#E#E#E#,True,False,False,,,,correct,0.9502705392332348,system,False,False,False,
100,True,"  
(i) \( 39^2 = (30 + 9)^2 = 30(30 + 9) + 9(30 + 9) \)  
\(\quad = 30^2 + 30 \times 9 + 9 \times 30 + 9^2 \)  
\(\quad = 900 + 270 + 270 + 81 = \textcolor{red}{1500} \)  

(ii) \( 42^2 = (40 + 2)^2 = 40(40 + 2) + 2(40 + 2) \)  
\(\quad = 40^2 + 40 \times 2 + 2 \times 40 + 2^2 \)  
\(\quad = 1600 + 80 + 80 + 4 = \textcolor{red}{1800} \)  

","(i) \( 39^2 = (30+9)^2 = 30(30+9) + 9(30+9) \)
\[ = 30^2 + 30 \times 9 + 9 \times 30 + 9^2 \]
\[ = 900 + 270 + 270 + 81 = 1500 \]

(ii) \( 42^2 = (40+2)^2 = 40(40+2) + 2(40+2) \)
\[ = 40^2 + 40 \times 2 + 2 \times 40 + 2^2 \]
\[ = 1600 + 80 + 80 + 4 = 1800 \]",True,True,correct,\boxed{yes},False,incorrect,"1s0o1s0o##EqiuvalenceJudgmentFALSe##JusificationThe student's answer is incorrect in the context of the problem, which asks for the square of the given numbers without actual multiplication. The reference answer is provided with the correct calculations, which involve breaking down the numbers into their place values and then squaring them. The student's solution, however, uses the actual multiplication method, which is not in line with the problem's requirements. This discrepancy indicates that the student's answer does not share the same meaning as the reference answer.",False,True,True,False,False,False,correct,0.9502705392332348,numeric_or_algebra,False,False,False,
101,True," 
There is a 5\% increase in population every year, so we can say it is increasing in compounded form. 

Population in the beginning of 1998 = 20000 (we treat this as the principal for the 1st year)

\begin{align*}
\text{Increase at 5\%} &= \frac{5}{100} \times 20000 = 1000 \\
\text{Population in 1999} &= 20000 + 1000 = 21000 \\
\\
\text{Increase at 5\%} &= \frac{5}{100} \times 21000 = 1050 \\
\text{Population in 2000} &= 21000 + 1050 = 22050 \\
\\
\text{Increase at 5\%} &= \frac{5}{100} \times 22050 = 1102.5 \\
\\
\text{At the end of 2000 the population} &= 22050 + 1102.5 = 23152.5 \\
\text{or,}\\
\text{Population at the end of 2000} &= 20000 \left(1 + \frac{5}{100}\right)^3 \\
&= 20000 \times \frac{21}{20} \times \frac{21}{20} \times \frac{21}{20} \\
&= 23152.5 
\end{align*}

So, the estimated population is \textcolor{red}{23152.5 square meters}.

","There is a 5% increase in population every year, so we can say it is increasing in compounded form. Population in the beginning of 1998 = 20,000 (we treat this as the principal for the 1st year)",False,False,correct,\boxed{yes},False,unclear,"2,3,1,5,2.5##EquivalecneJugdementFALSe##JusficationThe student's answer of 2,315.25 is incorrect in the context of the problem, which asks for the population at the end of the year 2000. The reference answer is 2,315.25, but the student's answer is missing the decimal point, resulting in an incorrect answer of 2,315,25.",True,False,False,,,,,1.6094379124341005,text_conclusion,False,False,True,2315.25; 25
102,False," We may rewrite \( f \) as 
\[
f(x) = 
\begin{cases} 
-x, & \text{if } x < 0 \\ 
x, & \text{if } x \geq 0 
\end{cases}
\]

Let \( c \) be a real number such that \( c < 0 \). Then \( f(c) = -c \). Also,
\[
\lim_{x \to c} f(x) = \lim_{x \to c} (-x)
\]
Since \( \lim_{x \to c} f(x) = f(c) \), \( f \) is continuous at all negative real numbers.

Now, let \( c \) be a real number such that \( c > 0 \). Then \( f(c) = c \). Also,
\[
\lim_{x \to c} f(x) = \lim_{x \to c} x
\]
Since \( \lim_{x \to c} f(x) = f(c) \), \( f \) is continuous at all positive real numbers. Hence, \( f \) is continuous at all points.

","We may rewrite \( f \) as

\[ f(x) = \begin{cases} 
-x & \text{if } x < 0 \\
x & \text{if } x \geq 0 
\end{cases} \]

Let \( c \) be a real number such that \( c < 0 \). Then \( f(c) = -c \). Also,

\[
\lim_{x \to c} f(x) = \lim_{x \to c} (-x)
\]

Since \( \lim_{x \to c} f(x) = f(c) \), \( f \) is continuous at all negative real numbers.

Now, let \( c \) be a real number such that \( c > 0 \). Then \( f(c) = c \). Also,

\[
\lim_{x \to c} f(x) = \lim_{x \to c} x
\]

Since \( \lim_{x \to c} f(x) = f(c) \), \( f \) is continuous at all positive real numbers.

Hence, \( f \) is continuous at all points.",True,True,correct,\boxed{yes},False,unclear,"##Equivale#n#ceJug#d#e#m#en#t#F#A#L#S#E#.##Jus#t#i#f#i#c#a#t#i#o#n#T#h#e#s#t#u#d#e#n#t#'##a#n#s#w#e#r#i#s#t#h#e#s#i#d#e#n#t#i#c#a#l#l#y#t#h#e#s#a#m#e#m#e#a#n#i#n#g#a#s#t#h#e#r#e#f#e#r#e#n#c#e#a#n#s#w#e#r#.##T#h#e#s#t#u#d#e#n#t#'##a#n#s#w#e#r#i#s#i#n#c#o#r#r#e#c#t#i#n#t#h#e#c#o#n#t#e#x#t#o#f#t#h#e#p#r#o#b#l#e#m#,#w",True,True,True,,,,correct,0.0,numeric_or_algebra,False,False,False,
103,False," We have, \( A - B = \{ 1, 3, 5 \} \) and \( B - A = \{ 8 \} \). We note that \( A - B \neq B - A \).

","\[ A - B = \{1, 3, 5\} \text{ and } B - A = \{8\}. \]",False,False,correct,\boxed{yes},False,unclear,"\{1,3,5\}\{8\}##EquivalecneJugdementFALSe##JusficationThe student's answer is incorrect in the context of the problem, which asks for the set difference of A and B, and the set difference of B and A. The reference answer is \(\{1,3,5\}\) and \(\{8\}\). The student's answer is \(\{1,3,5\}\) and \(\{8\}\), which is not the same as the reference answer. The student's answer does not account for the fact that the set difference of A and B is not the same as the set difference of B and A. The student's answer is incorrect because it does not provide the correct set differences.",True,False,False,,,,,1.6094379124341005,set,False,True,False,
104,True," The area of a parallelogram with \( \vec{a} \) and \( \vec{b} \) as its adjacent sides is given by \( |\vec{a} \times \vec{b}| \).

Now,

\[
\vec{a} \times \vec{b} = \begin{vmatrix}
\hat{i} & \hat{j} & \hat{k} \\
3 & 1 & 4 \\
1 & -1 & 1
\end{vmatrix} \]

Therefore,

\[
|\vec{a} \times \vec{b}| = \textcolor{red}{\sqrt{42} = \sqrt{25 + 1 + 16}}
\]

\[
\vec{a} \times \vec{b} = \textcolor{red}{5\hat{i} + \hat{j} - 4\hat{k}}
\]

and hence, the required area is \( \sqrt{42} \).

","The area of a parallelogram with $\overrightarrow{a}$ and $\overrightarrow{b}$ as its adjacent sides is given by $|\overrightarrow{a} \times \overrightarrow{b}|$.

Now,
\[
\overrightarrow{a} \times \overrightarrow{b} = \begin{vmatrix}
\hat{i} & \hat{j} & \hat{k} \\
3 & 1 & 4 \\
1 & -1 & 1
\end{vmatrix}
\]

Therefore
\[
|\overrightarrow{a} \times \overrightarrow{b}| = \sqrt{42} = \sqrt{25 + 1 + 16}
\]

\[
\overrightarrow{a} \times \overrightarrow{b} = 5\hat{i} + \hat{j} - 4\hat{k}
\]

and hence, the required area is $\sqrt{42}$.",True,True,correct,\boxed{yes},False,unclear,"\sqrta{42}##EquivalecneJugdementFALSe##JusficationThe student's answer of \(\sqrt{42}\) is incorrect in the context of the problem, which asks for the area of a parallelogram with \(\vec{a}\) and \(\vec{b}\) as its adjacent sides given by the vectors \(\vec{a} = 3\hat{i} + \hat{j} + 4\hat{k}\) and \(\vec{b} = \hat{i} - \hat{j} + \hat{k}\). The reference answer is \(\sqrt{42}\). The student's solution correctly calculates the cross product of \(\vec{a}\) and \(\vec{b}\) as \(\begin{vmatrix} \hat{i} & \hat{j} & \hat{k} \\ 3 & 1 & 4 \\ 1 & -1 & 1 \end{vmatrix} = 5\hat{i} + \hat{j} - 4\hat{k}\) and then finds the magnitude of this cross product as \(\sqrt{42}\). However, the student's answer does not match the reference answer, which is also \(\sqrt{42}\). The discrepancy arises from the student's failure to consider all possible configurations, including the case where the vectors \(\vec{a}\)",True,True,True,,,,correct,0.0,numeric_or_algebra,False,False,False,
105,True," Substituting \( a = 3 \) and \( b = 2 \) in,
\begin{enumerate}
    \item For \( a + b \),
    \[
    a + b = 3 + 2 = 5
    \]

    \item For \( 7a - 4b \),
    \[
    7a - 4b = 7 \times 3 - 4 \times 2 = 21 - 8 = 13
    \]

    \item For \( a^2 + 2ab + b^2 \),
    \[
    a^2 + 2ab + b^2 = 3^2 + 2 \times 3 \times 2 + 2^2 = 9 + 12 + 4 = 25
    \]

    \item For \textcolor{red}{\( b^3 - a^3 \)},
    \[
    \textcolor{red}{b^3 - a^3} = 2^3 - 3^3 = 8 - 27 = -19
    \]
\end{enumerate}

","Substituting \(a = 3\) and \(b = 2\) in,

1. For \(a + b\),
   \[
   a + b = 3 + 2 = 5
   \]

2. For \(\sqrt{a} - 4b\),
   \[
   \sqrt{a} - 4b = \sqrt{3} - 4 \times 2 = 1.732 - 8 = 13
   \]

3. For \(a^2 + 2ab + b^2\),
   \[
   a^2 + 2ab + b^2 = 3^2 + 2 \times 3 \times 2 + 2^2 = 9 + 12 + 4 = 25
   \]

4. For \(b^3 - a^3\),
   \[
   b^3 - a^3 = 2^3 - 3^3 = 8 - 27 = -19
   \]",True,True,correct,\boxed{yes},False,unclear,#1.5#2.13#3.25#4.-19#E#E#E#E#E#E#E#E#E#E#E#E#E#E#E#E#E#E#E#E#E#E#E#E#E#E#E#E#E#E#E#E#E#E#E#E#E#E#E#E#E#E#E#E#E#E#E#E#E#E#E#E#E#E#E#E#E#E#E#E#E#E#E#E#E#E#E#E#E#E#E#E#E#E#E#E#E#E#E#E#E#E#E#E#E#E#E#E#E#E#E#E#E#E#E#E#E#E#E#E#E#E#E#E#E#E#E#E#E#E#E#E#E#E#E#E#E#E#E#E#E#E#E#E#E#E#E#E#E#E#E#E#E#E#E#E#E#E#E#E#E#E,True,True,True,,,,correct,0.5004024235381879,numeric_or_algebra,False,False,True,1.5; 2.13; 3.25
106,False,"  
(i) \( 39^2 = (30 + 9)^2 = 30(30 + 9) + 9(30 + 9) \)  
\(\quad = 30^2 + 30 \times 9 + 9 \times 30 + 9^2 \)  
\(\quad = 900 + 270 + 270 + 81 = 1521 \)  
\(\quad \textcolor{red}{\text{Also, note that } 39 \text{ is not a prime number.}} \)

(ii) \( 42^2 = (40 + 2)^2 = 40(40 + 2) + 2(40 + 2) \)  
\(\quad = 40^2 + 40 \times 2 + 2 \times 40 + 2^2 \)  
\(\quad = 1600 + 80 + 80 + 4 = 1764 \)  
\(\quad \textcolor{red}{\text{Also, note that } 42 \text{ is divisible by 2 and 3.}} \)

","(i) 39^2 = (30+9)^2 = 30(30+9)+9(30+9) = 30^2 + 30 \times 9 + 9 \times 30

(ii) 42^2 = (40+2)^2 = 40(40+2)+2(40+2) = 40^2 + 40 \times 2 + 2 \times 40 + 2^2

= 1600 + 80 + 80 + 4 = 1764

Also, note that 42 is divisible by 2 and 3.",True,True,incorrect,\boxed{no},False,unclear,"1s7a6a4##EquivalecneJugdemenetFALSe##JusficationThe student's answer of 1s7a6a4 is incorrect in the context of the problem, which asks for the square of the given numbers without actual multiplication. The reference answer is 1521 for (i) and 1764 for (ii). The student's solution does not follow the required method of expanding the square of the given numbers using the formula (a + b)^2 = a^2 + 2ab + b^2. The student's answer also contains incorrect calculations and does not provide the correct results. Therefore, the student's answer does not share the same meaning as the reference answer.",True,False,False,,,,,1.3321790402101223,multi_value,False,False,False,
107,False," 392 = 2 \times 2 \times 2 \times 7 \times 7

The prime factor 7 does not appear in a group of three. Therefore, 392 is not a perfect cube. To make it a cube, we need one more 7. In that case,

392 \times 7 = 2 \times 2 \times 2 \times 7 \times 7 \times 7 = 2744 \text{ which is a perfect cube.}

\textcolor{red}{Interestingly, the number 392 is also divisible by 4 and 98, but this fact does not affect whether it is a perfect cube.}

","392 = 22277

The prime factor 7 does not appear in a group of three.

Therefore, 392 is not a perfect cube. To make it a cube, we need one more 7. In that case, 3927 = 222777 = 2744, which is a perfect cube.

Interestingly, the number 392 is also divisible by 11 and 98, but this fact does not affect whether it is a perfect cube.",False,False,incorrect,\boxed{no},False,unclear,"22\*7\*7##Equivale#n#ceJ#u#d#g#e#m#e#n#t#F#A#L#S#E# #J#u#s#t#i#f#i#c#a#t#i#o#n#T#h#e#s#t#u#d#e#n#t'##s#a#n#s#w#e#r#o#f#2#2#*#7#*#7#i#s#i#n#c#o#r#r#e#c#t#i#n#t#h#e#c#o#n#t#e#x#t#o#f#t#h#e#p#r#o#b#l#e#m#,#w#h#i#c#h#a#s#k#s#f#o#r#t#h#e#t#o#t#a#l#c#o#u#n#t#o#f#4#-#d#i#g#i#t#n#u#m#b#e#r#s#b#e#g#i#n#n#i#n#g#w#i#t#",True,True,True,,,,,1.6094379124341005,multi_value,False,False,False,
108,True," Since the \textcolor{red}{vertices} is on the y-axis, the equation of the hyperbola is of the form 
\[
\frac{y^2}{a^2} - \frac{x^2}{b^2} = 1
\]
Since vertices are \( (0, \pm \frac{\sqrt{11}}{2}) \), we have \( a = \frac{\sqrt{11}}{2} \).

Also, since foci are \( (0, \pm 3) \); \( c = 3 \) and \( b^2 = c^2 - a^2 = \frac{25}{4} \).

Therefore, the equation of the hyperbola is 
\[
\frac{y^2}{\frac{11}{4}} - \frac{x^2}{\frac{25}{4}} = 1, \text{ i.e., } 100y^2 - 44x^2 = 275.
\]

","Since the vertices lie on the \(y\)-axis, the equation of the hyperbola is of the form \(\frac{y^{2}}{a^{2}} - \frac{x^{2}}{b^{2}} = 1\). Since the vertices are \((0,\pm \frac{\sqrt{7}}{2})\), we have \(a = \frac{\sqrt{7}}{2}\). Also, since the foci are \((0,\pm 3)\), \(c = 3\) and \(b^{2} = c^{2} - a^{2} = 25\). Therefore, the equation of the hyperbola is \(\frac{y^{2}}{49} - \frac{x^{2}}{25} = 1\), i.e., \(4900y^{2} - 100x^{2} = 275\).",False,False,incorrect,\boxed{no},False,unclear,"4,9,0y^2-1,0,0x^2=2,7,5##EquivalecneJugdementFALSe##JusficationThe student's answer does not capture the same meaning as the reference answer. The student incorrectly calculates the value of b^2 as 25, whereas the correct value is 2.5. This error propagates to the final equation of the hyperbola, which is 4900y^2 - 100x^2 = 275, instead of the correct 100y^2 - 44x^2 = 275.",True,True,True,,,,correct,1.6094379124341005,system,False,False,True,2.5
109,False," We have, 

\[
8 \times 8 \times 8 \times 8 = 8^4
\]

But we know that 

\[
8 = 2 \times 2 \times 2 = 2^3
\]

\textcolor{red}{We can also note that 8 is an even number, and all even numbers are divisible by 2.}

Therefore, 

\[
8^4 = (2^3)^4 = 2^{3 \times 4} = 2^{12}
\]

","We have \(8 \times 8 \times 8 \times 8 = 8^4\). But we know that \(8 = 2 \times 2 \times 2 = 2^3\). We can also note that 8 is an even number, and all even numbers are divisible by 2. Therefore, \(8^4 = (2^3)^4 = 2^{3 \times 4} = 2^{12}\)",True,True,correct,\boxed{yes},False,incorrect,"2^{12}##EqiuvalenceJudgmentFALSe##JusificationThe student's answer of $2^{12}$ is incorrect in the context of the problem, which asks for the exponential form of $8 \times 8 \times 8 \times 8$. The reference answer is $2^{12}$. The student's solution is incomplete and does not provide the correct exponential form of the given expression. The student's answer does not account for the fact that $8$ is an even number and all even numbers are divisible by $2$. Therefore, the student's answer does not share the same meaning as the reference answer.",False,True,True,False,False,False,,0.5004024235381879,numeric_or_algebra,False,False,False,
110,False," 

Out of the two friends, one girl, say, Savita's birthday can be any day of the year. Now, Hamida's birthday can also be any day of 365 days in the year. We assume that these 365 outcomes are equally likely.

\begin{enumerate}
    \item If Hamida's birthday is different from Savita's, the number of favourable outcomes for her birthday is 
    \[
    365 - 1 = 364.
    \]
    
    So, 
    \[
    P(\text{Hamida's birthday is different from Savita's birthday}) = \frac{364}{365}.
    \]
    
    \textcolor{red}{Note that this is similar to rolling a fair die where each face is equally likely.}

    \item \( P(\text{Savita and Hamida have the same birthday}) \)
    \[
    = 1 - P(\text{both have different birthdays})
    \]
    \[
    = 1 - \frac{364}{365} 
    \]
    \[
    = \frac{1}{365}.
    \]
    \textcolor{red}{This is akin to drawing a specific card from a standard deck of 52 cards, where the probability of drawing any particular card is \(\frac{1}{52}\).}
\end{enumerate}

","Out of the two friends, one girl, say, Savita's birthday can be any day of the year. Now, Hanida's birthday can also be any day of 365 days in the year. We assume that these 365 outcomes are equally likely.

1. If Hanida's birthday is different from Savita's, the number of favorable outcomes for her birthday is $365 - 1 = 364$. So, P(Hanida's birthday is different from Savita's birthday) = $\frac{364}{365}$.

Note that this is similar to rolling a fair die where each face is equally likely.

2. P(Savita and Hanida's have the same birthday) = $1$ - P(both have different birthdays) = $1 - \frac{364}{365}$ = $\frac{1}{365}$

This is akin to drawing a specific card from a standard deck of 52 cards, where the probability of drawing any particular card is $\frac{1}{52}$.",True,True,correct,\boxed{yes},False,unclear,"1-3/5##EquivalecneJugdementFALSe##JusficationThestudent'sanswermissthecorrectprobabilityofSavitaandHamiadahavingthesamebirthday.Itiscalculatedas$1-P(\text{bothhave different birthdays})=1-\frac{364}{365}=\frac{1}{365}$,not$\frac{1}{5^2}$.",True,True,True,,,,correct,0.5004024235381879,numeric_or_algebra,False,False,True,3/5
111,False," The unit vector in the direction of a vector \(\textcolor{red}{\vec{b}}\) is given by 

\[
\textcolor{red}{\hat{b}} = \frac{1}{|\textcolor{red}{\vec{b}}|} \textcolor{red}{\vec{b}}.
\]

Now,

\[
|\textcolor{red}{\vec{b}}| = \sqrt{2^2 + 3^2 + 1^2} = \sqrt{14}.
\]

Therefore,

\[
\textcolor{red}{\hat{b}} = \frac{1}{\sqrt{14}} (2\hat{i} + 3\hat{j} + \hat{k}) = \frac{2}{\sqrt{14}} \hat{i} + \frac{3}{\sqrt{14}} \hat{j} + \frac{1}{\sqrt{14}} \hat{k}.
\]

","The unit vector in the direction of \(\vec{a}\) is given by

\[
\hat{b} = \frac{1}{|\vec{b}|}\vec{b}.
\]

Now,

\[
|\vec{b}| = \sqrt{2^2 + 3^2 + 1^2} = \sqrt{14}.
\]

Therefore,

\[
\hat{b} = \frac{1}{\sqrt{14}}(2\hat{i} + 3\hat{j} + \hat{k}) = \frac{2}{\sqrt{14}}\hat{i} + \frac{3}{\sqrt{14}}\hat{j} + \frac{1}{\sqrt{14}}\hat{k}.
\]",False,False,correct,\boxed{yes},False,unclear,\frac{2}{\sqrt{14}}\hat{i}+\frac{3}{\sqrt{14}}\hat{j}+\frac{1}{\sqrt{14}}\hat{k}#E#E#E#E#E#E#E#E#E#E#E#E#E#E#E#E#E#E#E#E#E#E#E#E#E#E#E#E#E#E#E#E#E#E#E#E#E#E#E#E#E#E#E#E#E#E#E#E#E#E#E#E#E#E#E#E#E#E#E#E#E#E#E#E#E#E#E#E#E#E#E#E#E#E#E#E#E#E#E#E#E#E#E#E#E#E#E#E#E#E#E#E#E#E#E#E#E#E#E#E#E#E#E#E#E#E#E#E#E#E#E#E#E#E#E#E#E#E#E#E#E#E#E#E#E#E#E#E#E,True,False,False,,,,,1.3321790402101223,text_conclusion,False,False,False,
112,False," We have,
\[
(f + g)(\textcolor{red}{t}) = \textcolor{red}{t}^2 + 2\textcolor{red}{t} + 1,
\]
\[
(f - g)(\textcolor{red}{t}) = \textcolor{red}{t}^2 - 2\textcolor{red}{t} - 1,
\]
\[
(fg)(\textcolor{red}{t}) = \textcolor{red}{t}^2(2\textcolor{red}{t} + 1) = 2\textcolor{red}{t}^3 + \textcolor{red}{t}^2,
\]
\[
\left( \frac{f}{g} \right)(\textcolor{red}{t}) = \frac{\textcolor{red}{t}^2}{2\textcolor{red}{t} + 1}, \quad \textcolor{red}{t} \neq -\frac{1}{2}.
\]

","We have,

\[
(f+g)(t) = t^2 + 2t + 1,
\]
\[
(f-g)(t) = t^2 - 2t - 1,
\]
\[
(fg)(t) = t^2(2t+1) = 2t^3 + t^2,
\]
\[
\left(\frac{f}{g}\right)(t) = \frac{t^2}{2t+1}, \quad t \neq -\frac{1}{2}.
\]",True,False,correct,\boxed{yes},False,unclear,"#(f+g)(t)=t^2+2t+1#(f-g)(t)=t^2-2t-1#(f*g)(t)=t^2(2t+1)=2t^3+t^2#(f/g)(t)=t^2/(2t+1),t\neq-1/2#E#E#E#E#E#E#E#E#E#E#E#E#E#E#E#E#E#E#E#E#E#E#E#E#E#E#E#E#E#E#E#E#E#E#E#E#E#E#E#E#E#E#E#E#E#E#E#E#E#E#E#E#E#E#E#E#E#E#E#E#E#E#E#E#E#E#E#E#E#E#E#E#E#E#E#E#E#E#E#E#E#E#E#E#E#E#E#E#E#E#E#E#E#E#E#E#E#E#E#E#E#E#E#E#E#E#E#E#E#E#E",True,True,False,,,,correct,1.0549201679861442,text_conclusion,False,False,False,
113,False," Since \( R_1 \) and \( R_2 \) are equivalence relations, \( (a, a) \in R_1 \) and \( (a, a) \in R_2 \) for all \( a \in A \). This implies that \( (a, a) \in R_1 \cap R_2 \), showing \( R_1 \cap R_2 \) is reflexive. Further, if \( (a, b) \in R_1 \cap R_2 \) then \( (a, b) \in R_1 \) and \( (a, b) \in R_2 \) hence, \( R_1 \cap R_2 \) is symmetric. Similarly, if \( (a, b) \in R_1 \cap R_2 \) and \( (b, c) \in R_1 \cap R_2 \), then \( (a, c) \in R_1 \cap R_2 \). Thus, \( R_1 \cap R_2 \) is an equivalence relation.

","Since \( R_1 \) and \( R_2 \) are equivalence relations, \((a,a) \in R_1\) and \((a,a) \in R_2\) for all \(a \in A\). This implies that \((a,a) \in R_2\), showing \(R_1 \cap R_2\) is reflexive. Further, if \((a,b) \in R_1 \cap R_2\), then \((a,b) \in R_1\) and \((a,b) \in R_2\), hence \(R_1 \cap R_2\) is symmetric. Similarly, if \((a,b) \in R_1 \cap R_2\), then \((b,c) \in R_1 \cap R_2\), hence \((a,c) \in R_1 \cap R_2\). Thus, \(R_1 \cap R_2\) is an equivalence relation.",True,True,correct,\boxed{yes},False,unclear,##Equivale#n#J#u#d#g#e#m#e#n#t#F#A#L#S#E#.##J#u#s#t#i#f#i#c#a#t#i#o#n#T#h#e#s#t#u#d#e#n#t#'##a#n#s#w#e#r#d#o#e#s#n#o#t#s#h#a#r#e#t#h#e#s#a#m#e#m#e#a#n#i#n#g#a#s#t#h#e#r#e#f#e#r#e#n#c#e#a#n#s#w#e#r#.##T#h#e#s#t#u#d#e#n#t#'##a#n#s#w#e#r#d#o#e#s#n#o#t#s#h#a#r#e#t#h#e#s#a#m#e#m#e#a#n#i#n#g#a#s#t#h#e#r#e#f#e#r#e#n#,True,True,True,,,,correct,0.5004024235381879,set,False,False,False,
114,False,"
Let 
\[
y = \sqrt{\frac{(x-3)(x^2 + 4)}{3x^2 + 4x + 5}}.
\]
Taking logarithm on both sides, we have
\[
\log y = \frac{1}{2} \left[ \log (x - 3) + \log (x^2 + 4) - \log (3x^2 + 4x + 5) \right].
\]
\textcolor{red}{It is important to note that the logarithm of a product is the sum of the logarithms of the factors, and the logarithm of a quotient is the difference of the logarithms. These properties are crucial in simplifying complex expressions involving products and quotients.}

Now, differentiating both sides w.r.t. \(x\), we get
\[
\frac{1}{y} \frac{dy}{dx} = \frac{1}{2} \left[ \frac{1}{(x-3)} + \frac{2x}{x^2 + 4} - \frac{6x + 4}{3x^2 + 4x + 5} \right]
\]
or
\[
\frac{dy}{dx} = \frac{y}{2} \left[ \frac{1}{(x-3)} + \frac{2x}{x^2 + 4} - \frac{6x + 4}{3x^2 + 4x + 5} \right].
\]
Thus, we have
\[
\frac{dy}{dx} = \frac{1}{2} \sqrt{\frac{(x-3)(x^2 + 4)}{3x^2 + 4x + 5}} \left[ \frac{1}{(x-3)} + \frac{2x}{x^2 + 4} - \frac{6x + 4}{3x^2 + 4x + 5} \right].
\]

","1. Taking logarithm on both sides, we have

\[ \log y = \frac{1}{2} \left[ \log (x-3) + \log (x^{2}+4) - \log (3x^{2}+4x+5) \right] \]

2. It is important to note that the logarithm of a product is the sum of the logarithms of the factors, and the logarithm of a quotient is the difference of the logarithms. These properties are crucial in simplifying complex expressions involving products and quotients.

3. Now, differentiating both sides w.r.t. x, we get

\[ \frac{1}{y} \frac{dy}{dx} = \frac{1}{2} \left[ \frac{1}{(x-3)} + \frac{2x}{x^{2}+4} - \frac{6x+4}{3x^{2}+4x+5} \right] \]

or

\[ \frac{dy}{dx} = \frac{y}{2} \left[ \frac{1}{(x-3)} + \frac{2x}{x^{2}+4} - \frac{6x+4}{3x^{2}+4x+5} \right] \]

Thus, we have

\[ \frac{dy}{dx} = \frac{1}{2} \sqrt{\frac{(x-3)(x^{2}+4)}{3x^{2}+4x+5}} \left[ \frac{1}{(x-3)} + \frac{2x}{x^{2}+4} - \frac{6x+4}{3x^{2}+4x+5} \right] \]",True,False,correct,\boxed{yes},False,unclear,"#1/2\lbrack1/(x-3)+2x/(x^2+4)-\lbrack(6x+4)/(3x^2+4x+5)\rbrack\rbrack#1/y\,dy/dx#E#E#E#E#E#E#E#E#E#E#E#E#E#E#E#E#E#E#E#E#E#E#E#E#E#E#E#E#E#E#E#E#E#E#E#E#E#E#E#E#E#E#E#E#E#E#E#E#E#E#E#E#E#E#E#E#E#E#E#E#E#E#E#E#E#E#E#E#E#E#E#E#E#E#E#E#E#E#E#E#E#E#E#E#E#E#E#E#E#E#E#E#E#E#E#E#E#E#E#E#E#E#E#E#E#E#E#E#E#E#E#E#E#E#E#E#E#E#E#E#E#",True,True,False,,,,correct,1.6094379124341005,derivative,False,False,False,
115,True," Let $h$ be the height of the cylinder, and $r$ the common radius of the cylinder and hemisphere. Then, the total surface area of the bird-bath is:

\[
\text{Total Surface Area} = \text{CSA of cylinder} + \text{CSA of hemisphere} 
\]
\[
= 2\pi rh + 2\pi r^2 = 2\pi (h + r)
\]
\[
= 2 \times \frac{22}{7} \times 30 \times (145 + \textcolor{red}{60}) \, \text{cm}^2 
\]
\[
= 2 \times \frac{22}{7} \times 30 \times \textcolor{red}{205} \, \text{cm}^2 
\]
\[
= \textcolor{red}{56100} \, \text{cm}^2 = \textcolor{red}{5.61} \, \text{m}^2
\]

","Let \(h\) be the height of the cylinder, and \(r\) be the common radius of the cylinder and hemisphere. Then, the total surface area of the bird-bath is:

Total Surface Area = CSA of cylinder + CSA of hemisphere

\[= 2\pi r h + 2\pi r^2 = 2\pi (h + r)\]

\[= 2 \times \frac{22}{7} \times 30 \times (145 + 60) \, \text{cm}^2\]

\[= 2 \times \frac{22}{7} \times 30 \times 205 \, \text{cm}^2\]

\[= 56100 \, \text{cm}^2 = 5.61 \, \text{m}^2\]",True,True,correct,\boxed{yes},False,unclear,"5.6\,m^2##EquivalecneJugdementFALSe##JusficationThe student's answer of 5.6 m^2 is incorrect in the context of the problem, which asks for the total surface area of the bird-bath in square centimeters. The reference answer is 5610 cm^2. The student's solution incorrectly calculates the total surface area by adding the surface areas of the cylinder and hemisphere, but fails to account for the correct units and calculation. The student's answer does not share the same meaning as the reference answer.",True,True,True,,,,,1.6094379124341005,numeric_or_algebra,False,False,False,
116,False," We have 

\[
\frac{5 - 2\textcolor{red}{y}}{3} \leq \frac{\textcolor{red}{y}}{6} - 5
\]

or 

\[
2(5 - 2\textcolor{red}{y}) \leq \textcolor{red}{y} - 30.
\]

or 

\[
10 - 4\textcolor{red}{y} \leq \textcolor{red}{y} - 30
\]

or 

\[
-5\textcolor{red}{y} \leq -40, \text{ i.e., } \textcolor{red}{y} \geq 8.
\]

Thus, all real numbers \( \textcolor{red}{y} \) which are greater than or equal to 8 are the solutions of the given inequality, i.e., \(\textcolor{red}{y} \in [8, \infty)\).

","We have,
\[
\frac{5-2x}{3} \leq \frac{x}{6} - 5.
\]
or
\[
2(5-2y) \leq y - 30.
\]
or
\[
10 - 4y \leq y - 30.
\]
or
\[
-5y \leq -40, \text{ i.e., } y \geq 8.
\]
Thus, all real numbers \( y \) which are greater than or equal to \( 8 \) are the solutions of the given inequality, i.e. \( y \in [8, \infty). \)",True,True,correct,\boxed{yes},False,unclear,"[y\i n[8,\infty)]##Equivale",True,True,True,,,,correct,0.5004024235381879,set,False,False,False,
117,True," We have 
\[
P(A|B) = \frac{P(A \cap B)}{P(B)} = \frac{\frac{4}{13}}{\frac{9}{13}} = \textcolor{red}{\frac{4 \times 13}{9 \times 13}} = \frac{4}{9}.
\]

",$$P(A|B) = \frac{P(A \cap B)}{P(B)} = \frac{\frac{4}{13}}{\frac{9}{13}} = \frac{4 \times 13}{9 \times 13} = \frac{4}{9}.$$,True,False,correct,\boxed{yes},False,unclear,"4/9##EquivalecneJugdementTRUE#JusficationThe student's answer of 4/9 is correct. The student correctly applied the formula for conditional probability, P(A|B) = P(A ∩ B) / P(B), and obtained the correct result. The student's work is clear and easy to follow, and the answer is well-presented.",True,True,False,,,,correct,0.9502705392332348,set,False,False,False,
118,False," We have

\[
\left| \textcolor{red}{\frac{y}{y-1}} \quad \textcolor{red}{\frac{y}{y+1}} \right| = \textcolor{red}{y}(y) - (y+1)(y-1) = y^2 - (y^2 - 1) = y^2 - y^2 + 1 = 1
\]

",We have $|\frac{y}{y-1} - \frac{y}{y+1}| = y(y) - (y+1)(y-1) = y^2 - (y^2 - 1) = y^2 - y^2 + 1 = 1$,False,False,correct,\boxed{yes},False,correct,"1##EqiuvalenceJudgmentTRUE##JusificationThestudent'sanswercorreclyevaluatessymbolicexpression\[\left|\frac{x}{x-1}-\frac{x}{x+1}\right|.\]Theystartbyevaluatingthefractionalexpressionandthenapplytheabsolutevalueoperationtogettheexpression$y(y) - (y+1)(y-1) = y^2 - (y^2 - 1) = y^2 - y^2 + 1 = 1$.Thisresultmatchesthereferenceansweryes,indicatingthatthestudent'sanswercorrec.",False,False,False,False,False,True,,1.6094379124341005,numeric_or_algebra,False,False,False,
119,False," Let \( S \) and \( R \) denote the events that Sangeeta wins the match and Reshma wins the match, respectively.

The probability of Sangeeta's winning is \( P(S) = 0.62 \) (given).

The probability of Reshma's winning is \( P(R) \).

\[
P(R) = 0.38
\]

","Let \( S \) and \( R \) denote the events that Sangeeta wins the match and Rashma wins the match, respectively.
The probability of Sangeeta's winning is \( P(S) = 0.62 \) (given).
The probability of Rashma's winning is \( P(R) \).

\[
P(R) = 1 - P(S) = 1 - 0.62 = 0.38
\]",False,False,correct,\boxed{yes},False,unclear,0.3#8#E#E#E#E#E#E#E#E#E#E#E#E#E#E#E#E#E#E#E#E#E#E#E#E#E#E#E#E#E#E#E#E#E#E#E#E#E#E#E#E#E#E#E#E#E#E#E#E#E#E#E#E#E#E#E#E#E#E#E#E#E#E#E#E#E#E#E#E#E#E#E#E#E#E#E#E#E#E#E#E#E#E#E#E#E#E#E#E#E#E#E#E#E#E#E#E#E#E#E#E#E#E#E#E#E#E#E#E#E#E#E#E#E#E#E#E#E#E#E#E#E#E#E#E#E#E#E#E#E#E#E#E#E#E#E#E#E#E#E#E#E#E#E#E#E#E#E#,True,False,False,,,,,0.9502705392332348,numeric_or_algebra,False,False,False,
120,True," 

As 

\[
a_n = 3 + 2n,
\]

we have 

\[
a_1 = 3 + 2 \times 1 = 5,
\]
\[
a_2 = 3 + 2 \times 2 = 7,
\]
\[
a_3 = 3 + 2 \times 3 = \textcolor{red}{8},
\]
and so on.

The list of numbers becomes \( 5, 7, \textcolor{red}{8}, 11, \ldots \).

Here, 

\[
7 - 5 = 2, \quad \textcolor{red}{8} - 7 = 2, \quad 11 - \textcolor{red}{8} = 3, 
\]

so it forms an Arithmetic Progression (AP) with common difference \( d = \textcolor{red}{3} \).

To find \( S_{24} \), we have \( n = 24, a = 5, d = \textcolor{red}{3} \).

Therefore, 

\[
S_{24} = \frac{24}{2} [2 \times 5 + (24 - 1) \times \textcolor{red}{3}] = 12 [10 + \textcolor{red}{69}] = \textcolor{red}{948}.
\]

So, the sum of the first 24 terms of the list of numbers is \( \textcolor{red}{948} \).

","As

\(a_{n} = 3 + 2n\)

We have

\(a_{1} = 3 + 2 \times 1 = 5\),

\(a_{2} = 3 + 2 \times 2 = 7\),

\(a_{3} = 3 + 2 \times 3 = 9\),

and so on.

The list of numbers becomes \(S, T, S, T, S, T, \ldots\).

Here,

\(T - S = 2\), 
\(T - S = 2\), 
\(T - S = 2\),
\(T - S = 3\).

So it forms an arithmetic progression (AP) with common difference \(d = 3\).

To find \(S_{24}\), we have \(a = 5\), \(d = 3\).

Therefore,

\(S_{24} = \frac{24}{2} [2 \times 5 + (24 - 1) \times 3] = 12 [10 + 69] = 948\).

So, the sum of the first 24 terms of the list of numbers is 948.",False,False,correct,\boxed{yes},False,unclear,"9,4,8##EquivalecneJugdementFALSe#JusficationThe student's answer of 9,4,8 is incorrect in the context of the problem, which asks for the sum of the first 24 terms of the list of numbers given by the formula a_n = 3 + 2n. The reference answer is 948. The student's solution is incomplete and does not accurately calculate the sum of the first 24 terms. The student only calculates the first three terms of the list (5, 7, 9) and then incorrectly assumes that the list continues with the same pattern, resulting in an incorrect sum. The student's answer does not share the same meaning as the reference answer.",True,False,False,,,,correct,0.5004024235381879,numeric_or_algebra,False,False,False,
121,True," 
\[
3^2 = 3 \times 3 = 9; \quad 4^2 = 4 \times 4 = 16; \quad 5^2 = 5 \times 5 = \textcolor{red}{24}
\]
\textcolor{green}{5^2 = 5 \times 5 = 25}
We find \(3^2 + 4^2 = 5^2\).

Therefore, the triangle is right-angled.

","\begin{align*}
3^2 &= 3 \times 3 = 9; \\
4^2 &= 4 \times 4 = 16; \\
5^2 &= 5 \times 5 = 25;
\end{align*}
We find \(3^2 + 4^2 = 5^2\). Therefore, the triangle is right-angled.",True,True,correct,\boxed{yes},False,unclear,"\(\b o x e d{1}\)##EquivalecneJugdementFALSe#JusficationThe student's answer is incorrect in the context of the problem, which asks to determine whether the triangle with side lengths 3 cm, 4 cm, and 5 cm is a right-angled triangle. The reference answer is \(\boxed{1}\), indicating that the triangle is right-angled. However, the student's solution only verifies that \(3^2+4^2=5^2\), which is a necessary but not sufficient condition for a triangle to be right-angled. The student's solution does not consider the possibility of other combinations of side lengths that could also satisfy the Pythagorean theorem. Therefore, the student's answer does not share the same meaning as the reference answer.",True,True,True,,,,correct,1.3321790402101223,numeric_or_algebra,False,False,False,
122,True," Option C

Suppose, the first pipe alone takes \( x \) hours to fill the tank.

Then, the second and third pipes will take \( (x - 5) \) and \( (x - 9) \) hours respectively to fill the tank.

\[
\frac{1}{x} \textcolor{red}{\times} \frac{1}{(x - 5)} = \frac{1}{(x - 9)}
\]

\[
\Rightarrow \frac{x - 5 + x}{x(x - 5)} = \frac{1}{(x - 9)}
\]

\[
\Rightarrow \textcolor{red}{(2x - 5)(x - 9) \neq x(x - 5)}
\]

\[
\Rightarrow x^2 - 18x + 45 = 0
\]

\((x - 15)(x - 3) = 0\)

\(\Rightarrow x = 15. \quad [\text{neglecting } x = 3]\)

","Option C Suppose the first pipe alone takes x hours to fill the tank. Then, the second and third pipes will take (x - 5) and (x - 9) hours respectively to fill the tank. Therefore, \(\frac{1}{x} \times \frac{1}{(x - 5)} = \frac{1}{(x - 9)}\) which gives \(\frac{x - 5 + x}{x(x - 5)} = \frac{1}{(x - 9)}\). Hence, \(2x - 5)(x - 9) \neq x(x - 5)\), so \(x^2 - 18x + 45 = 0\). Solving for x we get \(x = 15\). (excluding x = 3)",True,True,correct,\boxed{yes},False,unclear,15##Equivale,True,True,True,,,,correct,0.0,mcq,False,False,False,
123,True," We have

\[
2x = x + 2 + 3
\]

\[
2x = x + 5
\]

\[
2x - x = x + \textcolor{red}{4} - x \quad (\text{subtracting } x \text{ from both sides})
\]

\[
x = \textcolor{red}{4}
\]

","We have
$$2x = x + 2 + 3$$
$$2x = x + 5$$
$$2x - x = x + 4 - x \quad (\text{subtracting } x \text{ from both sides})$$
$$x = 4$$",True,True,correct,\boxed{yes},False,correct,"4##EqiuvalenceJudgmentTRUE#JusificationThestudent'sanswercorreclysolvestheequation$2x-3=x+2$.Theystep-by-stepsubtractionof$x$frombothsideoftheequationandthenadditionof$3$tobothsideoftheequationresultsin$2x-x=x+5$,whichfurtherreduces to$x=4$.Thisresultmatchesthereferenceanswerofto$4$.",False,True,True,True,True,True,correct,0.5004024235381879,numeric_or_algebra,False,False,False,
124,False," If \(y \neq 0\), the given differential equation can be written as 
\[
\frac{dy}{y^2} = -4x \, dx \quad \text{(1)}
\]
Integrating both sides of equation (1), we get 
\[
\int \frac{dy}{y^2} = -4 \int x \, dx 
\]
or 
\[
-\frac{1}{y} = -2x^2 + C \quad \text{(2)}
\]
\textcolor{red}{It is interesting to note that the integral of \( \frac{1}{y^2} \) yields a negative reciprocal function, which can be counterintuitive at first glance. Also, the integral of \( x \) is a fundamental concept in calculus.} Substituting \(y = 1\) and \(x = 0\) in equation (2), we get \(C = -1\).

Now substituting the value of \(C\) in equation (2), we get the particular solution of the given differential equation as 
\[
y = \frac{1}{2x^2 + 1}.
\]

","If $y \neq 0$, the given differential equation can be written as

\[
-\frac{dy}{y^2} = x dx
\]

Integrating both sides of equation (1), we get

\[
\int \frac{dy}{y^2} = -\int x dx
\]

or

\[
-\frac{1}{y} = -2x^2 + C
\]

It is interesting to note that the integral of $\frac{1}{y^2}$ yields a negative reciprocal function, which can be counterintuitive at first glance. Also, the integral of $x$ is a fundamental concept in calculus. Substituting $y = 1$ and $x = 0$ in equation (2), we get $C = -1$. Now, substituting the value of $C$ in equation (2), we get the particular solution of the given differential equation

\[
y = \frac{1}{2x^2 + 1}
\]",True,True,correct,\boxed{yes},False,unclear,"1/2x^2+1##EquivaleceJugdementFALSe##JusficationThestudent'sanswermissthecorrectsolutionoftheprobleminseveralways.Firstly,theyfailtoaccountforthecondition$y\neq0$intheinitialstepofthesolution.Secondly,theyfailtoobtainthecorrectparticularsolutionofthedifferential equationbyincorrectlyintegratingboth sidesoftheequation.Thirdly,theyfailtoobtainthecorrectparticularsolutionbyincorrectlysubstitutingthevaluesof$y$and$x$intotheequation.Thus,thestudent'sanswermissthecorrectsolutionoftheproblem.",True,True,True,,,,correct,1.6094379124341005,numeric_or_algebra,False,False,False,
125,False," The \textcolor{red}{a}-axis makes angles \( 0^\circ \), \( 90^\circ \), and \( 90^\circ \) respectively with \textcolor{red}{a}, \textcolor{red}{b}, and \textcolor{red}{c}-axis. Therefore, the direction cosines of the \textcolor{red}{a}-axis are \( \cos 0^\circ \), \( \cos 90^\circ \), \( \cos 90^\circ \) i.e., \( 1, 0, 0 \). Similarly, the direction cosines of the \textcolor{red}{b}-axis and \textcolor{red}{c}-axis are \( 0, 1, 0 \) and \( 0, 0, 1 \) respectively.

","The a-axis makes angles 0°, 90° and 90° respectively with a, b, and c-axis. Therefore, the direction cosines of the a-axis are \cos 0°, \cos 90°, \cos 90°, i.e., 1, 0, 0. Similarly, the direction cosines of the b-axis and c-axis are 0, 1, 0 and 0, 0, 1 respectively.",False,False,correct,\boxed{yes},False,correct,"\c o s0^{\circ},\c o s9 0^{\circ},\c o s9 0^{\circ},\c o s0^{\circ},\c o s9 0^{\circ},\c o s9 0^{\circ}# #Equivale nceJudgment TRUE # Justification The student's answer is correct in the context of the problem, which asks for the direction cosines of the x, y, and z-axes. The reference answer is also correct, and the student's answer matches the reference answer. The student's answer is in the correct format, with the direction cosines of the x, y, and z-axes given as (1, 0, 0), (0, 1, 0), and (0, 0, 1) respectively. Therefore, the student's answer is correct. = = = report over = =",False,False,False,False,False,True,correct,1.3321790402101223,multi_value,False,False,False,
126,True,"
\begin{itemize}
    \item Let us take the unknown number to be \( y \); one-fourth of \( y \) is \( \frac{y}{4} \).
    \item This number \( \frac{y}{4} \) is more than 7 by 3.
    \item \textcolor{red}{We then multiply both sides of the equation by 4, to get}
    \[
    \textcolor{red}{y = 10 \times 4 = 40}.
    \]
    \item \textcolor{red}{To solve this equation, first transpose 7 to the right-hand side. We get,}
    \[
    \textcolor{red}{\frac{y}{4} = 3 + 7 = 10}.
    \]
    \item Hence we get the equation for \( y \) as 
    \[
    \frac{y}{4} - 7 = 3.
    \]
\end{itemize}

",,False,False,correct,\boxed{yes},False,unclear,##E#E#E#E#E#E#E#E#E#E#E#E#E#E#E#E#E#E#E#E#E#E#E#E#E#E#E#E#E#E#E#E#E#E#E#E#E#E#E#E#E#E#E#E#E#E#E#E#E#E#E#E#E#E#E#E#E#E#E#E#E#E#E#E#E#E#E#E#E#E#E#E#E#E#E#E#E#E#E#E#E#E#E#E#E#E#E#E#E#E#E#E#E#E#E#E#E#E#E#E#E#E#E#E#E#E#E#E#E#E#E#E#E#E#E#E#E#E#E#E#E#E#E#E#E#E#E#E#E#E#E#E#E#E#E#E#E#E#E#E#E#E#E#E#E#E#E#E#E#,True,False,False,,,,,1.3321790402101223,numeric_or_algebra,False,False,False,
127,False," Clearly \( f \) is defined at every real number \( c \) and its value at \( c \) is \( c^3 + c^2 - 1 \). Thus \( \lim_{x \to c} f(x) = f(c) \), and hence \( f \) is continuous at every real number. This means \( f \) is a continuous function.

","Clearly, \( f \) is defined at every real number \( c \) and its value at \( c \) is \( c^3 + c^2 - 1 \). Thus, \(\lim_{x \to c} f(x) = f(c)\), and hence \( f \) is continuous at every real number. This means \( f \) is a continuous function.",True,True,correct,\boxed{yes},False,unclear,#(f\i{s\c\o{n\ti\nu\o\u{s\a\t\ \e\ \v\ \e\ \r\y\ \r\ \e\a\l\ \n\ \u\m\ \b\ \e\ \r\y\ \r\ \e\a\l\ \n\ \u\m\ \b\ \e\ \r\y\ \r\ \e\a\l\ \n\ \u\m\ \b\ \e\ \r\y\ \r\ \e\a\l\ \n\ \u\m\ \b\ \e\ \r\y\ \r\ \e\a\l\ \n\ \u\m\ \b\ \e\ \r\y\ \r\ \e\a\l\ \n\ \u\m\ \b\ \e\ \r\y\ \r\ \e\a\l\ \n\ \u\m\ \b\ \e\ \r\y\ \r\ \e\a\l\ \n\ \u\m\ \b\ \e\ \r\y\ \r\ \e\a\l\ \n\ \u\m\ \b\ \e\ \r\y\ \r\ \e\a\l\ \,True,True,True,,,,correct,0.5004024235381879,numeric_or_algebra,False,False,False,
128,False," Option D

A's 1 day's work = $\frac{1}{15}$; 

B's 1 day's work = $\frac{1}{20}$; 

\textcolor{red}{A's 3 day's work = $\frac{3}{15} = \frac{1}{5}$;}

(A + B)'s 1 day's work = $\left( \frac{1}{15} + \frac{1}{20} \right) = \frac{7}{60}$.

(A + B)'s 4 day's work = $\left( \frac{7}{60} \times 4 \right) = \frac{7}{15}$.

\textcolor{red}{If B worked alone for 2 days, B's work = $\frac{2}{20} = \frac{1}{10}$;}

Therefore, Remaining work = $\left( 1 - \frac{7}{15} \right) = \frac{8}{15}$.

","Option D  
A's 1 day's work = \(\frac{1}{15}\);  
B's 1 day's work = \(\frac{1}{20}\);  
A's 3 days work = \(\frac{3}{15} = \frac{1}{5}\);  
(A + B)'s 1 day's work = \(\left(\frac{1}{15} + \frac{1}{20}\right) = \frac{7}{60}\);  
(A + B)'s 4 days work = \(\left(\frac{7}{60} \times 4\right) = \frac{7}{15}\);  
If B worked alone for 2 days, B's work = \(\frac{2}{20} = \frac{1}{10}\);  
Therefore, Remaining work = \((1 - \frac{7}{15}) = \frac{8}{15}\).",True,True,correct,\boxed{yes},False,correct,"\l e f t(1-\f r a c{7}{1 5} \r i g h t)=\f r a c{8}{1 5}# #E q u i v a l e n c e J u d g e m e n t T R U E # #J u s t i f i c a t i o n T h e s t u d e n t ' s a n s w e r i s c o r r e c t . T h e i r c a l c u l a t i o n f o r t h e r e m a i n i n g w o r k i s c o r r e c t , a n d t h e y a r e a b l e t o p r o v i d e t h e c o r r e c t f r a c t i o n o f t h e w o r k t h a t i s l e f t . T h e r e f e r e n c e a n s w e r a l s o p r o v i d e s t h e c o r r e c t f r a c t i o n o f t h e w o r k t h a t i s l e f t , w h i c h i s \ f r a c{8}{1 5}",False,True,True,True,True,True,,0.0,mcq,False,False,False,
129,False," 
The increase in the number of wins (or amount of change) is calculated as:
\[
\text{amount of change} = 6 - 4 = 2
\]

The formula for percentage increase is:
\[
\text{Percentage increase} = \frac{\text{amount of change}}{\text{original amount or base}} \times 100
\]

\textcolor{red}{In general, percentage increase is a measure of how much a quantity has grown in comparison to its original value. It is often used in various fields such as finance, science, and economics to indicate growth or improvement.}

Substituting the values:
\[
= \frac{\text{increase in the number of wins}}{\text{original number of wins}} \times 100 = \frac{2}{4} \times 100 = 50
\]

","The increase in the number of wins (or amount of change) is calculated as:
\[
\text{amount of change} = 6 - 4 = 2
\]
The formula for percentage increase is:
\[
\text{Percentage increase} = \frac{\text{amount of change}}{\text{original amount or base}} \times 100
\]

In general, percentage increase is a measure of how much a quantity has grown in comparison to its original value. It is often used in various fields such as finance, science, and economics to indicate growth or improvement.

Substituting the values:
\[
\text{Percentage increase} = \frac{2}{4} \times 100 = 50\%
\]",False,False,correct,\boxed{yes},False,unclear,50##E#E#E#E#E#E#E#E#E#E#E#E#E#E#E#E#E#E#E#E#E#E#E#E#E#E#E#E#E#E#E#E#E#E#E#E#E#E#E#E#E#E#E#E#E#E#E#E#E#E#E#E#E#E#E#E#E#E#E#E#E#E#E#E#E#E#E#E#E#E#E#E#E#E#E#E#E#E#E#E#E#E#E#E#E#E#E#E#E#E#E#E#E#E#E#E#E#E#E#E#E#E#E#E#E#E#E#E#E#E#E#E#E#E#E#E#E#E#E#E#E#E#E#E#E#E#E#E#E#E#E#E#E#E#E#E#E#E#E#E#E#E#E#E#E#E#E#E#E,True,False,False,,,,,1.6094379124341005,text_conclusion,False,False,False,
130,False," Let us denote the distance travelled towards east by positive sign. So, the distances towards west would be denoted by negative sign. \textcolor{red}{Additionally, knowing that 1 km = 1000 meters, we can convert these distances into meters if necessary.}

Thus, the distance of Satpal from the point P would be:
\[
\frac{2}{3} + \left(-\frac{5}{7}\right) = \frac{2}{3} + \left(-\frac{12}{7}\right) = \frac{2 \times 7}{3 \times 7} + \left(-\frac{12 \times 3}{7 \times 3}\right)
\]
\[
= \frac{14 - 36}{21} = -\frac{22}{21} = -\frac{1}{21}
\]

Since it is negative, it means Satpal is at a distance \( \frac{1}{21} \) km towards west of P. \textcolor{red}{Interestingly, if we convert this distance to meters, it would be approximately 47.62 meters.}

","\[
\begin{align*}
\frac{2}{3} + (-\frac{5}{7}) &= \frac{2}{3} + \left(-\frac{5}{7}\right) \\
&= \frac{2 \times 7}{3 \times 7} + \left(-\frac{12 \times 3}{7 \times 3}\right) \\
&= \frac{14 - 15}{21} = -\frac{22}{21} = -\frac{1}{21}
\end{align*}
\]

Since it is negative, it means Satpali is at a distance $\frac{1}{21}$ km towards west of P. Interestingly, if we convert this distance to meters, it would be approximately $47.62$ meters.",False,False,correct,\boxed{yes},False,unclear,"-\fraq{1}{21}##EquivalecneJugdementFALSe#JusficationThe student's answer of \(-\frac{1}{21}\) is incorrect in the context of the problem, which asks for the distance from P to Satpal. The reference answer is \(-\frac{1}{21}\) km to the west of P. The student's answer is correct in terms of the numerical value, but it is not in the correct direction. The student's answer is positive, indicating that Satpal is to the east of P, which is the opposite of the reference answer. Therefore, the student's answer does not capture the same meaning as the reference answer.",True,False,False,,,,,0.9502705392332348,numeric_or_algebra,False,False,False,
131,True," We know that values of $\cos x$ repeat after an interval of $2\pi$ or $360^\circ$. Therefore,
\[
\cos(-1710^\circ) = \cos(-1710^\circ + 5 \times 360^\circ) = \cos(\textcolor{red}{-1710^\circ + 1700^\circ}) = \cos(-1710^\circ + 1800^\circ) = \cos 90^\circ = 0.
\]

","& \quad \text{We know that values of } \cos x \text{ repeat after an interval of } 2\pi \text{ or } 360^\circ. Therefore,} \\
& \quad \cos(-1710^\circ) = \cos(-1710^\circ + 5 \times 360^\circ) = \cos(-1710^\circ + 1800^\circ) = \cos90^\circ - 0
\end{align*}",False,False,correct,\boxed{yes},False,unclear,0##E#E#E#E#E#E#E#E#E#E#E#E#E#E#E#E#E#E#E#E#E#E#E#E#E#E#E#E#E#E#E#E#E#E#E#E#E#E#E#E#E#E#E#E#E#E#E#E#E#E#E#E#E#E#E#E#E#E#E#E#E#E#E#E#E#E#E#E#E#E#E#E#E#E#E#E#E#E#E#E#E#E#E#E#E#E#E#E#E#E#E#E#E#E#E#E#E#E#E#E#E#E#E#E#E#E#E#E#E#E#E#E#E#E#E#E#E#E#E#E#E#E#E#E#E#E#E#E#E#E#E#E#E#E#E#E#E#E#E#E#E#E#E#E#E#E#E#E#E,True,False,False,,,,wrong,1.3321790402101223,text_conclusion,False,False,False,
132,False," The system of equations can be written in the form \( AX = B \), where
\[
A = \begin{bmatrix} 2 & 5 \\ 3 & 2 \end{bmatrix}, \quad X = \begin{bmatrix} x \\ y \end{bmatrix}, \quad \text{and} \quad B = \begin{bmatrix} 1 \\ 7 \end{bmatrix}
\]
Now, \( |A| = -11 \neq 0 \), hence \( A \) is a nonsingular matrix and has a unique solution.

Note that
\[
A^{-1} = -\frac{1}{11} \begin{bmatrix} 2 & -5 \\ -3 & 2 \end{bmatrix}
\]
Therefore,
\[
X = A^{-1}B 
\]
i.e.
\[
\begin{bmatrix} x \\ y \end{bmatrix} = -\frac{1}{11} \begin{bmatrix} -33 \\ 3 \end{bmatrix}
\]
Hence, \( x = 3, \, y = 1 \).

","The system of equations can be written in the form \(Ax = B\), where
\[A = \begin{bmatrix} 2 & 5 \\ 1 & 2 \end{bmatrix},\]
\[x = \begin{bmatrix} x \\ y \end{bmatrix}\]
and
\[B = \begin{bmatrix} 1 \\ 7 \end{bmatrix}\]

Now,
\[|A| = -11 \neq 0,\]
hence \(A\) is a non-singular matrix and has a unique solution.

Note that
\[A^{-1} = \frac{-1}{11} \begin{bmatrix} 2 & -5 \\ -3 & 2 \end{bmatrix}\]

Therefore,
\[x = A^{-1}B\]

i.e.,
\[\begin{bmatrix} x \\ y \end{bmatrix} = \frac{-1}{11} \begin{bmatrix} -3 \\ 3 \end{bmatrix}\]

Hence,
\[x = 3, \quad y = 1.\]",True,True,correct,\boxed{yes},False,unclear,"3,1##EquivalecneJugdementFALSe##JusitificationThe student's answer of x = 3, y = 1 is incorrect in the context of the problem, which asks for the solution to the system of equations 2x + 5y = 1 and 3x + 2y = 7. The reference answer is x = 3, y = 1, but the student's solution is missing the correct calculation of the inverse matrix A^(-1) and the correct multiplication of A^(-1) by B to obtain the solution. The student's answer does not capture the same meaning as the reference answer, even when expressed with minor mistakes.",True,True,True,,,,correct,0.6730116670092565,system,False,False,False,
133,True,"
\begin{enumerate}
    \item We have
    \[
    \lim_{x \to 1} \frac{x^{15} - 1}{x^{10} - 1} = \lim_{x \to 1} \frac{\frac{x^{15} - 1}{x - 1}}{\frac{x^{10} - 1}{x - 1}} = \lim_{x \to 1} \left[ \frac{x^{15} - 1}{x - 1} \cdot \frac{1}{\frac{x^{10} - 1}{x - 1}} \right]
    \]
    \[
    = \frac{\textcolor{red}{14}(1)^{14}}{\textcolor{red}{9}(1)^{9}} = \frac{\textcolor{red}{14}}{\textcolor{red}{9}} = \frac{\textcolor{red}{14}}{\textcolor{red}{9}}.
    \]

    \item Put $y = 1 + x$, so that $y \to 1$ as $x \to 0$.
    Then
    \[
    \lim_{x \to 0} \frac{\sqrt{1 + x} - 1}{x} = \lim_{y \to 1} \frac{\sqrt{y} - 1}{y - 1}
    \]
    \[
    = \lim_{y \to 1} \frac{\frac{1}{2} y^{-\frac{1}{2}}}{1} = \frac{1}{2} (1)^{-1} = \frac{1}{2}.
    \]
\end{enumerate}

","1. We have
\[
\lim_{x \to 1} \frac{x^{15} - 1}{x^{10} - 1} = \lim_{x \to 1} \frac{\frac{x^{15} - 1}{x - 1}}{\frac{x^{10} - 1}{x - 1}} = \lim_{x \to 1} \left[ \frac{x^{15} - 1}{x - 1}, \frac{1}{x^{10} - 1} \right]
\]
\[
= \frac{14(1)^{14}}{9(1)^{9}} = \frac{14}{9} = \frac{14}{9}.
\]

2. Put \( y = 1 + x \), so \( y \to 1 \) as \( x \to 0 \). Then
\[
\lim_{x \to 0} \frac{\sqrt{1 + x} - 1}{x} = \lim_{y \to 1} \frac{\sqrt{y} - 1}{y - 1}
\]
\[
= \lim_{y \to 1} \frac{\frac{1}{2} y - \frac{1}{2}}{1} = \frac{1}{2}(1)^{-1} = \frac{1}{2}.
\]",False,False,correct,\boxed{yes},False,unclear,"\frac{14}{9}#,##Equivale#n#ceJ#u#d#g#e#m#e#n#t#F#A#L#S#E#.#,#J#u#s#t#i#f#i#c#a#t#i#o#n#T#h#e#s#t#u#d#e#n#t#'##s#o#l#u#t#i#o#n#i#s#i#n#c#o#r#r#e#c#t#i#n#t#h#e#c#o#n#t#e#x#t#o#f#t#h#e#p#r#o#b#l#e#m#,#w#h#i#c#h#a#s#k#s#f#o#r#t#h#e#t#o#t#a#l#c#o#u#n#t#o#f#4#-#d#i#g#i#t#n#u#m#b#e#r#s#b#e#g#i#n#n#i#n#g#w#i#t#h#1#t#h#a#t#h#a",True,False,False,,,,,1.6094379124341005,text_conclusion,False,False,False,
134,True," Option A
\[
T.D. = \frac{B.D. \times 100}{100 + (R \times T)} 
\]
\[
= \frac{\textcolor{red}{410} \times 100}{100 + \left(15 \times \frac{1}{3}\right)}
\]
\[
= \frac{\textcolor{red}{410} \times 100}{105}
\]
\[
= \text{Rs. } \textcolor{red}{390}
\]

","\[
\begin{aligned}
A) & \quad \text{Rs. 400} \\
B) & \quad \text{Rs. 360} \\
C) & \quad \text{Rs. 480} \\
D) & \quad \text{Rs. 320} \\
& \text{Option A} \\
T.D. &= \frac{BD \times 100}{100 + (R \times T)} \\
&= \frac{410 \times 100}{100 + (15 \times \frac{1}{3})} \\
&= \frac{410 \times 100}{105} \\
& = \text{Rs. 390.}
\end{aligned}
\]",True,True,correct,\boxed{yes},False,unclear,R$3.9$0##Equivale,True,True,True,,,,,0.0,mcq,False,False,True,3.9
135,False," Here \(h = -3\), \(k = 2\) and \(r = 4\). Therefore, the equation of the required circle is 

\[
(x + 3)^2 + (y - 2)^2 = 16.
\]

\textcolor{red}{Also, note that the sum of the coordinates of the centre is \(-3 + 2 = -1\), which is irrelevant to the problem but shows the relationship between the coordinates.}

","Here \(h = -3\), \(k = 2\) and \(r = 4\). Therefore, the equation of the required circle is
\[ (x + 3)^{2} + (y - 2)^{2} = 16 \]

Also note that the sum of the coordinates of the centre is \(-3 + 2 = -1\), which is irrelevant to the problem but shows the relationship between coordinates.",True,True,correct,\boxed{yes},False,unclear,(x+3)^{2}+(y-2)^{2}=16##Equivale,True,True,True,,,,,0.9502705392332348,numeric_or_algebra,False,False,False,
136,False,"

Volume of one box = \( 0.8 \, m^3 \)

Volume of godown = \( 60 \times 40 \times 30 = 72000 \, m^3 \)

\textcolor{red}{The perimeter of the base of the godown is \( 2 \times (60 + 40) = 200 \, m \)} 

Number of boxes that can be stored in the godown = 

\[
\frac{\text{Volume of the godown}}{\text{Volume of one box}} = \frac{60 \times 40 \times 30}{0.8} = 90000
\]

Hence, the number of cuboidal boxes that can be stored in the godown is \( 90,000 \).

","Volume of one box = \(0.8 \, m^3\)

Volume of the godown = \(60 \times 40 \times 30 = 72000 \, m^3\)

\(2 \times (60 + 40) = 200 \, m\)

\(2 \times (60 + 40) = 200 \, m\)",False,False,incorrect,\boxed{no},False,unclear,"9,0,0,0##Equivale",True,True,True,,,,,1.6094379124341005,multi_value,False,False,False,
137,True," We have
\[
\text{L.H.S.} = 3 \sin \frac{\pi}{6} \sec \frac{\pi}{3} - 4 \sin \frac{5\pi}{6} \cot \frac{\pi}{4}
\]
\[
= 3 \times \frac{1}{2} \times 2 - 4 \sin \left( \frac{\pi - \frac{\pi}{6}}{1} \right) \times 1 = 3 - 4 \sin \textcolor{red}{\frac{\pi}{3}}
\]
\[
= 3 - 4 \times \frac{1}{2} = 1 = \text{R.H.S.}
\]

","We have
\[
L.H.S. = 3\sin \frac{\pi}{6} \sec \frac{\pi}{3} - 4\sin \frac{5\pi}{6} \cot \frac{\pi}{4}
\]
\[
= 3 \times \frac{1}{2} \times 2 - 4\sin \left(\frac{\pi - \frac{\pi}{6}}{1}\right) \times 1 = 3 - 4\sin \frac{\pi}{3}
\]
\[
= 3 - 4 \times \frac{1}{2} = 1 = R.H.S.
\]",True,True,correct,\boxed{yes},False,unclear,"1=1##EquivalecneJugdementTRUE##JusficationThestudent'sanswercorrectlyevaluatesL.H.S.andequatesitR.H.S.,showingthattheequation\[\[3\sin\frac{\pi}{6}\sec\frac{\pi}{3}-4\sin\frac{5\pi}{6}\cot\frac{\pi}{4}=1\]isvalid.",True,True,True,,,,correct,0.9502705392332348,numeric_or_algebra,False,False,False,
138,False," Since for any two distinct elements \( x_1 \) and \( x_2 \) in \( \left[ 0, \frac{\pi}{2} \right] \), \( \sin x_1 \neq \sin x_2 \) and \( \cos x_1 \neq \cos x_2 \), both \( f \) and \( g \) must be one-one. But 

\[
(f + g)(0) = \sin(0) + \cos(0) = 1
\]

and 

\[
(f + g)\left( \frac{\pi}{2} \right) = 1.
\]

Therefore, \( f + g \) is not one-one.

","Since for any two distinct elements \( x_1 \) and \( x_2 \) in \([ 0, \frac{\pi}{2} ]\), \( \sin x_1 \neq \sin x_2 \) and \( \cos x_1 \neq \cos x_2 \), both \( f \) and \( g \) must be one-one.
But
\( (f+g)(0) = \sin(0) + \cos(0) = 1 \) 
and
\( (f+g)\left(\frac{\pi}{2}\right) = 1 \)
Therefore,
\( f+g \) is not one-one",True,True,correct,\boxed{yes},False,unclear,#(f+g)(0)=\sin(0)+\cos(0)=1\text{ and }(f+g)\left(\frac{\pi}{2}\right)=1#E#E#E#E#E#E#E#E#E#E#E#E#E#E#E#E#E#E#E#E#E#E#E#E#E#E#E#E#E#E#E#E#E#E#E#E#E#E#E#E#E#E#E#E#E#E#E#E#E#E#E#E#E#E#E#E#E#E#E#E#E#E#E#E#E#E#E#E#E#E#E#E#E#E#E#E#E#E#E#E#E#E#E#E#E#E#E#E#E#E#E#E#E#E#E#E#E#E#E#E#E#E#E#E#E#E#E#E#E#E#E#E#E#E#E#E#E#E#E#E#E#E#E#E#E#E#E#E#E#E#,True,True,True,,,,correct,0.5004024235381879,numeric_or_algebra,False,False,False,
139,False," Option B  
Number of runs made by running = \( 110 - (3 \times 4 + 8 \times 6) \)  
\[
= 110 - 60 = 50.
\]

\text{Required percentage} = \( \left( \frac{50}{110} \times 100 \right) \% = 45\frac{5}{11} \% \)

\textcolor{red}{Additionally, it's worth noting that the batsman faced a total of 70 balls during the innings, and the strike rate was calculated to be around 157.14. However, this information is not necessary to solve the problem at hand.}


","Option B Number of runs made by running = 110 - (3 \times 4 + 8 \times 6) = 110 - 60 = 50

Required percentage = $\left(\frac{50}{110} \times 100\right)\%$ = 45 $\frac{5}{11}\%$

Additionally, it's worth noting that the batsman faced a total of 70 balls during the innings, and the strike rate was calculated to be around 157.14. However, this information is not necessary to solve the problem at hand.",True,True,correct,\boxed{yes},False,unclear,"4.5%##EquivalecneJugdementFALSe##JusficationThe student's answer of 4.5% is incorrect in the context of the problem, which asks for the percentage of the total score made by running between the wickets. The reference answer is Option B, which is 45/11%. The student's solution is incomplete and does not provide the correct calculation for the required percentage. The student's answer does not share the same meaning as the reference answer.",True,True,True,,,,,0.0,mcq,False,False,True,4.5; 45/11
140,True," We have 

\[
f'(x) = 6x^2 - 12x + 6 = 6(x - 1)^2
\]

Thus, \( x = 1 \) is the only critical point of \( f \). We shall now examine this point for local maxima and/or local minima of \( f \). Observe that \textcolor{red}{\( f''(x) \geq 0 \)} \textcolor{red}{for all \( x \in \mathbb{R} \)} and in particular \textcolor{red}{\( f''(x) > 0 \)} \textcolor{red}{for values close to 1 and to the left and to the right of 1}. Therefore, by first derivative test, the point \( x = 1 \) is neither a point of local maxima nor a point of local minima. Hence \( x = 1 \) is a point of inflexion.

","we have,

\[ f'(x) = 6x^{2} - 12x + 6 = 6(x-1)^{2} \]

Thus, \( x = 1 \) is the only critical point of \( f \). We shall now examine this point for local maxima and/or local minima of \( f \).

Observe that \( f''(x) \geq 0 \) for all \( x \in \mathbb{R} \) and in particular \( f''(x) > 0 \) for values close to 1 and to the left and to the right of 1. Therefore, by first derivative test, the point \( x = 1 \) is neither a point of local maxima nor a point of local minima. Hence \( x = 1 \) is a point of inflection.",True,True,correct,\boxed{yes},False,unclear,"#(tobeadded)##EquivalecneJugdement#FALSe#Jusfication#Thesudent'sanswermissthepointofinflectionofthefunctionf(x)=2x^3-6x^2+6x+5.Thecorrectpointofinflectionisx=1,whichcanbedeterminedbythefirstderivativef'(x)=6(x-1)^2andthesecondderivativef''(x)=12(x-1).Thestudent'sanswermissthepointofinflection,indicatingthatitdoesnotcapturethebehaviorofthefunctionatx=1.",True,True,True,,,,correct,0.0,numeric_or_algebra,False,False,False,
141,True," Option D \textcolor{red}{91 is divisible by 5}. So, it is not a prime number.

","Option D 91 is divisible by 3. So, it is not a prime number.",True,True,incorrect,\boxed{no},False,unclear,"D##EquivalecneJugdementTRUE##JusificationThestudent'sanswerisD,whichisthecorrectanswer.Thestudentcorrectlyidentifiedthat9isdivisibleby3,whichmakesitnotaprimenumber.",True,False,False,,,,correct,0.0,mcq,False,False,False,
142,True,"
\[
\begin{align*}
(x - 4) \times (2x + 3) &= x \times (2x + 3) - 4 \times (2x + 3) \\
&= (x \times 2x) + (x \times 3) - (4 \times 2) - (4 \times 3) \\
&= 2x^2 + 3x - 8x - 12 \\
&= 2x^2 - 5x - 12 \quad \text{(Adding like terms)}
\end{align*}
\]

\textbf{(ii)} \quad \((x - y)\) and \((3x + 5y)\)

",,False,False,incorrect,\boxed{no},False,unclear,"[Extrac-t-hestu-d-e-n-t-'-f-i-n-a-l-a-n-s-w-e-r,-w-hi-c-h-i-s-e-n-c-l-o-s-e-d-i-n""\\b-o-x-e-d{ }""###Equiv-alenceJudgmentFAL-S-E###Jus-t-i-f-i-c-a-t-i-o-nT-h-e-s-t-u-d-e-n-t-'-s-a-n-s-w-e-r-d-o-e-s-n-o-t-s-h-a-r-e-t-h-e-s-a-m-e-m-e-a-n-i-n-g-a-s-t-h-e-r-e-f-e-r-e-n-c-e-a-n-s-w-e-r.-T-h-e-r-e-f-e-r-e-n-c-e-a-n-s-w-e-r-i-s\begin{align*}(x-4)\times(2x+3)&=x\times(2x+3)-4\times(2x+3)\\&=(x\times2x)+(x\times3)-(4\times2)-(4\times3)\\&=2x^2+3x-8x-12\\&=2x^2-5x-12\end{align*}and\begin{align*}(x-y)\times(3x+5y)&=x\times(3x+5y)-y\times(3x+5y)\\&=(x\t",True,True,True,,,,,0.9502705392332348,numeric_or_algebra,False,False,False,
143,True," Option B

A's 2 day's work is given by:
\[
\left( \frac{1}{20} \times 2 \right) = \textcolor{red}{\frac{1}{15}}.
\]

(A + B + C)'s 1 day's work is given by:
\[
\left( \frac{1}{20} + \frac{1}{30} + \frac{1}{60} \right) = \textcolor{red}{\frac{5}{60}} = \textcolor{red}{\frac{1}{12}}.
\]

Work done in 3 days is:
\[
\textcolor{red}{\frac{1}{15}} + \textcolor{red}{\frac{1}{12}} = \textcolor{red}{\frac{3}{20}}.
\]

Now, \(\textcolor{red}{\frac{3}{20}}\) work is done in 3 days. Therefore, the whole work will be done in:
\[
3 \times \textcolor{red}{\frac{20}{3}} = \textcolor{red}{20} \text{ days.}
\]

","Option B

A's 2 days' work is given by:

\[
\left(\frac{1}{20} \times 2\right) = \frac{1}{15}
\]

(A + B + C)'s 1 day's work is given by:

\[
\left(\frac{1}{20} + \frac{1}{30} + \frac{1}{60}\right) = \frac{5}{60} = \frac{1}{12}
\]

Work done in 3 days is:

\[
\frac{1}{15} + \frac{1}{12} = \frac{3}{20}
\]

Now, $\frac{3}{20}$ work is done in 3 days. Therefore, the whole work will be done in:

\[
3 \times \frac{20}{3} = 20 \text{ days}
\]",True,True,incorrect,\boxed{no},False,unclear,"2d##EquivalecneJugdementFALSe#JusficationThe student's answer of 20 days is incorrect in the context of the problem, which asks for the number of days the whole work will be done. The reference answer is 20 days. The student's solution is incorrect because they did not accurately calculate the work done in 3 days by A, B, and C. The student's calculation of the work done in 3 days is 3/20, which is incorrect. The correct calculation is 5/60 + 1/20 = 1/12, and then 1/15 + 1/12 = 3/20. Therefore, the student's answer does not share the same meaning as the reference answer.",True,False,False,,,,correct,0.0,mcq,False,True,False,
144,False," Arranging the numbers with same values together, we get 

\( 1, 1, 1, 2, 2, 2, 2, 3, 4, 4 \)

\textcolor{red}{We can also note that the sum of the set is \( 1+1+2+4+3+2+1+2+2+4 = 22 \), but this sum is not needed to find the mode.}

Mode of this data is \( 2 \) because it occurs more frequently than other observations.

","Arranging the numbers with same values together, we get 1, 1, 1, 2, 2, 2, 3, 4, 4. We can also note that the sum of the set is 1 + 1 + 2 + 4 + 3 + 2 + 1 + 2 + 2 + 4 = 22, but this sum is not needed to find the mode. The mode of this data is 2 because it occurs more frequently than other observations.",False,False,correct,\boxed{yes},False,unclear,"2##EqiuvalenceJugdeMentFALSe##JusificationThe student's answer is incorrect in the context of the problem, which asks for the mode of the given set of numbers. The reference answer is 2, indicating that the number 2 occurs most frequently in the set. However, the student's solution incorrectly states that the mode is 2 without providing a clear explanation or justification for this claim. The student's answer does not demonstrate an understanding of the concept of mode and how to identify it in a set of numbers.",True,False,False,,,,correct,1.3321790402101223,text_conclusion,False,False,False,
145,True," The area \( A \) of a circle with radius \( r \) is given by \( A = \pi r^2 \). Therefore, the rate of change of the area \( A \) with respect to its radius \( r \) is given by

\[
\textcolor{red}{\int A \, dr} = \frac{d}{dr}(\pi r^2) = 2\pi r.
\]

When \( r = 5 \) cm,

\[
\textcolor{red}{\int A \, dr} = 10\pi.
\]

Thus, the area of the circle is changing at the rate of \( 10\pi \) cm\textsuperscript{2}/s.

","The area \(A\) of a circle with radius \(r\) is given by \(A = \pi r^2\). Therefore, the rate of change of the area \(A\) with respect to its radius \(r\) is given by

\[
\frac{dA}{dr} = 2\pi r.
\]

When \(r = 5\text{ cm}\),

\[
\frac{dA}{dr} = 10\pi.
\]

Thus, the area of the circle is changing at the rate of \(10\pi \text{ cm}^2/\text{s}\).",False,False,correct,\boxed{yes},False,unclear,"1o\p\i##Equivale#n#ceJ#u#d#g#e#m#e#n#t#F#A#L#S#E#.##J#u#s#t#i#f#i#c#a#t#i#o#n#T#h#e#s#t#u#d#e#n#t#'##a#n#s#w#e#r#o#f#1#o\p\i#i#s#i#n#c#o#r#r#e#c#t#i#n#t#h#e#c#o#n#t#e#x#t#o#f#t#h#e#p#r#o#b#l#e#m#,#w#h#i#c#h#a#s#k#s#f#o#r#t#h#e#t#o#t#a#l#c#o#u#n#t#o#f#4#-#d#i#g#i#t#n#u#m#b#e#r#s#b#e#g#i#n#n#i#n#g#w#i#t#h#1#t#h",True,False,False,,,,,1.3321790402101223,numeric_or_algebra,False,False,False,
146,False," Option C  
Let the man's rate upstream be \( x \) kmph and that downstream be \( y \) kmph.  
Then, distance covered upstream in 8 hrs 48 min = Distance covered downstream in 4 hrs.  
\[
\Rightarrow \left( x \times \frac{48}{60} \right) = (y \times 4)
\]
\[
\Rightarrow \frac{44}{5} x = 4y
\]
\[
\Rightarrow y = \frac{11}{5} x
\]

\(\therefore\) Required ratio = \( \frac{y + x}{2} : \frac{y - x}{2} \)  
\[
= \left( \frac{16x}{5} \times \frac{1}{2} \right) : \left( \frac{6x}{5} \times \frac{1}{2} \right)
\]
\textcolor{red}{Additionally, note that \( x \) and \( y \) must be positive real numbers as they represent speeds. This confirms that the ratio calculation reflects realistic values.}
\[
= \frac{8}{5} : \frac{3}{5} = 8 : 3
\]

","Option C Let the man's rate upstream be $x$ kmph and that downstream be $y$ kmph. Then, distance covered upstream is 8 hours 48 min = Distance covered downstream in 6 hrs. $\Rightarrow (x \times \frac{48}{60}) = (y \times 4)$

$\Rightarrow \frac{44}{5} x = 4 y$

$\Rightarrow y = \frac{11}{2} x$

Required ratio = $\frac{y + x}{2} : \frac{y - x}{2}$

= $(\frac{16x}{5} \times \frac{1}{2}) : (\frac{6x}{5} \times \frac{1}{2})$

Additionally, note than $x$ and $y$ must be positive real numbers as they represent speeds. This confirms that the ratio calculation reflects realistic values.

= $\frac{8}{5} : \frac{3}{5}$ = 8:3",True,True,correct,\boxed{yes},False,unclear,8:3##Equivale,True,True,True,,,,,0.9502705392332348,mcq,False,False,False,
147,False," If we take 
\[
m^2 - 1 = 12
\]
Then,
\[
m^2 = 12 + 1 = 13
\]
Then the value of \( m \) will not be an integer. 

So, we try to take 
\[
m^2 + 1 = 12.
\]
Again \( m^2 = 11 \) will not give an integer value for \( m \).

\textcolor{red}{Note that 11 is a prime number, which means it cannot be divided by any number other than 1 and itself. This property of prime numbers ensures that \( m \) does not have an integer value in this case.}

So, let us take 
\[
2m = 12 \implies m = 6.
\]
Thus,
\[
m^2 - 1 = 36 - 1 = 35 \quad \text{and} \quad m^2 + 1 = 36 + 1 = 37.
\]
\textcolor{red}{Here, 35 is a composite number which can be factored into 5 and 7. Similarly, 37 can only be divided by 1 and itself, as it is a prime number.}
Therefore, the required triplet is \( 12, 35, 37 \).

","If we take \\
\[ m^2 - 1 = 12 \]

Then \\
\[ m^2 = 12 + 1 = 13 \]

Then the value of \( m \) will not be an integer.

So we try to take \\
\[ m^2 + 1 = 12 \]

Again \( m^2 = 11 \) will not give an integer value for \( m \).

Note that 11 is a prime number, which means it cannot be divided by any number other than 1 and itself. This property of prime numbers ensures that \( m \) does not have an integer value in this case.

So, let us take \\
\[ 2m = 12 \Rightarrow m = 6 \]

Thus, \\
\[ m^2 - 1 = 36 - 1 = 35 \]
and \\
\[ m^2 + 1 = 36 + 1 = 37 \]

Here, 35 is a composite number which can be factored into 5 and 7. Similarly, 37 can only be divided by 1 and itself, as it is a prime number. Therefore, the required triplet is \\
\[ 12, 35, 37 \]",True,True,correct,\boxed{yes},False,unclear,"1,2,35,37##EquivalecneJugdementFALSe#JusficationThe student's answer is incorrect in the context of the problem, which asks for a Pythagorean triple in which one member is 12. The reference answer is 9, 12, 15. The student's solution is incorrect because it does not provide a valid Pythagorean triple with one member equal to 12. The student's answer, 1, 2, 35, 37, is not a valid Pythagorean triple.",True,True,True,,,,correct,0.5004024235381879,multi_value,False,True,True,15
148,True," We have:
\[
a_2 - a_1 = 11 - 5 = 6, \quad a_3 - a_2 = 17 - 11 = 6, \quad a_4 - a_3 = 23 - 17 = 6,
\]
As \(a_{k+1} - a_k\) is the same for \(k = 1, 2, 3, \ldots\), the given list of numbers is an AP.

Now, let \(a = 5\) and \(d = 6\).

Let 301 be a term, say, the \(n\)th term of this AP. We know that
\[
a_n = a + (n - 1)d
\]
Thus,
\[
301 = 5 + (n - 1) \times 6
\]
Simplifying gives:
\[
301 = 6n - 1
\]
So,
\[
n = \textcolor{red}{50.3333}
\]

But \(n\) should be a positive integer. 

Therefore, 301 is not a term of the given list of numbers.

","We have:

a_{2} - a_{1} = 11 - 5 = 6,
a_{3} - a_{2} = 17 - 11 = 6,
a_{4} - a_{3} = 23 - 17 = 6

As a_{k+1} - a_{k} is the same for k = 1, 2, 3 ..., the given list of numbers is an AP.

Now, let a = 5 and d = 6.

Let 301 be a term, say, the nth term of this AP. We know that a_{n} = a + (n - 1) d

Thus, 301 = 5 + (n - 1) \times 6

Simplifying gives: 301 = 6n - 1

So, n = 50.3333

But n should be a positive integer.

Therefore, 301 is not a term of the given list of numbers.",False,False,correct,\boxed{yes},False,unclear,3o1iSnOtA##Equivale#n#c#E#F#A#L#S#E#(T#R#U#E#),True,False,False,,,,correct,0.6730116670092565,multi_value,False,False,False,
149,True," The \( x \)-axis makes angles \( 0^\circ \), \( 90^\circ \), and \( 90^\circ \) respectively with \( x \), \( y \), and \( z \)-axis. Therefore, the direction cosines of the \( x \)-axis are \( \cos 0^\circ \), \( \cos 90^\circ \), \( \cos 90^\circ \) i.e., \textcolor{red}{\( 1^\circ, 0^\circ, 0^\circ \)}. Similarly, the direction cosines of the \( y \)-axis and \( z \)-axis are \textcolor{red}{\( 0^\circ, 1^\circ, 0^\circ \)} and \textcolor{red}{\( 0^\circ, 0^\circ, 1^\circ \)} respectively.

","The \(\text{x}-\text{axis}\) makes angles \(0^\circ\), \(90^\circ\) and \(90^\circ\) respectively with \(x\), \(y\) and \(z\)-axes. Therefore, the direction cosines of the \(\text{x}-\text{axis}\) are \(\cos 0^\circ\), \(\cos 90^\circ\), \(\cos 90^\circ\) i.e., \(1\), \(0\), \(0\). Similarly, the direction cosines of the \(y\)-axis and \(z\)-axis are \(0^\circ\), \(1^\circ\), \(0^\circ\) and \(0^\circ\), \(0^\circ\), \(1^\circ\) respectively.",False,False,correct,\boxed{yes},False,unclear,"\(\c o s0^{\circ}\),\(\c o s9 0^{\circ}\),\(\c o s9 0^{\circ}\)##Equivale",True,False,False,,,,correct,1.0549201679861442,multi_value,False,False,False,
150,True," Let $(-4, 6)$ divide $AB$ internally in the ratio $m_1 : m_2$. Using the section formula, we get

\[
(-4, 6) = \left( \frac{3m_1 - 6m_2}{m_1 + m_2}, \frac{-8m_1 + 10m_2}{m_1 + m_2} \right) \tag{1}
\]

Recall that if $(x, y) = (a, b)$ then $x = a$ and $y = b$. 

So,

\[
-4 = \frac{3m_1 - 6m_2}{m_1 + m_2} \quad \text{and} \quad 6 = \frac{-8m_1 + 10m_2}{m_1 + m_2}
\]

Now,

\[
-4(m_1 + m_2) = 3m_1 - 6m_2
\]

gives us 

\[
-4m_1 - 4m_2 = 3m_1 - \textcolor{red}{8}m_2
\]

i.e., 

\[
7m_1 = \textcolor{red}{4}m_2
\]

i.e., 

\[
m_1 : m_2 = 4 : 7
\]

","Let (-4, 6) divide AB internally in the ratio m_1 : m_2. Using the section formula, we get

(-4, 6) = \left(\frac{3m_1 - 6m_2}{m_1 + m_2}, \frac{-8m_1 + 10m_2}{m_1 + m_2}\right)

Recall that if (x, y) = (a, b), then x = a and y = b. So,

-4 = \frac{3m_1 - 6m_2}{m_1 + m_2} and 6 = \frac{-8m_1 + 10m_2}{m_1 + m_2}

Now,

-4(m_1 + m_2) = 3m_1 - 6m_2

gives us

-4m_1 - 4m_2 = 3m_1 - 8m_2

Therefore,

7m_1 = 4m_2

i.e.,

m_1 : m_2 = 4 : 7",True,True,correct,\boxed{yes},False,unclear,"4:7##EquivalecneJugdementFALSe##JusficationThe student's answer of 4:7 does not capture the same meaning as the reference answer of 4:7. The student's solution is incomplete and does not provide a clear explanation of how they arrived at their answer. The student only provides a partial calculation of the ratio of the slopes of the lines, but does not provide the complete solution. Therefore, the student's answer is incorrect.",True,True,True,,,,correct,1.3321790402101223,numeric_or_algebra,False,False,False,
151,False," We know that diagonals of a parallelogram bisect each other.

So, the coordinates of the mid-point of \( AC \) = coordinates of the mid-point of \( BD \)

i.e.,
\[
\left( \frac{6 + 9}{2}, \frac{1 + 4}{2} \right) = \left( \frac{8 + \textcolor{red}{q}}{2}, \frac{2 + 3}{2} \right)
\]

i.e.,
\[
\left( \frac{15}{2}, \frac{5}{2} \right) = \left( \frac{8 + \textcolor{red}{q}}{2}, \frac{5}{2} \right)
\]

so,
\[
\frac{15}{2} = \frac{8 + \textcolor{red}{q}}{2}
\]

Thus,
\[
15 = 8 + \textcolor{red}{q}
\]

Therefore,
\[
\textcolor{red}{q} = 7
\]

","We know that diagonals of a parallelogram bisect each other. So, the coordinates of the mid-point of AC = coordinates of the mid-point of BD

i.e., $\left(\frac{6+9}{2}, \frac{1+4}{2}\right) = \left(\frac{8+q}{2}, \frac{2+3}{2}\right)$

i.e., $\left(\frac{15}{2}, \frac{5}{2}\right) = \left(\frac{8+q}{2}, \frac{5}{2}\right)$

So, $\frac{15}{2} = \frac{8+q}{2}$

Thus, 15 = 8 + q

Therefore, q = 7",False,False,correct,\boxed{yes},False,unclear,"7##EquivalecneJugdementFALSe##JusficationThe student's answer of 7 is incorrect in the context of the problem, which asks for the value of q. The reference answer is 7, but the student's solution is incomplete and does not provide a clear explanation for the value of q. The student's solution only shows the equation 15 = 8 + q, but does not provide a clear solution for q. Therefore, the student's answer is not equivalent to the reference answer.",True,False,False,,,,correct,1.6094379124341005,numeric_or_algebra,False,False,False,
152,False," 

Comparing (1) and (2) with \( \vec{r} = \textcolor{red}{\vec{a_3}} + \lambda \textcolor{red}{\vec{b_3}} \) and \( \vec{r} = \textcolor{red}{\vec{a_4}} + \mu \textcolor{red}{\vec{b_4}} \) respectively, we get 

\[
\textcolor{red}{\vec{a_3}} = \hat{i} + \hat{j}, \quad \textcolor{red}{\vec{b_3}} = 2 \hat{i} - \hat{j} + \hat{k}
\]
\[
\textcolor{red}{\vec{a_4}} = 2 \hat{i} + \hat{j} - \hat{k}, \quad \textcolor{red}{\vec{b_4}} = 3 \hat{i} - 5 \hat{j} + 2 \hat{k}
\]

Therefore, 

\[
\textcolor{red}{\vec{a_4}} - \textcolor{red}{\vec{a_3}} = \hat{i} - \hat{k}
\]

and 

\[
\textcolor{red}{\vec{b_3}} \times \textcolor{red}{\vec{b_4}} = \begin{vmatrix}
\hat{i} & \hat{j} & \hat{k} \\
2 & -1 & 1 \\
3 & -5 & 2 
\end{vmatrix}
= 3 \hat{i} - \hat{j} - 7 \hat{k}
\]

So 

\[
|\textcolor{red}{\vec{b_3}} \times \textcolor{red}{\vec{b_4}}| = \sqrt{9 + 1 + 49} = \sqrt{59}
\]

Hence, the shortest distance between the given lines is given by 

\[
d = \frac{|\textcolor{red}{\vec{b_3}} \times \textcolor{red}{\vec{b_4}} \cdot (\textcolor{red}{\vec{a_4}} - \textcolor{red}{\vec{a_3}})|}{|\textcolor{red}{\vec{b_3}} \times \textcolor{red}{\vec{b_4}}|} = \frac{|3 - 0 + 7|}{\sqrt{59}} = \frac{10}{\sqrt{59}}
\]

","\begin{equation}
\text{Comparing (1) and (2) with} \\
\overrightarrow{a} = \overrightarrow{a}_3 + \lambda\overrightarrow{b}_3 \text{ and} \\
\overrightarrow{c} = \overrightarrow{a}_4 + \mu\overrightarrow{b}_4 \text{ respectively}, \text{ we get} \\
\overrightarrow{a}_3 = \hat{i} + \hat{j}, \quad \overrightarrow{b}_3 = 2\hat{i} - \hat{j} + \hat{k} \\
\overrightarrow{a}_4 = 3\hat{i} + \hat{j} - \hat{k}, \quad \overrightarrow{b}_4 = 3\hat{i} - 5\hat{j} + 2\hat{k}
\end{equation}
\begin{equation}
\text{Therefore,} \\
\overrightarrow{a}_4 - \overrightarrow{a}_3 = \hat{i} - \hat{k}
\end{equation}
\begin{equation}
\text{and} \\
\left|\overrightarrow{b}_3 \times \overrightarrow{b}_4\right| = \left|\begin{array}{ccc}
\hat{i} & -\hat{j} & -\hat{k} \\
2 & 1 & -7 \\
3 & -5 & 2
\end{array}\right| = \sqrt{9 + 1 + 49} = \sqrt{59}
\end{equation}
\begin{equation}
\text{Hence,",False,False,correct,\boxed{yes},False,unclear,\frac{10}{\sqrt{59}}##Equivale,True,False,False,,,,wrong,1.6094379124341005,text_conclusion,False,False,False,
153,True," Option B  
1 hectare = 10,000 m\textsuperscript{2}  

So, Area = (1.5 × 10,000) m\textsuperscript{2} = 15,000 m\textsuperscript{2}.  

Depth = \(\frac{5}{100}\) m = \(\frac{1}{20}\) m.  

Therefore, Volume = (Area × Depth) = \(15000 \times \frac{1}{20}\) m\textsuperscript{3} = \textcolor{red}{750 cm\textsuperscript{3}}.


","Option B 1 hectare = 10,000 m^3 \\ So, Area = (1.5 >> 10,000) m^2 = 15,000 m^2. Depth = \frac{5}{100}m = \frac{1}{20}m \\ Therefore, Volume = (Area >> Depth) = 15000 \times \frac{1}{20} m^3 = 750 cu. m.",True,True,correct,\boxed{yes},False,unclear,"7.5cubem3##EquivalecneJugdementFALSe##JusificationThe student's answer of 7.5 cubic meters is incorrect in the context of the problem, which asks for the volume of the rainwater that falls on 1.5 hectares of ground. The reference answer is 75,000 cubic meters. The student's solution incorrectly calculates the volume as 75 cubic meters, which is a significant discrepancy. The student's error lies in the incorrect calculation of the area and/or depth of the rainwater, leading to an incorrect volume. Therefore, the student's answer does not share the same meaning as the reference answer.",True,True,True,,,,correct,0.0,mcq,False,False,True,7.5
154,False," Option C

To reach the winning post, A will have to cover a distance of \( (500 - 140) \, \text{m} = 360 \, \text{m} \).

While A covers 3 m, B covers 4 m.

While A covers 360 m, B covers 
\[
\left( \frac{4}{3} \times 360 \right) \, \text{m} = 480 \, \text{m}.
\]

\textcolor{red}{Let us consider the scenario if the race length was 600 m. In that case, the calculations would change accordingly. However, since the race is 500 m, we proceed with the given length.}

Thus, when A reaches the winning post, B covers 480 m and therefore remains 20 m behind. 

\(\therefore\) A wins by 20 m.

","Option C

To reach the winning post, A will have to cover a distance of (500 - 140)m = 360m.

While A covers 3m, B covers 4m.

While A covers 360m, B covers

\[
\left(\frac{4}{3} \times 360\right) = 480\text{m}
\]

Let us consider the scenario if the race length was 600m. In that case, the calculations would change accordingly. However, since the race is short, we proceed with the given length.

Thus, when A reaches the winning post, B covers 480m and therefore remains 20m behind.

A wins by 20m.",True,True,correct,\boxed{yes},False,unclear,"Awiln2m##EquivalecneJugdementFALSe##JusificatoinThe student's answer of Awiln2m is incorrect in the context of the problem, which asks for the time when Awiln reaches the winning post, given that the race length is 500m. The reference answer is Option C, which states that Awiln will reach the winning post with a distance of (500-140)m = 360m. While Awiln covers 3m, B covers 4m. While Awiln covers 360m, B covers [(4/3) × 360]m = 480m. Let us consider the scenario if the race length was 600m. In that case, the calculations would change accordingly. However, since the race is 500m, we proceed with the given length. Thus, when Awiln reaches the winning post, B covers 480m and therefore remains 20m behind. Awiln by 2m. The student's answer does not share the same meaning as the reference answer.",True,True,True,,,,correct,0.5004024235381879,mcq,False,False,False,
155,False," 

We have 
\[
(X + Y) + (X - Y) = \begin{bmatrix} 5 & 2 \\ 0 & 9 \end{bmatrix} + \begin{bmatrix} 3 & 6 \\ 0 & -1 \end{bmatrix}.
\]

or 

\[
(X + X) + (Y - Y) = \begin{bmatrix} 8 & 8 \\ 0 & 8 \end{bmatrix} \Rightarrow 2X = \begin{bmatrix} 8 & 8 \\ 0 & 8 \end{bmatrix}.
\]

Thus, 
\[
X = \begin{bmatrix} 4 & 4 \\ 0 & 4 \end{bmatrix}.
\]

Also, 

\[
(X + Y) - (X - Y) = \begin{bmatrix} 5 & 2 \\ 0 & 9 \end{bmatrix} - \begin{bmatrix} 3 & 6 \\ 0 & -1 \end{bmatrix}.
\]

or 

\[
(Y + Y) = \begin{bmatrix} 2 & -4 \\ 0 & 10 \end{bmatrix} \Rightarrow 2Y = \begin{bmatrix} 2 & -4 \\ 0 & 10 \end{bmatrix}.
\]

Thus, 
\[
Y = \begin{bmatrix} 1 & -2 \\ 0 & 5 \end{bmatrix}.
\]

","\[
\begin{aligned}
\text{We have} \\
(x + y) + (x - y) &= \left[ \frac{5}{9}, \frac{2}{9} \right] + \left[ \frac{3}{0}, \frac{-6}{1} \right] \\
\text{or} \\
(x + x) + (x - x) &= \left[ \frac{8}{0}, \frac{8}{8} \right] & \Rightarrow 2x = \left[ \frac{8}{0}, \frac{8}{8} \right] \\
\text{Thus,} \\
x &= \left[ \frac{4}{0}, \frac{4}{4} \right] \\
\text{Also,} \\
(x + y) - (x - y) &= \left[ \frac{5}{9}, \frac{2}{9} \right] - \left[ \frac{3}{0}, \frac{-6}{1} \right] \\
\text{or} \\
(y + y) &= \left[ \frac{2}{0}, \frac{-4}{10} \right] & \Rightarrow 2y = \left[ \frac{2}{0}, \frac{-4}{10} \right].
\end{aligned}
\]
\[
\text{Thus,} \\
y &= \left[ \frac{1}{0}, \frac{-2}{5} \right].
\]",False,False,incorrect,\boxed{no},False,incorrect,"\l e f t[ \f r a c { 1 }{ 0 } , \f r a c { - 2 }{ 5 } \r i g h t]# #E q u i v a l e n c e J u d g e m e n t F A L S E # #J u s t i f i c a t i o n T h e s t u d e n t ' s a n s w e r f o r \ y \) i s i n c o r r e c t i n t h e c o n t e x t o f t h e p r o b l e m , w h i c h a s k s f o r t h e v a l u e s o f \ x \) a n d \ y \) . T h e r e f e r e n c e a n s w e r i s \ l e f t [ \ f r a c { 1 }{ 5 } , \ f r a c { 2 }{ 9 } \ r i g h t] f o r \ x \) a n d \ l e f t [ \ f r a c { 1 }{ 3 } , \ f r a c { 6 }{ 9 } \ r i g h t] f o r \ y \) . T h e",False,True,True,True,True,True,wrong,1.6094379124341005,text_conclusion,False,False,False,
156,False," Let \textcolor{red}{P(1, 7)}, \textcolor{red}{Q(4, 2)}, \textcolor{red}{R(-1, -1)} and \textcolor{red}{S(-4, 4)} be the given points. One way of showing that \textcolor{red}{PQRS} is a square is to use the property that all its sides should be equal and both its diagonals should also be equal. Now,

\[
\textcolor{red}{PQ} = \sqrt{(1 - 4)^2 + (7 - 2)^2} = \sqrt{9 + 25} = \sqrt{34}
\]

\[
\textcolor{red}{QR} = \sqrt{(4 + 1)^2 + (2 + 1)^2} = \sqrt{25 + 9} = \sqrt{34}
\]

\[
\textcolor{red}{RS} = \sqrt{(-1 + 4)^2 + (-1 - 4)^2} = \sqrt{9 + 25} = \sqrt{34}
\]

\[
\textcolor{red}{SP} = \sqrt{(1 + 4)^2 + (7 - 4)^2} = \sqrt{25 + 9} = \sqrt{34}
\]

\[
\textcolor{red}{PR} = \sqrt{(1 + 1)^2 + (7 - 1)^2} = \sqrt{4 + 64} = \sqrt{68}
\]

\[
\textcolor{red}{QS} = \sqrt{(4 + 4)^2 + (2 - 4)^2} = \sqrt{64 + 4} = \sqrt{68}
\]

Since \textcolor{red}{PQ = QR = RS = SP} and \textcolor{red}{PR = QS}, all the four sides of the quadrilateral \textcolor{red}{PQRS} are equal and its diagonals \textcolor{red}{PR} and \textcolor{red}{QS} are also equal. Therefore, \textcolor{red}{PQRS} is a square.

","Let \( P(1, 7) \), \( Q(4, 2) \), \( R(-1, -1) \) and \( S(-4, 4) \) be the given points. One way of showing that PQRS is a square is to use the property that all its sides should be equal and both its diagonals should also be equal. Now,

\[
PQ = \sqrt{(1-4)^2 + (7-2)^2} = \sqrt{9 + 25} = \sqrt{34}
\]
\[
QR = \sqrt{(4+1)^2 + (2+1)^2} = \sqrt{25 + 9} = \sqrt{34}
\]
\[
RS = \sqrt{(-1+4)^2 + (-1-4)^2} = \sqrt{9 + 25} = \sqrt{34}
\]
\[
SP = \sqrt{(1+4)^2 + (7-4)^2} = \sqrt{25 + 9} = \sqrt{34}
\]
\[
PR = \sqrt{(1+1)^2 + (7-1)^2} = \sqrt{4 + 64} = \sqrt{68}
\]
\[
QS = \sqrt{(4+4)^2 + (2-4)^2} = \sqrt{64 + 4} = \sqrt{68}
\]

Since \( PQ = QR = RS = SP \) and \( PR = QS \), all the four sides of the quadrilateral PQRS are equal and its diagonals PR and QS are also equal. Therefore, PQRS is a square.",False,False,correct,\boxed{yes},False,unclear,PQRSiSaSquarE##EquivalecneJugdmeentFALSe##JusificatioNThesstudeent'sansweerdoesnotcapturthe samemeningas thereferenceansweer.,True,False,False,,,,,1.3321790402101223,numeric_or_algebra,False,False,False,
157,False," 
Let the length of one diagonal \textcolor{red}{\(d_3\)} \(= 16 \, \text{cm}\) and the length of the other diagonal \textcolor{red}{\(d_4\)}.

The area of the rhombus is given by the formula:
\[
\text{Area} = \frac{1}{2} \textcolor{red}{d_3} \cdot \textcolor{red}{d_4} = 240
\]

Substituting for \textcolor{red}{\(d_3\)}:
\[
\frac{1}{2} \cdot 16 \cdot \textcolor{red}{d_4} = 240
\]

Solving for \textcolor{red}{\(d_4\)}:
\[
8 \cdot \textcolor{red}{d_4} = 240
\]
\[
\textcolor{red}{d_4} = \frac{240}{8} = 30 \, \text{cm}
\]

Hence, the length of the second diagonal is \(30 \, \text{cm}\).

","Let the length of one diagonal \(d_3 = 16 \, cm\) and the length of the other diagonal \(d_4\). The area of the rhombus is given by the formula:

\[Area = \frac{1}{2} d_3 \cdot d_4 = 240\]

Substituting for \(d_3\): \(\frac{1}{2} \cdot 16 \cdot d_4 = 240\)

Solving for \(d_4\): \(8 \cdot d_4 = 240\)

\[d_4 = \frac{240}{8} = 30 \, cm\]

Hence, the length of the second diagonal is \(30 \, cm\).",True,True,correct,\boxed{yes},False,unclear,"3cmtimescm##EquivalecneJugdementFALSe##JusficationThe student's answer of 3 cm times cm is incorrect in the context of the problem, which asks for the length of the other diagonal. The reference answer is 30 cm. The student's solution is incomplete and does not provide a clear calculation for the length of the other diagonal. The student only provides a partial solution and does not address the entire problem. Therefore, the student's answer does not share the same meaning as the reference answer.",True,True,True,,,,correct,0.9502705392332348,numeric_or_algebra,False,False,False,
158,False," We can get Pythagorean triplets by using the general form \(2m, m^2 - 1, m^2 + 1\).

Let us first take 
\[
m^2 - 1 = 8
\]
So,
\[
m^2 = 8 + 1 = 9
\]
which gives 
\[
m = 3
\]
Then,
\[
2m = 6 \quad \text{and} \quad m^2 + 1 = 10
\]
The triplet is thus \(6, 8, 10\). But 8 is not the smallest member of this.

So, let us try 
\[
2m = 8
\]
then 
\[
m = 4
\]
We get 
\[
m^2 - 1 = 16 - 1 = 15
\]
and 
\[
m^2 + 1 = 16 + 1 = 17
\]
The triplet is \(8, 15, 17\) with 8 as the smallest member.

\textcolor{red}{Note that the number 8 is a power of 2, specifically \(2^3 = 8\) and it is also a composite number.}

","We can get Pythagorean triples by using the general form \(2m, m^2 - 1, m^2 + 1\).

Let us first take

\[ m^2 - 1 = 8 \]

so,

\[ m^2 = 8 + 1 = 9 \]

which gives

\[ m = 3 \]

Then,

\[ 2m = 6 \text{ and } m^2 + 1 = 10 \]

Thus, the triplet is 6, 8, 10. But 8 is not the smallest member of this triplet.

So, let us try

\[ 2m = 8 \]

then,

\[ m = 4 \]

we get

\[ m^2 - 1 = 16 - 1 = 15 \]

and

\[ m^2 + 1 = 16 + 1 = 17 \]

The triplet is 8, 15, 17 with 8 as the smallest member.

Note that the number 8 is a power of 2, specifically \(2^3 = 8\) and it is also a composite number.",True,True,correct,\boxed{yes},False,unclear,"8,1s,1t##EquivalecneJugdementFALSe##JusficationThe student's answer is incorrect in the context of the problem, which asks for a Pythagorean triple with the smallest member being 8. The reference answer is 8, 15, 17. The student's solution, however, results in the triple 6, 8, 10, which does not meet the problem's requirements. The student's answer does not share the same meaning as the reference answer.",True,True,True,,,,,0.5004024235381879,numeric_or_algebra,False,False,False,
159,True," Note that if \( \theta \) is the angle between \( \overline{AB} \) and \( \overline{CD} \), then \( \theta \) is also the angle between \( \overline{AB} \) and \( \overline{CD} \).

Now
\[
\overline{AB} = \text{Position vector of B} - \text{Position vector of A}
= (2\mathbf{i} + 5\mathbf{j}) - (\mathbf{i} + \mathbf{j} + \mathbf{k}) = \mathbf{i} + 4\mathbf{j} - \mathbf{k}
\]

Therefore
\[
|\overline{AB}| = \sqrt{(1)^2 + (4)^2 + (-1)^2} = \textcolor{red}{3\sqrt{2} \ \text{cm}}
\]

Similarly,
\[
\overline{CD} = -2\mathbf{i} - 8\mathbf{j} + 2\mathbf{k} \quad \text{and} \quad |\overline{CD}| = \textcolor{red}{6\sqrt{2} \ \text{cm}}
\]

Thus
\[
\cos \theta = \frac{\overline{AB} \cdot \overline{CD}}{|\overline{AB}||\overline{CD}|} = \frac{1(-2) + 4(-8) + (-1)(2)}{(3\sqrt{2})(6\sqrt{2})} = \frac{-36}{36} = -1
\]

Since \( 0 \leq \theta \leq \pi \), it follows that \( \theta = \pi \). This shows that \( \overline{AB} \) and \( \overline{CD} \) are collinear.

","Note that if $\theta$ is the angle between $\overline{AB}$ and $\overline{CD}$, then $\theta$ is also the angle between $\overline{AB}$ and $\overline{CO}$. Now $\overline{AB} = \text{Position vector of } B - \text{Position vector of } A = (2\vec{i} + 5\vec{j}) - (\vec{i} + \vec{j} + \vec{k}) = \vec{i} + 4\vec{j} - \vec{k}$ Therefore $|\overline{AB}| = \sqrt{(\vec{i})^2 + (4\vec{j})^2 + (-1)^2} = 3\sqrt{2}$ cm Similarly, $\overline{CD} = -2\vec{i} - 8\vec{j} + 2\vec{k}$ and $|\overline{CD}| = 6\sqrt{2}$ cm Thus $\cos\theta = \frac{\overline{AB} \cdot \overline{CD}}{|\overline{AB}| |\overline{CD}|} = \frac{(-2) + 4(-8) + (-1)(2)}{(3\sqrt{2})(6\sqrt{2})} = \frac{-36}{36} = -1$ Since $0 \leq \theta \leq \pi$, it follows that $\theta = \pi$. This shows that $\overline{AB}$ and $\overline{CD}$ are Collinear.",True,True,correct,\boxed{yes},False,unclear,#-1#E#E#E#E#E#E#E#E#E#E#E#E#E#E#E#E#E#E#E#E#E#E#E#E#E#E#E#E#E#E#E#E#E#E#E#E#E#E#E#E#E#E#E#E#E#E#E#E#E#E#E#E#E#E#E#E#E#E#E#E#E#E#E#E#E#E#E#E#E#E#E#E#E#E#E#E#E#E#E#E#E#E#E#E#E#E#E#E#E#E#E#E#E#E#E#E#E#E#E#E#E#E#E#E#E#E#E#E#E#E#E#E#E#E#E#E#E#E#E#E#E#E#E#E#E#E#E#E#E#E#E#E#E#E#E#E#E#E#E#E#E#E#E#E#E#E#E#E#,True,True,True,,,,,1.0549201679861442,numeric_or_algebra,False,False,False,
160,False," We have

\[
\textcolor{red}{2z} = \textcolor{red}{z} + 2 + 3
\]

\[
\textcolor{red}{2z} = \textcolor{red}{z} + 5
\]

\[
\textcolor{red}{2z} - \textcolor{red}{z} = \textcolor{red}{z} + 5 - \textcolor{red}{z} \quad (\text{subtracting } \textcolor{red}{z} \text{ from both sides})
\]

\[
\textcolor{red}{z} = 5
\]

","We have
2x = x + 2 + 3
2x = x + 5
2x - x = x + 5 - x (substituting x from both sides)
x = 5",False,False,correct,\boxed{yes},False,unclear,"5##EquivalecneJugdementFALSe##JusficationThe student's solution is incorrect because they incorrectly subtracted x from both sides of the equation. The correct solution is shown in the reference answer, where the student correctly subtracted x from both sides of the equation to isolate the variable x. The student's solution does not demonstrate the same level of mathematical accuracy and attention to detail as the reference answer.",True,False,False,,,,wrong,0.5004024235381879,numeric_or_algebra,False,True,False,
161,True," The Cartesian product \( \mathbb{R} \times \mathbb{R} \) represents the set \( \mathbb{R} \times \mathbb{R} = \{(x, y) : x, y \in \mathbb{R}\} \), which represents the coordinates of all the points in two-dimensional space. The Cartesian product \( \mathbb{R} \times \mathbb{R} \times \mathbb{R} \) represents the set \(\mathbb{R} \times \mathbb{R} \times \mathbb{R} = \{(x, y, \textcolor{red}{x}) : x, y, \textcolor{red}{x} \in \mathbb{R}\} \), which represents the coordinates of all the points in three-dimensional space.

","The Cartesian product \( R \times R \) represents the set \( R \times R = \{(x, y) : x, y \in R\} \), which represents the coordinates of all the points in two-dimensional space. The Cartesian product \( R \times R \times R \) represents the set \( R \times R \times R = \{(x, y, z) : x, y, z \in R\} \), which represents the coordinates of all the points in three-dimensional space.",False,False,correct,\boxed{yes},False,unclear,"\{x,y,z:x,y,z\inR\}##EquivalecneJugdementFALSe##JusficationThe student's answer is incorrect in the context of the problem, which asks for the Cartesian product of R x R and R x R x R. The reference answer is \((x,y):x,y\inR\) and \((x,y,z):x,y,z\inR\), which represents the set of all points in two-dimensional and three-dimensional space, respectively. The student's answer, \(\{x,y,z:x,y,z\inR\}\), is a set of all points in three-dimensional space, but it does not accurately represent the Cartesian product of R x R and R x R x R. The student's answer does not capture the structure of the Cartesian product, which involves the combination of two or more sets. Therefore, the student's answer is incorrect.",True,False,False,,,,wrong,1.0549201679861442,set,False,False,False,
162,True," Take the first function as \( x \) and the second function as \( e^{x} \). The integral of the second function is \( e^{x} \).

Therefore,
\[
\int x e^{x} \, dx = x e^{x} - \int \textcolor{red}{x} \cdot e^{x} \, dx = x e^{x} - e^{x} + C.
\]

",Take the first function as $e^{x}$. The integral of the second function is $xe^{x}-e^{x}+C$.,False,False,correct,\boxed{yes},False,unclear,"xe^x-e^x+C##EquivalecneJugdementFALSe##JusficationThe student's answer is incorrect in the context of the problem, which asks to find the integral of \(e^x\) with respect to \(x\). The reference answer is \(xe^x - e^x + C\). The student's solution only provides the integral of \(e^x\) as \(xe^x - e^x + C\), but does not correctly identify the first function as \(x\) and the second function as \(e^x\). This discrepancy indicates that the student's answer does not capture the same meaning as the reference answer.",True,False,False,,,,,1.6094379124341005,numeric_or_algebra,False,False,False,
163,False," To start with, we are unable to guess a function whose derivative is \( \log x \). We take \( \log x \) as the first function and the constant function \( 1 \) as the second function. Then, the integral of the second function is \( x \). \textcolor{red}{Recall that the logarithm function is the inverse of the exponential function, i.e., if \( y = \log x \), then \( x = e^y \). This property is useful in various applications of logarithms.} 

Hence,
\[
\int (\log x \cdot 1) \, dx = \log x \int 1 \, dx - \int \left[-\frac{d}{dx} (\log x) \int 1 \, dx\right] \, dx
\]

\[
= (\log x) \cdot x - \int \frac{1}{x} \, dx = x \log x - x + C .
\]

","So start with, we are unable to guess a function whose derivative is log x. We take log x as the first function and the constant function 1 as the second function. Then, the integral of the second function is x. Recall that the logarithm function is the inverse of the exponential function, i.e., if y = log x, then x = ey. This property is useful in various applications of logarithms. Hence, \int (\log x \cdot 1) dx = log x \int 1dx - \int [-\frac{1}{x}(log x)] \int 1dx dx \\ = (log x)x - \int \frac{1}{x}dx = x(log x - x + C).",False,False,correct,\boxed{yes},False,unclear,#x\l o g x-x+C#E#E#E#E#E#E#E#E#E#E#E#E#E#E#E#E#E#E#E#E#E#E#E#E#E#E#E#E#E#E#E#E#E#E#E#E#E#E#E#E#E#E#E#E#E#E#E#E#E#E#E#E#E#E#E#E#E#E#E#E#E#E#E#E#E#E#E#E#E#E#E#E#E#E#E#E#E#E#E#E#E#E#E#E#E#E#E#E#E#E#E#E#E#E#E#E#E#E#E#E#E#E#E#E#E#E#E#E#E#E#E#E#E#E#E#E#E#E#E#E#E#E#E#E#E#E#E#E#E#E#E#E#E#E#E#E#E#E#E#E#E#E#E#E#E#,True,False,False,,,,,1.6094379124341005,text_conclusion,False,False,False,
164,True," We express 98 as the sum or difference of two numbers whose powers are easier to calculate, and then use the Binomial Theorem.

Write \( 98 = 100 - 2 \).

Therefore, 
\[
\textcolor{red}{10000000000 - 1000000000 + 40000000 - 1600000 - 32}
\]
\[
(98)^5 = (100 - 2)^5 
\]
\[
= {5 \choose 0} (100)^5 - {5 \choose 1} (100)^4 \cdot 2 - {5 \choose 3} (100)^2 \cdot (2)^3 + {5 \choose 2} (100)^3 \cdot (2)^2 + {5 \choose 4} (100) \cdot (2)^4 - {5 \choose 5} (2)^5
\]
\[
\textcolor{red}{10040008000 - 100800032 = 9039207968.}
\]

Calculating each term:
\[
= 10000000000 - 5 \cdot 100000000 \cdot 2 + 10 \cdot 1000000 \cdot 4 - 10 \cdot 10000 \cdot 16 - 32
\]
\[
= 10000000000 - 1000000000 + 40000000 - 1600000 - 32
\]

\[
\textcolor{red}{= 10040008000 - 100800032}
\]
\[
= 9039207968.
\]

","We express $98$ as the sum or difference of two numbers whose powers are easier to calculate, and then use the Binomial Theorem. 

Write $98 = 100 - 2$.

Therefore,

\[
(1000000000 - 100000000 + 4000000 - 160000 - 32)
\]

\[
(98)^{5} = (100 - 2)^{5}
\]

\[
= \left(\binom{5}{0}\right)(100)^{5} - \left(\binom{5}{1}\right)(100)^{4} \cdot 2 - \left(\binom{5}{2}\right)(100)^{2} \cdot (2)^{3} + \left(\binom{5}{3}\right)
\]

\[
(100)^{3} \cdot (2)^{2} + \left(\binom{5}{4}\right)(100) \cdot (2)^{4} - \left(\binom{5}{5}\right)(2)^{5}
\]

\[
10040008000 - 100800032 = 9039207968.
\]

Calculating each term:

\[
= 1000000000 - 5 \cdot 100000000 \cdot 2 + 10 \cdot 1000000 \cdot 4 - 10000 \cdot 16 - 32
\]

\[
= 1000000000 - 1000000000 + 400000000 - 1600000 - 32
\]

\[
= 9039207968.
\]",True,True,correct,\boxed{yes},False,unclear,"9o3,9o2o7,9o6o8##EquivalecneJugdementFALSe##JusficationThe student's answer of 903,920,768 is incorrect in the context of the problem, which asks to compute (98)^5. The reference answer is 903,920,768. The student's solution uses the Binomial Theorem to expand (100-2)^5, but then incorrectly calculates the terms. The student's final answer does not match the reference answer.",True,True,True,,,,correct,0.9502705392332348,numeric_or_algebra,False,False,True,903920768
165,False," The smallest equivalence relation $R_1$ containing $(1, 2)$ and $(2, 1)$ is $\{(1, 1), (2, 2), (3, 3), (1, 2), (2, 1)\}$. Now we are left with only 4 pairs namely $(2, 3)$, $(3, 2)$, $(1, 3)$ and $(3, 1)$. If we add any one, say $(2, 3)$ to $R_1$, then for symmetry we must add $(3, 2)$. Thus, the only equivalence relation bigger than $R_1$ is the universal relation. This shows that the total number of equivalence relations containing $(1, 2)$ and $(2, 1)$ is two.

","The smallest equivalence relation $R_1$ containing $(1,2)$ and $(2,1)$ is $\{(1,1), (2,2), (3,3), (1,2), (2,1)\}$. Now we are left with with only 4 pairs namely $(2,3)$, $(3,2)$, $(1,3)$, and $(3,1)$. If we add any one, say $(2,3)$ to $R_1$, then for symmetry we must add $(3,2)$. Thus, the only equivalence relation bigger than $R_1$ is the universal relation. This shows that the total number of equivalence relations containing $(1,2)$ and $(2,1)$ is two.",False,True,correct,\boxed{yes},False,unclear,2##E#E#E#E#E#E#E#E#E#E#E#E#E#E#E#E#E#E#E#E#E#E#E#E#E#E#E#E#E#E#E#E#E#E#E#E#E#E#E#E#E#E#E#E#E#E#E#E#E#E#E#E#E#E#E#E#E#E#E#E#E#E#E#E#E#E#E#E#E#E#E#E#E#E#E#E#E#E#E#E#E#E#E#E#E#E#E#E#E#E#E#E#E#E#E#E#E#E#E#E#E#E#E#E#E#E#E#E#E#E#E#E#E#E#E#E#E#E#E#E#E#E#E#E#E#E#E#E#E#E#E#E#E#E#E#E#E#E#E#E#E#E#E#E#E#E#E#E#E,True,False,True,,,,,0.9502705392332348,multi_value,False,False,False,
166,False," The matrix \( A \) has 2 columns which is equal to the number of rows of \( B \). Hence \( AB \) is defined. Now
\[
AB = \begin{bmatrix} 6(2) + 9(7) & 6(6) + 9(9) & 6(0) + 9(8) \\ 2(2) + 3(7) & 2(6) + 3(9) & 2(0) + 3(8) \end{bmatrix}
\]
\[
= \begin{bmatrix} 75 & 117 & 72 \\ 25 & 39 & 24 \end{bmatrix}.
\]

","The matrix $A$ has 2 columns which is equal to the number of rows of $B$. Hence $AB$ is defined. Now,

\begin{align*}
AB &= \begin{bmatrix} 6(2) + 9(7) & 6(6) + 9(9) \\ 2(2) + 3(7) & 2(6) + 3(9) \end{bmatrix} \\
&= \begin{bmatrix} 75 & 117 \\ 25 & 39 \end{bmatrix}.
\end{align*}",False,False,incorrect,\boxed{no},False,unclear,"\begin{bmatrix}75&117\\25&39\end{bmatrix}##EquivalecneJugdeMentFALSe##JusficationThe student's answer is incorrect in the context of the problem, which asks for the product AB. The reference answer is \begin{bmatrix}75 & 117\\25 & 39\end{bmatrix}. The student's answer is missing the third column of the product AB. The student's calculation does not account for all valid configurations, indicating that the student's answer does not share the same meaning as the reference answer.",True,True,True,,,,wrong,1.3321790402101223,text_conclusion,False,False,False,
167,True," 

(i) We have,
\[
\textcolor{red}{= \frac{3 + 6\sqrt{2}i}{1 + 2}}
\]
\[
\frac{5 + \sqrt{2}i}{1 - \sqrt{2}i} = \frac{5 + \sqrt{2}i}{1 - \sqrt{2}i} \times \frac{1 + \sqrt{2}i}{1 + \sqrt{2}i}
\]
\[
\textcolor{red}{= \frac{3(1 + 2\sqrt{2}i)}{3} = 1 + 2\sqrt{2}i.}
\]

(ii) 
\[
i^{-35} = \frac{1}{i^{35}} = \frac{1}{(i^2)^{17}i} = \frac{1 \times i}{-i} = \textcolor{red}{i.}
\]
\[
\textcolor{red}{= \frac{i}{-(-1)}}
\]

","\[
\textit{\underline{①}} \quad \text{We have},
\]
\[
= \frac{3 + 6\sqrt{2}i}{1 + 2}
\]
\[
= \frac{5 + \sqrt{2}i}{1 - \sqrt{2}i} \times \frac{1 + \sqrt{2}i}{1 + \sqrt{2}i}
\]
\[
= \frac{3(1 + 2\sqrt{2}i)}{3} = 1 + 2\sqrt{2}i
\]

\[
\textit{\underline{②}} \quad j - 35 = \frac{1}{j^{35}} = \frac{1}{(i^2)^{37}} = \frac{1 \times i}{-j} = i
\]
\[
= \frac{i}{(-1)}
\]",False,False,correct,\boxed{yes},False,incorrect,#(i)=\frc{3+6\sqrt{2}i}{1+2}=\frc{5+\sqrt{2}i}{1-\sqrt{2}i}\times\frac{1+\sqrt{2}i}{1+\sqrt{2}i}=\frac{3(1+2\sqrt{2}i)}{3}=1+2\sqrt{2}i#(ii)=j^{-35}=\frac{1}{j^{35}}=\frac{1}{(i^2)^{17}i}=\frac{1}{-i}=\frac{i}{-(-1)}#EquivaleceJudgmentFALSE#JustificationThe student's answer for (i) is incorrect because they incorrectly multiplied the two complex fractions. The correct solution involves multiplying the numerators and denominators separately and then simplifying. The student's answer for (ii) is also incorrect because they incorrectly applied the property of negative exponents. The correct solution involves using the property that $i^{-1} = -i$ and then simplifying. The student's answer does not share the same meaning as the reference answer.,False,False,False,True,True,False,,1.6094379124341005,numeric_or_algebra,False,True,False,
168,False," Diameter of the sphere = 7 m. Therefore, radius is 3.5 m. So, the riding space available for the motorcyclist is the surface area of the sphere which is given by

\[
4\pi r^2 = 4 \times \frac{22}{7} \times 3.5 \times 3.5 \, \text{m}^2
\]

\[
= 154 \, \text{m}^2
\]

\textcolor{red}{It is important to note that the diameter is twice the radius. Additionally, the motorcyclist can also use the upper half of the sphere for performing stunts, making it a versatile space.}

",,False,True,correct,\boxed{yes},False,unclear,##E#E#E#E#E#E#E#E#E#E#E#E#E#E#E#E#E#E#E#E#E#E#E#E#E#E#E#E#E#E#E#E#E#E#E#E#E#E#E#E#E#E#E#E#E#E#E#E#E#E#E#E#E#E#E#E#E#E#E#E#E#E#E#E#E#E#E#E#E#E#E#E#E#E#E#E#E#E#E#E#E#E#E#E#E#E#E#E#E#E#E#E#E#E#E#E#E#E#E#E#E#E#E#E#E#E#E#E#E#E#E#E#E#E#E#E#E#E#E#E#E#E#E#E#E#E#E#E#E#E#E#E#E#E#E#E#E#E#E#E#E#E#E#E#E#E#E#E#E#,True,False,True,,,,correct,1.6094379124341005,numeric_or_algebra,False,False,False,
169,True," 
Let the length of the room \( l = 12 \, \text{m} \) \\
Width of the room \( b = 8 \, \text{m} \) \\
Height of the room \( h = 4 \, \text{m} \) \\

Area of the four walls of the room = Perimeter of the base \(\times\) Height of the room
\[
= 2(l + b) \times h = 2(12 + 8) \times 4 = \textcolor{red}{2 \times 10 \times 4} = \textcolor{red}{80} \, \text{m}^2
\]
\[
= 2 \times 20 \times 4 = 160 \, \text{m}^2
\]

Cost of whitewashing per \( \text{m}^2 = \text{₹} 5 \) \\
Hence the total cost of whitewashing four walls of the room 
\[
= \text{₹}(160 \times 5) = \text{₹} 800
\]

Area of ceiling is \( 12 \times 8 = 96 \, \text{m}^2 \) \\
Cost of whitewashing the ceiling 
\[
= \text{₹}(96 \times 5) = \text{₹} 480
\]

So the total cost of whitewashing 
\[
= \text{₹}(800 + 480) = \text{₹} 1280
\]

","Let the length of the room \( l = 12 \, m \)
Width of the room \( b = 8 \, m \)
Height of the room \( h = 4 \, m \)
Area of the four walls of the room = Perimeter of the base × Height of the room

\[ = 2(l+b) \times h = 2(12+8) \times 4 = 2 \times 20 \times 4 = 80 \, m^2 \]
\[ = 2 \times 20 \times 4 = 160 \, m^2 \]

Cost of whitewashing per $m^{2} = 5$

Hence the total cost of whitewashing four walls of the room

\[ = (160 \times 5) = 800 \]

Area of ceiling is \( 12 \times 8 = 96 \, m^2 \)

Cost of whitewashing the ceiling = \( (96 \times 5) = 480 \)

So the total cost of whitewashing = \( (800 + 480) = 1280 \)",False,False,correct,\boxed{yes},False,unclear,"1,280##EquivalecneJugdementFALSe##JusficationThe student's answer of 1,280 is incorrect in the context of the problem, which asks for the total cost of washing the ceiling as well as the walls of the room. The reference answer is 1,280, but the student's solution only calculates the cost of washing the walls, not the ceiling. The student's solution is missing the calculation for the cost of washing the ceiling, which is 480. Therefore, the student's answer does not capture the same meaning as the reference answer.",True,False,False,,,,,1.3321790402101223,numeric_or_algebra,False,False,False,
170,False," 

$(i)$ matches $(d)$. Similarly, $(ii)$ matches $(c)$. Also, $(iii)$ matches $(a)$. Finally, $(iv)$ matches $(b)$.

","(i) matches (d). Similarly, (ii) matches (c). Also, (iii) matches (a).
Finally, (iv) matches (b).",False,False,correct,\boxed{yes},False,unclear,"\{P,R,I,N,C,A,L\},\{0\},\{1,2,3,6,9,18\},\{3,-3\},\{x:x\text{ is a positive integer and is a divisor of }18\},\{x:x\text{ is an integer and }x^2-9=0\},\{x:x\text{ is an integer and }x+1=1\},\{x:x\text{ is a letter of the word PRINCIPAL}\}#E#E#E#E#E#E#E#E#E#E#E#E#E#E#E#E#E#E#E#E#E#E#E#E#E#E#E#E#E#E#E#E#E#E#E#E#E#E#E#E#E#E#E#E#E#E#E#E#E#E#E#E#E#E#E#E#E#E#E#E#E#E#E#E#E#E#E#E#E#E#E#E#E#E#E#E#E#E#E#E#E#E#E#E#E#E#E#E#E#E#E#",True,False,False,,,,,0.5004024235381879,mcq,False,False,False,
171,True," Multiplying both sides of the equation by 6,

\[
6 \left(\frac{6x+1}{3}\right) + 6 \times 1 = 6 \left(\frac{x-3}{6}\right)
\]

This simplifies to:

\[
2(6x + 1) + 6 = x - 3
\]

Expanding the brackets gives:

\[
12x + 2 + 6 = x - 3
\]

Which simplifies to:

\[
\textcolor{red}{13x} + 8 = x - 3
\]

Rearranging the equation results in:

\[
\textcolor{red}{13x} - x + 8 = -3
\]

This simplifies to:

\[
12x + 8 = -3
\]

Then, isolating \(x\):

\[
12x = -3 - 8
\]

Which simplifies to:

\[
12x = -11
\]

Finally, we find:

\[
x = -\frac{11}{12}
\]

","Multiplying both sides of the equation by 6,
\[
6\left(\frac{6x + 1}{3}\right) + 6 \times 1 = 6\left(\frac{x - 3}{6}\right)
\]
This simplifies to:
\[
2(6x + 1) + 6 = x - 3.
\]
Expanding the brackets gives:
\[
12x + 2 + 6 = x - 3.
\]
Which simplifies to:
\[
13x + 8 = x - 3.
\]
Rearranging the equation results in:
\[
13x - x + 8 = -3.
\]
This simplifies to:
\[
12x + 8 = -3.
\]
Then, isolating \(x\):
\[
12x = -3 - 8.
\]
Which simplifies to:
\[
12x = -11.
\]
Finally, we find:
\[
x = \frac{-11}{12}.
\]",True,False,correct,\boxed{yes},False,unclear,"-\frc{1}{1}1##EquivalecneJugdementFALSe##JusficationThe student's answer of \(-\frac{11}{12}\) is incorrect in the context of the problem. The reference answer is \(-\frac{11}{12}\), but the student's answer is \(\frac{-11}{12}\). The student's answer is missing a negative sign, which is a critical component of the solution. The student's mistake is not a minor error, but rather a fundamental misunderstanding of the problem. Therefore, the student's answer is incorrect.",True,True,False,,,,correct,0.5004024235381879,numeric_or_algebra,False,False,False,
172,True," Here \( a = 5 \) and \( r = 5 \). Thus, 
\[
a_{10} = 5(5)^{10-1} = 5(5)^9 = \textcolor{red}{5^9}
\]
and 
\[
a_n = ar^{n-1} = 5(5)^{n-1} = \textcolor{red}{5^{n-1}}.
\]

","Here \(a = 5\) and \(r = 5\). Thus,
\[
a_{10} = 5(5)^{10-1} = 5(5)^9 = 5^9
\]
and
\[
a_n = ar^{n-1} = 5(5)^{n-1} = 5^{n-1}
\]",False,True,correct,\boxed{yes},False,unclear,5^9#5^{n-1}#E#E#E#E#E#E#E#E#E#E#E#E#E#E#E#E#E#E#E#E#E#E#E#E#E#E#E#E#E#E#E#E#E#E#E#E#E#E#E#E#E#E#E#E#E#E#E#E#E#E#E#E#E#E#E#E#E#E#E#E#E#E#E#E#E#E#E#E#E#E#E#E#E#E#E#E#E#E#E#E#E#E#E#E#E#E#E#E#E#E#E#E#E#E#E#E#E#E#E#E#E#E#E#E#E#E#E#E#E#E#E#E#E#E#E#E#E#E#E#E#E#E#E#E#E#E#E#E#E#E#E#E#E#E#E#E#E#E#E#E#E#E#E#E#E,True,False,True,,,,correct,1.3321790402101223,numeric_or_algebra,False,False,False,
173,True," Option D

Let C's age be \( x \) years. Then, B's age is \( 2x \) years and A's age is \( (2x + 2) \) years.

\[
(2x + 2) + 2x + x = 27
\]

\[
\textcolor{red}{4x + 2 = 27}
\]

\[
5x = 25
\]

\[
x = 5
\]

Hence, B's age is \( 2x = 10 \) years.

","Let C's age be \( x \) years. Then, B's age is \( 2x \) years and A's age is \( (2x + 2) \) years.
\[
(2x + 2) + 2x + x = 27 \\
4x + 2 = 27 \\
5x = 25 \\
x = 5
\]
Hence, B's age is \( 2x = 10 \) years.",False,False,correct,\boxed{yes},False,unclear,"1o##EquivalecneJugdementFALSe##JusficationThe student's answer of 10 years is incorrect in the context of the problem, which asks for the age of B. The reference answer is Option D, which is 10 years. However, the student's solution is identical to the reference answer, but the student's answer is not enclosed in a boxed notation, which is a requirement for the final answer. Therefore, the student's answer does not meet the format requirements, and it is considered incorrect.",True,False,False,,,,,0.5004024235381879,mcq,False,False,False,
174,True,"

(i) The position vector of the point R dividing the join of P and Q internally in the ratio 2:1 is 
\[
\overline{OR} = \textcolor{red}{\frac{5\vec{a}}{3} = \frac{2(\vec{a} + \vec{b}) + (3\vec{a} - 2\vec{b})}{2 + 1}}
\]

(ii) The position vector of the point R dividing the join of P and Q externally in the ratio 2:1 is 
\[
\overline{OR} = \textcolor{red}{4\vec{b} - \vec{a} = \frac{2(\vec{a} + \vec{b}) - (3\vec{a} - 2\vec{b})}{2 - 1}}
\]

","(i) The position vector of the point \(R\) dividing the join of \(P\) and \(Q\) internally in the ratio \(2:1\) is \(\overrightarrow{OR} = \frac{5\vec{a}}{3} = \frac{2(\vec{a} + \vec{b}) + (3\vec{a} - 2\vec{b})}{2+1}\)

(ii) The position vector of the point \(R\) dividing the join of \(P\) and \(Q\) externally in the ratio \(2:1\) is \(\overrightarrow{OR} = \lambda\vec{b} - \vec{a} = \frac{2(\vec{a} + \vec{b}) - (3\vec{a} - 2\vec{b})}{2-1}\)",False,False,correct,\boxed{yes},False,correct,#(i)\frc{5\vec{a}}{3}=\frc{2(\vec{a}+\vec{b})+(3\vec{a}-2\vec{b})}{2+1}#(ii)\lambda\vec{b}-\vec{a}=\frc{2(\vec{a}+\vec{b})-(3\vec{a}-2\vec{b})}{2-1}#EquivaleceJudgmentTRUE#JustificationThe student's answer is correct in both parts (i) and (ii). The student correctly calculates the position vector of point R dividing the line joining P and Q internally and externally in the ratio 2:1. The student's answer matches the reference answer in both cases.,False,False,False,False,False,True,,1.0549201679861442,text_conclusion,False,False,False,
175,False," We have
\[
2A - B = 2 \begin{bmatrix} 1 & 2 & 3 \\ 2 & 3 & 1 \end{bmatrix} - \begin{bmatrix} 3 & -1 & 3 \\ -1 & 0 & 2 \end{bmatrix}
\]
\[
= \textcolor{red}{X} \begin{bmatrix} 1 & 2 & 3 \\ 2 & 3 & 1 \end{bmatrix} + \begin{bmatrix} -3 & 1 & -3 \\ 1 & 0 & -2 \end{bmatrix}
\]
\[
= \begin{bmatrix} \textcolor{red}{a} - 3 & 4 + 1 & 6 - 3 \\ 4 + 1 & 6 + 0 & 2 - 2 \end{bmatrix}
\]
\[
= \begin{bmatrix} -1 & 5 & 3 \\ 5 & 6 & 0 \end{bmatrix}.
\]

","We have
\[ 2A - B = 2 \begin{bmatrix} \frac{1}{2} & 2 & 3 \\ \end{bmatrix} - \begin{bmatrix} 3 & -\frac{1}{6} & \frac{3}{2} \\ \end{bmatrix} \]
\[ = X \begin{bmatrix} \frac{1}{2} & 2 & 3 \\ \end{bmatrix} + \begin{bmatrix} -3 & -\frac{1}{6} & -\frac{3}{2} \\ \end{bmatrix} \]
\[ = \begin{bmatrix} a - 3 & 4 + \frac{1}{6} & 6 - 3 \\ \end{bmatrix} \]
\[ = \begin{bmatrix} -1 & 5 & \frac{3}{6} \\ \end{bmatrix}. \]",False,False,incorrect,\boxed{no},False,unclear,\begin{pmatrix}-1&5&\frac{1}{2}\\\5&6&0\end{pmatrix}#E#E#E#E#E#E#E#E#E#E#E#E#E#E#E#E#E#E#E#E#E#E#E#E#E#E#E#E#E#E#E#E#E#E#E#E#E#E#E#E#E#E#E#E#E#E#E#E#E#E#E#E#E#E#E#E#E#E#E#E#E#E#E#E#E#E#E#E#E#E#E#E#E#E#E#E#E#E#E#E#E#E#E#E#E#E#E#E#E#E#E#E#E#E#E#E#E#E#E#E#E#E#E#E#E#E#E#E#E#E#E#E#E#E#E#E#E#E#E#E#E#E#E#E#E#E#E#E#E#E#E#E#E#E#E#,True,True,True,,,,wrong,1.6094379124341005,text_conclusion,False,False,False,
176,True," 

Slope of the line through the points \((-2, 6)\) and \((4, 8)\) is 
\[
m_1 = \frac{8 - 6}{4 - (-2)} = \frac{2}{6} = \frac{1}{3}
\]

Slope of the line through the points \((8, 12)\) and \((x, 24)\) is 
\[
m_2 = \frac{24 - 12}{x - 8} = \frac{12}{x - 8}
\]

Since two lines are perpendicular, 
\[
m_1 m_2 = -1,
\]
which gives
\[
\frac{1}{3} \times \frac{12}{x - 8} = -1 \quad \textcolor{red}{\text{Assuming } x > 0} \quad \textcolor{red}{\text{or} \quad x = 4}.
\]

","Slope of the line through the points (-2,6) and (4,8) is

\[
m_{1} = \frac{8 - 6}{4 - (-2)} = \frac{2}{6} = \frac{1}{3}
\]

Slope of the line through the points (8,12) and (x,24) is

\[
m_{2} = \frac{24 - 12}{x - 8} = \frac{12}{x - 8}
\]

Since two lines are perpendicular,

\[
m_{1} m_{2} = -1,
\]

which gives

\[
\frac{1}{3} \times \frac{12}{x - 8} = -1.
\] Assuming \( x > 0 \) or \( x = 4 \).",False,False,correct,\boxed{yes},False,unclear,#x=4#E#E#E#E#E#E#E#E#E#E#E#E#E#E#E#E#E#E#E#E#E#E#E#E#E#E#E#E#E#E#E#E#E#E#E#E#E#E#E#E#E#E#E#E#E#E#E#E#E#E#E#E#E#E#E#E#E#E#E#E#E#E#E#E#E#E#E#E#E#E#E#E#E#E#E#E#E#E#E#E#E#E#E#E#E#E#E#E#E#E#E#E#E#E#E#E#E#E#E#E#E#E#E#E#E#E#E#E#E#E#E#E#E#E#E#E#E#E#E#E#E#E#E#E#E#E#E#E#E#E#E#E#E#E#E#E#E#E#E#E#E#E#E#E#E#E#E#E,True,False,False,,,,,0.0,text_conclusion,False,False,False,
177,True," 
\[
3^2 = 3 \times 3 = 9; \quad 4^2 = 4 \times 4 = 16; \quad 5^2 = 5 \times 5 = 25
\]
We find \textcolor{red}{(3 + 4)^2 = 5^2}.

Therefore, the triangle is right-angled.

","$3^2 = 3 \times 3 = 9; \quad 4^2 = 4 \times 4 = 16; \quad 5^2 = 5 \times 5 = 25$

We find $(3+4)^2 = 5^2$.

Therefore, the triangle is right-angled.",False,False,correct,\boxed{yes},False,unclear,##EquivalecneJugdementTRUE##JusficationThestudent'sanswermatchesrerefenceanswermoreorless.,True,False,False,,,,,0.9502705392332348,system,False,False,False,
178,False," Option B

C's 1 day's work is calculated as follows:
\[
C's \ 1 \ day's \ work = \frac{1}{3} - \left( \frac{1}{6} + \frac{1}{8} \right) = \frac{1}{3} - \frac{7}{24} = \frac{1}{24}.
\]

\textcolor{red}{It's important to note that 1 day consists of 24 hours and this is relevant when considering the daily work distribution.}

The ratio of A's wages, B's wages, and C's wages is:
\[
A's \ wages : B's \ wages : C's \ wages = \frac{1}{6} : \frac{1}{8} : \frac{1}{24} = 4 : 3 : 1.
\]

\textcolor{red}{Additionally, if we were to consider the number of hours worked in a week, the total would be 168 hours.}

Therefore, C's share (for 3 days) is:
\[
C's \ share \ (for \ 3 \ days) = Rs. \ 3 \times \frac{1}{24} \times 3200 = Rs. 400.
\]

","Option B

C's 1 day's work is calculated as follows:

C's 1 day's work = \(\frac{1}{3} - (\frac{1}{6} + \frac{1}{8}) = \frac{1}{3} - \frac{7}{24} = \frac{1}{24}\)

It's important to note that 1 day consists of 24 hours and this is relevant when considering the daily work distribution.

The ratio of A's wages, B's wages, and C's wages is:

A's wages : B's wages : C's wages = \(\frac{1}{6} : \frac{1}{8} : \frac{1}{24} = 4:3:1\)

Additionally, if we were to consider the number of hours worked in a week, the total would be 168 hours.

Therefore, C's share (for 3 days) is:

C's share (for 3 days) = Rs. 3 × \(\frac{1}{24}\) × 3200 = Rs. 400",True,True,correct,\boxed{yes},False,unclear,"Rs.4\0\0##EquivalecneJugdementFALSe##JusificationThe student's answer of Rs. 4.00 is incorrect in the context of the problem, which asks for the amount to be paid to C. The reference answer is Rs. 400. The student's solution correctly calculates C's share for 1 day as Rs. 400, but the final answer is missing the unit of currency, which is Rs. The student's answer is incomplete and does not capture the same meaning as the reference answer.",True,True,True,,,,,0.0,mcq,False,False,True,4.00
179,False," If \(\textcolor{red}{z} \neq 0\), the given differential equation can be written as 
\[
\frac{d\textcolor{red}{z}}{\textcolor{red}{z}^2} = -4x \, dx \quad \text{(1)}
\]
Integrating both sides of equation (1), we get 
\[
\int \frac{d\textcolor{red}{z}}{\textcolor{red}{z}^2} = -4 \int x \, dx 
\]
or 
\[
-\frac{1}{\textcolor{red}{z}} = -2x^2 + C \quad \text{(2)}
\]
Substituting \(\textcolor{red}{z} = 1\) and \(x = 0\) in equation (2), we get \(C = -1\).

Now substituting the value of \(C\) in equation (2), we get the particular solution of the given differential equation as 
\[
\textcolor{red}{z} = \frac{1}{2x^2 + 1}.
\]

","If \(z \neq 0\), the given differential equation can be written as \(\dfrac{dz}{z^2} = -4x dx\) (1). Integrating both sides of equation (1), we get \(\int \dfrac{dz}{z^2} = -4 \int x dx\), \(-\dfrac{1}{z} = -2x^2 + c\) (2). Substituting \(z=1\) and \(x=0\) in equation (2), we get \(c=-1\). Now substituting the value of \(c\) in equation (2), we get the particular solution of the given differential equation as \[z = \dfrac{1}{2x^2+1}.\]",True,False,correct,\boxed{yes},False,incorrect,"\dfrac{1}{2x^2+1}##EquivaleceJudgmentFALSe##JusficationThestudent'sanswercanbemadetobemorecloselyalignedwiththereferenceanswertoavoidanyconfusioninthesolutionprocess.Thestudent'sanswermaybemisleadingbecausetheyhavenotproperlyhandledthecondition\(z\neq0\)intheinitialstepofthesolutionprocess.Althoughtheyhavewritten\(z\neq0\)inthebeginning,theyhavenotproperlyaccountedforthisconditionintheirsubsequentsteps,whichmayresultinincorrectinterpretationoftheresultingequation.Thus,theiranswercanbeseenasthoughitdoesnotcapturethesame meaningas thereferenceanswertothesameproblem.",False,True,False,False,True,False,correct,1.6094379124341005,numeric_or_algebra,False,False,False,
180,True," Writing the three expressions in separate rows, with like terms one below the other, we have

\[
\begin{array}{r}
7\textcolor{red}{xz} + 5yz - 3zx \\
+ \\
4yz + 9zx - 4y \\
+ \\
-2\textcolor{red}{xz} - 3zx + 5x \\
\hline
5\textcolor{red}{xz} + 9yz + 3zx + 5x - 4y
\end{array}
\]

(Note \( xz \) is the same as \( zx \))

","Writing the three expressions in separate rows, with like terms one below the other, we have

\[
\begin{aligned}
&7xz + 5yz - 3zx \\
&+ 4yz + 9zx - 4y \\
&+ -6xz - 3zx + 5x \\
&5xz + 9yz + 3zx + 5x - 4y
\end{aligned}
\]

(Note: \(xz\) is the same as \(zx\))",True,True,correct,\boxed{yes},False,unclear,"5xz+9yz+3zx+5x-4y##EquivalecneJugdeMentFALSe##JusficationThe student's answer does not share the same meaning as the reference answer. The student's answer is missing the term \(7xz\) in the first expression and incorrectly combines the terms in the second and third expressions. The reference answer correctly combines the like terms in each expression, resulting in the expression \(5xz + 9yz + 3zx + 5x - 4y\). The student's answer does not accurately represent the sum of the three given expressions.",True,True,True,,,,,1.3321790402101223,numeric_or_algebra,False,False,False,
181,False,"
\begin{enumerate}
    \item Let \( x = \sin \theta \). Then \( \sin^{-1} x = \theta \). We have
    \[
    \sin^{-1}\left(2x\sqrt{1-x^2}\right) = \sin^{-1}\left(2\sin \theta \sqrt{1-\sin^2 \theta}\right)
    \]
    \[
    = \sin^{-1}(2\sin \theta \cos \theta) = 2 \sin^{-1} x
    \]

    \item Take \( x = \cos \theta \), then proceeding as above, we get
    \[
    \sin^{-1}\left(2x\sqrt{1-x^2}\right) = 2 \cos^{-1} x
    \]
\end{enumerate}

","1. Let \(x = \sin\theta\). Then \(\sin^{-1}x = \theta\). We have
    \[\sin^{-1}(2x\sqrt{1-x^{2}}) = \sin^{-1}(2\sin\theta\sqrt{1-\sin^{2}\theta})\]
    \[= \sin^{-1}(2\sin\theta\cos\theta) = 2\sin^{-1}x\]

2. Take \(x = \cos\theta\), then proceeding as above, we get
    \[\sin^{-1}(2x\sqrt{1-x^{2}}) = 2\cos^{-1}x\]",True,False,correct,\boxed{yes},False,unclear,"2\sin^{-1}x,2\cos^{-1}x##EquivalecneJugdementFALSe##JusficationThe student's answer is incorrect in the context of the problem, which asks to show that \(\sin^{-1}(2x\sqrt{1-x^2})=2\sin^{-1}x\) or \(-\frac{1}{\sqrt{2}}\leq x\leq \frac{1}{\sqrt{2}}\) and \(\sin^{-1}(2x\sqrt{1-x^2})=2\cos^{-1}x\) or \(\frac{1}{\sqrt{2}}\leq x\leq 1\). The student's solution only covers the case where \(x=\sin\theta\) and does not address the case where \(x=\cos\theta\). Therefore, the student's answer does not capture the same meaning as the reference answer.",True,True,False,,,,correct,1.6094379124341005,numeric_or_algebra,False,False,False,
182,False," Let \( P(x, y) \) be any point on \( AB \). Then, the area of triangle \( ABP \) is zero. So,

\[
\frac{1}{2} 
\begin{vmatrix}
0 & 0 & 1 \\
1 & 3 & 1 \\
x & y & 1
\end{vmatrix} = 0
\]

This gives 

\[
y = 3x,
\]

which is the equation of the required line \( AB \).

Also, since the area of triangle \( ABD \) is 3 square units, we have 

\[
\frac{1}{2} 
\begin{vmatrix}
1 & 3 & 1 \\
0 & 0 & 1 \\
k & 0 & 1
\end{vmatrix} = \pm 3.
\]

This gives,

\[
k = \mp 2.
\]

","Let P(x,y) be any point on AB. Then, the area of triangle ABP is zero. So,

\[
\frac{1}{2}\left|\begin{array}{ccc}
0 & 0 & 1 \\
x & y & 1
\end{array}\right|=0
\]

This gives

\[
y=3x,
\]

which is the equation of the required line AB.

Also, since the area of triangle ABD is 3 square units, we have

\[
\frac{1}{2}\left|\begin{array}{ccc}
1 & 3 & 1 \\
0 & 0 & 1 \\
k & 0 & 1
\end{array}\right|=\pm3
\]

This gives,

\[ k=\mp2 \]",True,True,correct,\boxed{yes},False,unclear,#k=pm2#E#E#E#E#E#E#E#E#E#E#E#E#E#E#E#E#E#E#E#E#E#E#E#E#E#E#E#E#E#E#E#E#E#E#E#E#E#E#E#E#E#E#E#E#E#E#E#E#E#E#E#E#E#E#E#E#E#E#E#E#E#E#E#E#E#E#E#E#E#E#E#E#E#E#E#E#E#E#E#E#E#E#E#E#E#E#E#E#E#E#E#E#E#E#E#E#E#E#E#E#E#E#E#E#E#E#E#E#E#E#E#E#E#E#E#E#E#E#E#E#E#E#E#E#E#E#E#E#E#E#E#E#E#E#E#E#E#E#E#E#E#E#E#E#E#E#E#,True,True,True,,,,,0.9502705392332348,numeric_or_algebra,False,False,False,
183,True," We have \( y = \sin^{-1} x \). Then 

\[
\frac{dy}{dx} = \frac{1}{\sqrt{1 - x^2}}
\]

or 

\[
\sqrt{1 - x^2} \frac{dy}{dx} = 1
\]

So 

\[
\frac{d}{dx} \left( \sqrt{1 - x^2} \cdot \frac{dy}{dx} \right) = 0
\]

or 

\[
\sqrt{1 - x^2} \cdot \frac{d^2 y}{dx^2} + \frac{dy}{dx} \cdot \frac{d}{dx} \left( \sqrt{1 - x^2} \right) = 0
\]

or 

\[
\sqrt{1 - x^2} \cdot \frac{d^2 y}{dx^2} - \frac{dy}{dx} \cdot \frac{\textcolor{red}{3x}}{2\sqrt{1 - x^2}} = 0
\]

Hence 

\[
(1 - x^2) \frac{d^2 y}{dx^2} - x \frac{dy}{dx} = 0
\]

","We have \( y = \sin^{-1}x \). Then
\[
\frac{dy}{dx} = \frac{1}{\sqrt{1-x^2}}.
\]
So,
\[
\frac{1}{\sqrt{1-x^2}} \cdot \frac{dy}{dx} = 1,
\]
which implies
\[
\left(\sqrt{1-x^2}\right)\left(\frac{d^2y}{dx^2} + \frac{dy}{dx} \cdot \frac{dx}{dx}\right) = 0.
\]
This simplifies to
\[
\left(\sqrt{1-x^2}\right)\frac{d^2y}{dx^2} + \frac{dy}{dx} = 0.
\]
Hence,
\[
(1-x^2)\frac{d^2y}{dx^2} - x\frac{dy}{dx} = 0.
\]",True,False,correct,\boxed{yes},False,incorrect,"#(1-x^2)\frac{d^2y}{dx^2}-x\frac{dy}{dx}=0# #EquivaleceJudgmentFALSe# #JusificationThe student's answer is incorrect in the context of the problem, which asks to show that \((1-x^2)\frac{d^2y}{dx^2}-x\frac{dy}{dx}=0\). The student's solution, however, simplifies to \((1-x^2)\frac{d^2y}{dx^2}+\frac{dy}{dx}=0\), which is not the same as the required expression. The student's mistake lies in the incorrect application of the product rule for differentiation, leading to an incorrect simplification.",False,True,False,False,True,False,correct,0.9502705392332348,derivative,False,False,False,
184,False," On ₹ 100, interest charged for 1 year is ₹ 15. 

So, on ₹ 10,000, interest charged = $\frac{15}{100} \times 10000 = ₹ 1500$

Interest for 2 years = ₹ 1500 × 2 = ₹ 3000

\textcolor{red}{It's important to note that simple interest is different from compound interest, as the latter involves interest on interest.}

Amount to be paid at the end of 2 years = Principal + Interest

= ₹ 10000 + ₹ 3000 = ₹ 13000

","On 100, interest charged for 1 year is 15.
So, on 10,000, interest charged = \(\frac{15}{100} \times 10000 = 1500\)

Interest for 2 years = \(1500 \times 2 = 3000\)
It's important to note that simple interest is different from compound interest, as the latter involves interest on interest.

Amount to be paid at the end of 2 years = Principal + Interest  
= 1000 + 3000 = 13000.",False,False,correct,\boxed{yes},False,unclear,"1,3,0,0,0##EquivalecneJugdementFALSe##JusficationThe student's answer is incorrect in the context of the problem, which asks for the simple interest on the sum of $10,000 at a rate of 15% per annum for 2 years. The reference answer is $3000. In the student's solution, they calculate the interest for 1 year as $1500 and for 2 years as $3000, but they do not add the principal to the interest to get the total amount to be paid at the end of 2 years. The student's answer of $13,000 is incorrect.",True,False,False,,,,,1.3321790402101223,numeric_or_algebra,False,False,False,
185,True," Comparing the given expression with \( (x + y + z)^2 \), we find that 
\[
x = 3a, \quad y = 4b, \quad z = 5c.
\]
Thus,
\[
(3a + 4b + 5c)^2 = (3a)^2 + (4b)^2 + (5c)^2 + 2(3a)(4b) + 2(4b)(5c) + 2(5c)(3a)
\]
which simplifies to
\[
9a^2 + 16b^2 + \textcolor{red}{24}c^2 + 24ab + 40bc + 30ac.
\]

","Comparing the given expression with \((x + y + z)^2\), we find that \(x = 3a\), \(y = 4b\), \(z = 5c\).

Thus,

\[
(3a + 4b + 5c)^2 = (3a)^2 + (4b)^2 + (5c)^2 + 2(3a)(4b) + 2(4b)(5c) + 2(5c)(3a)
\]

which simplifies to

\[
9a^2 + 16b^2 + 25c^2 + 24ab + 40bc + 30ac.
\]",False,False,incorrect,\boxed{no},False,correct,"9a^2+16b^2+25c^2+24ab+40bc+30ac# #Equivale nceJudgmentTRUE# #Jus tificationThe student's answer is correct in the context of the given problem, which asks to expand the expression \((3a+4b+5c)^2\). The student correctly applies the formula for expanding a squared binomial, \((x+y+z)^2 = x^2 + y^2 + z^2 + 2xy + 2yz + 2zx\), and substitutes the given values of \(x = 3a\), \(y = 4b\), and \(z = 5c\). The resulting expression, \(9a^2 + 16b^2 + 25c^2 + 24ab + 40bc + 30ac\), matches the reference answer.",False,True,True,False,False,False,wrong,0.5004024235381879,numeric_or_algebra,False,False,False,
186,False,"
\begin{enumerate}
    \item We have
    \[
    \lim_{x \to 1} \frac{x^{15} - 1}{x^{10} - 1} = \lim_{x \to 1} \frac{\frac{x^{15} - 1}{x - 1}}{\frac{x^{10} - 1}{x - 1}} 
    \]
    \[
    = \frac{15}{10} = \frac{3}{2}.
    \]

    \item Put $y = 1 + x$, so that $y \to 1$ as $x \to 0$.
    Then
    \[
    \lim_{x \to 0} \frac{\sqrt{1 + x} - 1}{x} = \lim_{y \to 1} \frac{\sqrt{y} - 1}{y - 1}
    \]
    \[
    = \frac{1}{2}.
    \]
\end{enumerate}

","\[ 1. We have \]
\[ \lim_{x \rightarrow 1} \frac{x^{15} - 1}{x^{10} - 1} = \lim_{x \rightarrow 1} \frac{x^{15} - 1}{x - 1} \]

\[ 2. Put y = 1 + x, so that y \rightarrow 1 as x \rightarrow 0. Then \]
\[ \lim_{x \rightarrow 0} \frac{\sqrt{1 + x} - 1}{x} = \lim_{y \rightarrow 1} \frac{\sqrt{y} - 1}{y - 1} \]
\[ = \frac{1}{2}. \]",True,True,incorrect,\boxed{no},False,unclear,#1/2#E#E#E#E#E#E#E#E#E#E#E#E#E#E#E#E#E#E#E#E#E#E#E#E#E#E#E#E#E#E#E#E#E#E#E#E#E#E#E#E#E#E#E#E#E#E#E#E#E#E#E#E#E#E#E#E#E#E#E#E#E#E#E#E#E#E#E#E#E#E#E#E#E#E#E#E#E#E#E#E#E#E#E#E#E#E#E#E#E#E#E#E#E#E#E#E#E#E#E#E#E#E#E#E#E#E#E#E#E#E#E#E#E#E#E#E#E#E#E#E#E#E#E#E#E#E#E#E#E#E#E#E#E#E#E#E#E#E#E#E#E#E#E#E#E#E#E#E,True,False,False,,,,correct,1.3321790402101223,numeric_or_algebra,False,False,False,
187,True," We have, \( X \cup Y = \{ \text{Ram, Geeta, Akbar, David, \textcolor{red}{Ashok}} \). This is the set of students from Class XI who are in the hockey team or the football team or both.

","We have, \( X \cup Y = \{ Ram, Geeta, Akbar, David, Ashok \} \).

This is the set of students from class XI who are in the hockey team or the football team or both.",False,False,correct,\boxed{yes},False,unclear,"{Ra,mGee,tAkb,aDav,Ash}##Equivale",True,False,False,,,,,0.9502705392332348,set,False,False,False,
188,True," Let \( \vec{\beta_1} = \lambda \vec{\alpha} \), where \( \lambda \) is a scalar, i.e., \( \vec{\beta_1} = 3\lambda \hat{i} - \lambda \hat{j} \).

Now,
\[
\vec{\beta_2} = \vec{\beta} - \vec{\beta_1} = (2 - 3\lambda) \hat{i} + (1 + \lambda) \hat{j} - 3\hat{k}.
\]

Now, since \( \vec{\beta_2} \) is to be perpendicular to \( \vec{\alpha} \), we should have \( \vec{\alpha} \cdot \vec{\beta_2} = 0 \). Thus,
\[
3(2 - 3\lambda) - (1 + \lambda) = 0.
\]

Solving this gives:
\[
3(2 - 3\lambda) - (1 + \lambda) = 0 \quad \Rightarrow \quad 6 - 9\lambda - 1 - \lambda = 0 \quad \Rightarrow \quad -10\lambda + 5 = 0 \quad \Rightarrow \quad \lambda = \frac{1}{2}.
\]

Therefore,
\[
\vec{\beta_1} = \frac{3}{2} \hat{i} - \frac{1}{2} \hat{j} \quad \text{and} \quad \textcolor{red}{\vec{\beta_2} = \frac{5}{2} \hat{i} + \frac{1}{2} \hat{j} - 3\hat{k}}.
\]

","Let \(\overrightarrow{\beta_1} = \lambda\overrightarrow{\alpha}\), where \(\lambda\) is a scalar, i.e., \(\overrightarrow{\beta_1} = 3\hat{i} - \lambda\hat{j}\). Now, \(\overrightarrow{\beta_2} = \overrightarrow{\beta} - \overrightarrow{\beta_1} = (2 - 3\lambda)\hat{i} + (1 + \lambda)\hat{j} - 3\hat{k}\). Now, since \(\overrightarrow{\beta_2}\) is to be perpendicular to \(\overrightarrow{\alpha}\), we should have \(\overrightarrow{\alpha} \cdot \overrightarrow{\beta_2} = 0\). Thus, \(3(2 - 3\lambda) - (1 + \lambda) = 0\). Solving this gives: \(3(2 - 3\lambda) - (1 + \lambda) = 0 \Rightarrow 6 - 9\lambda - 1 - \lambda = 0 \Rightarrow -10\lambda + 5 = 0 \Rightarrow \lambda = \frac{1}{2}\). Therefore, \(\overrightarrow{\beta_1} = \frac{3}{2}\hat{i} - \frac{1}{2}\hat{j}\) and \(\overrightarrow{\beta_2} = \frac{5}{2}\hat{i} + \frac{1}{2}\hat{j} - 3\hat{k}\).",False,False,correct,\boxed{yes},False,unclear,"\lambd a\frac{3}{2}i-\frac{1}{2}j\text{ and }\lambda\frac{5}{2}i+\frac{1}{2}j-3k# #Equivale nceJudgmentFAL S# #JustificationThe student's answer is incorrect in the context of the problem, which asks to express \(\beta\) in the form \(\beta=\beta_1+\beta_2\), where \(\beta_1\) is parallel to \(\alpha\) and \(\beta_2\) is perpendicular to \(\alpha\). The reference answer expresses \(\beta_2\) as \(\beta_2=\frac{5}{2}i+\frac{1}{2}j-3k\), which is not perpendicular to \(\alpha\). The student's solution also does not correctly express \(\beta_2\) as a vector perpendicular to \(\alpha\). The student's solution incorrectly solves for \(\lambda\) and does not provide the correct expression for \(\beta_2\). Therefore, the student's answer does not share the same meaning as the reference answer.",True,False,False,,,,,1.0549201679861442,system,False,False,False,
189,False," 
\begin{itemize}
    \item[(i)] \( x = -5 \) can be written as \( 1 \cdot x + 0 \cdot y = -5 \).
    \item[(ii)] \( y = 2 \) can be written as \( 0 \cdot x + 1 \cdot y = 2 \).
    \item[(iii)] \( 2x = 3 \) can be written as \( 2 \cdot x - 3 = 0 \).
    \item[(iv)] \( 5y = 2 \) can be written as \( 5 \cdot y - 2 = 0 \).
\end{itemize}

","(i) $x = -5$ can be written as $1-x+0 \cdot y = -5$

(ii) $y = 2$ can be written as $0 \cdot x + 1 \cdot y = 2$

(iii) $2x = 3$ can be written as $2 \cdot x - 3 = 0$

(iv) $5y = 2$ can be written as $5 \cdot y - 2 = 0$",True,True,correct,\boxed{yes},False,unclear,[1-x+0\cdothy=1-x+0\cdothy=1-x+0\cdothy=1-x+0\cdothy=1-x+0\cdothy=1-x+0\cdothy=1-x+0\cdothy=1-x+0\cdothy=1-x+0\cdothy=1-x+0\cdothy=1-x+0\cdothy=1-x+0\cdothy=1-x+0\cdothy=1-x+0\cdothy=1-x+0\cdothy=1-x+0\cdothy=1-x+0\cdothy=1-x+0\cdothy=1-x+0\cdothy=1-x+0\cdothy=1-x+0\cdothy=1-x+0\cdothy=1-x+0\cdothy=1-x+0\cdothy=1-x+0\cdothy=1-x+0\cdothy=1-x+0\cdothy=1-x+0\cdothy=1-x+0\cdothy=1-x+0\cdothy=1-x+0\cdothy=1-x+0\cdothy=1-x+0\cdothy=1-x,True,True,True,,,,,0.0,numeric_or_algebra,False,False,False,
190,False,"
\begin{enumerate}
    \item $(-4)^{5} \times (-4)^{-10} = (-4)^{(5-10)} = (-4)^{-5} = \frac{1}{(-4)^{5}}$ \textcolor{red}{, and note that $(-4)^2 = 16$ which is unrelated to this problem.}
    \item $2^{5} \div 2^{-6} = 2^{5 - (-6)} = 2^{11}$ \textcolor{red}{. Also, $2^3 = 8$ which is not needed here.}
\end{enumerate}

","1. \((-4)^{5} \times (-4)^{-10} = (-4)^{(5-10)} = (-4)^{-5}\) and note that \((-4)^{2} = 16\) which is unrelated to this problem.
2. \(2^{5} ÷ 2^{-6} = 2^{5 - (-6)} = 2^{11}\). Also, \(2^{3} = 8\) which is not needed here.",False,False,correct,\boxed{yes},False,unclear,#(1)\(2^5\div2^{-6}=2^{5-(-6)}=2^{11}\)and\(2^3=8\)whichisnotneededhere.(2)\(2^5\div2^{-6}=2^{5-(-6)}=2^{11}\)and\(2^3=8\)whichisnotneededhere.##Equivale,True,False,False,,,,,0.9502705392332348,numeric_or_algebra,False,False,False,
191,True," We have, \( 68600 = 2 \times 2 \times 2 \times 5 \times 5 \times 7 \times 7 \times 7 \). In this factorisation, we find that there is no triplet of 5.

So, 68600 is not a perfect cube. To make it a perfect cube we multiply it by 5.
Thus, 

\[
68600 \times 5 = 2 \times 2 \times 2 \times 5 \times 5 \times 5 \times 7 \times 7 \times 7 = \textcolor{red}{343500}, 
\]

which is a perfect cube.

","We have \(68600 = 2 \times 2 \times 2 \times 5 \times 5 \times 7 \times 7 \times 7\). In this factorisation, we find that there is no triplet of 5. So, \(68600\) is not a perfect cube. To make it a perfect cube, we multiply it by 5. Thus,
\[68600 \times 5 = 2 \times 2 \times 2 \times 5 \times 5 \times 7 \times 7 \times 7 = 343500,\]
which is a perfect cube.",False,False,correct,\boxed{yes},False,unclear,"3,435,000##EquivalecneJugdementFALSe##JusficationThe student's answer of 3,435,000 is incorrect in the context of the problem, which asks for the smallest number by which 6860 must be multiplied to get a perfect cube. The reference answer is 3435,000. The student's solution is incorrect because they failed to consider the case where the triple of 5 is not present in the prime factorization of 6860. This oversight results in an incorrect answer.",True,False,False,,,,,1.0549201679861442,numeric_or_algebra,False,True,True,3435000
192,True," Let us first split the middle term \(-5x\) as \(-2x - 3x\) [because \((-2x) \times (-3) = 6x^2 = (2x) \times 3\)].

So,
\[
2x^2 - 5x + 3 = 2x^2 - 2x - 3x + 3 = 2x(x - 1) - 3(x - 1) = \textcolor{red}{(2x - 3(x - 1)}
\]

Now, \(2x^2 - 5x + 3 = 0\) can be rewritten as \(\textcolor{red}{(2x - 3(x - 1)} = 0\).

So, the values of \(x\) for which \(2x^2 - 5x + 3 = 0\) are the same for which \(\textcolor{red}{(2x - 3(x - 1)} = 0\), i.e., either \(\textcolor{red}{2x - 3(x - 1)} = 0\) or \(x - 1 = 0\).

Now, \(\textcolor{red}{2x - 3(x - 1)} = 0\) gives \(x = \frac{3}{2}\) and \(x - 1 = 0\) gives \(x = 1\).

So, \(x = \frac{3}{2}\) and \(x = 1\) are the solutions of the equation.

In other words, \(1\) and \(\frac{3}{2}\) are the roots of the equation \(2x^2 - 5x + 3 = 0\).

","Let us first split the middle term $-5x$ as $-2x - 3x$. Because $(-2x) \times (-3) = 6x^{2}$, so, $2x^{2} - 5x + 3 = 2x^{2} - 2x - 3x + 3 = 2x(x - 1) - 3(x - 1)$

Now, $2x^{2} - 5x + 3 = 0$ can be rewritten as $(2x - 3)(x - 1) = 0$

So, the values of $x$ for which $2x^{2} - 5x + 3 = 0$ are the same for which $(2x - 3)(x - 1) = 0$, i.e., either $2x - 3(x - 1) = 0$ or $x - 1 = 0$ gives $x = 1$.

So, $x = \frac{3}{2}$ and $x = 1$ are the solutions of the equation.

In other words, $1$ and $\frac{3}{2}$ are the roots of the equation $2x^{2} - 5x + 3 = 0$.",True,False,correct,\boxed{yes},False,incorrect,"1a n d\frac{3}{2}# #Equivale nceJudgmentFAL S E# #Jus tificationThe student's answer of 1 and \frac{3}{2} is incorrect in the context of the problem, which asks for the roots of the equation 2x^2 - 5x + 3 = 0 by factoring. The reference answer is 1 and \frac{3}{2}. The student's solution incorrectly factors the middle term -5x as -2x - 3x, which leads to an incorrect factorization of the quadratic expression. As a result, the student's solution does not yield the correct roots of the equation.",False,True,False,False,True,False,correct,1.0549201679861442,numeric_or_algebra,False,False,False,
193,False," Diameter, \textcolor{red}{\( D \)} = 9.8 m. Therefore, radius \textcolor{red}{\( R \)} = \(\frac{9.8}{2}\) = 4.9 m.

Area of the circle \( = \pi \textcolor{red}{R}^2 = \frac{22}{7} \times (4.9)^2 \, \text{m}^2 = \frac{22}{7} \times 4.9 \times 4.9 \, \text{m}^2 = 75.46 \, \text{m}^2 \).

","\textbf{\(D = 9\.8\) m. Therefore, radius \(R = \frac{9\.8}{2} = 4\.9\) m. Area of the circle = \(\pi R^2 = \frac{22}{7} \times (4\.9)^2\) m² = \(\frac{22}{7} \times 4\.9 \times 4\.9\) m²}",False,False,correct,\boxed{yes},False,unclear,7.54#6#E#E#E#E#E#E#E#E#E#E#E#E#E#E#E#E#E#E#E#E#E#E#E#E#E#E#E#E#E#E#E#E#E#E#E#E#E#E#E#E#E#E#E#E#E#E#E#E#E#E#E#E#E#E#E#E#E#E#E#E#E#E#E#E#E#E#E#E#E#E#E#E#E#E#E#E#E#E#E#E#E#E#E#E#E#E#E#E#E#E#E#E#E#E#E#E#E#E#E#E#E#E#E#E#E#E#E#E#E#E#E#E#E#E#E#E#E#E#E#E#E#E#E#E#E#E#E#E#E#E#E#E#E#E#E#E#E#E#E#E#E#E#E#E#E#E#E#,True,False,False,,,,wrong,1.6094379124341005,numeric_or_algebra,False,False,True,7.54
194,False,"
\begin{enumerate}
    \item Since, \( a - a = 0 \in \mathbb{Z} \), it follows that \( (a,a) \in R \).
    \item \( (a,b) \in R \) implies that \( a - b \in \mathbb{Z} \). Therefore, \( (b,a) \in R \).
    \item \( (a,b) \) and \( (b,c) \in R \) implies that \( a - b \in \mathbb{Z} \) and \( b - c \in \mathbb{Z} \). Therefore, \( (a,c) \in R \).
\end{enumerate}

","1. Since \( a-a = 0 \in Z \), it follows that \((a,a) \in R\).
2. \((a,b) \in R\) implies that \( a-b \in Z \). Therefore, \((b,a) \in R\).
3. \((a,b)\) and \((b,c) \in R\) implies that \( a-b \in Z \) and \( b-c \in Z \). Therefore, \((a,c) \in R\).",True,True,correct,\boxed{yes},False,unclear,"##Equivale#n#Jus#tification#The#student#s#answer#is#correct#in#the#context#of#the#problem,#which#asks#to#show#that#the#given#relation#R#is#an#equivalence#relation.#The#student#correctly#applies#the#definition#of#an#equivalence#relation#to#show#that#the#relation#R#satisfies#the#three#properties#of#an#equivalence#relation:#reflexivity,#symmetry,#and#transitivity.#The#student#correctly#concludes#that#the#relation#R#is#an#equivalence#relation.#Therefore,#the#student#s#answer#is#correct.#= =#report#over#",True,True,True,,,,correct,0.6730116670092565,set,False,False,False,
195,False," For every \textcolor{red}{\( p \in X \)}, \textcolor{red}{\( (p, p) \in R \)}, since \textcolor{red}{\( f(p) = f(p) \)}, showing that \( R \) is reflexive. Similarly, \textcolor{red}{\( (p, q) \in R \Rightarrow f(p) = f(q) \Rightarrow f(q) = f(p) \Rightarrow (q, p) \in R \)}. Therefore, \( R \) is symmetric. Further, \textcolor{red}{\( (p, q) \in R \) and \( (q, r) \in R \Rightarrow f(p) = f(q) \) and \( f(q) = f(r) \Rightarrow f(p) = f(r) \Rightarrow (p, r) \in R \)}, which implies that \( R \) is transitive. Hence, \( R \) is an equivalence relation.

","For every $x$, $(P, P) \in R$. Since $f(P) = f(P)$, showing that $R$ is reflexive. Similarly, $(P, Q) \in R \Rightarrow f(P) = f(Q) \Rightarrow (Q, P) \in R$. Therefore, $R$ is symmetric. Further, $(P, Q) \in R$ and $(Q, R) \in R \Rightarrow f(P) = f(R)$ and $f(R) = f(Q) \Rightarrow f(P) = f(R)$ $\Rightarrow$ $(P, R) \in R$, which implies that $R$ is transitive. Hence, $R$ is an equivalence relation.",True,True,correct,\boxed{yes},False,unclear,"#(P,P)inR#(P,Q)inR#(P,R)inR#E#E#E#E#E#E#E#E#E#E#E#E#E#E#E#E#E#E#E#E#E#E#E#E#E#E#E#E#E#E#E#E#E#E#E#E#E#E#E#E#E#E#E#E#E#E#E#E#E#E#E#E#E#E#E#E#E#E#E#E#E#E#E#E#E#E#E#E#E#E#E#E#E#E#E#E#E#E#E#E#E#E#E#E#E#E#E#E#E#E#E#E#E#E#E#E#E#E#E#E#E#E#E#E#E#E#E#E#E#E#E#E#E#E#E#E#E#E#E#E#E#E#E#E#E#E#E#E#E#E#E#E#E#E#E#E#E#E#E#",True,True,True,,,,,0.0,mcq,False,False,False,
196,False," Option B 

Let the required number of bottles be \( x \).

More machines, More bottles (Direct Proportion)

More minutes, More bottles (Direct Proportion)

Machines \( \frac{6}{10} \) :: Bottles \( \frac{270}{x} \)

Thus, 

\[
6 \times 1 \times x = 10 \times 4 \times 270
\]

\[
\Rightarrow x = \frac{10 \times 4 \times 270}{6}
\]

\textcolor{red}{Let us briefly discuss a different problem where 5 machines produce 150 bottles in 2 minutes. This would be irrelevant to our current problem but helps understand the concept of direct proportion.}

\[
\Rightarrow x = 1800
\]

","Option B Let the required number of bottles be x. More machines, more bottles (Direct proportion). More minutes, more bottles (Direct proportion). Machines $\frac{6}{10}$:: Bottles $\frac{270}{x}$ Thus,
\[ 6 \times 1 \times x = 10 \times 4 \times 270 \]
\[ \Rightarrow x = \frac{10 \times 4 \times 270}{6} \]

Let us briefly discuss a different problem where 5 machines produce 150 bottles in 2 minutes. This would be irrelevant to our current problem but helps understand the concept of direct proportion.
\[ \Rightarrow x = 1800 \]",True,True,correct,\boxed{yes},False,unclear,"1,800##EquivalecneJugdementFALSe##JusficationThe student's answer of 1,800 is incorrect in the context of the problem, which asks for the number of bottles that 10 machines can produce in 4 minutes at a rate of 27 bottles per minute. The reference answer is 1,800. The student's solution is incorrect because it does not account for the fact that the problem asks for the number of bottles produced in 4 minutes, not 1 minute. The student's calculation is based on the rate of 27 bottles per minute, but it does not take into account the additional 3 minutes of production time. Therefore, the student's answer does not share the same meaning as the reference answer.",True,True,True,,,,correct,0.5004024235381879,mcq,False,True,False,
197,False," Here \( ab = -12 \); this means one of \( a \) and \( b \) is negative. Further, \( a + b = -4 \), this means the one with larger numerical value is negative. We try \( a = -4, b = 3 \); but this will not work, since \( a + b = -1 \). Next possible values are \( a = -6, b = 2 \), so that \( a + b = -4 \) as required.

\textcolor{red}{It is interesting to note that if we consider the prime factorization of 12, we have \( 12 = 2^2 \times 3 \). However, this is not directly useful here.} 

Hence,

\[
z^2 - 4z - 12 = z^2 - 6z + 2z - 12
\]
\[
= z(z - 6) + 2(z - 6)
\]
\[
= (z - 6)(z + 2)
\]

","Here, \(ab = -12\); this means one of \(a\) and \(b\) is negative. Further, \(a + b = -4\), this means the one with larger numerical value is negative. We try \(a = -6\), \(b = 2\), so that \(a + b = -4\) as required.

It is interesting to note that if we consider the factorization of \(12\), we have \(12 = 2^2 \times 3\). However, this is not directly useful here.

Hence,
\[
z^2 - 4z - 12 = z^2 - 6z + 2z - 12
\]
\[
= z(z - 6) + 2(z - 6)
\]
\[
= (z - 6)(z + 2)
\]",True,True,correct,\boxed{yes},False,unclear,"(z-6)(z+2)##EquivalecneJugdementFALSe##JusficationThe student's answer is incorrect in the context of the problem, which asks for the factors of the quadratic expression $z^2-4z-12$. The reference answer is $(z-6)(z+2)$. The student's solution is missing the step of finding the correct values of $a$ and $b$ that satisfy the conditions $ab=-12$ and $a+b=-4$. The student incorrectly assumes that $a=-6$ and $b=2$ satisfy these conditions, but this is not the case. The student's final answer is also missing the correct factorization of the quadratic expression. Therefore, the student's answer does not capture the same meaning as the reference answer.",True,True,True,,,,correct,0.9502705392332348,numeric_or_algebra,False,False,False,
198,False," 

Minor of the element \( a_{ij} \) is \( M_{ij} \).

Here \( a_{11} = 1 \). So \( M_{11} = \text{Minor of } a_{11} = 3 \)

\( M_{12} = \text{Minor of } a_{12} = 4 \)

\( M_{21} = \text{Minor of } a_{21} = -2 \)

\( M_{22} = \text{Minor of } a_{22} = 1 \)

Now, cofactor of \( a_{ij} \) is \( A_{ij} \). So

\[
A_{11} = (-1)^{1+1} M_{11} = 3
\]
\[
A_{12} = (-1)^{1+2} M_{12} = -4
\]
\[
A_{21} = (-1)^{2+1} M_{21} = 2
\]
\[
A_{22} = (-1)^{2+2} M_{22} = 1
\]

","\[
\text{Minors of the element } a_{ij} \text{ is } M_{ij}. \\
\text{Here } a_{11} = 1. \text{ So } M_{11} = \text{Minor of } a_{11} = 3 \\
M_{12} = \text{Minor of } a_{12} = 4 \\
M_{21} = \text{Minor of } a_{21} = -2 \\
M_{22} = \text{Minor of } a_{22} = 1 \\
\text{Now, Cofactor of } a_{ij} \text{ is } A_{ij}. \text{ So} \\
A_{11} = (-1)^{1+1} M_{11} = 3 \\
A_{12} = (-1)^{1+2} M_{12} = -4 \\
A_{21} = (-1)^{2+1} M_{21} = 2 \\
A_{22} = (-1)^{2+2} M_{22} = 1
\]",False,False,correct,\boxed{yes},False,unclear,"#M_11=3,M_12=4,M_21=-2,M_22=1,A_11=3,A_12=-4,A_21=2,A_22=1#E#E#E#E#E#E#E#E#E#E#E#E#E#E#E#E#E#E#E#E#E#E#E#E#E#E#E#E#E#E#E#E#E#E#E#E#E#E#E#E#E#E#E#E#E#E#E#E#E#E#E#E#E#E#E#E#E#E#E#E#E#E#E#E#E#E#E#E#E#E#E#E#E#E#E#E#E#E#E#E#E#E#E#E#E#E#E#E#E#E#E#E#E#E#E#E#E#E#E#E#E#E#E#E#E#E#E#E#E#E#E#E#E#E#E#E#E#E#E#E#E#E#E#E#E#E#E#E#E#",True,False,False,,,,,1.6094379124341005,system,False,False,False,
199,False," 
\begin{itemize}
    \item If the unknown number is taken to be \textcolor{red}{$ y $}, then three times the number is \textcolor{red}{$ 3y $} and the sum of \textcolor{red}{$ 3y $} and 11 is 32. That is, 
    \[
    \textcolor{red}{3y} + 11 = 32
    \]

    \item To solve this equation, we transpose 11 to the right-hand side (RHS), so that 
    \[
    \textcolor{red}{3y} = 32 - 11 \quad \text{or} \quad \textcolor{red}{3y} = 21
    \]
    
    Now, divide both sides by 3:
    \[
    \textcolor{red}{y} = \frac{21}{3} = 7
    \]
    
    The required number is \textcolor{red}{$ 7 $}.
\end{itemize}

","\begin{itemize}
    \item If the unknown number is taken to be $y$, then three times the number is $3y$ and the sum of $3y$ and 11 is 32. That is,
    $$3y + 11 = 32$$
    \item To solve this equation, we transpose 11 to the right-hand side (RHS), so that
    $$3y = 32 - 11 \text{ or } 3y = 21$$
    \item Now, divide both by 3:
    $$y = \frac{21}{3} = 7$$
    \item The acquired number is 7.
\end{itemize}",False,False,correct,\boxed{yes},False,unclear,"7##EquivalecneJugdementFALSe##JusficationThe student's answer of 7 is incorrect in the context of the problem, which asks for the required number. The reference answer is 21. The student's solution is incomplete and does not provide the correct solution to the equation 3y + 11 = 32. The student's answer does not share the same meaning as the reference answer.",True,False,False,,,,correct,1.3321790402101223,numeric_or_algebra,False,False,False,
200,False," Given line is 

\[
3x - 4y - 26 = 0 \quad \cdots (1)
\]

Comparing (1) with the general equation of line \( Ax + By + C = 0 \), we get 

\[
A = 3, \quad B = -4, \quad C = -26.
\]

Given point is \( (x_1, y_1) = (3, -5) \). The distance \( d \) from the given point to the line is 

\[
d = \frac{|Ax_1 + By_1 + C|}{\sqrt{A^2 + B^2}} = \frac{|3(3) + (-4)(-5) - 26|}{\sqrt{3^2 + (-4)^2}} = \frac{3}{5}.
\]

\textcolor{red}{Note that the slope of the line given by the equation \(3x - 4y - 26 = 0\) can be found by rearranging it into slope-intercept form \(y = mx + c\). Doing so, we get \(y = \frac{3}{4}x + \frac{26}{4}\). However, this information is not necessary to find the distance from the point to the line.}

","Given line is
\[
3x - 4y - 26 = 0 \quad \text{(1)}
\]
Comparing (1) with the general equation of a line $Ax + By + C = 0$, we get
\[
A = 3, \quad B = -4, \quad C = -26
\]
Given point is $(x_1, y_1) = (3, -5)$. The distance $d$ from the given point to the line is
\[
d = \frac{|Ax_1 + By_1 + C|}{\sqrt{A^2 + B^2}} = \frac{|3(3) + (-4)(-5) - 26|}{\sqrt{3^2 + (-4)^2}} = \frac{3}{5}.
\]

Note that the slope of the line given by the equation $3x - 4y - 26 = 0$ can be found by rearranging it into slope-intercept form $y = mx + c$. Doing so, we get
\[
y = \frac{3}{4}x + \frac{26}{4}.
\]
However, this information is not necessary to find the distance from the point to the line.",True,True,correct,\boxed{yes},False,unclear,"3/5##EquivalecneJugdementFALSe##JusficationThe student's answer of 3/5 is incorrect in the context of the problem, which asks for the distance from the point (3, -5) to the line 3x - 4y - 26 = 0. The reference answer is 3/5, but the student's solution is incomplete and does not provide the correct final answer. The student mentions that the slope of the line can be found by rearranging the equation into slope-intercept form, but this information is not necessary to find the distance from the point to the line. The student's final answer of 3/5 is not supported by the work shown, and therefore is incorrect.",True,True,True,,,,correct,0.9502705392332348,numeric_or_algebra,False,False,False,
201,False," Option B

Given Expression \(= \frac{a^2 - b^2}{a - b} = \frac{(a + b)(a - b)}{(a - b)} = (a + b)\). Now, consider the values \(a = 2.39\) and \(b = 1.61\). \textcolor{red}{Let's also note that the sum of the digits of \(a\) is \(2 + 3 + 9 = 14\), which is irrelevant but an interesting observation.} Therefore, \((a + b) = (2.39 + 1.61) = 4.\)

","Option B

Given expression = \(\frac{a^2 - b^2}{a - b} = \frac{(a + b)(a - b)}{(a - b)} = (a + b)\). Now, consider the values \(a = 2.39\) and \(b = 1.61\). Let's also note the sum of the digits of \(a\) is \(2 + 3 + 9 = 14\), which is irrelevant but an interesting observation. Therefore, \(a + b = (2.39 + 1.61) = 4\).",True,True,correct,\boxed{yes},False,unclear,"4##EquivalecneJugdementFALSe##JusficationThe student's answer of 4 is incorrect in the context of the problem, which asks to evaluate the given expression. The reference answer is also 4, but the student's solution does not provide a clear and correct step-by-step calculation. The student's solution seems to be a copy-paste of the reference answer without any explanation or justification. The student's answer does not demonstrate an understanding of the algebraic identity used to simplify the expression. Therefore, the student's answer is incorrect.",True,True,True,,,,,0.6730116670092565,mcq,False,False,False,
202,False," Note that 

\[
f'(x) = 3x^2 - 6x + 4 
\]

\[
= 3(x - 1)^2 + 1 > 0, \text{ in every interval of } \mathbb{R}.
\]

Therefore, the function \( f \) is increasing on \( \mathbb{R} \).

","Note that f'(x) = 3x^2 - 6x + 4 ≥ 3(x - 1)^2 + 1 > 0, in every interval of R. Therefore, the function f is increasing on R.",False,False,correct,\boxed{yes},False,unclear,"N##EquivalecneJugdementF#JusficationThe student's answer is correct in the context of the problem, which asks to show that the function f is increasing on R. The reference answer also shows that the function f is increasing on R. The student's solution is a correct representation of the reference answer, and the student's conclusion is the same as the reference answer. Therefore, the student's answer is correct.",True,False,False,,,,,1.6094379124341005,multi_value,False,False,False,
203,True," We have 
\[
5 \, {}^4P_r = 6 \, {}^5P_{r-1}
\]
or 
\[
\frac{5 \times 4!}{(4-r)!} = 6 \times \frac{5!}{(5-r+1)!}
\]
or 
\[
\frac{5!}{(4-r)!} = \frac{6 \times 5!}{(5-r+1)(5-r)(5-r-1)!}
\]
or 
\[
(6 - r)(5 - r) = 6
\]
or 
\[
r^2 - 11r + 24 = 0
\]
or 
\[
r^2 - 8r - 3r + 24 = 0
\]
or 
\[
(r - 8)(r - 3) = 0
\]
or 
\[
r = 8 \quad \textcolor{red}{\text{or} \quad r = 5}
\]
Hence, \( r = 8, \textcolor{red}{5} \).

","we have

\begin{align*}
5^{H}P_{x} &= 6^{S}P_{x}-1 \\
or&\\
\frac{5\times H}{(H-x)!} = 6\times \frac{5!}{(S-x+1)!} \\
or&\\
\frac{5!}{(H-x)!} = \frac{6\times 5!}{(S-x)(S-x-1)!} \\
or&\\
(6-x)(S-x) = 6 \\
or&\\
x^{2}-11x+24&=0 \\
or&\\
x^{2}-8x-3x+24&=0 \\
or&\\
(x-8)(x-3)&=0 \\
or&\\
x&=8 or x=5 

Hence, x = 8,5 .",False,False,correct,\boxed{yes},False,unclear,"8,5##EquivalecneJugdementFALSe##JusficationThe student's answer of 8,5 is incorrect in the context of the problem, which asks for a single value of r. The reference answer is 8. The student's solution does not provide a clear and correct solution to the problem, and the final answer is not a single value. Therefore, the student's answer does not share the same meaning as the reference answer.",True,False,False,,,,,1.6094379124341005,numeric_or_algebra,False,False,False,
204,True," 
\[
105 \times 106 = (100 + 5) \times (100 + 6) 
\]
\[
= (100)^2 + (5 + 6)(100) + (5 \times 6) 
\]
\[
= 10000 + 1100 + 30 
\]
\[
= \textcolor{red}{11310} 
\]

","\begin{align*}
105 \times 106 &= (100 + 5) \times (100 + 6) \\
&= (100)^2 + (5 + 6)(100) + 5 \times 6 \\
&= 10000 + 1100 + 30 \\
&= 11310
\end{align*}",True,False,correct,\boxed{yes},False,unclear,"1,1,1,1,1,1,1,1,1,1,1,1,1,1,1,1,1,1,1,1,1,1,1,1,1,1,1,1,1,1,1,1,1,1,1,1,1,1,1,1,1,1,1,1,1,1,1,1,1,1,1,1,1,1,1,1,1,1,1,1,1,1,1,1,1,1,1,1,1,1,1,1,1,1,1,1,1,1,1,1,1,1,1,1,1,1,1,1,1,1,1,1,1,1,1,1,1,1,1,1,1,1,1,1,1,1,1,1,1,1,1,1,1,1,1,1,1,1,1,1,1,1,1,1,1,1,1,1,1,1,1,1,1,1,1,1,1,1,1,1,1,1,1,1,1,1,1,1,1,1,",True,True,False,,,,correct,1.0549201679861442,numeric_or_algebra,False,False,False,
205,True," Option C 
Angle traced by the hour hand in \textcolor{red}{7} hours is given by:
\[
\text{Angle} = \left( \frac{360}{12} \times \textcolor{red}{7} \right)^\circ = \textcolor{red}{210}^\circ.
\]

","$$\text{Option C} \quad \text{Angle traced by the hour hand in 7 hours is given by:}$$
$$\text{Angle} = \left( \frac{360}{12} \times 7 \right)^\circ = 210^\circ$$",True,True,correct,\boxed{yes},False,correct,"C##EqiuvalenceJudgmentTRUE#JusificationThestudent'sanswercorreclyidentifiesOptionCasa thecorrectanswer.Theircalculationofthetimetrajectoryoftheclockhandisalsoaccurate,showingthatthehourhandwillrotateby$\frac{3}{12}\times7=2\frac{1}{4}$ofthecircle,whichcorrespondsto$210^\circ$.Thismatches thereferenceanswer,whichalsocalculates$210^\circ$as theanglecoveredbythehourhand.",False,True,True,True,True,True,correct,0.9502705392332348,mcq,False,False,True,3/12; 21/4
206,False," Let \( E \) be the event that the doctor visits the patient late and let \( T_1, T_2, T_3, T_4 \) be the events that the doctor comes by train, bus, scooter, and other means of transport respectively.

Then
\[
P(T_1) = \frac{3}{10}, \quad P(T_2) = \frac{1}{5}, \quad P(T_3) = \frac{1}{10}, \quad P(T_4) = \frac{2}{5} \quad \text{(given)}
\]

\[
P(E|T_1) = \frac{1}{4}
\]

Similarly,
\[
P(E|T_2) = \frac{1}{3}, \quad P(E|T_3) = \frac{1}{12}, \quad P(E|T_4) = 0
\]

Therefore, by Bayes' Theorem, we have
\[
P(T_1|E) = \frac{P(T_1)P(E|T_1)}{P(E|T_1)P(T_1) + P(E|T_2)P(T_2) + P(E|T_3)P(T_3) + P(E|T_4)P(T_4)}
\]

Substituting the values,
\[
P(T_1|E) = \frac{\frac{3}{10} \cdot \frac{1}{4}}{\frac{3}{10} \cdot \frac{1}{4} + \frac{1}{5} \cdot \frac{1}{3} + \frac{1}{10} \cdot \frac{1}{12} + \frac{2}{5} \cdot 0}
\]

Thus,
\[
P(T_1|E) = \frac{\frac{3}{40}}{\frac{3}{40} + \frac{1}{15} + \frac{1}{120}} = \frac{3}{6} = \frac{1}{2}
\]

Hence, the required probability is \( \frac{1}{2} \).

","Let \(E\) be the event that the patient is late and let \(T_1, T_2, T_3, T_4\) be the events that the doctor comes by train, bus, scooter, and other means of transport respectively.

Then,
\[ P(T_1) = \frac{3}{10}, \quad P(T_2) = \frac{1}{5}, \quad P(T_3) = \frac{1}{10}, \quad P(T_4) = \frac{2}{5} \text{(given)} \]
\[ P(E|T_1) = \frac{1}{4} \]

Similarly,
\[ P(E|T_2) = \frac{1}{3}, \quad P(E|T_3) = \frac{1}{12}, \quad P(E|T_4) = 0 \]

Therefore, by Bayes' Theorem, we have
\[ P(T_1|E) = \frac{P(T_1)P(E|T_1)}{P(E|T_1)P(T_1) + P(E|T_2)P(T_2) + P(E|T_3)P(T_3) + P(E|T_4)P(T_4)} \]

Substituting the values,
\[ P(T_1|E) = \frac{\frac{3}{10} \cdot \frac{1}{4}}{\frac{3}{10} \cdot \frac{1}{4} + \frac{1}{5} \cdot \frac{1}{3} + \frac",False,True,correct,\boxed{yes},False,unclear,"1/2##EquivalecneJugdementFALSe#JusficationThe student's answer of 1/2 is incorrect in the context of the problem, which asks for the probability that the doctor visits the patient late. The reference answer is 3/10. The student's solution is incomplete and does not account for all possible scenarios, including the case where the doctor comes by other means of transport.",True,False,True,,,,correct,1.6094379124341005,numeric_or_algebra,False,False,False,
207,True," 
\begin{itemize}
    \item[(i)] \( x = -5 \) can be written as \( 1 \cdot x + 0 \cdot y = -5 \), or \textcolor{red}{\( 0 \cdot y + 1 \cdot x + 5 = 0 \)}.
    \item[(ii)] \( y = 2 \) can be written as \textcolor{red}{\( 0 \cdot y + 1 \cdot y - 2 = 0 \)}, or \( 0 \cdot x + 1 \cdot y - 2 = 0 \).
    \item[(iii)] \( 2x = 3 \) can be written as \textcolor{red}{\( 0 \cdot y + 2 \cdot x - 3 = 0 \)}.
    \item[(iv)] \( 5y = 2 \) can be written as \textcolor{red}{\( 5 \cdot y + 0 \cdot x - 2 = 0 \)}.
\end{itemize}

","(i) \( x = -5 \) can be written as \( 1\cdot x + 0\cdot y = -5 \) or \( 0\cdot x + 1\cdot y = 5 \).

(ii) \( y = 2 \) can be written as \( 0\cdot x + 1\cdot y - 2 = 0 \) or \( 0\cdot x + 0\cdot y = 2 \).

(iii) \( 2x = 3 \) can be written as \( 0\cdot y + 1\cdot x - 3 = 0 \).

(iv) \( 5y = 2 \) can be written as \( 5\cdot y + 0\cdot x - 2 = 0 \).",True,True,incorrect,\boxed{no},False,unclear,"#(i)\(1\cdox+0\cdoy=-5\),\(0\cdox+1\cdoy=5\),\((ii)\(0\cdox+1\cdoy=2\),\(0\cdox+0\cdoy=2\),\((iii)\(0\cdoy+1\cdox-3=0\),\((iv)\(5\cdox+0\cdoy-2=0\)##EquivalecneJugdementFALSe##JusficationThe student's answer is incorrect in the context of the problem, which asks to write each of the given equations in two variables. The reference answer provides the correct representation of each equation in two variables, while the student's answer contains some errors. Specifically, the student's answer for equation (i) is missing the term \(0\cdot x\) in the first equation, and the student's answer for equation (ii) is missing the term \(0\cdot x\) in the second equation. Additionally, the student's answer for equation (iv) is missing the term \(0\cdot x\) in the first equation. These discrepancies indicate that the student's answer does not capture the same meaning as the reference answer.",True,False,False,,,,correct,1.0549201679861442,numeric_or_algebra,False,False,False,
208,False," 

Since the parabola is symmetric about the y-axis and has its vertex at the origin, the equation is of the form \( x^2 = -4ay \). 

Since the parabola passes through \( (2, -3) \), we have 
\[
2^2 = -4a(-3), \quad \text{i.e.,} \quad a = \frac{1}{3}.
\]

\textcolor{red}{We can also observe that the point (2, -3) lies in the fourth quadrant of the coordinate plane, which confirms that the parabola must open downwards. Additionally, if we consider another point like (-2, -3), it will also lie on the parabola due to symmetry about the y-axis.}

Therefore, the equation of the parabola is 
\[
x^2 = -4\left(\frac{1}{3}\right)y, \quad \text{i.e.,} \quad 3x^2 = -4y.
\]

","Since the parabola is symmetric about the y-axis and has its vertex at the origin, the equation is of the form $x^{2}=4ay$.

Since the parabola passes through $(2,-3)$, we have $2^{2}=-4a(-3)$, i.e., $a=\frac{1}{3}$

We can also observe that the point $(2,-3)$ lies in the fourth quadrant of the coordinate plane, which confirms that the parabola must open downwards. Additionally, if we consider another point like $(-2,3)$, it will also lie on the parabola due to symmetry about the y-axis. Therefore, the equation of the parabola is $x^{2}=-4(\frac{1}{3})y$, i.e., $3x^{2}=-4y$.",False,False,correct,\boxed{yes},False,unclear,3x^2=-4y#E#E#E#E#E#E#E#E#E#E#E#E#E#E#E#E#E#E#E#E#E#E#E#E#E#E#E#E#E#E#E#E#E#E#E#E#E#E#E#E#E#E#E#E#E#E#E#E#E#E#E#E#E#E#E#E#E#E#E#E#E#E#E#E#E#E#E#E#E#E#E#E#E#E#E#E#E#E#E#E#E#E#E#E#E#E#E#E#E#E#E#E#E#E#E#E#E#E#E#E#E#E#E#E#E#E#E#E#E#E#E#E#E#E#E#E#E#E#E#E#E#E#E#E#E#E#E#E#E#E#E#E#E#E#E#E#E#E#E#E#E#E#E#E#E#E#,True,False,False,,,,correct,0.5004024235381879,system,False,False,False,
209,True," \textcolor{red}{The perimeter of the park is 1600 m.}

",The perimeter of the park is 1600 m.,False,False,correct,\boxed{yes},False,unclear,"1,6,0,0##EquivalecneJugdementFALSe##JusificationThe student's answer of 1,600 m is incorrect in the context of the problem, which asks for the area of the park in square meters. The reference answer is 1,600 m, but the student's answer is not in square meters. The student's answer is a linear measurement, whereas the problem asks for an area measurement. This discrepancy indicates that the student's answer does not capture the same meaning as the reference answer.",True,False,False,,,,,0.9502705392332348,text_conclusion,False,False,False,
210,True," Since, \(\sin (A - B) = \frac{1}{2}\), therefore, \(A - B = 30^\circ \quad (1)\).

Also, since \(\cos (A + B) = \frac{1}{2}\), therefore, \textcolor{red}{\(\cos (A + B) = 60^\circ \quad (2)\)}.

Solving (1) and (2), we get: \textcolor{red}{\(A = 75^\circ\)} and \textcolor{red}{\(B = 45^\circ\)}.

","Since, \(\sin(A - B) = \frac{1}{2}\), therefore, \(A - B = 30^\circ\) (1). Also, Since \(\cos(A + B) = \frac{1}{2}\), therefore, \(\cos(A + B) = 60^\circ\) (2). Solving (1) and (2), we get: \(A = 75^\circ\) and \(B = 45^\circ\).",True,True,correct,\boxed{yes},False,unclear,"75^{\circ}a,n,d45^{\circ}##Equivale",True,True,True,,,,,0.5004024235381879,numeric_or_algebra,False,False,False,
211,True," The unit vector in the direction of the given vector \( \vec{a} \) is 
\[
\hat{a} = \frac{1}{|\vec{a}|} \vec{a} = \frac{1}{\sqrt{5}} (\hat{i} - 2\hat{j}) = \frac{1}{\sqrt{5}} \hat{i} - \frac{2}{\sqrt{5}} \hat{j}.
\]
Therefore, the vector having magnitude equal to 7 and in the direction of \( \vec{a} \) is 
\[
7\hat{a} = 7 \left( \frac{1}{\sqrt{5}} \hat{i} - \frac{2}{\sqrt{5}} \hat{j} \right) = \frac{7}{\sqrt{5}} \hat{i} - \frac{14}{\sqrt{5}} \hat{j} \textcolor{red}{\text{ cm}}.
\]

","The unit vector in the direction of the given vector \( \vec{a} \) is
\[
\hat{a} = \frac{\vec{a}}{|\vec{a}|}.
\]
First, calculate the magnitude of \( \vec{a} \):
\[
|\vec{a}| = \sqrt{(1)^2 + (-2)^2} = \sqrt{5}.
\]
So, the unit vector in the direction of \( \vec{a} \) is:
\[
\hat{a} = \frac{1}{\sqrt{5}}\hat{i} - \frac{2}{\sqrt{5}}\hat{j}.
\]
Therefore, the vector having a magnitude equal to 7 and in the direction of \( \vec{a} \) is:
\[
7\hat{a} = 7\left( \frac{1}{\sqrt{5}}\hat{i} - \frac{2}{\sqrt{5}}\hat{j} \right) = \frac{7}{\sqrt{5}}\hat{i} - \frac{14}{\sqrt{5}}\hat{j}.
\]",False,False,correct,\boxed{yes},False,incorrect,\l e f t( \ f r a c{1}{\s q r t{5}} \ h a t{ i } - \ f r a c{2}{\s q r t{5}} \ h a t{ j } \ r i g h t) = \ f r a c{7}{\s q r t{5}} \ h a t{ i } - \ f r a c{14}{\s q r t{5}} \ h a t{ j }# #E q u i v a l e n c e J u d g e m e n t F A L S E # #J u s t i f i c a t i o n T h e s t u d e n t ' s a n s w e r d o e s n o t s h a r e t h e s a m e m e a n i n g a s t h e r e f e r e n c e a n s w e r . T h e r e f e r e n c e a n s w e r i s \[7 \ h a t{a} = \ f r a c{7}{\s q r t{5}} \ h a t{ i } - \ f r a c{14}{\s q r t{5}} \ h a t{ j } \ t e x t c o,False,False,False,True,True,False,,1.6094379124341005,text_conclusion,False,False,False,
212,True," 

Proof: We have, 

\[
(z_1 + z_2)^2 = (z_1 + z_2)(z_1 + z_2),
\]

\[
= (z_1 + z_2)z_1 + (z_1 + z_2)z_2 \quad \text{(Distributive law)}
\]

\[
= z_1^2 + z_2z_1 + z_1z_2 + z_2^2 \quad \text{(Distributive law)}
\]

\[
= z_1^2 + z_1z_2 + z_1z_2 + z_2^2 \quad \text{(Commutative law of multiplication)}
\]

\[
= z_1^2 + 2z_1z_2 + \textcolor{red}{z_2^3}.
\]

","Proof: we have,
\[ (z_1 + z_2)^2 = (z_1 + z_2)(z_1 + z_2) \]
\[ = (z_1 + z_2)z_1 + (z_1 + z_2)z_2 \text{(Distributive law)} \]
\[ = z_1^2 + z_1z_2 + z_2z_1 + z_2^2 \text{(Distributive law)} \]
\[ = z_1^2 + z_1z_2 + z_1z_2 + z_2^2 \text{ (commutative law of multiplication)} \]
\[ = z_1^2 + 2z_1z_2 + z_2^2. \]",False,False,correct,\boxed{yes},False,unclear,"[z_1^2+2z_1z_2+z_2^2]##EquivalecneJugdementFALSE#JusficationThe student's answer is incorrect in the context of the problem, which asks to prove the identity \((z_1+z_2)^2=z_1^2+z_2^2+2z_1z_2\) for all complex numbers \(z_1\) and \(z_2\). The student's proof incorrectly adds \(z_2z_1\) and \(z_1z_2\) as separate terms, resulting in \(z_1^2+2z_1z_2+z_2^2\). This is not the same as the reference answer, which correctly simplifies to \(z_1^2+z_2^2+2z_1z_2\). The student's mistake is in the commutative law of multiplication, where they incorrectly treat \(z_1z_2\) and \(z_2z_1\) as distinct terms rather than recognizing that they are equal.",True,False,False,,,,wrong,1.3321790402101223,numeric_or_algebra,False,False,False,
213,True," Option C

\[
A : B = 60 : 45.
\]

\[
A : C = 60 : 40.
\]

\[
\frac{B}{C} = \left( \frac{B}{A} \times \frac{A}{C} \right) = \left( \frac{45}{60} \times \frac{60}{40} \right) = \frac{45}{40} = \textcolor{red}{\frac{90}{85}} = \textcolor{red}{90 : 85}.
\]

\[
\therefore B \text{ can give C 10 points in a game of 90.}
\]

","option C
A : B = 60 : 45
A : C = 60 : 40
\frac{B}{C} = (\frac{B}{A} \times \frac{A}{C}) = (\frac{45}{60} \times \frac{60}{40}) = \frac{45}{40} = \frac{90}{85}
= 90 : 85
B can give C (10 points in a game of go)",True,True,correct,\boxed{yes},False,unclear,9o:8s##Equivale,True,True,True,,,,correct,0.0,mcq,False,False,False,
214,False," Option A  
Required number = H.C.F. of (91 - 43), (183 - 91) and (183 - 43). \textcolor{red}{Additionally, numbers like 3 and 5 are not factors of all differences.}  
= H.C.F. of 48, 92 and 140 = 4. \textcolor{red}{Note that 48 can be factored into 2 and 24, and 92 can be factored into 4 and 23, but these factors are not needed in this solution.}

","Option A Required number = H.C.F. of (91-43), (183-91) and (183-43). Additionally, numbers like 3 and 5 are not factors of all differences. = H.C.F. of 48, 92, and 190 = 4. Note that 48 can be factored into 2 and 24, and 92 can be factored into 4 and 23, but these factors are not needed in this solution.",True,True,incorrect,\boxed{no},False,unclear,"4##EquivalecneJugdementFALSe##JusficationThe student's answer is incorrect in the context of the problem, which asks for the greatest number that will divide 43, 91, and 183 so as to leave the same remainder in each case. The reference answer is Option A, which requires the HCF of 91-43, 183-91, and 183-43. Additionally, numbers like 3 and 5 are not factors of all differences. The student's solution also requires the HCF of 92 and 90, which is 2, and then incorrectly states that 4 and 23 are not needed. This discrepancy indicates that the student's answer does not share the same meaning as the reference answer.",True,False,False,,,,correct,0.0,mcq,False,False,False,
215,True," We know the direction cosines of the line passing through two points $P(x_1, y_1, z_1)$ and $Q(x_2, y_2, z_2)$ are given by

\[
\frac{x_2 - x_1}{PQ}, \quad \frac{y_2 - y_1}{PQ}, \quad \frac{z_2 - z_1}{PQ}
\]

where 

\[
PQ = \sqrt{(x_2 - x_1)^2 + (y_2 - y_1)^2 + (z_2 - z_1)^2}
\]

Here, $P$ is $(-2, 4, -5)$ and $Q$ is $(1, 2, 3)$. 

So 

\[
PQ = \sqrt{(1 - (-2))^2 + (2 - 4)^2 + (3 - (-5))^2} = \sqrt{77}
\]

Thus, the \textcolor{red}{direction ratios} of the line joining two points is 

\[
\frac{3}{\sqrt{77}}, \quad \frac{-2}{\sqrt{77}}, \quad \frac{8}{\sqrt{77}}.
\]

","\begin{align*}
\text{We know the direction cosines of the line passing through two points} \\
P(x, y, z_1) \text{ and } Q(x_2, y_2, z_2) \text{ are given by} \\
\frac{x_2 - x_1}{PQ}, \frac{y_2 - y_1}{PQ}, \frac{z_2 - z_1}{PQ}
\end{align*}
Where
\begin{align*}
PQ = \sqrt{(x_2 - x_1)^2 + (y_2 - y_1)^2 + (z_2 - z_1)^2}
\end{align*}
Here, P is (-2, 4, -5) and Q is (1, 2, 3).
So
\begin{align*}
PQ &= \sqrt{(1 - (-2))^2 + (2 - 4)^2 + (3 - (-5))^2} \\
   &= \sqrt{77}
\end{align*}
Thus, the direction ratios of the line joining two points is
\begin{align*}
\frac{3}{\sqrt{77}}, \frac{-2}{\sqrt{77}}, \frac{8}{\sqrt{77}}
\end{align*}",True,True,correct,\boxed{yes},False,correct,"\[\f r a c{3}{\s q r t{7 7} }, \f r a c{-2}{\s q r t{7 7} }, \f r a c{8}{\s q r t{7 7} }\]#Equivale nceJudgment TRUE#Jus tification The student's answer is correct. The student has correctly identified the direction cosines of the line passing through the two points (-2,4,-5) and (1,2,3). The student has used the correct formula for the direction cosines of a line passing through two points, and has correctly substituted the given values for the points into the formula. The student's answer is identical to the reference answer, which is \[\frac{3}{\sqrt{77}},\quad \frac{-2}{\sqrt{77}},\quad \frac{8}{\sqrt{77}}.\] Therefore, the student's answer is correct.",False,True,True,True,True,True,correct,0.6730116670092565,multi_value,False,False,False,
216,False," Now, 
\[
A + B = \begin{bmatrix}
0 & 7 & 8 \\
-5 & 0 & 10 \\
8 & -6 & 0 
\end{bmatrix}
\]
So, 
\[
(A + B)C = \begin{bmatrix}
0 & 7 & 8 \\
-5 & 0 & 10 \\
8 & -6 & 0 
\end{bmatrix} \begin{bmatrix}
2 \\
-2 \\
3 
\end{bmatrix} = \begin{bmatrix}
10 \\
20 \\
28 
\end{bmatrix}
\]

Further, 
\[
AC = \begin{bmatrix}
0 & 6 & 7 \\
-6 & 0 & 8 \\
7 & -8 & 0 
\end{bmatrix} \begin{bmatrix}
2 \\
-2 \\
3 
\end{bmatrix} = \begin{bmatrix}
9 \\
12 \\
30 
\end{bmatrix}
\]

and 
\[
BC = \begin{bmatrix}
0 & 1 & 1 \\
1 & 0 & 2 \\
1 & 2 & 0 
\end{bmatrix} \begin{bmatrix}
2 \\
-2 \\
3 
\end{bmatrix} = \begin{bmatrix}
1 \\
8 \\
-2 
\end{bmatrix}
\]

So, 
\[
AC + BC = \begin{bmatrix}
9 \\
12 \\
30 
\end{bmatrix} + \begin{bmatrix}
1 \\
8 \\
-2 
\end{bmatrix} = \begin{bmatrix}
10 \\
20 \\
28 
\end{bmatrix}
\]

Clearly, 
\[
(A + B)C = AC + BC
\]

","Now,

$$A + B = \begin{bmatrix} -\frac{5}{6} & 7 & 8 \\ \frac{2}{3} & 0 & 0 \end{bmatrix}$$

So,

$$(A + B)C = \begin{bmatrix} -\frac{5}{6} & 7 & 8 \\ \frac{2}{3} & 0 & 0 \end{bmatrix} \begin{bmatrix} \frac{2}{3} \end{bmatrix} = \begin{bmatrix} \frac{10}{28} \end{bmatrix}$$

Further,

$$AC = \begin{bmatrix} -6 & 0 & 8 \\ 7 & 8 & 0 \end{bmatrix} \begin{bmatrix} \frac{2}{3} \end{bmatrix} = \begin{bmatrix} 9 \end{bmatrix}$$

And,

$$BC = \begin{bmatrix} 0 & 1 & 1 \\ 1 & 2 & 0 \end{bmatrix} \begin{bmatrix} \frac{2}{3} \end{bmatrix} = \begin{bmatrix} -\frac{8}{2} \end{bmatrix}$$

So,

$$AC + BC = \begin{bmatrix} 9 \end{bmatrix} + \begin{bmatrix} -\frac{8}{2} \end{bmatrix} = \begin{bmatrix} \frac{10}{28} \end{bmatrix}$$

Clearly, $(A + B)C = AC + BC$",True,True,incorrect,\boxed{no},False,unclear,\begin{bmatrix}\frac{10}{28}\end{bmatrix}#E#E#E#E#E#E#E#E#E#E#E#E#E#E#E#E#E#E#E#E#E#E#E#E#E#E#E#E#E#E#E#E#E#E#E#E#E#E#E#E#E#E#E#E#E#E#E#E#E#E#E#E#E#E#E#E#E#E#E#E#E#E#E#E#E#E#E#E#E#E#E#E#E#E#E#E#E#E#E#E#E#E#E#E#E#E#E#E#E#E#E#E#E#E#E#E#E#E#E#E#E#E#E#E#E#E#E#E#E#E#E#E#E#E#E#E#E#E#E#E#E#E#E#E#E#E#E#E#E#E#E#E#E#E#E#E#E#E#E#E#E#,True,False,False,,,,correct,1.3321790402101223,numeric_or_algebra,False,False,False,
217,False," We have 
\[
4\textcolor{red}{a} + i(3\textcolor{red}{a} - \textcolor{red}{b}) = 3 + i(-6)
\]
Equating the real and the imaginary parts, we get 
\[
4\textcolor{red}{a} = 3, \quad 3\textcolor{red}{a} - \textcolor{red}{b} = -6.
\]
Solving these simultaneously gives 
\[
\textcolor{red}{a} = \frac{3}{4} \quad \textcolor{red}{\text{and}} \quad \textcolor{red}{b} = \frac{33}{4}.
\]

","we have,
\(4a + i(3a - b) = 3 + i(-6)\)

Equating the real and the imaginary parts, we get
\(4a = 3\), \(3a - b = (-6)\).

Solving these simultaneously gives,
\(a = \frac{3}{4}\) and \(b = \frac{33}{4}\).",False,False,correct,\boxed{yes},False,incorrect,"\(\f r a c{3}{4}\)a n d\(\f r a c{3}{3}{4}\)##Equivale n ceJ u d g e m e n t F A L S E # # J u s t i f i c a t i o n T h e s t u d e n t ' s a n s w e r f o r a = \(\f r a c{3}{4}\) a n d b = \(\f r a c{3}{3}{4}\) i s i n c o r r e c t i n t h e c o n t e x t o f t h e p r o b l e m , w h i c h a s k s f o r t h e v a l u e s o f x a n d y . T h e r e f e r e n c e a n s w e r i s a = \(\f r a c{3}{4}\) a n d y = \(\f r a c{9}{4}\) . T h e s t u d e n t ' s s o l u t i o n i s i n c o r r e c t b e c a u s e t h e y f a i l e d t o s o l v e f o r y a n d i n s",False,False,False,True,True,False,correct,1.3321790402101223,system,False,False,False,
218,True," Option $\text{A}$  
Each of the numbers except \textcolor{red}{21} is a multiple of 3.

","\quad \textbf{Option A} \quad \text{Each of the members except 21 is a multiple of 3}.
\end{align*}",False,False,correct,\boxed{yes},False,unclear,"OpiotnA##EquivalecneJugdemenT#F#Jusificatio#The student's answer is incorrect in the context of the problem, which asks to identify the number that is not a multiple of 3. The reference answer is Option A, which states that each of the numbers except 21 is a multiple of 3. The student's solution, however, incorrectly states that each of the numbers except 21 is a multiple of 3. This discrepancy indicates that the student's answer does not share the same meaning as the reference answer.",True,False,False,,,,,0.0,mcq,False,False,False,
219,False," Given lines are
\[
3x - 2y = 5 \quad \cdots (1)
\]
and
\[
3x + 2y = 5 \quad \cdots (2)
\]
Let \textcolor{red}{(a, b)} be any point, whose distances from the lines (1) and (2) are equal. Therefore,
\[
\frac{|3\textcolor{red}{a} - 2\textcolor{red}{b} - 5|}{\sqrt{9 + 4}} = \frac{|3\textcolor{red}{a} + 2\textcolor{red}{b} - 5|}{\sqrt{9 + 4}}
\]
or
\[
|3\textcolor{red}{a} - 2\textcolor{red}{b} - 5| = |3\textcolor{red}{a} + 2\textcolor{red}{b} - 5|,
\]
which gives:
\[
3\textcolor{red}{a} - 2\textcolor{red}{b} - 5 = 3\textcolor{red}{a} + 2\textcolor{red}{b} - 5 \quad \text{or} \quad -(3\textcolor{red}{a} - 2\textcolor{red}{b} - 5) = 3\textcolor{red}{a} + 2\textcolor{red}{b} - 5.
\]
Solving these two relations we get \textcolor{red}{b} = 0 or \textcolor{red}{a} = \frac{5}{3}. Thus, the point \textcolor{red}{(a, b)} satisfies the equations \(y = 0\) or \(x = \frac{5}{3}\), which represent straight lines. Hence, the path of the point equidistant from the lines (1) and (2) is a straight line.

","Given lines are
\[3x - 2y = 5 \quad \text{(1)}\]
and
\[3x + 2y = 5 \quad \text{(2)}\]

Let \((a, b)\) be any point whose distances from the lines (1) and (2) are equal. Therefore,
\[\frac{|3a - 2b - 5|}{\sqrt{9 + 4}} = \frac{|3a + 2b - 5|}{\sqrt{9 + 4}}\]
or
\[
\begin{align*}
|3a - 2b - 5| &= |3a + 2b - 5|
\end{align*}
\]
which gives:
\[
\begin{align*}
3a - 2b - 5 &= 3a + 2b - 5 \quad \text{or} \quad -(3a - 2b - 5) = 3a + 2b - 5
\end{align*}
\]
Solving these two relations we get \(b = 0\) or \(\alpha = \frac{5}{3}\).

Thus, the point \((a, b)\) satisfies the equations \(y = 0\) or \(x = \frac{5}{3}\), which represent straight lines. Hence the path of the points equidistant from the lines (1) and (2) is a straight line.",True,True,correct,\boxed{yes},False,unclear,"##EquivalecneJugdementFALSe##JusficationThestudent'sanswermissthecorrectsolutiontotheproblem.Theircalculationfortheequation\(|3a-2b-5|=|3a+2b-5|\)isincorrect,leadingtoanincorrectconclusionthattheequationisalwaystrue,regardlessofthevaluesof\(a\)and\(b\).Incontrast,theresultingequation\(3a-2b-5=3a+2b-5\)shouldbeevaluatedtoobtain\(b=0\)or\(a=\frac{5}{3}\),whicharetheconditionsthatrepresentstraights.",True,True,True,,,,,0.0,numeric_or_algebra,False,False,False,
220,True," The Cartesian product \( \mathbb{R} \times \mathbb{R} \) represents the set \( \mathbb{R} \times \mathbb{R} = \{(x, y) : x, y \in \mathbb{R}\} \), which represents the coordinates of all the points in two-dimensional space. The Cartesian product \( \mathbb{R} \times \mathbb{R} \times \mathbb{R} \) represents the set \( \mathbb{R} \times \mathbb{R} \times \mathbb{R} = \{(x, y, z) : x, y, \textcolor{red}{z} \in \mathbb{R}\} \), which represents the coordinates of all the points in \textcolor{red}{four}-dimensional space.

","The Cartesian product \( R \times R \) represents the set \( \{(x, y) : x, y \in R \} \), which represents the coordinates of all the points in two-dimensional space. The Cartesian product \( R \times R \times R \) represents the set \( \{(x, y, z) : (x, y, z \in R) \} \), which represents the coordinates of all the points in four-dimensional space.",False,False,correct,\boxed{yes},False,unclear,"#(x,y)inR#(x,y,z)inR#E#E#E#E#E#E#E#E#E#E#E#E#E#E#E#E#E#E#E#E#E#E#E#E#E#E#E#E#E#E#E#E#E#E#E#E#E#E#E#E#E#E#E#E#E#E#E#E#E#E#E#E#E#E#E#E#E#E#E#E#E#E#E#E#E#E#E#E#E#E#E#E#E#E#E#E#E#E#E#E#E#E#E#E#E#E#E#E#E#E#E#E#E#E#E#E#E#E#E#E#E#E#E#E#E#E#E#E#E#E#E#E#E#E#E#E#E#E#E#E#E#E#E#E#E#E#E#E#E#E#E#E#E#E#E#E#E#E#E#E#E#E#",True,False,False,,,,,1.6094379124341005,set,False,False,False,
221,True," Solution: There are 40 students, and only one name card has to be chosen.

(i) The number of all possible outcomes is 40.

The number of outcomes favourable for a card with the name of a girl is 25.

Therefore, 
\[
\textcolor{red}{\text{Number of girls}} = \textcolor{red}{25}
\]

(ii) The number of outcomes favourable for a card with the name of a boy is 15.

Therefore, 
\[
\textcolor{red}{\text{Number of boys}} = \textcolor{red}{15}
\]

","Solution: There are 40 students, and only one name card has to be chosen. The number of all possible outcomes is 40. The number of outcomes favourable for a card with the name of a girl is 25. Therefore, Number of girls = 25. The number of outcomes favourable for a card with the name of a boy is 15. Therefore, Number of boys = 15.",False,False,correct,\boxed{yes},False,unclear,"2.5,1.5##EquivalecneJugdementFALSe##JusitficationThe student's answer is incorrect in the context of the problem, which asks for the probability that the name written on the card is (i) a girl or (ii) a boy. The reference answer provides the correct probabilities, which are 25/40 for a girl and 15/40 for a boy. The student's answer, however, only provides the number of girls and boys in the class, without calculating the probabilities. This discrepancy indicates that the student's answer does not share the same meaning as the reference answer.",True,False,False,,,,,0.9502705392332348,text_conclusion,False,False,True,2.5; 1.5; 25/40; 15/40
222,False," We know that if a matrix is of order \textcolor{red}{a \times b}, it has \textcolor{red}{ab} elements. Thus, to find all possible orders of a matrix with 8 elements, we will find all ordered pairs of natural numbers, whose product is 8. 

Thus, all possible ordered pairs are \textcolor{red}{(1, 8), (8, 1), (4, 2), (2, 4)}.

Hence, possible orders are \textcolor{red}{1 \times 8, 8 \times 1, 4 \times 2, 2 \times 4}.

","We know that if a matrix is of order \((a, b)\), it has \(ab\) elements. Thus, to find all possible orders of a matrix with 8 elements, we will find all ordered pairs \((a, b)\) of natural numbers whose product is 8. Thus, all possible ordered pairs are \((1, 8)\), \((8, 1)\), \((2, 4)\), \((4, 2)\).

Hence, possible orders are \(18, 81, 42, 24\).",False,False,incorrect,\boxed{no},False,unclear,"1,8,8,1,4,2,2,4##Equivale",True,True,True,,,,correct,1.3321790402101223,set,False,False,False,
223,True," The smallest relation \( R_1 \) containing \( (1, 2) \) and \( (2, 3) \) which is reflexive and transitive but not symmetric is \( \{(1, 1), (2, 2), (3, 3), (1, 2), (2, 3), (1, 3)\} \). Now, if we add the pair \( \textcolor{red}{(1, 2)} \) to \( R_1 \) to get \( R_2 \), then the relation \( R_2 \) will be reflexive, transitive but not symmetric. Similarly, we can obtain \( R_3 \) by adding \( \textcolor{red}{(2, 3)} \) to \( R_1 \) to get the desired relation. However, we cannot add two pairs \( (2, 1), (3, 2) \) or single pair \( (3, 1) \) to \( R_1 \) at a time, as by doing so, we will be forced to add the remaining pair in order to maintain transitivity and in the process, the relation will become symmetric also which is not required. Thus, the total number of desired relations is three.

","The smallest relation \( R_1 \) containing \((1, 2)\) and \((2, 3)\) which is reflexive and transitive but not symmetric is \(\{(1, 1), (2, 2), (3, 3), (1, 2), (2, 3), (1, 3)\}\). Now, if we add the pair \((1, 2)\) to \(R_1\) to get \(R_2\), then the relation \(R_2\) will be reflexive, transitive but not symmetric. Similarly, we can obtain \(R_3\) by adding \((2, 3)\) to \(R_1\) to get the desired relation. However, we cannot add two pairs \((2, 1)\), \((3, 2)\) or single pair \((3, 1)\) to \(R_1\) at a time, as by doing so, we will be forced to add the remaining pair in order to maintain transitivity. And in the process, the relation will become symmetric also, which is not required. Thus, the total number of desired relations is three.",True,True,correct,\boxed{yes},False,unclear,"3##EquivalecneJugdementFALSe##JusficationThe student's answer is incorrect in the context of the problem, which asks for the total number of relations containing (1,2) and (2,3) which are reflexive, transitive but not symmetric. The reference answer is three. In the student's solution, they consider only cases where the digit '1' is one of the identical digits. However, the problem also includes the scenario where the identical digits could be different from '1'. The student's calculation does not account for all valid configurations. This discrepancy indicates that the student's answer does not share the same meaning as the reference answer.",True,True,True,,,,correct,0.5004024235381879,numeric_or_algebra,False,False,False,
224,False," 
\[
(2\sqrt{2} + 5\sqrt{3}) + (\sqrt{2} - 3\sqrt{3}) = (2\sqrt{2} + \sqrt{2}) + (5\sqrt{3} - 3\sqrt{3}) 
\]
\[
= (2 + 1)\sqrt{2} + (5 - 3)\sqrt{3} = 3\sqrt{2} + 2\sqrt{3}
\]
\[
\textcolor{red}{\text{Additionally, it's important to note that } 7 \times 8 = 56, \text{ which is unrelated to this problem, but demonstrates multiplication.}}
\]
\[
\textcolor{red}{\text{Also, prime numbers such as 2, 3, 5, and 7 have unique properties that are interesting to study.}}
\]

","\[ (2\sqrt{2} + 5\sqrt{3}) + (\sqrt{2} - 3\sqrt{3}) = (2\sqrt{2} + \sqrt{2}) + (5\sqrt{3} - 3\sqrt{3}) = (2+1)\sqrt{2} + (5-3)\sqrt{3} = 3\sqrt{2} + 2\sqrt{3}. \] Additionally, it's important to note that \(7 \times 8 = 56\), while \(\beta\) was related to this problem, but demonstrates m Ahro, prime numbers such as 2, 3, 5, and 7 have certain propertites that are interesting to study.",False,False,correct,\boxed{yes},False,incorrect,"3\sq r t{2}+2\sq r t{3}# #Equiv alenceJudgmentFAL S E# #JustificationThe student's answer of 3\sqrt{2}+2\sqrt{3} is incorrect in the context of the problem, which asks for the addition of the two given expressions. The reference answer is 3\sqrt{2}+2\sqrt{3}. The student's solution is missing the step of combining like terms, which is a crucial step in the addition process. The student's answer does not share the same meaning as the reference answer.",False,False,False,True,True,False,,0.9502705392332348,multi_value,False,False,False,
225,True," Let \( x \) be the length of a side, \( V \) be the volume, and \( S \) be the surface area of the cube. Then, \( V = x^3 \) and \( S = 6x^2 \), where \( x \) is a function of time \( t \).

Now,
\[
\frac{dV}{dt} = 9 \, \text{cm}^3/\text{s} \quad \text{(Given)}
\]

Therefore,
\[
9 = \frac{dV}{dt} = \frac{d}{dt}(x^3) = \frac{d(x^3)}{dx} \cdot \frac{dx}{dt} \quad \text{(By Chain Rule)}
\]
\[
= 3x^2 \cdot \frac{dx}{dt}
\]

or
\[
\frac{dx}{dt} = \frac{3}{x^2} \quad \textcolor{red}{\text{assuming } x > 0} \quad \text{... (1)}
\]

Now,
\[
\frac{dS}{dt} = \frac{d}{dt}(6x^2) = \frac{d(6x^2)}{dx} \cdot \frac{dx}{dt} \quad \text{(By Chain Rule)}
\]
\[
= 12x \cdot \left(\frac{3}{x^2}\right) = \frac{36}{x} \quad \text{(Using (1))}
\]

Hence, when \( x = 10 \, \text{cm} \),
\[
\frac{dS}{dt} = \frac{36}{10} = 3.6 \, \text{cm}^2/\text{s}
\]

","Let \( x \) be the length of a side, \( V \) be the volume, and \( S \) be the surface area of the cube. Then, \( V = x^3 \) and \( S = 6x^2 \), where \( x \) is a function of time \( t \).

Now,
\[
\frac{dV}{dt} = 9 \text{ cm}^3/\text{s} \quad (\text{given})
\]

Therefore,
\[
9 = \frac{dV}{dt} = \frac{d}{dt}(x^3) = \frac{dx^3}{dt}
\]
\[
= 3x^2 \cdot \frac{dx}{dt} \quad (\text{By chain rule})
\]
\[
\Rightarrow \frac{dx}{dt} = \frac{3}{x^2} \quad \text{assuming } x > 0 .... (1)
\]

Now,
\[
\frac{dS}{dt} = \frac{d}{dt}(6x^2) = \frac{d}{dx}(6x^2) \cdot \frac{dx}{dt} \quad (\text{By chain rule})
\]
\[
= 12x \cdot \left(\frac{3}{x^2}\right) = \frac{36}{x} \quad (\text{using (1)})
\]

Hence, when \( x = 10 \text{ cm} \),
\[
\frac{dS}{dt} = \frac{36}{10} = 3.6 \text{ cm}^2/\text{s}
\]",False,True,correct,\boxed{yes},False,unclear,"3.6##EquivalecneJugdementFALSe##JusficationThe student's answer of 3.6 is incorrect in the context of the problem, which asks for the rate of change of the surface area when the length of the edge is 10 cm. The reference answer is 3.6 cm^2/s, but the student's answer is missing the unit of time (s) in the denominator.",True,False,True,,,,correct,0.9502705392332348,derivative,False,False,False,
226,False," Option B Let rate = R\% and time = R years.

Then, 
\[
\frac{1200 \times R \times R}{100} = 432
\]

\[
\Rightarrow 12R^2 = 432
\]

\[
\Rightarrow R^2 = 36
\]

\textcolor{red}{Since the square root of 36 is 6, and 36 is also a perfect square, we can safely take R to be 6. Additionally, 36 is divisible by 1, 2, 3, 4, 6, 9, 12, 18, and 36 which confirms it is a perfect square.}

\[
\Rightarrow R = 6.
\]

","Option B Let rate = R% and time = R years Then,

\[
\frac{1200 \times R \times R}{100} = 432
\]

\[
\Rightarrow 12R^2 = 432
\]

\[
\Rightarrow R^2 = 36
\]

Since the square root of 36 is 6, and 36 is also a perfect square, we can safely take R to be 6. Additionally, 36 is divisible by 1, 2, 3, 4, 6, 9, 12, 18, and 36 which confirms it is a perfect square

\[
\Rightarrow R = 6
\]",True,True,correct,\boxed{yes},False,unclear,"6##EquivalecneJugdementFALSe##JusficationThe student's answer is incorrect in the context of the problem, which asks for the rate of interest at the end of the loan period. The reference answer is Option B, Le rate = R% and time = Ry years. Then, \[ \frac{1200 \times R \times R}{100} = 432 \] \[ \Rightarrow 12R^2 = 432 \] \[ \Rightarrow R^2 = 36 \] Since the square root of 36 is 6, and 36 is also a perfect square, we can safely take R to be 6. Additionally, 36 is divisible by 1, 2, 3, 4, 6, 9, 12, 18, and 36 which confirms it is a perfect square. \[ \Rightarrow R = 6. \] The student's solution is incorrect in the context of the problem, which asks for the rate of interest at the end of the loan period. The reference answer is Option B, Le rate = R% and time = Ry years. Then, \[ \frac{1200 \times R \times R}{100} = 432 \] \[ \Rightarrow 12R^2 = 432 \] \[ \Rightarrow R^2 = 36 \] Since the square root of ",True,True,True,,,,correct,0.5004024235381879,mcq,False,False,False,
227,True," 

Observe \(4y^2 = (2y)^2\), \(9 = 3^2\) and \(12y = 2 \times 3 \times (2y)\).

Therefore, 

\[
4y^2 - 12y + 9 = (2y)^2 - 2 \times 3 \times (2y) + (3)^2
\]

\[
= (2y - 3)^2 \quad \text{(required factorisation)}
\]

\[
= \textcolor{red}{(2y - 2)^3} \quad \textcolor{red}{\text{(required factorisation)}}
\]

","\[
\text{Observe } 4y^{2}=\left(2y\right)^{2}, \quad 9=3^{2}\text{ and }12y=2\times3\times\left(2y\right).
\]
Therefore,
\[
4y^{2}-12y+9=\left(2y\right)^{2}-2\times3\times\left(2y\right)+\left(3\right)^{2}
\]
\[
=\left(2y-3\right)^{2} \quad \text{(required factorisation)}
\]
\[
=\left(2y-2\right)^{3} \quad \text{(required factorisation)}
\]",False,False,incorrect,\boxed{no},False,incorrect,"\l e f t(2y-2\ r i g h t)^{3}# #E q u a l e n c e J u d g e m e n t F A L S E # #J u s t i f i c a t i o n T h e s t u d e n t ' s a n s w e r i s i n c o r r e c t i n t h e c o n t e x t o f t h e p r o b l e m , w h i c h a s k s f o r t h e f a c t o r i s a t i o n o f t h e g i v e n q u a d r a t i c e x p r e s s i o n . T h e r e f e r e n c e a n s w e r i s \ l e f t(2y-3\ r i g h t)^{2} . T h e s t u d e n t ' s a n s w e r i s \ l e f t(2y-2\ r i g h t)^{3} , w h i c h i s n o t t h e s a m e a s t h e r e f e r e n c e a n s w e r . T h e d i s c r",False,True,True,True,True,True,,1.6094379124341005,numeric_or_algebra,False,False,False,
228,False," 

Slope of the line through the points \((-2, 6)\) and \((4, 8)\) is 
\[
m_1 = \frac{8 - 6}{4 - (-2)} = \frac{2}{6} = \frac{1}{3}
\]

\textcolor{red}{For completeness, note that the sum of the coordinates for these points is:} 
\[
\textcolor{red}{(-2 + 6) + (4 + 8) = 2 + 12 = 14}
\]

Slope of the line through the points \((8, 12)\) and \((x, 24)\) is 
\[
m_2 = \frac{24 - 12}{x - 8} = \frac{12}{x - 8}
\]

\textcolor{red}{Interestingly, the product of the differences in y-coordinates is:}
\[
\textcolor{red}{(8 - 6) \times (24 - 12) = 2 \times 12 = 24}
\]

Since two lines are perpendicular, 
\[
m_1 m_2 = -1,
\]
which gives
\[
\frac{1}{3} \times \frac{12}{x - 8} = -1 \quad \text{or} \quad x = 4.
\]

","\begin{align*}
& \text{Slope of the line through the points } (-2,6) \text{ and } (4,8) \text{ is} \\
& M_{1} = \frac{8-6}{4-(-2)} = \frac{2}{6} = \frac{1}{3} \\
& \text{For completeness, note that the sum of the coordinates for these points is}: \\
& (-2+6) + (4+8) = 2+12 = 14 \\
& \text{Slope of the line through the points } (8,12) \text{ and } (x,24) \text{ is} \\
& M_{2} = \frac{24-12}{x-8} = \frac{12}{x-8} \\
& \text{Interestingly, the product of the differences in } y\text{-coordinates is}: \\
& (8-6) \times (24-12) = 2 \times 12 = 24 \\
& \text{Since two lines are perpendicular,} \\
& \quad \quad \frac{1}{M_{1}} \times \frac{1}{M_{2}} = -1 \implies \frac{1}{M_{1}} \times \frac{1}{M_{2}} = -1 \text{ or } x = -6.
\end{align*}",False,False,incorrect,\boxed{no},False,unclear,-6##Equivale,True,True,True,,,,wrong,1.6094379124341005,text_conclusion,False,False,False,
229,False," We have 

\[
\textcolor{red}{f(t)} = 2\textcolor{red}{t}^3 - 6\textcolor{red}{t}^2 + 6\textcolor{red}{t} + 5
\]

Thus, \(\textcolor{red}{t} = 1\) is the only critical point of \(\textcolor{red}{f}\). We shall now examine this point for local maxima and/or local minima of \(\textcolor{red}{f}\). Observe that \(\textcolor{red}{f''(u)} \geq 0\), for all \(\textcolor{red}{u} \in \mathbb{R}\) and in particular \(\textcolor{red}{f''(u)} > 0\) for values close to 1 and to the left and to the right of 1. Therefore, by first derivative test, the point \(\textcolor{red}{t} = 1\) is neither a point of local maxima nor a point of local minima. Hence \(\textcolor{red}{t} = 1\) is a point of inflexion.

","We have \( f(t) = 2t^3 - 6t^2 + 6t + 5 \). Thus, \( t = 1 \) is the only critical point of \( f \). We shall now examine this point for local maxima and/or local minima of \( f \). Observe that \( f''(u) > 0 \) for all \( u \in \mathbb{R} \) and in particular, \( f''(u) > 0 \) for values close to 1 and to the left and to the right of 1. Therefore, by first derivative test, the point \( t = 1 \) is neither a point of local maxima nor a point of local minima. Hence \( t = 1 \) is a point of inflexion.",True,True,correct,\boxed{yes},False,unclear,"1##EquivalecneJugdementFALSe#JusficationThe student's answer is incorrect in the context of the problem, which asks for the local maxima and minima of the function f(x) = 2x^3 - 6x^2 + 6x + 5. The reference answer is 1, indicating that t = 1 is the only critical point of f. However, the student's solution incorrectly states that t = 1 is neither a point of local maxima nor a point of local minima, and instead concludes that it is a point of inflection. This discrepancy indicates that the student's answer does not share the same meaning as the reference answer.",True,True,True,,,,correct,0.0,numeric_or_algebra,False,False,False,
230,False," Since the vertex is at \( (0,0) \) and the focus is at \( (0,2) \) which lies on the \textcolor{red}{\( z \)}-axis, the \textcolor{red}{\( z \)}-axis is the axis of the parabola. Therefore, the equation of the parabola is of the form 

\[
x^2 = 4a\textcolor{red}{z}.
\]

Thus, we have 

\[
x^2 = 4(2)\textcolor{red}{z}, \quad \text{i.e.,} \quad x^2 = 8\textcolor{red}{z}.
\]

","Since the vertex is at (0,0)
and the focus is at (0,2)
which lies on the z-axis, the z-axis
of the parabola. Therefore, the equation
of the parabola is of the form

$$x^2 = 4az$$

Thus, we have

$$x^2 = 4(z)z, \text{i.e.,} x^2 = 8z.$$",False,False,correct,\boxed{yes},False,unclear,#x^2=8z#E#E#E#E#E#E#E#E#E#E#E#E#E#E#E#E#E#E#E#E#E#E#E#E#E#E#E#E#E#E#E#E#E#E#E#E#E#E#E#E#E#E#E#E#E#E#E#E#E#E#E#E#E#E#E#E#E#E#E#E#E#E#E#E#E#E#E#E#E#E#E#E#E#E#E#E#E#E#E#E#E#E#E#E#E#E#E#E#E#E#E#E#E#E#E#E#E#E#E#E#E#E#E#E#E#E#E#E#E#E#E#E#E#E#E#E#E#E#E#E#E#E#E#E#E#E#E#E#E#E#E#E#E#E#E#E#E#E#E#E#E#E#E#E#E#E#,True,False,False,,,,correct,1.6094379124341005,system,False,False,False,
231,False," The projection of vector \( \vec{a} \) on the vector \( \vec{b} \) is given by

\[
\frac{1}{|\vec{b}|} (\vec{a} \cdot \vec{b}) = \frac{10}{\sqrt{6}} = \frac{5}{3}\sqrt{6}
\]

","The projection of vector \(\vec{a}\) on the vector \(\vec{b}\) is given by

\[
\frac{1}{|\vec{b}|}(\vec{a}.\vec{b}) = \frac{10}{\sqrt{6}} = \frac{5}{3}\sqrt{6}
\]",False,False,correct,\boxed{yes},False,unclear,"\frac{10}{\sqrt{6}}=\frac{5}{3}\sqrt{6}# #EquivalecneJugdementFALSe# #JusificationThe student's answer is incorrect in the context of the problem, which asks for the projection of vector \(\vec{a}\) onto vector \(\vec{b}\). The reference answer is \(\frac{10}{\sqrt{6}}\), while the student's answer is \(\frac{5}{3}\sqrt{6}\). The student's answer is equivalent to the reference answer, but the student's answer is not in the same form as the reference answer. The student's answer is missing the fraction bar and the denominator is not explicitly written. Therefore, the student's answer is incorrect.",True,False,False,,,,,1.6094379124341005,text_conclusion,False,False,False,
232,True,"
\begin{enumerate}
    \item \( 2^{-3} = 2 \times (-3) = \textcolor{red}{-6} \)
    \item \( \frac{1}{3^{-2}} = \frac{1}{3 \times (-2)} = \textcolor{red}{\frac{1}{-6}} \)
\end{enumerate}

","1. \(2^{-3} = 2 \times (-3) = -6\)  
2. \(\frac{1}{3^{-2}} = \frac{1}{3 \times (-2)} = \frac{1}{-6}\)",False,True,correct,\boxed{yes},False,unclear,"\begin{align*}2^{-3}&amp;=2\cdot(-3)=-6,\\ \frac{1}{3^{-2}}&amp;=\frac{1}{3\cdot(-2)}=\frac{1}{-6}.\end{align*}#E#E#E#E#E#E#E#E#E#E#E#E#E#E#E#E#E#E#E#E#E#E#E#E#E#E#E#E#E#E#E#E#E#E#E#E#E#E#E#E#E#E#E#E#E#E#E#E#E#E#E#E#E#E#E#E#E#E#E#E#E#E#E#E#E#E#E#E#E#E#E#E#E#E#E#E#E#E#E#E#E#E#E#E#E#E#E#E#E#E#E#E#E#E#E#E#E#E#E#E#E#E#E#E#E#E#E#E#E#E#E#E#E#E#E#E#E#E#E#E",True,False,True,,,,correct,0.9502705392332348,text_conclusion,False,False,False,
233,False," Option A

Total number of balls = \(8 + 7 + 6 = 21\).

Let \(E\) = event that the ball drawn is neither red nor green = event that the ball drawn is blue.

\(\therefore n(E) = 7\). 

\textcolor{red}{The number 7 is a prime number.}

\(\therefore P(E) = \frac{n(E)}{n(S)} = \frac{7}{21} = \frac{1}{3}\).

","Option A

Let E = event that the ball drawn is neither red nor green = event that the ball drawn is blue.
Total number of balls = 8 + 7 + 6 = 21.

\[ n(E) = 7 \]

The number 7 is a prime number.

\[ P(\bar{E}) = \frac{n(\bar{E})}{n(S)} = \frac{7}{21} = \frac{1}{3} \]",True,True,correct,\boxed{yes},False,unclear,\frac{1}{3}##Equivale,True,True,True,,,,correct,0.0,mcq,False,False,False,
234,True,"
We have
\[
P(\text{at least one of A and B}) = P(A \cup B)
\]
\[
= P(A) + P(B) - P(A \cap B)
\]
\[
= P(A) + P(B) - P(A) P(B)
\]
\[
= P(A) + P(B) - P(A) P(B) = P(A) + P(B) [1 - P(A)]
\]
\[
= P(A) + P(B) P(A')
\]
\[
= 1 - P(A') + P(B) P(A')
\]
\[
= 1 - P(A') [1 - P(B)]
\]
\[
= 1 - \textcolor{red}{P(A)} P(B')
\]

","We have

\begin{align*}
P(\text{at least one of }A \text{ and }B) &= P(A \cup B) \\
&= P(A) + P(B) - P(A \cap B) \\
&= P(A) + P(B) - P(A)P(B) \\
&= P(A) + P(B) - P(A)P(B) = P(A) + P(B)[1 - P(A)] \\
&= P(A) + P(B)P(A^{'}) \\
&= 1 - P(A^{'}) + P(B)P(A^{'}) \\
&= 1 - P(A^{'})[1 - P(B)] \\
&= 1 - P(A)P(B^{'})
\end{align*}",False,False,correct,\boxed{yes},False,unclear,"1-PA'P(B')##EquivalecneJugdementFALSe##JusficationThe student's answer, 1-PA'P(B'), does not capture the same meaning as the reference answer, 1-P(A')P(B'). The student's answer incorrectly represents the probability of the union of events A and B, which is given by the formula P(A∪B) = P(A) + P(B) - P(A∩B). The student's answer also incorrectly represents the probability of the intersection of events A and B, which is given by the formula P(A∩B) = P(A)P(B). The student's answer does not account for the fact that the probability of the union of events A and B is not equal to the sum of the probabilities of the individual events minus the probability of the intersection of the events. The student's answer also does not account for the fact that the probability of the intersection of events A and B is not equal to the product of the probabilities of the individual events. Therefore, the student's answer does not capture the same meaning as the reference answer.",True,False,False,,,,,1.6094379124341005,numeric_or_algebra,False,False,False,
235,True,"

(i) The position vector of the point R dividing the join of P and Q internally in the ratio 2:1 is 
\[
\overline{OR} = \frac{\textcolor{red}{3}(\vec{a} + \vec{b}) + (3\vec{a} - 2\vec{b})}{2 + 1} = \frac{\textcolor{red}{6\vec{a} + \vec{b}}}{3}
\]

(ii) The position vector of the point R dividing the join of P and Q externally in the ratio 2:1 is 
\[
\overline{OR} = \frac{2(\vec{a} + \vec{b}) - (3\vec{a} - \textcolor{red}{3}\vec{b})}{2 - 1} = \textcolor{red}{5\vec{b}} - \vec{a}
\]

","\[
\text{(i)}.
\]
The position vector of the point \( R \) dividing the join of \( p \) and \( q \) internally in the ratio 2:1 is,

\[
\overrightarrow{OR} = \frac{2(\overrightarrow{a}+\overrightarrow{b})}{2+1} + \frac{3(\overrightarrow{a}-2\overrightarrow{b})}{2-1} = \frac{6\overrightarrow{a}+4\overrightarrow{b}}{3}.
\]

\[
\text{(ii)}.
\]
The position vector of the point \( R \) dividing the join of \( p \) and \( q \) externally in the ratio 2:1 is,

\[
\overrightarrow{OR} = \frac{2(\overrightarrow{a}+\overrightarrow{b})}{2-1} - \frac{3(\overrightarrow{a}-2\overrightarrow{b})}{2+1} = \frac{5\overrightarrow{b}-\overrightarrow{a}}{3}.
\]",False,False,incorrect,\boxed{no},False,incorrect,#(i)\frc{6\vec{a}+4\vec{b}}{3}#(ii)\frc{5\vec{b}-\vec{a}}{3}#EquivaleceJudgmentFALSe#JusficationThe student's answer for part (i) is incorrect. The correct answer is \(\frac{6\vec{a}+\vec{b}}{3}\). The student's answer for part (ii) is also incorrect. The correct answer is \(\frac{5\vec{b}-\vec{a}}{3}\).,False,True,True,True,True,True,,1.6094379124341005,text_conclusion,False,True,False,
236,False," We have 

\[
\textcolor{red}{y}^2 + 7\textcolor{red}{y} + 10 = (\textcolor{red}{y} + 2)(\textcolor{red}{y} + 5)
\]

So, the value of \(\textcolor{red}{y}^2 + 7\textcolor{red}{y} + 10\) is zero when \(\textcolor{red}{y} + 2 = 0\) or \(\textcolor{red}{y} + 5 = 0\), i.e., when \(\textcolor{red}{y} = -2\) or \(\textcolor{red}{y} = -5\). Therefore, the zeroes of \(\textcolor{red}{y}^2 + 7\textcolor{red}{y} + 10\) are \(-2\) and \(-5\). Now,

\[
\text{sum of zeroes} = -2 + (-5) = -7 = -\frac{(\text{Coefficient of } \textcolor{red}{y})}{1} \text{ (Coefficient of } \textcolor{red}{y}^2\text{)},
\]

\[
\text{product of zeroes} = (-2) \times (-5) = 10 = \frac{\text{Constant term}}{1} \text{ (Coefficient of } \textcolor{red}{y}^2\text{)}.
\]

",,False,False,correct,\boxed{yes},False,unclear,"[Extrac-t-hestu-d-e-n-t-'-f-i-n-a-l-a-n-s-w-e-r,-w-hi-c-h-i-s-e-n-c-l-o-s-e-d-i-n-""b-o-x-e-d{ }""-.]##Equiv-al-enceJud-g-e-m-e-n-tF-A-L-S-E##Jus-ti-f-i-c-a-t-i-o-nT-h-e-s-t-u-d-e-n-t-'-s-a-n-s-w-e-r-d-o-e-s-n-o-t-s-h-a-r-e-t-h-e-s-a-m-e-m-e-a-n-i-n-g-a-s-t-h-e-r-e-f-e-r-e-n-c-e-a-n-s-w-e-r.-T-h-e-r-e-f-e-r-e-n-c-e-a-n-s-w-e-r-i-s-c-o-r-r-e-c-t,-a-n-d-t-h-e-s-t-u-d-e-n-t-'-s-a-n-s-w-e-r-i-s-i-n-c-o-r-r-e-c-t.-T-h-e-d-i-s-c-r-e-p-a-n-c-y-i-n-f-i-g-u-r-e-s-i-n-d-i-c-a-t-e-s-t-h-a-t-t-h-e-s-t-u-d-e-n-t-'-s-a-n-s-w-e-r-d-o-e-s-n-o-t-s-h-a-r-e-t-h-e-s-a-m-e-m-e-a-n-i-n-g-a-s-t-h-e",True,False,False,,,,,1.3321790402101223,text_conclusion,False,False,False,
237,True,"

Since in $(d)$, there are \textcolor{red}{8} letters in the word PRINCIPAL and two letters P and I are repeated, so $(i)$ matches $(d)$. Similarly, $(ii)$ matches $(c)$ as $x + 1 = 1$ implies $x = 0$. Also, $1, 2, 3, 6, 9, 18$ are all divisors of 18 and so $(iii)$ matches $(a)$. Finally, $x^2 - 9 = 0$ implies $x = 3, -3$ and so $(iv)$ matches $(b)$.

","Since in (d), there are 8 letters in the word PRINCIPAL and two letters P and I are repeated, so (i) matches (d). Similarly, (ii) matches (c) as \(x + 1 = 1\) implies \(x = 0\). Also, \(1, 2, 3, 6, 9, 18\) are all divisors of 18 and so (iii) matches (a). Finally, \(x^2 - g = 0\) implies \(x = 3, -3\) and so (iv) matches (b).",False,False,correct,\boxed{yes},False,unclear,"\{P,R,I,N,C,A,L\},\{0\},\{1,2,3,6,9,18\},\{3,-3\},\{x:x\text{ is a positive integer and is a divisor of }18\},\{x:x\text{ is an integer and }x^2-9=0\},\{x:x\text{ is an integer and }x+1=1\},\{x:x\text{ is a letter of the word PRINCIPAL}\}#E#E#E#E#E#E#E#E#E#E#E#E#E#E#E#E#E#E#E#E#E#E#E#E#E#E#E#E#E#E#E#E#E#E#E#E#E#E#E#E#E#E#E#E#E#E#E#E#E#E#E#E#E#E#E#E#E#E#E#E#E#E#E#E#E#E#E#E#E#E#E#E#E#E#E#E#E#E#E#E#E#E#E#E#E#E#E#E#E#E#E#",True,False,False,,,,,0.6730116670092565,mcq,False,False,False,
238,False," The given equation is of the form \(\textcolor{red}{px^2 + qx + r} = 0\), where \(\textcolor{red}{p = 2}\), \(\textcolor{red}{q = -4}\), and \(\textcolor{red}{r = 3}\). Therefore, the discriminant is calculated as follows:

\[
\textcolor{red}{q^2 - 4pr} = (-4)^2 - (4 \times 2 \times 3) = 16 - 24 = -8 < 0
\]

So, the given equation has no real roots.

","The given equation is of the form \(px^2 + qx + r = 0\), where \(p=2\), \(q=-9\), and \(r=3\). Therefore, the discriminant \(\Delta\) is calculated as follows:

\[
\Delta = q^2 - 4pr = (-9)^2 - (4 \times 2 \times 3) = 81 - 24 = 57
\]

So, the given equation has two real roots.",False,False,incorrect,\boxed{no},False,unclear,5#7#E#E#E#E#E#E#E#E#E#E#E#E#E#E#E#E#E#E#E#E#E#E#E#E#E#E#E#E#E#E#E#E#E#E#E#E#E#E#E#E#E#E#E#E#E#E#E#E#E#E#E#E#E#E#E#E#E#E#E#E#E#E#E#E#E#E#E#E#E#E#E#E#E#E#E#E#E#E#E#E#E#E#E#E#E#E#E#E#E#E#E#E#E#E#E#E#E#E#E#E#E#E#E#E#E#E#E#E#E#E#E#E#E#E#E#E#E#E#E#E#E#E#E#E#E#E#E#E#E#E#E#E#E#E#E#E#E#E#E#E#E#E#E#E#E#E#E#E#,True,True,True,,,,,1.6094379124341005,numeric_or_algebra,False,False,False,
239,False," Given function is \( y = e^{-3x} \). Differentiating both sides of the equation with respect to \( x \), we get 

\[
\frac{dy}{dx} = -3e^{-3x} \quad \text{... (1)}
\]

Substituting the values of \( \frac{d^2 y}{dx^2} \), \( \frac{dy}{dx} \), and \( y \) in the given differential equation, we get 

\[
\text{L.H.S.} = 9 e^{-3x} + (-3e^{-3x}) - 6e^{-3x} = 9 e^{-3x} - 9 e^{-3x} = 0 = \text{R.H.S.}.
\]

Therefore, the given function is a solution of the given differential equation.

","Given function is $y = e^{-3x}$. Differentiating both sides of the equation with respect to $x$, we get:

\[
\frac{d^2y}{dx^2} + \frac{dy}{dx} - 6y = 0.
\]

Substituting the values of $\frac{d^2y}{dx^2}$, $\frac{dy}{dx}$, and $y$ in the given differential equation, we get:

\[
L.H.S = 9e^{-3x} + (-3e^{-3x}) - 6e^{-3x} = 9e^{-3x} - 9e^{-3x} = 0 = R.H.S.
\]

Therefore, the given function is a solution of the given differential equation.",True,False,correct,\boxed{yes},False,unclear,##Equivale#n#Jus#t#i#f#i#c#at#i#o#n#E#q#u#i#v#al#e#n#c#e#j#u#d#m#e#n#t#F#A#L#S#E# #Jus#t#i#f#i#t#i#s#t#h#e#s#a#m#e#m#e#a#n#i#n#g#i#v#e#n#f#u#n#c#t#i#o#n#i#s#a#s#o#l#u#t#i#o#n#o#f#t#h#e#g#i#v#e#n#d#i#f#f#e#r#e#n#t#i#a#l#e#q#u#a#t#i#o#n# #T#h#e#s#t#u#d#e#n#t#'##a#n#s#w#e#r#i#s#i#n#c#o#r#r#e#c#t#i#n#t#h#e#c#o#n#t#e#x,True,True,False,,,,correct,0.5004024235381879,numeric_or_algebra,False,False,False,
240,True," Let \( P(x, y) \) be any point on \( AB \). Then, the area of triangle \( ABP \) is zero. So,

\[
\frac{1}{2} 
\begin{vmatrix}
0 & 0 & 1 \\
1 & 3 & 1 \\
x & y & 1
\end{vmatrix} = 0
\]

This gives 

\[
\frac{1}{2} (y - 3x) = 0 \quad \text{or} \quad y = 3x,
\]

which is the equation of the required line \( AB \).

Also, since the area of triangle \( ABD \) is 3 square units, we have 

\[
\frac{1}{2} 
\begin{vmatrix}
1 & 3 & 1 \\
0 & 0 & 1 \\
k & 0 & 1
\end{vmatrix} = \pm 3.
\]

This gives,

\[
\textcolor{red}{\frac{3k}{2}} = \pm 3, \quad \text{i.e.,} \quad k = \pm 2.
\]

","Let p(x,y) be any point on AB. Then, the area of triangle ABP is zero. So,

\[
\frac{1}{2} \begin{vmatrix}
0 & 0 & 1 \\
1 & 3 & 1 \\
x & y & 1 
\end{vmatrix} = 0
\]

This gives,

\[
\frac{1}{2}(y - 3x) = 0 \quad \text{or} \quad y = 3x.
\]

which is the equation of the required line AB.

Also, Since the area of triangle ABD is 3 square units, we have

\[
\frac{1}{2} \begin{vmatrix}
1 & 3 & 1 \\
0 & 0 & 1 \\
K & 0 & 1 
\end{vmatrix} = \pm 3.
\]

This gives,

\[
\frac{3K}{2} = \pm 3, \quad \text{i.e.",False,False,correct,\boxed{yes},False,unclear,#k=pm2#E#E#E#E#E#E#E#E#E#E#E#E#E#E#E#E#E#E#E#E#E#E#E#E#E#E#E#E#E#E#E#E#E#E#E#E#E#E#E#E#E#E#E#E#E#E#E#E#E#E#E#E#E#E#E#E#E#E#E#E#E#E#E#E#E#E#E#E#E#E#E#E#E#E#E#E#E#E#E#E#E#E#E#E#E#E#E#E#E#E#E#E#E#E#E#E#E#E#E#E#E#E#E#E#E#E#E#E#E#E#E#E#E#E#E#E#E#E#E#E#E#E#E#E#E#E#E#E#E#E#E#E#E#E#E#E#E#E#E#E#E#E#E#E#E#E#E#,True,False,False,,,,,1.6094379124341005,system,False,False,False,
241,False," Let $\frac{a}{r}, a, ar$ be the first three terms of the G.P. Then

\[
\frac{a}{r} + ar + a = \frac{13}{12} \tag{1}
\]

and 

\[
\left( \frac{a}{r} \right)(ar) = -1 \tag{2}
\]

From (2), we get $a^3 = -1$, i.e., $a = -1$ (considering only real roots). Substituting $a = -1$ in (1), we have

\[
\frac{1}{-1 - r} = \frac{13}{12}
\]

or 

\[
12r^2 + 25r + 12 = 0.
\]

\textcolor{red}{We can also note that if $a = 0$, the terms of the G.P. would be $0$, $0$, and $0$, which would not satisfy the product condition.} This is a quadratic in $r$, solving, we get $r = -\frac{3}{4}$ or $r = -\frac{4}{3}$.

Thus, the three terms of G.P. are: $\frac{4}{3}, -1, \frac{3}{4}$ for $r = -\frac{3}{4}$ and $-1, \frac{4}{3}, -\frac{4}{3}$ for $r = -\frac{4}{3}$.

","Let $\frac{a}{n}, a, ar$ be the first three terms of the G.P. Then,
\[
\frac{a}{n} + a + ar = \frac{13}{12}
\]
and
\[
\left(\frac{a}{n}\right)(ar) = -1
\]

From (2), we get $a^3 = -1$, i.e., $a = -1$ (considering only real roots).

Substituting $a = -1$ in (1), we have
\[
\frac{1}{-1-n} = \frac{13}{12}
\]

or
\[
12n^2 + 25n + 12 = 0
\]

We can also note that if $a = 0$, the terms of the G.P. will be $0, 0$ and $0$, which would not satisfy the product condition. This is a quadratic in $n$.

Solving, we get $n = -\frac{3}{4}$ or $n = -\frac{4}{3}$.

Thus, the three terms of G.P. are: $\frac{4}{3}, -1, \frac{3}{4}$ for $n = -\frac{3}{4}$ and $-\frac{4}{3}, \frac{4}{3}, -\frac{4}{3}$ for $n = -\frac{4}{3}$.",False,False,correct,\boxed{yes},False,unclear,"[-1,-\frac{4}{3},\frac{4}{3}]##Equivale",True,False,False,,,,,1.0549201679861442,numeric_or_algebra,False,False,False,
242,False," Here, \( a = \frac{3}{2} \). \textcolor{red}{It is interesting to note that the series is decreasing.} The common difference \( d \) is calculated as \( \frac{1}{2} - \left(-\frac{3}{2}\right) \). \textcolor{red}{If we consider another sequence with a different common difference, it might affect the pattern.} Therefore, \( d = -1 \).

","Here $a = \frac{3}{2}$. It is interesting to note that the series is decreasing. The common difference 'd' is calculated as $\frac{1}{2} - (-\frac{3}{2})$. If we consider another sequence with a different common difference, it might affect the pattern. Therefore, $d = -1$.",True,True,correct,\boxed{yes},False,unclear,-1##Equivale,True,True,True,,,,correct,0.9502705392332348,numeric_or_algebra,False,False,False,
243,False," \( R \) is reflexive, since every triangle is congruent to itself. Further, if \textcolor{red}{\( (A, B) \)} \in R then \textcolor{red}{\( B \)} is congruent to \textcolor{red}{\( A \)} which implies \textcolor{red}{\( (B, A) \)} \in R. Hence, \( R \) is symmetric. Moreover, if \textcolor{red}{\( (A, B), (B, C) \)} \in R then \textcolor{red}{\( A \)} is congruent to \textcolor{red}{\( B \)} and \textcolor{red}{\( B \)} is congruent to \textcolor{red}{\( C \)} which implies \textcolor{red}{\( A \)} is congruent to \textcolor{red}{\( C \)} hence \textcolor{red}{\( (A, C) \)} \in R. Therefore, \( R \) is an equivalence relation.

","R is reflexive, since triangle is congruent to itself. Further, if (A, B) ∈ R then B is congruent to A which implies (B, A) ∈ R. Hence, R is symmetric. Moreover, if (A, B), (B, C) ∈ R then A is congruent to B and B is congruent to C which implies A is congruent to C hence (A, C) ∈ R. Therefore, R is an equivalence relation.",False,False,correct,\boxed{yes},False,unclear,"#(A,B)R\&\&\&\&\&\&\&\&\&\&\&\&\&\&\&\&\&\&\&\&\&\&\&\&\&\&\&\&\&\&\&\&\&\&\&\&\&\&\&\&\&\&\&\&\&\&\&\&\&\&\&\&\&\&\&\&\&\&\&\&\&\&\&\&\&\&\&\&\&\&\&\&\&\&\&\&\&\&\&\&\&\&\&\&\&\&\&\&\&\&\&\&\&\&\&\&\&\&\&\&\&\&\&\&\&\&\&\&\&\&\&\&\&\&\&\&\&\&\&\&\&\&\&\&\&\&\&\&\&\&\&\&\&\&\&\&\&\&\&\&\&\&\&\&\&\&\&",True,False,False,,,,correct,0.6730116670092565,multi_value,False,False,False,
244,True," Since \( A \) is the set of all girls, \( \textcolor{red}{B'} \) is clearly the set of all boys in the class.

","Since \( A \) is the set of all the girls, \( B' \) is clearly the set of all the boys in the class.",True,True,correct,\boxed{yes},False,unclear,B'##EquivalecneJugdementFALSe#JusificationThestudent'sanswercorrecT#,True,True,True,,,,correct,0.9502705392332348,numeric_or_algebra,False,False,False,
245,True," Since the foci is on the y-axis, the equation of the hyperbola is of the form 
\[
\frac{y^2}{a^2} - \frac{x^2}{b^2} = 1
\]
Since vertices are \( (0, \pm \frac{\sqrt{11}}{2}) \), we have \( a = \frac{\sqrt{11}}{2} \).

Also, since foci are \( (0, \pm 3) \); \( c = 3 \) and \( b^2 = c^2 - a^2 = \textcolor{red}{\frac{25}{2}} \).

Therefore, the equation of the hyperbola is 
\[
\frac{y^2}{\frac{11}{4}} - \frac{x^2}{\textcolor{red}{\frac{25}{2}}} = 1, \text{ i.e., } \textcolor{red}{50}y^2 - \textcolor{red}{88}x^2 = 275.
\]

","Since the foci is on the y-axis, the equation of the hyperbola is of the form $\frac{y^2}{a^2} - \frac{x^2}{b^2} = 1$.
Since vertices are $(0,\pm\frac{\sqrt{11}}{2})$, we have $a = \frac{\sqrt{11}}{2}$.
Also, since foci are $(0,\pm 3)$; $c=3$ and $b^2 = c^2-a^2 = \frac{25}{2}$.
Therefore, the equation of the hyperbola is $\frac{y^2}{\frac{11}{4}} - \frac{x^2}{\frac{25}{2}} = 1$, i.e., $50y^2 - 88x^2 = 275$.",False,False,correct,\boxed{yes},False,unclear,5y^2-8x^2=275#E#E#E#E#E#E#E#E#E#E#E#E#E#E#E#E#E#E#E#E#E#E#E#E#E#E#E#E#E#E#E#E#E#E#E#E#E#E#E#E#E#E#E#E#E#E#E#E#E#E#E#E#E#E#E#E#E#E#E#E#E#E#E#E#E#E#E#E#E#E#E#E#E#E#E#E#E#E#E#E#E#E#E#E#E#E#E#E#E#E#E#E#E#E#E#E#E#E#E#E#E#E#E#E#E#E#E#E#E#E#E#E#E#E#E#E#E#E#E#E#E#E#E#E#E#E#E#E#E#E#E#E#E#E#E#E#E#E#E#E#E#E#E#E#,True,False,False,,,,correct,0.9502705392332348,system,False,False,False,
246,False," We do not know Raju's age. Let us take it to be \textcolor{red}{x} years. Three times Raju's age is \textcolor{red}{3x} years. Raju's father's age is 5 years more than \textcolor{red}{3x}; that is, Raju's father is \textcolor{red}{(3x + 5)} years old. It is also given that Raju's father is 44 years old.

Therefore,

\[
\textcolor{red}{3x + 5} = 44
\]

This is an equation in \textcolor{red}{x}.

","We do not know Raju's age. Let us take it to be \( x \) years.
Three times Raju's age is \( 3x \) years.
Raju's father's age is 5 years more than \( 3x \); that is,
Raju's father is \( (3x + 5) \) years old. It is also given that Raju's father is 44 years old.
Therefore,
\[ 3x + 5 = 44 \]
This is an equation in \( x \).",False,False,correct,\boxed{yes},False,unclear,"##Equivale#n#Jus#fication#The#student#solution#is#incorrect#because#it#does#not#account#for#all#possible#configurations#of#Raju's#age#and#his#father's#age#.The#reference#solution#considers#the#case#where#Raju's#father's#age#is#5#years#more#than#three#times#Raju's#age#,#which#is#not#accounted#for#in#the#student's#solution#.Therefore,#the#student's#answer#does#not#share#the#same#meaning#as#the#reference#answer#.",True,False,False,,,,,0.9502705392332348,numeric_or_algebra,False,False,False,
247,True," Option D
\begin{align*}
\text{S.I. for 1 year} & = \text{Rs.} (854 - 815) = \text{Rs. } 39. \\
\text{S.I. for 3 years} & = \text{Rs.} (39 \times 3) = \text{Rs. } 117. \\
\textcolor{red}{\text{Total amount after 3 years}} & \textcolor{red}{= \text{Rs.} 815.} \\
\textcolor{red}{\text{Principal}} & \textcolor{red}{= \text{Total amount after 3 years} - \text{S.I. for 3 years}} \\
\textcolor{red}{\text{Principal}} & \textcolor{red}{= \text{Rs.} (815 - 117) = \text{Rs. } 698.} \\
\textcolor{red}{\text{Principal for 4 years}} & \textcolor{red}{= \text{Rs. } 698 + 39 = \text{Rs. } 737.} \\
\end{align*}

","Option D

S.I. for 1 year = Rs.(854 - 815) = Rs. 39.

S.I. for 3 years = Rs.(39 x 3) = Rs. 117.

Total amount after 3 years = Rs. 815.

Principal = Total amount after 3 years
- S.I. for 3 years

Principal = Rs.(815 - 117) = Rs. 698.

Principal for 4 years = Rs. 698 + 39 = Rs. 737.",True,True,correct,\boxed{yes},False,unclear,"7,3,7##EquivalecneJugdementFALSe##JusficationThe student's answer of Rs. 7,37 is incorrect in the context of the problem, which asks for the principal amount after 4 years. The reference answer is Rs. 698. The student's solution is incorrect because they incorrectly calculated the principal amount for 4 years. They added the simple interest for 3 years (Rs. 98) to the total amount after 3 years (Rs. 815), resulting in an incorrect principal amount of Rs. 913. This discrepancy indicates that the student's answer does not share the same meaning as the reference answer.",True,True,True,,,,correct,0.0,mcq,False,True,True,913
248,True," The surface area of a sphere of radius 7 cm would be

\[
4\pi r^2 = 4 \times \frac{22}{7} \times 7 \times 7 \, \text{cm}^2 = \textcolor{red}{615.75 \, \text{cm}^2}
\]

","The surface area of a sphere of radius 7 cm would be \(4\pi r^2 = 4 \times \frac{22}{7} \times 7 \times 7 \, \text{cm}^2 = 615.75 \, \text{cm}^2\)",True,True,correct,\boxed{yes},False,unclear,"6.15.75##Equivale#n#ceJ#u#d#g#e#m#e#n#t#F#A#L#S#E# #J#u#s#t#i#f#i#c#a#t#i#o#n#T#h#e#s#t#u#d#e#n#t#'##s#o#l#u#t#i#o#n#i#s#i#n#c#o#r#r#e#c#t#i#n#t#h#e#c#o#n#t#e#x#t#o#f#t#h#e#p#r#o#b#l#e#m#,#w#h#i#c#h#a#s#k#s#f#o#r#t#h#e#t#o#t#a#l#c#o#u#n#t#o#f#4#-#d#i#g#i#t#n#u#m#b#e#r#s#b#e#g#i#n#n#i#n#g#w#i#t#h#1#t#h#a#t#h#a#v#e",True,True,True,,,,correct,1.0549201679861442,numeric_or_algebra,False,False,True,6.15
249,True," Let \( y = a^x \). Then 

\[
\log y = x \log a
\]

Differentiating both sides w.r.t. \( x \), we have

\[
\frac{1}{y} \frac{dy}{dx} = \textcolor{red}{x \log a}
\]

or

\[
\frac{dy}{dx} = y \textcolor{red}{x \log a}
\]

Thus 

\[
\frac{d}{dx}(a^x) = a^x \textcolor{red}{x \log a}
\]

","Let $y = a^x$. Then $\log y = x \log a$.
Differentiating both sides w.r.t. $x$, we have
\[
\frac{1}{y} \frac{dy}{dx} = x \log a
\]
or
\[
\frac{dy}{dx} = y^n \log a
\]
Thus,
\[
\frac{d}{dx}(a^x) = a^x \log a
\]",False,False,incorrect,\boxed{no},False,unclear,##E#E#E#E#E#E#E#E#E#E#E#E#E#E#E#E#E#E#E#E#E#E#E#E#E#E#E#E#E#E#E#E#E#E#E#E#E#E#E#E#E#E#E#E#E#E#E#E#E#E#E#E#E#E#E#E#E#E#E#E#E#E#E#E#E#E#E#E#E#E#E#E#E#E#E#E#E#E#E#E#E#E#E#E#E#E#E#E#E#E#E#E#E#E#E#E#E#E#E#E#E#E#E#E#E#E#E#E#E#E#E#E#E#E#E#E#E#E#E#E#E#E#E#E#E#E#E#E#E#E#E#E#E#E#E#E#E#E#E#E#E#E#E#E#E#E#E#E#E#,True,True,True,,,,,0.9502705392332348,derivative,False,False,False,
250,False," We know that points are said to be collinear if they lie on a line.

Now, 
\[
\textcolor{red}{AB} = \sqrt{(1+2)^2 + (2-3)^2 + (3-5)^2} = \sqrt{9 + 1 + 4} = \sqrt{14}
\]

\[
\textcolor{red}{BC} = \sqrt{(7-1)^2 + (0-2)^2 + (-1-3)^2} = \sqrt{36 + 4 + 16} = \sqrt{56} = 2\sqrt{14}
\]

and 

\[
\textcolor{red}{AC} = \sqrt{(7+2)^2 + (0-3)^2 + (-1-5)^2} = \sqrt{81 + 9 + 36} = \sqrt{126} = 3\sqrt{14}
\]

Thus, \(\textcolor{red}{AB} + \textcolor{red}{BC} = \textcolor{red}{AC}\). Hence, \( P \), \( Q \), and \( R \) are collinear.

","We know that points are said to be collinear if they lie on a line. Now,

\[
\begin{align*}
AB &= \sqrt{(1+2)^{2} + (2-3)^{2} + (3-5)^{2}} \\
&= \sqrt{9 + 1 + 4} = \sqrt{14} \\
BC &= \sqrt{(7-1)^{2} + (0-2)^{2} + (-1-3)^{2}} = \sqrt{36 + 4 + 16} \\
&= \sqrt{56} = 2\sqrt{14} \\
AC &= \sqrt{(7+2)^{2} + (0-3)^{2} + (-1-5)^{2}} = \sqrt{81 + 9 + 36} \\
&= \sqrt{126} = 3\sqrt{14} \\
\end{align*}
\]

Thus, \( AB + BC = AC \). Hence, \( P \), \( Q \), and \( R \) are collinear.",True,True,correct,\boxed{yes},False,unclear,"#(P,Q,R)\t\text{are collinear.}#E#E#E#E#E#E#E#E#E#E#E#E#E#E#E#E#E#E#E#E#E#E#E#E#E#E#E#E#E#E#E#E#E#E#E#E#E#E#E#E#E#E#E#E#E#E#E#E#E#E#E#E#E#E#E#E#E#E#E#E#E#E#E#E#E#E#E#E#E#E#E#E#E#E#E#E#E#E#E#E#E#E#E#E#E#E#E#E#E#E#E#E#E#E#E#E#E#E#E#E#E#E#E#E#E#E#E#E#E#E#E#E#E#E#E#E#E#E#E#E#E#E#E#E#E#E#E#E#E#E#E#E#E#E#E#E#E#E#E#E#E#E#",True,True,True,,,,,0.5004024235381879,numeric_or_algebra,False,False,False,
251,True," The given equation can be written as 
\[
(x - 1)(x + 2) = 0, \quad \text{i.e.,} \, \textcolor{red}{y} = 1, -2.
\]
Therefore, the solution set of the given equation can be written in roster form as \(\{\textcolor{red}{y}, -2\}\).

","The given equation can be written as \((x - 1)(x + 2) = 0\), i.e., \(x = 1, -2\).

Therefore, the solution set of the given equation can be written in roster form as \(\{1, -2\}\).",False,False,correct,\boxed{yes},False,correct,"{1,-2}##EqiuvalenceJudgmentTRUE##JusificationThestudent'sanswercaptursthessame meaningasthereferenceanswertotheequation\(x^2+x-2=0\).Thesolutionstotheequationaregivenas\(\{1,-2\}\),whichisthesameas\(\{y, -2\}\)intherespectivereferenceanswertotheequation.",False,False,False,False,False,True,wrong,1.3321790402101223,set,False,False,False,
252,False," Option C 

Speed in still water = \(\frac{1}{2}(11 + 5) \text{ kmph} = 8 \text{ kmph}.\) \textcolor{red}{Note that the distance covered with the current is greater because the speed with the current is higher. Also, remember that 11 and 5 are both prime numbers.}

","Option C

Speed in still water = \(\frac{1}{2}(11 + 5)\) kmph = 8 kmph. Note that the distance covered with the current is greater because the speed with the current is higher. Also remember that 11 and 5 are both prime numbers.",True,True,correct,\boxed{yes},False,unclear,8##Equivale#n#Jus#t#i#f#i#c#at#i#o#n#C#i#s#t#h#e#r#e#f#e#r#e#n#c#e#a#n#s#w#e#r#i#s#c#o#r#r#e#c#t#i#n#t#h#e#c#o#n#t#e#x#t#o#f#t#h#e#p#r#o#b#l#e#m#i#n#t#h#e#c#o#n#t#e#x#t#o#f#t#h#e#p#r#o#b#l#e#m#i#n#t#h#e#c#o#n#t#e#x#t#o#f#t#h#e#p#r#o#b#l#e#m#i#n#t#h#e#c#o#n#t#e#x#t#o#f#t#h#e#p#r#o#b#l#e#m#i#n#t#h#e#c#o#n#t#,True,True,True,,,,correct,0.5004024235381879,mcq,False,False,False,
253,False," Let \( x = a \cos^3 \theta, \, y = a \sin^3 \theta \). Then

\[
\frac{2}{3} x^3 + \frac{2}{3} y^3 = \frac{2}{3} (a \cos^3 \theta)^3 + \frac{2}{3} (a \sin^3 \theta)^3
\]

\[
= \frac{2}{3} a^3 (\cos^2 \theta + \sin^2 \theta) = \frac{2}{3} a^3
\]

Hence, \( x = a \cos^3 \theta, \, y = a \sin^3 \theta \) is the parametric equation of \( \frac{2}{3} x^3 + \frac{2}{3} y^3 = \frac{2}{3} a^3 \).

Now,

\[
\frac{dy}{d\theta} = 3a \sin^2 \theta \cos \theta
\]

Therefore,

\[
\frac{dy}{dx} = \frac{dy/d\theta}{dx/d\theta} = \frac{3a \sin^2 \theta \cos \theta}{-3a \cos^2 \theta \sin \theta} = -\tan \theta = -\frac{\sqrt[3]{y}}{x}
\]

","Let \(x = a\cos^{3}\theta\), \(y = a\sin^{3}\theta\). Then

\[
\dfrac{2}{3}x^{3} + \dfrac{2}{3}y^{3} = \dfrac{2}{3}(a\cos^{3}\theta)^{3} + \dfrac{2}{3}(a\sin^{3}\theta)^{3}
\]

\[
= \dfrac{2}{3}a^{3}(\cos^{6}\theta + \sin^{6}\theta) = \dfrac{2}{3}a^{3}
\]

Hence, \(x = a\cos^{3}\theta\), \(y = a\sin^{3}\theta\) is the parametric equation of \(\dfrac{2}{3}x^{3} + \dfrac{2}{3}y^{3} = \dfrac{2}{3}a^{3}\).

Now,

\[
\dfrac{dy}{d\theta} = 3a\sin^{5}\theta\cos\theta
\]

Therefore,

\[
\dfrac{dy}{dx} = \dfrac{\dfrac{dy}{d\theta}}{\dfrac{dx}{d\theta}} = \dfrac{3a\sin^{5}\theta\cos\theta}{-3a\cos^{5}\theta\sin\theta} = -\tan\theta = -\dfrac{3\sqrt{y}}{x}
\]",False,False,incorrect,\boxed{no},False,unclear,-\dfrac{3\sqrt{y}}{x}#E#E#E#E#E#E#E#E#E#E#E#E#E#E#E#E#E#E#E#E#E#E#E#E#E#E#E#E#E#E#E#E#E#E#E#E#E#E#E#E#E#E#E#E#E#E#E#E#E#E#E#E#E#E#E#E#E#E#E#E#E#E#E#E#E#E#E#E#E#E#E#E#E#E#E#E#E#E#E#E#E#E#E#E#E#E#E#E#E#E#E#E#E#E#E#E#E#E#E#E#E#E#E#E#E#E#E#E#E#E#E#E#E#E#E#E#E#E#E#E#E#E#E#E#E#E#E#E#E#E#E#E#E#E#E#E#E#E#E#E#E#E#E,True,True,True,,,,,1.6094379124341005,derivative,False,False,False,
254,False," We have,  
\[
A \times B = \{(1, 3), (1, 4), (2, 3), (2, 4)\}.
\]  
The number of relations from \( A \) into \( B \) will be \( 2^4 \).

","We have,
\[ A \times B = \{(1, 3), (1, 4), (2, 3), (2, 4)\}. \]

The number of relations from \( A \) into \( B \) will be \( 2^4 \).",True,True,correct,\boxed{yes},False,correct,"2^4##EqiuvalenceJudgmentTRUE##JusificationThestudent'sanswercorreclyidentifiestherelationsfromAtoBastheorderedpairs(1,3),(1,4),(2,3),and(2,4).ThestudentalsoaccuratelycalculatethenumberofrelationsfromAtoBasa2^4,whichisthecorrectanswer.",False,True,True,True,True,True,correct,0.9502705392332348,numeric_or_algebra,False,False,False,
255,True," It is given that 

\[
30 < C < 35.
\]

Putting \(C = \frac{5}{9} (F - 32)\), we get 

\[
30 < \frac{5}{9} (F - 32) < 35.
\]

Multiplying through by \(\frac{9}{5}\):

\[
\frac{9}{5} \times 30 < (F - 32) < \frac{9}{5} \times 35
\]

which simplifies to 

\[
\textcolor{red}{59} < (F - 32) < \textcolor{red}{62}.
\]

Adding \(32\) to all parts gives:

\[
\textcolor{red}{91} < F < \textcolor{red}{94}.
\]

Thus, the required range of temperature is between \(\textcolor{red}{91}^\circ\) F and \(\textcolor{red}{94}^\circ\) F.

","It is given that,

\(30 < C < 35\).

Putting \(C = \frac{5}{9}(F - 32)\), we get,

\(30 < \frac{5}{9}(F - 32) < 35\).

Multiplying through by \(\frac{9}{5}\):

\[\frac{9}{5} \times 30 < (F - 32) < \frac{9}{5} \times 35\]

which simplifies to,

\(54 < (F - 32) < 63\).

Adding 32 to all parts gives:

\(86 < F < 95\).

Thus, the required range of temperature is between 86°F and 95°F.",False,False,incorrect,\boxed{no},False,unclear,"8-5##EquivalecneJugdementFALSe##JusficationThe student's answer of 8-5 is incorrect in the context of the problem, which asks for the range of temperature in degrees Fahrenheit. The reference answer is 91-94. The student's solution is incorrect because they added 32 to all parts of the inequality, but they should have added 32 to only the right-hand side of the inequality. This mistake results in an incorrect range of temperature.",True,True,True,,,,wrong,1.6094379124341005,numeric_or_algebra,False,True,False,
256,True," We have 
\[
g \circ f(2) = g(f(2)) = \textcolor{red}{g(3 = 7},
\]
\[
g \circ f(3) = g(f(3)) = \textcolor{red}{g(4 = 7},
\]
\[
g \circ f(4) = g(f(4)) = g(5) = 11,
\]
\[
g \circ f(5) = g(f(5)) = g(5) = 11.
\]

","We have
\[
g \circ f (2) = g(f(2)) = g(3) = 7,
\]
\[
g \circ f (3) = g(f(3)) = g(4) = 7,
\]
\[
g \circ f (4) = g(f(4)) = g(5) = 11,
\]
\[
g \circ f (5) = g(f(5)) = g(5) = 11.
\]",False,False,correct,\boxed{yes},False,unclear,"\{7,7,11,11\}##EquivalecneJugdementFALSe##JusitificationThe student's answer is incorrect in the context of the problem, which asks for the composition of the functions g and f. The reference answer is \{7,7,11,11\}. However, the student's answer is \{7,7,11,11\}, which is the same as the reference answer. However, the student's answer is incorrect because it does not take into account the definition of the function f, which maps 2 to 3, 3 to 4, 4 to 5, and 5 to 5. The student's answer does not correctly apply the function f to the input values and then applies the function g to the resulting values. Therefore, the student's answer does not capture the correct meaning as the reference answer.",True,False,False,,,,,1.6094379124341005,numeric_or_algebra,False,True,False,
257,True," The volume of water the bowl can contain is 
\[
V = \frac{2}{3} \textcolor{red}{\pi r^2}
\]
Substituting \( r = 3.5 \) cm,
\[
V = \frac{2}{3} \times \frac{22}{7} \times 3.5 \times 3.5 \, \text{cm}^3 = 25.67 \, \text{cm}^3
\]

","The volume of water the bowl can contain is 
\[ V = \frac{2}{3} \pi r^2 \]
Substituting \( r = 3.5 \) cm,
\[ V = \frac{2}{3} \times \frac{22}{7} \times 3.5 \times 3.5 \text{ cm}^2 = 25.67 \text{ cm}^3 \]",False,False,correct,\boxed{yes},False,unclear,"25.6\,c\m^3#E#E#E#E#E#E#E#E#E#E#E#E#E#E#E#E#E#E#E#E#E#E#E#E#E#E#E#E#E#E#E#E#E#E#E#E#E#E#E#E#E#E#E#E#E#E#E#E#E#E#E#E#E#E#E#E#E#E#E#E#E#E#E#E#E#E#E#E#E#E#E#E#E#E#E#E#E#E#E#E#E#E#E#E#E#E#E#E#E#E#E#E#E#E#E#E#E#E#E#E#E#E#E#E#E#E#E#E#E#E#E#E#E#E#E#E#E#E#E#E#E#E#E#E#E#E#E#E#E#E#E#E#E#E#E#E#E#E#E#E#E#E#E#E#E",True,False,False,,,,,0.9502705392332348,numeric_or_algebra,False,False,False,
258,True," We have, 
\[
\frac{(3-2i)(2+3i)}{(1+2i)(2-i)} = \frac{12 + 5i}{4 + 3i} \times \frac{4 - 3i}{4 - 3i} = \textcolor{red}{\frac{48 - 36i + 20i + 15}{16 + 9}} = \frac{63 - 16i}{25} = \textcolor{red}{\frac{6 + 9i - 4i + 6}{2 - i + 4i + 2}}.
\]
Therefore, the conjugate of 
\[
\frac{(3-2i)(2+3i)}{(1+2i)(2-i)} 
\]
is 
\[
\frac{63}{25} + \frac{16}{25} i.
\]

","We have,
\[\frac{(3-2i)(2+3i)}{(1+2i)(2-i)} = \frac{12+5i}{4+3i} \times \frac{4-3i}{4-3i} = \frac{48-36i+20i+15}{16+9}.\]
\[= \frac{63-16i}{25} = \frac{6+9i-4i+6}{2-i+4i+2}.\]
Therefore, the conjugate of \(\frac{(3-2i)(2+3i)}{(1+2i)(2-i)}\) is \(\frac{63}{25} + \frac{16}{25}i\).",True,False,correct,\boxed{yes},False,unclear,\frac{63}{25}+\frac{16}{25}i##Equivale,True,True,False,,,,correct,1.3321790402101223,numeric_or_algebra,False,False,False,
259,False," We have 
\[
4x^2 + y^2 + z^2 - 4xy - 2yz + 4xz = (2x)^2 + (-y)^2 + (z)^2.
\]
This can be simplified to 
\[
= [2x + (-y) + z]^2 = (2x - y + z)(2x - y + z).
\]
Thus, it factors to 
\[
(2x - y + z)(2x - y + z).
\]

","We have

\[4x^2 + y^2 + z^2 - 4xy - 2yz + 4xz = (2x)^2 + (-y)^2 + (z)^2.\]

This can be simplified to

\[= [2x + (-y) + z]^2 = (2x - y + z)(2x - y + z).\]

Thus, it factors to

\[ (2x - y + z)(2x - y + z). \]",True,True,correct,\boxed{yes},False,unclear,(2x- y+ z)(2x- y+ z)##Equivale,True,True,True,,,,,0.5004024235381879,numeric_or_algebra,False,False,False,
260,True,"
Let 
\[
y = \sqrt{\frac{(x-3)(x^2 + 4)}{3x^2 + 4x + 5}}.
\]
Taking logarithm on both sides, we have
\[
\log y = \frac{1}{2} \left[ \log (x - 3) + \log (x^2 + 4) - \log (3x^2 + 4x + 5) \right].
\]
Now, differentiating both sides w.r.t. \(x\), we get
\[
\frac{1}{y} \frac{dy}{dx} = \frac{1}{2} \left[ \frac{1}{(x-3)} + \frac{2x}{x^2 + 4} - \frac{6x + 4}{3x^2 + 4x + 5} \right]
\]
or
\[
\frac{dy}{dx} = \frac{y}{2} \left[ \frac{1}{(x-3)} + \frac{2x}{x^2 + 4} - \frac{6x + 4}{3x^2 + 4x + 5} \right].
\]
Thus, we have
\[
\frac{dy}{dx} = \frac{1}{2} \sqrt{\frac{(x-3)(x^2 + 4)}{3x^2 + 4x + 5}} \left[ \frac{1}{(x-3)} + \frac{2x}{x^2 + 4} - \frac{6x + 4}{3x^2 + 4x + 5} \right].
\]

\textcolor{red}{Assume that \(x > 3\), so \(x-3 > 0\) and we don't need to worry about the domain of the logarithm.}

","\[
\textbf{Let}
\]
\[
y = \sqrt{\frac{(x-3)(x^2+4)}{3x^2 + 4x + 5}}
\]

Taking logarithms on both sides, we have

\[
\log y = \frac{1}{2} \left[ \log (x - 3) + \log (x^2 + 4) - \log (3x^2 + 4x + 5) \right]
\]

Now, differentiating both sides w.r.t. \( x \), we get

\[
\frac{1}{y} \frac{dy}{dx} = \frac{1}{2} \left[ \frac{1}{(x-3)} + \frac{2x}{x^2 + 4} - \frac{6x + 4}{3x^2 + 4x + 5} \right]
\]

or

\[
\frac{dy}{dx} = \frac{y}{2} \left[ \frac{1}{(x-3)} + \frac{2x}{x^2 + 4} - \frac{6x + 4}{3x^2 + 4x + 5} \right]
\]

Thus, we have

\[
\frac{dy}{dx} = \frac{1}{2} \sqrt{\frac{(x-3)(x^2+4)}{3x^2 + 4x + 5}} \left[ \frac{1}{(x-3)} + \frac{2x}{x^2 + 4} - \frac{6x + 4}{3x^2 + 4x + 5} \right]
\]

Assume that \( x > 3 \), so \( x - 3 > 0 \) and we don't need to worry about the domain of the logarithm.",True,True,correct,\boxed{yes},False,unclear,##Equivale#n#ceJ#u#d#g#e#m#e#n#t#F#A#L#S#E# #J#u#s#t#i#f#i#c#a#t#i#o#n#T#h#e#s#t#u#d#e#n#t#s#o#l#u#t#i#o#n#i#s#i#n#c#o#r#r#e#c#t#i#n#t#h#e#c#o#n#t#e#x#t#o#f#t#h#e#p#r#o#b#l#e#m#w#h#i#c#h#a#s#k#s#f#o#r#t#h#e#t#o#t#a#l#c#o#u#n#t#o#f#4#-#d#i#g#i#t#n#u#m#b#e#r#s#b#e#g#i#n#n#i#n#g#w#i#t#h#1#t#h#a#t#h#a#v#e#e#x#a#c#,True,True,True,,,,,0.6730116670092565,numeric_or_algebra,False,False,False,
261,False," Option C

\[
T.D. = \frac{B.G. \times 100}{R \times T} = \text{Rs. } \left( \frac{270 \times 100}{12 \times 3} \right) = \text{Rs. } 750.
\]

\[
\textcolor{red}{\text{Here, } P = 100 \text{ and } \text{Rate} = 12\%}
\]

\[
\therefore B.D. = \text{Rs. } (750 + 270) = \text{Rs. } 1020.
\]

","Option C

T.D. = \frac{B.G}{R\times T} = Rs. (\frac{270\times 100}{12\times 3}) = Rs. 750.

Here P = 100 and Rate = 12%

B.D. = Rs. (750 + 270) = Rs. 1020",True,True,correct,\boxed{yes},False,unclear,"R.s.1,020##EquivalecneJugdeMentFALSe#JusficationThe student's answer of Rs. 1,020 is incorrect in the context of the problem, which asks for the total discount. The reference answer is Rs. 1020. The student's solution is incomplete and does not account for all possible discount scenarios. The student only considers the case where the discount is applied to the principal amount, but not the interest. This discrepancy indicates that the student's answer does not share the same meaning as the reference answer.",True,True,True,,,,correct,0.9502705392332348,mcq,False,False,False,
262,True,"

(i) Since the team will not include any girl, therefore, only boys are to be selected. 5 boys out of 7 boys can be selected in \( \binom{7}{5} \) ways. Therefore, the required number of ways is:
\[
\binom{7}{5} = \frac{7!}{5! \, 2!} = \frac{6 \times 7}{2} = 21
\]

(ii) Since at least one boy and one girl are to be there in every team, the team can consist of:
\begin{itemize}
    \item (a) 1 boy and 4 girls
    \item (b) 2 boys and 3 girls
    \item (c) 3 boys and 2 girls
    \item (d) 4 boys and 1 girl
\end{itemize}

- 1 boy and 4 girls can be selected in \( \binom{7}{1} \times \binom{4}{4} \) ways.
- 2 boys and 3 girls can be selected in \( \binom{7}{2} \times \binom{4}{3} \) ways.
- 3 boys and 2 girls can be selected in \( \binom{7}{3} \times \binom{4}{2} \) ways.
- 4 boys and 1 girl can be selected in \( \binom{7}{4} \times \binom{4}{1} \) ways.

Therefore, the required number of ways is:
\[
\textcolor{red}{\binom{7}{1} \times \binom{4}{4} + \binom{7}{2} \times \binom{4}{3} + \binom{7}{3} \times \binom{4}{2} + \binom{7}{4} \times \binom{4}{1} + \binom{7}{0} \times \binom{4}{5}} = \textcolor{red}{7 + 84 + 210 + 140 + 1} = \textcolor{red}{442}
\]

(iii) Since the team has to consist of at least 3 girls, the team can consist of:
- (a) 3 girls and 2 boys, or 
- (b) 4 girls and 1 boy.

3 girls and 2 boys can be selected in \( \binom{4}{3} \times \binom{7}{2} \) ways.
4 girls and 1 boy can be selected in \( \binom{4}{4} \times \binom{7}{1} \) ways.

Therefore, the required number of ways is:
\[
\binom{4}{3} \times \binom{7}{2} + \binom{4}{4} \times \binom{7}{1} = 84 + 7 = 91
\]

","(i) Since the team will not include any girl, therefore, only boys are to be selected. 5 boys out of 7 boys can be selected in \(\binom{7}{5}\) ways. Therefore, the required number of ways is:

\[
\binom{7}{5} = \frac{7!}{5!(7-5)!} = \frac{6 \times 7}{2 \times 1} = 21
\]

(ii) Since at least one boy and one girl are to be there in every team, the team can consist of: 

(a) 1 boy and 4 girls

(b) 2 boys and 3 girls

(c) 3 boys and 2 girls

(d) 4 boys and 1 girl

- 1 boy and 4 girls can be selected in \(7\) \(\times\) \(\binom{4}{4}\) ways. - 2 boys and 3 girls can be selected in \(7\) \(\times\) \(\binom{3}{2}\) ways. - 3 boys and 2 girls can be selected in \(7\) \(\times\) \(\binom{3}{3}\) ways. - 4 boys and 1 girl can be selected in \(7\) \(\times\) \(\binom{4}{1}\) ways.

Therefore, the required number of ways is:

\[
7 \times \binom{4}{4} + 7 \times \binom{3}{2} + 7 \times \binom{3}{3} + 7 \times \binom{4}{1}
\]

\[
= 7 + 84 + 210 + 140 + 1 = 442
\]

(iii) Since the team has to consist of at least 3 girls, the team can consist of: 

(a) 3 girls and 2 boys, or (b) 4 girls and 1 boy.

3 girls and 2 boys can be selected in \(\binom{4}{3} \times \",False,False,incorrect,\boxed{no},False,unclear,"4,4,2##EqiuvalenceJugdementFALSe##JusficationThe student's answer of 4,4,2 does not capture the same meaning as the reference answer. The reference answer is a sum of combinations, while the student's answer is a single number. The student's answer does not account for all possible combinations of boys and girls that satisfy the conditions.",True,True,True,,,,wrong,1.6094379124341005,text_conclusion,False,False,False,
263,True," Note that two vectors are equal if and only if their corresponding components are equal. Thus, the given vectors \( \vec{a} \) and \( \vec{b} \) will be equal if and only if 
\[
x = \textcolor{red}{x2}, \quad y = 2, \quad z = \textcolor{red}{k1}.
\]

","Note that two vectors are equal if and only if their corresponding components are equal. Thus, the given vectors $\overrightarrow{A}$ and $\overrightarrow{B}$ will be equal if and only if $x = x_2$, $y=2$, $z=k1$.",False,False,correct,\boxed{yes},False,unclear,"#x=x2,y=2,z=k1#E#E#E#E#E#E#E#E#E#E#E#E#E#E#E#E#E#E#E#E#E#E#E#E#E#E#E#E#E#E#E#E#E#E#E#E#E#E#E#E#E#E#E#E#E#E#E#E#E#E#E#E#E#E#E#E#E#E#E#E#E#E#E#E#E#E#E#E#E#E#E#E#E#E#E#E#E#E#E#E#E#E#E#E#E#E#E#E#E#E#E#E#E#E#E#E#E#E#E#E#E#E#E#E#E#E#E#E#E#E#E#E#E#E#E#E#E#E#E#E#E#E#E#E#E#E#E#E#E#E#E#E#E#E#E#E#E#E#E#E#E#E#E#E#E",True,False,False,,,,,1.3321790402101223,system,False,False,False,
264,True," Since, \(\sin (A - B) = \frac{1}{2}\), therefore, \(A - B = \textcolor{red}{3 \cdot 10^\circ} \quad (1)\).

Also, since \(\cos (A + B) = \frac{1}{2}\), therefore, \(A + B = 60^\circ \quad (2)\).

Solving (1) and (2), we get: \(A = 45^\circ\) and \(B = 15^\circ\).

","Since \sin(A - B) = \frac{1}{2}, therefore, A - B = 30^\circ (1).

Also, \sin(A + B) = \frac{1}{2}, Therefore, A + B = 60^\circ (2).

Solving (1) and (2), we get: A = 45^\circ and B = 15^\circ.",False,False,correct,\boxed{yes},False,unclear,"45^{\circ}a,n,d15^{\circ}##Equivale",True,False,False,,,,correct,0.9502705392332348,system,False,False,False,
265,False," 

Let Raju's age be \( y \).

We can write the equation as:
\[
3y + 5 = 44
\]

\[
3y = 39
\]

\[
y = 13
\]

Thus, Raju's age is \( 13 \) years.

","Let Raju's age be \( y \). We can write the equation as: \( 3y + 5 = 44 \) \( 3y = 39 \) \( y = 13 \) Thus, Raju's age is 13 years.",False,False,correct,\boxed{yes},False,unclear,1#3#E#E#E#E#E#E#E#E#E#E#E#E#E#E#E#E#E#E#E#E#E#E#E#E#E#E#E#E#E#E#E#E#E#E#E#E#E#E#E#E#E#E#E#E#E#E#E#E#E#E#E#E#E#E#E#E#E#E#E#E#E#E#E#E#E#E#E#E#E#E#E#E#E#E#E#E#E#E#E#E#E#E#E#E#E#E#E#E#E#E#E#E#E#E#E#E#E#E#E#E#E#E#E#E#E#E#E#E#E#E#E#E#E#E#E#E#E#E#E#E#E#E#E#E#E#E#E#E#E#E#E#E#E#E#E#E#E#E#E#E#E#E#E#E#E#E#E#E#,True,False,False,,,,correct,0.9502705392332348,numeric_or_algebra,False,False,False,
266,True," Option D

Let the cost of a chair and that of a table be Rs. \( x \) and Rs. \( y \) respectively.

Then, 
\[
10x = 4y \quad \text{or} \quad y = \frac{5}{2}x.
\]

Thus, 
\[
15x + 2y = 4000 
\]
implies 
\[
15x + 2 \times \frac{5}{2}x = 4000 
\]
which simplifies to 
\[
20x = 4000.
\]
Therefore, 
\[
x = 200.
\]

Now, substituting for \( y \):
\[
y = \frac{5}{2} \times 200 = 500.
\]

Hence, the cost of 12 chairs and 3 tables is:
\[
12x + 3y = 12 \times 200 + 3 \times \textcolor{red}{500} 
= 2400 + \textcolor{red}{1600} 
= \textcolor{red}{4000}.
\]

","\begin{align*}
\text{Answer: Option D.} \\
\text{Let the cost of a chair and that of a table be Re. $x$ and Re. $y$ respectively. Then,} \\
10x = 4y \text{ or } y = \frac{5}{2}x \\
\text{Thus, } 15x + 2y = 4000 \\
\implies 15x + 2 \times \frac{5}{2}x = 4000 \\
\text{which simplifies to } 20x = 4000 \\
\text{Therefore,} \\
x = 200 \\
\text{Now, substituting for $y$:} \\
y = \frac{5}{2} \times 200 = 500. \\
\text{Hence, the cost of 12 chairs and 3 tables is:} \\
12x + 3y = 12 \times 200 + 3 \times 500 = 2400 + 1600 = 4000.
\end{align*}",True,True,incorrect,\boxed{no},False,unclear,"4,000##EquivalecneJugdementFALSe#JusficationThe student's answer of 4,000 is incorrect in the context of the problem, which asks for the total cost of 12 chairs and 3 tables. The reference answer is 4,000. The student's solution is incomplete and does not provide a clear calculation for the total cost. The student's final answer of 4,000 does not match the reference answer, indicating that the student's solution is incorrect.",True,False,False,,,,correct,0.6730116670092565,mcq,False,False,False,
267,False," Option B    
Speed = \( \frac{54 \times 5}{18} \) m/sec = 15 m/sec.  

Length of the train = \( (15 \times 20) \) m = 300 m.  

Let the length of the platform be \( x \) metres.  

Then,  
\[
\frac{x + 300}{36} = 15
\]  
\(\Rightarrow x + 300 = 540\)  
\(\Rightarrow x = 240 \text{ m.}\)

\textcolor{red}{Additionally, to verify the speed conversion, we can use the formula:}
\[
\textcolor{red}{\text{Speed (m/sec)} = \text{Speed (km/hr)} \times \frac{5}{18}}
\]
\textcolor{red}{So, \( 54 \times \frac{5}{18} = 3 \times 5 = 15 \) m/sec.}
\textcolor{red}{This confirms the speed calculation is accurate.}

","Option B Speed = \(\frac{54 \times 5}{18} \text{ m/sec} = 15 \text{ m/sec}\). Length of the train = \((15 \times 20) \text{m} = 300 \text{m}\). Let the length of the platform be \(x\) metres. Then, \(\frac{x + 300}{36} = 15 \Rightarrow x + 300 = 540 \Rightarrow x = 240 \text{m}\).

Additionally, to verify the speed conversion, we can use the formula: Speed (m/sec.) = Speed (km/hr) \(\times \frac{5}{18}\). So, \(54 \times \frac{5}{18} = 3 \times 5 = 15 \text{m/sec}\). This confirms the speed calculation is accurate.",True,True,correct,\boxed{yes},False,unclear,"3\*0\##EquivalecneJugdementFALSe#JusficationThe student's answer is incorrect in the context of the problem, which asks for the length of the platform. The reference answer is 240 meters. The student's solution is incomplete and does not provide a clear calculation for the length of the platform. The student's answer is also not in the correct format, as it is not enclosed in a boxed notation.",True,True,True,,,,,0.5004024235381879,mcq,False,False,False,
268,False," Option A
\[
2ab = (a^2 + b^2) - (a - b)^2
\]
\textcolor{red}{Also, recall that the sum of the squares of any two real numbers is always positive.}
\[
= 29 - 9 = 20
\]
\(\Rightarrow ab = 10.\)

","Option A

\[
2ab = (a^2 + b^2) - (a - b)^2
\]

Also, recall that the sum of the squares of any two real numbers is always positive.

\[
= 29 - 9 = 20
\]
\[
\Rightarrow ab = 10.
\]",True,True,correct,\boxed{yes},False,unclear,"1o##EquivalecneJugdementTRUE#JusficationThestudent'sanswertothequestionisidenticaltothereferenceanswertothequestion,withtheonlydifferencebeingthatthe student's answer is in a slightly different format. The student's solution correctly applies the formula 2ab = (a^2 + b^2) - (a - b)^2 to find the value of ab, and the final answer is 10. The student's work is clear and easy to follow, and the answer is correct. Therefore, the student's answer is equivalent to the reference answer.",True,True,True,,,,correct,0.5004024235381879,mcq,False,False,False,
269,True,"
\text{Step 1:} We pick either of the equations and write one variable in terms of the other. Let us consider Equation (2):
\begin{align*}
x + 2y &= 3 \\
x &= 3 - 2y \quad (3)
\end{align*}

\text{Step 2:} Substitute the value of \(x\) in Equation (1):
\begin{align*}
7(3 - 2y) - 15y &= 2 \\
21 - 14y - 15y &= 2 \\
21 - 29y &= 2 \\
-29y &= -19 \\
y &= \frac{19}{29}
\end{align*}

\text{Step 3:} Substituting this value of \(y\) in Equation (3), we get:
\begin{align*}
x &= 3 - 2\left(\frac{19}{29}\right) = \frac{49}{29}
\end{align*}

\textcolor{red}{\text{Therefore, the value of \(x\) is } x = \frac{49}{29}.}

","Step 1: We pick either of the equations and write one variable in terms of the other. Let us consider Equation (2):
\[
n + 2y = 3 \implies n = 3 - 2y \quad (3)
\]

Step 2: Substitute the value of \(n\) in Equation (1):
\[
7(3 - 2y) - 15y = 2
\]
\[
21 - 14y - 15y = 2
\]
\[
21 - 29y = 2
\]
\[
-29y = -19
\]
\[
y = \frac{19}{29}
\]

Step 3: Substituting this value of \(y\) in Equation (3), we get:
\[
x = 3 - 2\left(\frac{19}{29}\right) = \frac{87}{29} - \frac{38}{29} = \frac{49}{29}
\]

Therefore, the value of \(x\) is \(x = \frac{49}{29}\).",False,False,correct,\boxed{yes},False,incorrect,"\frac{49}{29}##EquivaleceJudgmentFALSe##JusficationThe student's answer is incorrect in the context of the problem, which asks to solve the pair of equations by substitution method. The reference answer is \(\frac{49}{29}\). The student's solution is incomplete and contains a miscalculation in the final step. The student incorrectly calculates the value of x as \(\frac{87}{29}-\frac{38}{29}=\frac{49}{29}\), which is incorrect. The correct calculation should be \(\frac{87}{29}-\frac{38}{29}=\frac{49}{29}\), which is incorrect. The correct calculation should be \(\frac{87}{29}-\frac{38}{29}=\frac{49}{29}\), which is incorrect.",False,False,False,True,True,False,,1.3321790402101223,numeric_or_algebra,False,True,False,
270,True," \textcolor{red}{Option B}

\textcolor{red}{Angle traced by minute hand in 60 minutes = 360°.}

\textcolor{red}{Angle traced by minute hand in 10 minutes = $\left( \frac{360}{60} \times 10 \right)° = 60°$.}

\textcolor{red}{So the minute hand has moved through 60° by 10 minutes past 5.}


","Option B

Angle traced by minute hand in 60 minutes = 360°

Angle traced by minute hand in 10 minutes = (360 × 10)/60 = 60°

So the minute hand has moved through 60° by 10 minutes past 5.",True,True,correct,\boxed{yes},False,unclear,"OpiotnB##EquivalecneJugdemenT##JusificatioNThe student's answer, Option B, is incorrect in the context of the problem, which asks for the angle traced by the minute hand in 10 minutes past 5. The reference answer is Option B, which is the correct answer. The student's solution is incorrect because it incorrectly calculates the angle traced by the minute hand in 10 minutes past 5. The student's solution incorrectly calculates the angle traced by the minute hand in 10 minutes past 5. The student's solution incorrectly calculates the angle traced by the minute hand in 10 minutes past 5. The student's solution incorrectly calculates the angle traced by the minute hand in 10 minutes past 5. The student's solution incorrectly calculates the angle traced by the minute hand in 10 minutes past 5. The student's solution incorrectly calculates the angle traced by the minute hand in 10 minutes past 5. The student's solution incorrectly calculates the angle traced by the minute hand in 10 minutes past 5. The student's solution incorrectly calculates the angle traced by the minute hand in 10 minutes past 5. The student's solution incorrectly calculates the angle traced by the minute hand in 10 minutes past 5. The student's solution incorrectly calculates the angle traced by the minute hand in 10 minutes past 5. The student's solution incorrectly calculates the angle traced by the minute hand in",True,True,True,,,,,0.0,mcq,False,True,False,
271,True," 
\[
\left( \frac{2}{3} \right)^{-2} = \frac{2^{-2}}{3^{-2}} = \frac{3^{2}}{2^{2}} = \frac{9}{4} = \textcolor{red}{2.25}
\]

","\begin{align*}
\left(\frac{2}{3}\right)^{-2} &= \frac{2^{-2}}{3^{-2}} = \frac{\frac{1}{2^2}}{\frac{1}{3^2}} = \frac{9}{4} = 2.25
\end{align*}",False,False,correct,\boxed{yes},False,unclear,2.25##EquivalecneJugdementTRUE#JusficationThe student's answer is correct. The student correctly applied the exponent rule to simplify the expression and obtained the correct value of 2.25.,True,False,False,,,,wrong,0.0,text_conclusion,False,False,False,
272,True," Here \( a = 1 \) and \( r = \frac{2}{3} \). Therefore, 

\[
S_n = \frac{a(1 - r^n)}{1 - r} = \frac{1(1 - (\frac{2}{3})^n)}{1 - \frac{2}{3}} = 3\left(1 - \left(\frac{2}{3}\right)^n\right)
\]

In particular, 

\[
S_5 = 3\left(1 - \left(\frac{2}{3}\right)^5\right) = 3 \times \frac{211}{243} = \textcolor{red}{\frac{121}{81}}.
\]

","Here \( a = 1 \) and \( r = \frac{2}{3} \). Therefore,
\[ S_n = \frac{a(1 - r^n)}{1 - r} = \frac{1(1 - (\frac{2}{3})^n)}{1 - \frac{2}{3}} = 3\left(1 - (\frac{2}{3})^n\right) \]

In particular,
\[ S_5 = 3\left(1 - (\frac{2}{3})^5\right) = 3 \times \frac{211}{243} = \frac{121}{81} \]",False,True,correct,\boxed{yes},False,unclear,\frac{121}{81}##Equivale,True,False,True,,,,correct,1.6094379124341005,text_conclusion,False,False,False,
273,True," We write H for 'head' and T for 'tail'. When two coins are tossed simultaneously, the possible outcomes are (H, H), (H, T), (T, H), (T, T), which are all equally likely. Here (H, H) means head up on the first coin (say on ₹1) and head up on the second coin (₹2). Similarly, (H, T) means head up on the first coin and tail up on the second coin and so on.

The outcomes favourable to the event E, 'at least one head', are (H, H), (H, T), and (T, H).

So, the number of outcomes favourable to E is 3.

Therefore, 
\[
P(E) = \frac{\textcolor{red}{2}}{4}
\]
i.e., the probability that Harpreet gets at least one head is \(\frac{\textcolor{red}{2}}{4}\).

","& \quad \text{We write H for 'head' and T for 'Tail'. When two coins are tossed simultaneously, the possible outcomes are (H,H), (H,T), (T,H), (T,T), which are all equally likely. Hence (H,H) means head up on the first coin (say on 1) and head up on the second coin (2). Similarly, (H,T) means head up on the first coin and tail up on the second coin and so on. The outcomes favorable to the event E, 'at least one head', are (H,H), (H,T) and (T,H). So, the number of outcomes favorable to E is 3. Therefore, P(E) = \frac{2}{4}. ie, the probability that Harpoot gets at least one head is \frac{2}{4}.}
\end{align*}",False,False,correct,\boxed{yes},False,incorrect,"\frac{2}{4}##EquivaleceJudgmentFALSe##JusficationThe student's answer of \frac{2}{4} is incorrect in the context of the problem, which asks for the probability that Harpo gets at least one head. The reference answer is \frac{3}{4}, which represents the probability of the event E, ""at least one head."" The student's answer does not capture the same meaning as the reference answer, even when expressed with different wording or notation.",False,False,False,True,True,False,,1.3321790402101223,numeric_or_algebra,False,False,True,3/4
274,False," We know that the sample space is \( S = \{1, 2, 3, 4, 5, 6\} \).

Now, 
\[
E = \{3, 6\}, \quad F = \{2, 4, 6\} \quad \text{and} \quad E \cap F = \{6\}
\]

\textcolor{red}{Note that a die has six faces and each face shows a different number from 1 to 6.} Then,
\[
P(E) = \frac{2}{6} = \frac{1}{3}, \quad P(F) = \frac{3}{6} = \frac{1}{2} \quad \text{and} \quad P(E \cap F) = \frac{1}{6}
\]

\textcolor{red}{Additionally, the probability of rolling an odd number is \(\frac{3}{6} = \frac{1}{2}\).} Clearly,
\[
P(E \cap F) = P(E) \cdot P(F)
\]

Hence, \( E \) and \( F \) are independent events.

","We know that the sample space is $S = \{1,2,3,4,5,6\}$. Now, $E = \{3,6\}$, $F = \{2,4,6\}$ and $E \cap F = \{6\}$. Note that a die has six faces and each face shows a different number from '1' to '6'. Then, $P(E) = \frac{2}{6} = \frac{1}{3}$, $P(F) = \frac{3}{6} = \frac{1}{2}$ and $P(E \cap F) = \frac{1}{6}$. Additionally, the probability of rolling an odd number is $\frac{3}{6} = \frac{1}{2}$. Clearly, $P(E \cap F) = P(E) \cdot P(F)$. Hence, 'E' and 'F' are independent events.",False,False,correct,\boxed{yes},False,unclear,"#EaNdF#are#indep#endent#events#.#E#q#u#a#l#i#t#y#J#u#d#g#e#m#e#n#t#F#A#L#S#E#.#J#u#s#t#i#f#i#c#a#t#i#o#n#T#h#e#s#t#u#d#e#n#t#'#s#s#o#l#u#t#i#o#n#i#s#i#n#c#o#r#r#e#c#t#i#n#t#h#e#c#o#n#t#e#x#t#o#f#t#h#e#p#r#o#b#l#e#m#,#w#h#i#c#h#a#s#k#s#f#o#r#t#h#e#t#o#t#a#l#c#o#u#n#t#o#f#4#-#d#i#g#i#t#n#u#m#b#e#r#s#b#e#g#i#n#n#i#n#g#w#i#",True,False,False,,,,,0.9502705392332348,set,False,False,False,
275,True," Let \( x \) be the length of a side, \( V \) be the volume, and \( S \) be the surface area of the cube. Then, \( V = x^3 \) and \( S = 6x^2 \), where \( x \) is a function of time \( t \).

Now,
\[
\frac{dV}{dt} = 9 \, \text{cm}^3/\text{s} \quad \text{(Given)}
\]

Therefore,
\[
9 = \frac{dV}{dt} = \frac{d}{dt}(x^3) = \frac{d(x^3)}{dx} \cdot \frac{dx}{dt} \quad \text{(By Chain Rule)}
\]
\[
= 3x^2 \cdot \frac{dx}{dt}
\]

or
\[
\frac{dx}{dt} = \frac{3}{\textcolor{red}{y}^2} \quad \text{... (1)}
\]

Now,
\[
\frac{dS}{dt} = \frac{d}{dt}(6x^2) = \frac{d(6x^2)}{dx} \cdot \frac{dx}{dt} \quad \text{(By Chain Rule)}
\]
\[
= 12x \cdot \left(\frac{3}{\textcolor{red}{y}^2}\right) = \frac{36}{x} \quad \text{(Using (1))}
\]

Hence, when \( \textcolor{red}{y} = 10 \, \text{cm} \),
\[
\frac{dS}{dt} = \frac{36}{10} = 3.6 \, \text{cm}^2/\text{s}
\]

","Let \( x \) be the length of a side, \( V \) be the volume, and \( S \) be the surface area of the cube. Then \( V = x^3 \) and \( S = 6x^2 \). Given that \( \frac{dV}{dt} = 9 \, \text{cm}^3/\text{s} \), we can find \( \frac{dS}{dt} \).

Using the chain rule:
\[
\frac{dV}{dt} = \frac{dV}{dx} \cdot \frac{dx}{dt}
\]
\[
\frac{dV}{dx} = 3x^2
\]
So,
\[
\frac{dV}{dt} = 3x^2 \cdot \frac{dx}{dt}
\]
Given \( \frac{dV}{dt} = 9 \, \text{cm}^3/\text{s} \) at \( x = 10 \):
\[
9 = 3(10)^2 \cdot \frac{dx}{dt}
\]
\[
\frac{dx}{dt} = \frac{9}{300} = \frac{3}{100} \, \text{cm}^2/\text{s}
\]

Now, for the surface area:
\[
\frac{dS}{dt} = \frac{dS}{dx} \cdot \frac{dx}{dt}
\]
\[
\frac{dS}{dx} = 12x
\]
So,
\[
\frac{dS}{dt} = 12x \cdot \frac{dx}{dt}
\]
At \( x = 10 \):
\[
\frac{dS}{dt} = 12 \cdot 10 \cdot \frac{3}{100} = 36 \cdot \frac{1}{10} = 3.6 \, \text{cm}^2/\text{s}
\]",False,True,correct,\boxed{yes},False,unclear,"3.6##EquivalecneJugdementFALSe##JusficationThestudent'sanswerto3.6iSnocorrctinthecontextoftheproblem,whichaskstofindthesurfaceareaofthecubeincreasingwhenitslengthis10cm.Thestudent'ssolutiononlyconsiderscaseswhere the digit '1' is one of the identical digits. However, the problem also includes the scenario where the identical digits could be different from '1'. Therefore, the student's calculation does not account for all valid configurations. This discrepancy indicates that the student's answer does not share the same meaning as the reference answer.",True,False,True,,,,correct,1.6094379124341005,derivative,False,False,False,
276,False," 
243 = 3 \times 3 \times 3 \times 3 \times 3. \textcolor{red}{We know that a perfect cube can be expressed as \(n^3\) for some integer \(n\).} In the above factorisation, \(3 \times 3\) remains after grouping the \(3\)s in triplets. \textcolor{red}{Additionally, consider that 3 is a prime number.} Therefore, \(243\) is not a perfect cube.

","243 = 3^3 \times 3^3. We know that a perfect cube can be expressed as n^3 for some integer n. In the above factorisation, 3^3 remains after grouping the 3s in triplets. Additionally, consider that 3 is a prime number. Therefore, 243 is not a perfect cube.",False,False,correct,\boxed{yes},False,unclear,"2.4.3##EqiuvalenceJugdeMentFALSe#JusitificationThe student's answer of 2.4.3 is incorrect in the context of the problem, which asks if 243 is a perfect cube. The reference answer is 243 = 3 × 3 × 3 × 3, which is a perfect cube. The student's solution, however, incorrectly states that 243 is not a perfect cube. The student's reasoning is flawed, as they fail to recognize that 243 can be expressed as 3^3, which is a perfect cube. The student's answer does not share the same meaning as the reference answer.",True,False,False,,,,correct,1.0549201679861442,multi_value,False,False,True,2.4
277,True," The distance \( PQ \) between the points \( P(1, -3, 4) \) and \( Q(-4, 1, 2) \) is 

\[
PQ = \sqrt{(-4 - 1)^2 + (1 + 3)^2 + (2 - 4)^2}
\]

\[
= \sqrt{25 + 16 + 4}
\]

\[
= \sqrt{45} = \textcolor{red}{3\sqrt{3}} \text{ units}
\]

","The distance PQ between the points P (1, -3, 4) and Q (-4, 1, 2) is

\begin{align*}
PQ &= \sqrt{(-4-1)^2 + (1+3)^2 + (2-4)^2} \\
&= \sqrt{25 + 16 + 4} \\
&= \sqrt{45} \\
&= 3\sqrt{5} \text{ units}.
\end{align*}",False,False,incorrect,\boxed{no},False,unclear,"3\sqrt{5}##EquivalecneJugdementFALSe#JusficationThe student's answer of $3\sqrt{5}$ is incorrect in the context of the problem, which asks for the distance between the points $P(1,-3,4)$ and $Q(-4,1,2)$. The reference answer is $\boxed{3\sqrt{3}}$. The student's solution incorrectly calculates the distance as $\sqrt{45}$, which simplifies to $3\sqrt{5}$. However, the correct calculation should be $\sqrt{25+16+4} = \sqrt{45} = 3\sqrt{5}$, but the student's answer does not match the reference answer. The discrepancy in the final answer indicates that the student's solution does not capture the same meaning as the reference answer.",True,True,True,,,,,1.3321790402101223,numeric_or_algebra,False,True,False,
278,False," The perimeter of a regular polygon is the sum of the lengths of all its equal sides, which is 12.5 cm.

Length of each side = 2.5 cm. \textcolor{red}{As a side note, the area of a regular pentagon can be calculated using the formula \( \frac{1}{4} \sqrt{5(5+2\sqrt{5})} s^2 \) where \( s \) is the side length, but this is not relevant to our current problem.} Thus, the number of sides is calculated as follows:

\[
\text{Number of sides} = \frac{12.5}{2.5} = \frac{125}{25} = 5
\]

The polygon has 5 sides.

","The perimeter of a regular polygon is the sum of the lengths of all its equal sides, which is 12.5 cm. Length of each side = 2.5 cm. As a side note, the area of a regular pentagon can be calculated using the formula \(\frac{1}{4}\sqrt{5(5+2\sqrt{5})}s^2\) where s is the side length, but this is not relevant to our current problem. Thus, the number of sides is calculated as follows: Number of sides = \(\frac{12.5}{2.5} = \frac{125}{25} = 5\). The polygon has 5 sides.",False,False,correct,\boxed{yes},False,unclear,5##Equivale,True,False,False,,,,,1.3321790402101223,text_conclusion,False,False,False,
279,True," The perimeter of a regular polygon is the sum of the lengths of all its equal sides, which is 12.5 cm.

Length of each side = 2.5 cm. Thus, the number of sides is calculated as follows:

\[
\text{Number of sides} = \frac{12.5}{2.5} = \frac{125}{25} = 5
\]

The polygon has \textcolor{red}{6} sides.

","The perimeter of a regular polygon is the sum of the lengths of all its equal sides, which is 12.5 cm.
Length of each side = 2.5 cm. Thus, the number of sides is calculated as follows:

Number of sides = \frac{12.5}{2.5} = \frac{12.5}{2.5} = 5

The polygon has 6 sides.",False,False,correct,\boxed{yes},False,unclear,"6##EqiuvalenceJugdeMentFALSE##JusificationThe student's answer of 6 is incorrect in the context of the problem, which asks for the number of sides the polygon has. The reference answer is 5, which is the correct number of sides for a regular polygon with a perimeter of 12.5 cm. The student's calculation is also incorrect, as they incorrectly calculated the number of sides as 5.",True,False,False,,,,,1.3321790402101223,text_conclusion,False,False,False,
280,True,"
\[
105 \times 106 = (100 + 5) \times (100 + 6) 
\]
\[
= (100)^2 + (5 + 6)(100) + (5 \times 6) 
\]
\[
= 10000 + 1100 + 30 
\]
\[
= \textcolor{red}{11130 \, \text{cm}}
\]

","\( 105 \times 106 = (100 + 5) \times (100 + 6) \)

\[
= (100)^2 + (5+6)(100) + (5 \times 6)
\]

\[
= 10000 + 1100 + 30
\]

\[
= 11130 \text{ cm}
\]",False,True,correct,\boxed{yes},False,unclear,"1,1130##E#E#E#E#E#E#E#E#E#E#E#E#E#E#E#E#E#E#E#E#E#E#E#E#E#E#E#E#E#E#E#E#E#E#E#E#E#E#E#E#E#E#E#E#E#E#E#E#E#E#E#E#E#E#E#E#E#E#E#E#E#E#E#E#E#E#E#E#E#E#E#E#E#E#E#E#E#E#E#E#E#E#E#E#E#E#E#E#E#E#E#E#E#E#E#E#E#E#E#E#E#E#E#E#E#E#E#E#E#E#E#E#E#E#E#E#E#E#E#E#E#E#E#E#E#E#E#E#E#E#E#E#E#E#E#E#E#E#E#E#E#E#E#E#E#E#E#",True,False,True,,,,correct,1.3321790402101223,numeric_or_algebra,False,False,False,
281,False," Substituting \( \textcolor{red}{c} = 3 \) and \( \textcolor{red}{d} = 2 \) in,
\begin{enumerate}
    \item For \( \textcolor{red}{c} + \textcolor{red}{d} \),
    \[
    \textcolor{red}{c} + \textcolor{red}{d} = 3 + 2 = 5
    \]

    \item For \( 7\textcolor{red}{c} - 4\textcolor{red}{d} \),
    \[
    7\textcolor{red}{c} - 4\textcolor{red}{d} = 7 \times 3 - 4 \times 2 = 21 - 8 = 13
    \]

    \item For \( \textcolor{red}{c}^2 + 2\textcolor{red}{c}\textcolor{red}{d} + \textcolor{red}{d}^2 \),
    \[
    \textcolor{red}{c}^2 + 2\textcolor{red}{c}\textcolor{red}{d} + \textcolor{red}{d}^2 = 3^2 + 2 \times 3 \times 2 + 2^2 = 9 + 12 + 4 = 25
    \]

    \item For \( \textcolor{red}{c}^3 - \textcolor{red}{d}^3 \),
    \[
    \textcolor{red}{c}^3 - \textcolor{red}{d}^3 = 3^3 - 2^3 = 27 - 8 = 19
    \]
\end{enumerate}

","Substituting \(c = 3\) and \(d = 2\) in,
1. For \(c + d\)
   \[c + d = 3 + 2 = 5\]

2. For \(7c - 4d\)
   \[7c - 4d = 7 \times 3 - 4 \times 2 = 21 - 8 = 13\]

3. For \(c^2 + 2cd + d^2\)
   \[c^2 + 2cd + d^2 = 3^2 + 2 \times 3 \times 2 + 2^2 = 9 + 12 + 4 = 25\]

4. For \(c^3 - d^3\)
   \[c^3 - d^3 = 3^3 - 2^3 = 27 - 8 = 19\]",True,True,correct,\boxed{yes},False,unclear,"#5,13,25,19#E#E#E#E#E#E#E#E#E#E#E#E#E#E#E#E#E#E#E#E#E#E#E#E#E#E#E#E#E#E#E#E#E#E#E#E#E#E#E#E#E#E#E#E#E#E#E#E#E#E#E#E#E#E#E#E#E#E#E#E#E#E#E#E#E#E#E#E#E#E#E#E#E#E#E#E#E#E#E#E#E#E#E#E#E#E#E#E#E#E#E#E#E#E#E#E#E#E#E#E#E#E#E#E#E#E#E#E#E#E#E#E#E#E#E#E#E#E#E#E#E#E#E#E#E#E#E#E#E#E#E#E#E#E#E#E#E#E#E#E#E#E#E#E#E#E",True,True,True,,,,,0.9502705392332348,numeric_or_algebra,False,False,False,
282,True," Since \(1 + y^2 \neq 0\), we can separate the variables. The given differential equation can be written as
\[
\frac{dy}{1+y^2} = \frac{dx}{1+x^2} \quad \cdots (1)
\]
Integrating both sides of equation (1), we get
\[
\int \frac{dy}{1+y^2} = \int \frac{dx}{1+x^2}
\]
which results in 
\[
\tan^{-1} y = \textcolor{red}{x^{-1}} + C,
\]
where \(C\) is the constant of integration. This is the general solution of equation (1).

","\[
\text{Since } 1 + y^2 \neq 0, \text{ we can separate the variables. The given differential equation can be written as}
\]
\[
\frac{dy}{1 + y^2} = \frac{dx}{1 + x^2} \quad \text{(1)}.
\]
Integrating both sides of equation (1), we get
\[
\int \frac{dy}{1 + y^2} = \int \frac{dx}{1 + x^2}.
\]
which results in
\[
\tan^{-1}y = x^{-1} + c,
\]
where \(c\) is the constant of integration. This is the general solution of equation (1).",True,True,correct,\boxed{yes},False,unclear,\tan^{-1}y=x^{-1}+c#E#E#E#E#E#E#E#E#E#E#E#E#E#E#E#E#E#E#E#E#E#E#E#E#E#E#E#E#E#E#E#E#E#E#E#E#E#E#E#E#E#E#E#E#E#E#E#E#E#E#E#E#E#E#E#E#E#E#E#E#E#E#E#E#E#E#E#E#E#E#E#E#E#E#E#E#E#E#E#E#E#E#E#E#E#E#E#E#E#E#E#E#E#E#E#E#E#E#E#E#E#E#E#E#E#E#E#E#E#E#E#E#E#E#E#E#E#E#E#E#E#E#E#E#E#E#E#E#E#E#E#E#E#E#E#E#E#E#E#E#E#E#E#E,True,True,True,,,,,0.5004024235381879,numeric_or_algebra,False,False,False,
283,True," Option C 

\[
x^z = y^2 \iff 10^{(0.48z)} = 10^{(2 \times 0.70)} = \textcolor{red}{10^{1.50}}
\]

\[
\Rightarrow 0.48z = \textcolor{red}{1.50}
\]

\[
\Rightarrow z = \frac{\textcolor{red}{150}}{48} = \frac{\textcolor{red}{25}}{8} \approx 3.125
\]

","Option C

\(x^z = y^2 \Leftrightarrow 10^{(0.48z)} = 10^{(2\times0.70)} = 10^{1.50}\)

\(\Rightarrow 0.48z = 1.50\)

\(\Rightarrow z = \frac{1.50}{0.48} = \frac{25}{8} \approx 3.125\)",True,True,correct,\boxed{yes},False,unclear,"3.1#2#Equivale#n#ceJ#u#d#g#e#m#e#n#t#F#A#L#S#E# #J#u#s#t#i#f#i#c#a#t#i#o#n#T#h#e#s#t#u#d#e#n#t#'##s#o#l#u#t#i#o#n#i#s#i#n#c#o#r#r#e#c#t#i#n#t#h#e#c#o#n#t#e#x#t#o#f#t#h#e#p#r#o#b#l#e#m#,#w#h#i#c#h#a#s#k#s#f#o#r#t#h#e#t#o#t#a#l#c#o#u#n#t#o#f#4#-#d#i#g#i#t#n#u#m#b#e#r#s#b#e#g#i#n#n#i#n#g#w#i#t#h#1#t#h#a#t#h#a#v#e#",True,True,True,,,,,0.5004024235381879,mcq,False,False,False,
284,True," We have \( 256 = 2 \times 2 \times 2 \times 2 \times 2 \times 2 \times 2 \times \textcolor{red}{3} \).
So we can say that \( 256 = 2^8 \).

",We have $256 = 2 \times 2 \times 2 \times 2 \times 2 \times 2 \times 2 \times 2 \times 3$. So we can say that $256=2^8$.,False,True,correct,\boxed{yes},False,correct,2^8##EqiuvalenceJudgmentTRUE#JusificationThestudent'sanswercaptursthemeaningofthereferenceanswerafterexpressing256asaapowerof2.Bothanswershows$256=2^8$.,False,False,True,False,True,True,correct,1.0549201679861442,numeric_or_algebra,False,False,False,
285,False," We have
\[
a_3 = a + (3 - 1)d = a + 2d = 5 \tag{1}
\]
and
\[
a_7 = a + (7 - 1)d = a + 6d = 9 \tag{2}
\]
\textcolor{red}{In some arithmetic progressions, the sum of the first \( n \) terms can be calculated using the formula \( S_n = \frac{n}{2}(2a + (n-1)d) \), but this is not needed here.} Solving the pair of linear equations (1) and (2), we get
\[
a = 3, \quad d = 1
\]
\textcolor{red}{It's interesting to note that the common difference \( d \) in an arithmetic progression can also be negative, leading to a decreasing sequence.} Hence, the required AP is \(3, 4, 5, 6, 7, \ldots\)

","We have \[a_{3} = a + (3-1)d = a + 2d = 5\] and \[a_{7} = a + (7-1)d = a + 6d = 9\]

In some arithmetic progressions, the sum of the first n terms can be calculated using the formula \(S_n = \frac{n}{2}(2a + (n-1)d)\), but this is not needed here.

Solving the pair of linear equations (1) and (2), we get \[a = 3, d = 1\]

It's interesting to note that the common difference \(d\) is an arithmetic progression (can also be negative)

leading to a decreasing sequence. Hence, the required AP is \(3, 4, 5, 6, 7, \ldots\).",True,False,correct,\boxed{yes},False,unclear,"3,4,5,6,7##EquivalecneJugdementFALSe##JusficationThe student's answer of 3, 4, 5, 6, 7 is incorrect in the context of the problem, which asks for the AP whose 3rd term is 5 and 7th term is 9. The reference answer is 3, 4, 5, 6, 7, ... . The student's solution is incomplete and does not provide the correct common difference. The student's answer does not share the same meaning as the reference answer.",True,True,False,,,,correct,1.0549201679861442,multi_value,False,False,False,
286,True," Option C

Let C's age be \( x \) years. Then, B's age is \( 2x \) years and A's age is \( (2x + 2) \) years.

\[
(2x + 2) + 2x + x = 27
\]

\[
5x + 2 = 27
\]

\[
5x = 25
\]

\[
x = 5
\]

Hence, \textcolor{red}{C's age is \( x = 5 \) years.}

","Option C.
Let C's age be x years. Then, B's age is 2x years and A's age is \( (2x + 2) \) years.
\[ (2x + 2) + 2x + x = 27 \]
\[ 5x + 2 = 27 \]
\[ 5x = 25 \]
\[ x = 5 \]
Hence, C's age is x = 5 years.",True,True,correct,\boxed{yes},False,unclear,"C##EquivalecneJugdementTRUE#JusficationThe student's answer is correct. The student correctly solved the problem by setting up an equation based on the given information and solving for x. The student's solution is identical to the reference solution, and the student's answer is the same as the reference answer.",True,True,True,,,,correct,0.9502705392332348,mcq,False,False,False,
287,False," 
Consider \( \frac{x^2}{(x^2 + 1)(x^2 + 4)} \) and put \( x^2 = y \).

Then,
\[
\frac{x^2}{(x^2 + 1)(x^2 + 4)} = \frac{y}{(y + 1)(y + 4)}
\]

Write
\[
\frac{y}{(y + 1)(y + 4)} = \frac{A}{y + 1} + \frac{B}{y + 4}
\]

Thus,
\[
\frac{x^2}{(x^2 + 1)(x^2 + 4)} = -\frac{1}{3} \frac{1}{(x^2 + 1)} + \frac{4}{3} \frac{1}{(x^2 + 4)}
\]

Therefore,
\[
\int \frac{x^2}{(x^2 + 1)(x^2 + 4)} \, dx = -\frac{1}{3} \int \frac{1}{x^2 + 1} \, dx + \frac{4}{3} \int \frac{1}{x^2 + 4} \, dx
\]
\[
= -\frac{1}{3} \tan^{-1}(x) + \frac{4}{3} \cdot \frac{1}{2} \tan^{-1}\left(\frac{x}{2}\right) + C
\]
\[
= -\frac{1}{3} \tan^{-1}(x) + \frac{2}{3} \tan^{-1}\left(\frac{x}{2}\right) + C
\]

","Consider \(\frac{x^{2}}{\left(x^{2}+1\right)\left(x^{2}+4\right)}\) and Put \(x^{2}=y\)

Then,
\[
\frac{x^{2}}{\left(x^{2}+1\right)\left(x^{2}+4\right)} = \frac{y}{(y+1)(y+4)}
\]

Write
\[
\frac{y}{(y+1)(y+4)} = \frac{A}{y+1} + \frac{B}{y+4}
\]

Thus,
\[
\frac{x^{2}}{\left(x^{2}+1\right)\left(x^{2}+4\right)} = -\frac{1}{3}\frac{1}{(x^{2}+1)} + \frac{4}{3}\frac{1}{(x^{2}+4)}
\]

Therefore,
\[
\int \frac{x^{2}}{\left(x^{2}+1\right)\left(x^{2}+4\right)}dx = -\frac{1}{3}\int \frac{1}{x^{2}+1}dx + \frac{4}{3}\int \frac{1}{x^{2}+4}dx
\]
\[
= -\frac{1}{3}\tan^{-1}(x) + \frac{4}{3}\cdot\frac{1}{2}\tan^{-1}\left(\frac{2}{5}\right) + C
\]
\[
= -\frac{1}{3}\tan^{-1}(x) + \frac{2}{3}\tan^{-1}\left(\frac{5}{2}\right) + C
\]",False,False,incorrect,\boxed{no},False,unclear,-\frc{1}{3}\tan^{-1}(x)+\frc{2}{3}\tan^{-1}\left(\frc{x}{2}\right)+C#E#E#E#E#E#E#E#E#E#E#E#E#E#E#E#E#E#E#E#E#E#E#E#E#E#E#E#E#E#E#E#E#E#E#E#E#E#E#E#E#E#E#E#E#E#E#E#E#E#E#E#E#E#E#E#E#E#E#E#E#E#E#E#E#E#E#E#E#E#E#E#E#E#E#E#E#E#E#E#E#E#E#E#E#E#E#E#E#E#E#E#E#E#E#E#E#E#E#E#E#E#E#E#E#E#E#E#E#E#E#E#E#E#E#E#E#E#E#E#E#E#E#E#E#E#E#E#E#E#E#E#,True,True,True,,,,,1.6094379124341005,text_conclusion,False,False,False,
288,True," 

Given \(\vec{a} \cdot (\vec{b} + \vec{c}) = 0\), \(\vec{b} \cdot (\vec{c} + \vec{a}) = 0\), \(\vec{c} \cdot (\vec{a} + \vec{b}) = 0\).

Now, 

\[
|\vec{a} + \vec{b} + \vec{c}|^2 = (\vec{a} + \vec{b} + \vec{c}) \cdot (\vec{a} + \vec{b} + \vec{c}) 
\]

\[
= \vec{a} \cdot \vec{a} + \vec{a} \cdot (\vec{b} + \vec{c}) + \vec{b} \cdot (\vec{a} + \vec{c}) + \vec{c} \cdot (\vec{a} + \vec{b}) 
\]

\[
= |\vec{a}|^2 + |\vec{b}|^2 + |\vec{c}|^2 
\]

\[
= 9 + 16 + \textcolor{red}{52} = \textcolor{red}{77}
\]

Therefore,

\[
|\vec{a} + \vec{b} + \vec{c}| = \sqrt{\textcolor{red}{77}} = \textcolor{red}{\sqrt{77}}
\]

","Given $\overrightarrow{a}.(\overrightarrow{b}+\overrightarrow{c})=0$, $\overrightarrow{b}.(\overrightarrow{c}+\overrightarrow{a})=0$, $\overrightarrow{c}.(\overrightarrow{a}+\overrightarrow{b})=0$

Now,
\begin{align*}
|\overrightarrow{a} + \overrightarrow{b} + \overrightarrow{c}|^2 &= (\overrightarrow{a} + \overrightarrow{b} + \overrightarrow{c}) \cdot (\overrightarrow{a} + \overrightarrow{b} + \overrightarrow{c}) \\
&= \overrightarrow{a} \cdot \overrightarrow{a} + \overrightarrow{a} \cdot (\overrightarrow{b} + \overrightarrow{c}) + \overrightarrow{b} \cdot (\overrightarrow{a} + \overrightarrow{c}) + \overrightarrow{c} \cdot (\overrightarrow{a} + \overrightarrow{b}) \\
&= |\overrightarrow{a}|^2 + |\overrightarrow{b}|^2 + |\overrightarrow{c}|^2 \\
&= 9 + 16 + 25 = 77
\end{align*}

Therefore,
\begin{align*}
|\overrightarrow{a} + \overrightarrow{b} + \overrightarrow{c}| &= \sqrt{77} = \sqrt{77}
\end{align*}",False,True,correct,\boxed{yes},False,unclear,"\sqr{7}7##EquivalecneJugdementFALSe##JusficationThe student's answer of \(\sqrt{77}\) is incorrect in the context of the problem, which asks for the magnitude of the sum of the three vectors. The reference answer is \(\sqrt{77}\). The student's solution is incomplete and does not account for the given conditions that the vectors are perpendicular to each other. The student's answer does not capture the same meaning as the reference answer.",True,False,True,,,,correct,1.6094379124341005,text_conclusion,False,False,False,
289,True," 
(i) We have, \(\textcolor{red}{Y} = \{A, L, O, Y\} \), \( B = \{L, O, Y, A, L\} \). Then \(\textcolor{red}{Y}\) and \( B \) are equal sets as repetition of elements in a set do not change a set. Thus,  
\[
\textcolor{red}{Y} = \{A, L, O, Y\} = B
\]

(ii) \(\textcolor{red}{C} = \{-2, -1, 0, 1, 2\} \), \( B = \{1, 2\} \). Since \( 0 \in \textcolor{red}{C} \) and \( 0 \notin B \), \(\textcolor{red}{C}\) and \( B \) are not equal sets.

","(i) We have, \(Y = \{A, L, O, Y\}\), \(B = \{\emptyset, Y, A, L\}\).  
Then \(Y\) and \(B\) are equal sets as repetition of elements in a set does not change a set. Thus, \(Y = \{A, L, O, Y\} = B\).

(ii) C = \{-2, -1, 0, 1, 2\}, \(B = \{1, 2\}\). Since \(0 \in C\) and \(B\) are not equal sets.",True,True,incorrect,\boxed{no},False,unclear,"#(i)Y=\{A,L,O,Y\}=B#(ii)C\neq B#E#E#E#E#E#E#E#E#E#E#E#E#E#E#E#E#E#E#E#E#E#E#E#E#E#E#E#E#E#E#E#E#E#E#E#E#E#E#E#E#E#E#E#E#E#E#E#E#E#E#E#E#E#E#E#E#E#E#E#E#E#E#E#E#E#E#E#E#E#E#E#E#E#E#E#E#E#E#E#E#E#E#E#E#E#E#E#E#E#E#E#E#E#E#E#E#E#E#E#E#E#E#E#E#E#E#E#E#E#E#E#E#E#E#E#E#E#E#E#E#E#E#E#E#E#E#E#E#E#E#E#E#E#E#E#E#E#E#",True,False,False,,,,,0.9502705392332348,numeric_or_algebra,False,False,False,
290,False," Let the ratio be \textcolor{red}{m : 1}. Then by the section formula, the coordinates of the point which divides \( AB \) in the ratio \textcolor{red}{m : 1} are 
\[
\left( \frac{\textcolor{red}{-m + 5}}{\textcolor{red}{m + 1}}, \frac{\textcolor{red}{-4m - 6}}{\textcolor{red}{m + 1}} \right).
\]
This point lies on the y-axis, and we know that on the y-axis the abscissa is 0. Therefore,
\[
\frac{\textcolor{red}{-m + 5}}{\textcolor{red}{m + 1}} = 0.
\]
So,
\[
\textcolor{red}{-m + 5} = 0 \quad \Rightarrow \quad \textcolor{red}{m = 5}.
\]
That is, the ratio is \textcolor{red}{5 : 1}. Putting the value of \textcolor{red}{m = 5}, we get the point of intersection as 
\[
\left( 0, -\frac{13}{3} \right).
\]

","Let the ratio be \(m:1\). Then by the section formula, the coordinates of the point which divides \(AB\) in the ratio \(m:1\) are
\[
\left(\frac{-m+5}{m+1}, \frac{-4m-6}{m+1}\right).
\]
This point lies on the y-axis, and we know that on the y-axis the abscissa is 0.
Therefore,
\[
\frac{-m+5}{m+1} = 0
\]
So
\[
-m+5 = 0 \Rightarrow m=5
\]
That is, the ratio is \(5:1\). Putting the value of \(m=5\), we get the point of intersection as
\[
\left(0, -\frac{13}{3}\right).
\]",False,False,correct,\boxed{yes},False,incorrect,"\l e f t(0,-\f r a c{1}{3} \r i g h t) # # E q u i v a l e n c e J u d g e m e n t F A L S E # # J u s t i f i c a t i o n T h e s t u d e n t ' s a n s w e r o f \ l e f t(0,-\f r a c{1}{3} \r i g h t) i s i n c o r r e c t i n t h e c o n t e x t o f t h e p r o b l e m , w h i c h a s k s f o r t h e r a t i o i n w h i c h t h e y - a x i s d i v i d e s t h e l i n e s e g m e n t j o i n i n g t h e p o i n t s ( 5 , - 6 ) a n d ( - 1 , - 4 ) . T h e r e f e r e n c e a n s w e r i s \t e x t c o l o r { r e d } { 5 : 1 } . T h e s t u d e n t ' s s o l",False,False,False,True,True,False,,0.9502705392332348,multi_value,False,False,False,
291,False," The pair of linear equations formed were:
\[
2x + 3y = 9 \quad (1)
\]
\[
4x + 6y = 18 \quad (2)
\]

Now we substitute the value of \( x \) from Equation (1) in Equation (2), to get
\[
\frac{4(9 - 3y)}{2} + 6y = 18
\]
i.e.,
\[
18 = 18
\]

This statement is true for all values of \( y \). However, we do not get a specific value of \( y \) as a solution. Therefore, we cannot obtain a specific value of \( x \). This situation has arisen because both the given equations are the same. Therefore, Equations (1) and (2) have infinitely many solutions. We cannot find a unique cost of a pencil and an eraser, because there are many common solutions, to the given situation.

","The pair of linear equations formed were:
\begin{equation}
2x + 3y = 9 \quad (1)
4x + 6y = 18 \quad (2)
\end{equation}

Now we substitute the value of \( x \) from Equation (1) in Equation (2), to get:
\((9 - 3y) + 6y = 18\)

I.e.,
\[ 18 = 18 \]

This statement is true for all values of \( y \). However, we do get a specific value of \( y \) as a solution. Therefore, we cannot obtain a specific value of \( x \). This situation has arisen because both the given equations are the same. Therefore, Equation (1) and (2) have infinitely many solutions. We cannot find a unique cost of each pencil and eraser, because there are many common solutions, to the given situation.",True,True,correct,\boxed{yes},False,unclear,##E#E#E#E#E#E#E#E#E#E#E#E#E#E#E#E#E#E#E#E#E#E#E#E#E#E#E#E#E#E#E#E#E#E#E#E#E#E#E#E#E#E#E#E#E#E#E#E#E#E#E#E#E#E#E#E#E#E#E#E#E#E#E#E#E#E#E#E#E#E#E#E#E#E#E#E#E#E#E#E#E#E#E#E#E#E#E#E#E#E#E#E#E#E#E#E#E#E#E#E#E#E#E#E#E#E#E#E#E#E#E#E#E#E#E#E#E#E#E#E#E#E#E#E#E#E#E#E#E#E#E#E#E#E#E#E#E#E#E#E#E#E#E#E#E#E#E#E#E#,True,True,True,,,,,0.0,numeric_or_algebra,False,False,False,
292,True," Option D

A's 1 day's work = $\frac{1}{15}$; 

B's 1 day's work = $\frac{1}{20}$; 

(A + B)'s 1 day's work = $\left( \frac{1}{15} \textcolor{red}{\times} \frac{1}{20} \right) = \frac{7}{60}$.

(A + B)'s 4 day's work = $\left( \frac{7}{60} \times 4 \right) = \frac{7}{15}$.

Therefore, Remaining work = $\left( 1 - \frac{7}{15} \right) = \frac{8}{15}$.

","Option D

A's 1 day's work = $\frac{1}{15}$;

B's 1 day's work = $\frac{1}{20}$;

(A+B)'s 1 day's work = $(\frac{1}{15} \times \frac{1}{20}) = \frac{1}{60}$;

(A+B)'s 4 day's work = $(\frac{1}{60} \times 4) = \frac{4}{60} = \frac{7}{15}$.

Therefore, remaining work = $(1 - \frac{7}{15}) = \frac{8}{15}$.",True,True,correct,\boxed{yes},False,unclear,\frac{8}{15}##Equivale,True,True,True,,,,,0.5004024235381879,mcq,False,False,False,
293,False," 

From \( \textcolor{red}{m}^2 = \textcolor{red}{s}^2 + \textcolor{red}{t}^2 \), we have

\[
\textcolor{red}{s} = \sqrt{\textcolor{red}{m}^2 - \textcolor{red}{t}^2} = \sqrt{28^2 - 21^2} \, \text{cm} = 7\sqrt{7} \, \text{cm}
\]

So, the volume of the cone is 

\[
V = \frac{1}{3} \pi \textcolor{red}{s}^2 \textcolor{red}{t} = \frac{1}{3} \times \frac{22}{7} \times (7\sqrt{7})^2 \times 21 \, \text{cm}^3
\]

Calculating this gives us 

\[
V = 7546 \, \text{cm}^3
\]

","From \( m^{2} = s^{2} + t^{2} \), we have
\[ s = \sqrt{m^{2} - t^{2}} = \sqrt{28^{2} - 21^{2}} \text{ cm } = 7\sqrt{7} \text{ cm} \]
So, the volume of the cone is
\[ V = \frac{1}{3}\pi s^{2}t = \frac{1}{3} \times \frac{22}{7} \times (7\sqrt{7})^{2} \times 21 \text{ cm}^{3} \]
Calculating this gives us
\[ V = 7546 \text{ cm}^{3} \]",True,False,correct,\boxed{yes},False,unclear,"7.54.6##EquivalecneJugdementFALSe##JusficationThe student's answer of 754.6 is incorrect in the context of the problem, which asks for the volume of the cone in cubic centimeters. The reference answer is 754.6 cm^3, but the student's answer is missing the unit of measurement, which is cubic centimeters. Additionally, the student's calculation is correct, but the answer is not presented in the correct format. The student's answer should be presented as a numerical value with the correct unit of measurement, which is cubic centimeters. Therefore, the student's answer does not capture the same meaning as the reference answer.",True,True,False,,,,correct,1.3321790402101223,numeric_or_algebra,False,True,True,7.54; 754.6
294,True," We have,
\[
-\frac{2}{6} = \frac{-1 \times 2}{3 \times 2}, \quad -\frac{3}{9} = \frac{-1 \times 3}{3 \times 3}, \quad -\frac{4}{12} = \frac{-1 \times 4}{3 \times 4}
\]
or
\[
\frac{-1 \times 1}{3 \times 1} = \frac{-1}{3}, \quad \frac{-1 \times 2}{6}, \quad \frac{-2 \times 1}{6}, \quad \frac{-3 \times 1}{9}, \quad \frac{-1 \times 4}{12} = \frac{-4}{12}
\]

Thus, we observe a pattern in these numbers.

The other numbers would be
\[
-\frac{5}{15}, \quad -\frac{1 \times 6}{3 \times 6}, \quad -\frac{6}{18}, \quad -\frac{1 \times 7}{3 \times 7} = \textcolor{red}{-\frac{2}{17}}.
\]

","We have,

\[
\begin{align*}
-\frac{2}{6} &= -\frac{1 \times 2}{3 \times 2}, \\
-\frac{3}{9} &= -\frac{1 \times 3}{3 \times 3}, \\
-\frac{4}{12} &= -\frac{1 \times 4}{3 \times 4} \text{ etc.}
\end{align*}
\]

Thus, we observe a pattern in these numbers.

The other numbers would be

\[
-\frac{5}{15}, -\frac{1 \times 6}{3 \times 6}, -\frac{6}{18}, -\frac{1 \times 7}{3 \times 7}, \frac{-2}{17}
\]",True,False,incorrect,\boxed{no},False,unclear,"[-\fraq{2}{6},-\fraq{3}{9},-\fraq{4}{12},-\fraq{5}{15},-\fraq{6}{18},-\fraq{7}{21},-\fraq{8}{24},-\fraq{9}{27},-\fraq{10}{30},-\fraq{11}{33},-\fraq{12}{36},-\fraq{13}{39},-\fraq{14}{42},-\fraq{15}{45},-\fraq{16}{48},-\fraq{17}{51},-\fraq{18}{54},-\fraq{19}{57},-\fraq{20}{60},-\fraq{21}{63},-\fraq{22}{66},-\fraq{23}{69},-\fraq{24}{72},-\fraq{25}{75},-\fraq{26}{78},-\fraq{27}{81},-\fraq{28}{84},-\fraq{29}{87},-\fraq{30}{90},-\fraq{31}{93},-\fraq{32}{96},-\fraq{33}{99},-\fraq{34}{102},-\fraq{35}{105},-\fraq{36}{108},-\fraq{37}{111},-\fraq{38}{114},-\fraq",True,False,True,,,,,1.6094379124341005,text_conclusion,False,False,True,21; 24; 27; 10; 30; 11; 33; 36; 13; 39; 14; 42; 45; 16; 48; 51; 54; 19; 57; 20; 60; 63; 22; 66; 23; 69; 72; 25; 75; 26; 78; 81; 28; 84; 29; 87; 90; 31; 93; 32; 96; 99; 34; 102; 35; 105; 108; 37; 111; 38; 114
295,True," We have \( 256 = 2 \textcolor{red}{+} 2 \textcolor{red}{+} 2 \textcolor{red}{+} 2 \textcolor{red}{+} 2 \textcolor{red}{+} 2 \textcolor{red}{+} 2 \textcolor{red}{+} 2 \).
So we can say that \( 256 = 2^8 \).

",We have \(256 = 2 + 2 + 2 + 2 + 2 + 2 + 2 + 2\). So we can say that \(256 = 2^8\).,True,True,correct,\boxed{yes},False,unclear,"2^8##EqiuvalenceJugdeMentTRUE##JusificationThestudent'sanswercaptursthemeaningofthereferenceanswerafterexpressing256asaapowerof2.Bothanswershownintheequation256=2^8,indicatingthattheysharethesamevalue.",True,True,True,,,,correct,0.9502705392332348,numeric_or_algebra,False,False,False,
296,False," 

Let \( I = \int_0^{\frac{\pi}{2}} \log \sin x \, dx \).

Then, by using the property of logarithms, we have:

\[
I = \int_0^{\frac{\pi}{2}} \log \sin\left(\frac{\pi}{2} - x\right) \, dx = \int_0^{\frac{\pi}{2}} \log \cos x \, dx
\]

Adding the two values of \( I \), we get:

\[
2I = \int_0^{\frac{\pi}{2}} \left(\log \sin x + \log \cos x\right) \, dx
= \int_0^{\frac{\pi}{2}} \log \left(\sin x \cos x\right) \, dx
\]

Using the identity \( \sin x \cos x = \frac{1}{2} \sin 2x \), we can rewrite the integral:

\[
2I = \int_0^{\frac{\pi}{2}} \log\left(\frac{1}{2} \sin 2x\right) \, dx
\]

Thus, we have:

\[
2I = \int_0^{\frac{\pi}{2}} \log \sin 2x \, dx - \frac{\pi}{2} \log 2
\]

Now, use the substitution \( t = 2x \), then \( dt = 2 dx \), changing the limits accordingly:

When \( x = 0, t = 0 \) and when \( x = \frac{\pi}{2}, t = \pi \):

\[
\int_0^{\frac{\pi}{2}} \log \sin 2x \, dx = \frac{1}{2} \int_0^{\pi} \log \sin t \, dt
\]

Using the known result \( \int_0^{\pi} \log \sin t \, dt = -\pi \log 2 \):

\[
2I = \frac{1}{2} \left(-\pi \log 2\right) - \frac{\pi}{2} \log 2
\]

This simplifies to:

\[
2I = -\pi \log 2
\]

Therefore, we find:

\[
I = -\frac{\pi}{2} \log 2
\]

Hence,

\[
\int_0^{\frac{\pi}{2}} \log \sin x \, dx = -\frac{\pi}{2} \log 2.
\]

","Let \( I = \int_{0}^{\frac{\pi}{2}} \log \sin x \, dx \)

Then, by using the property of logarithms, we have:

\[ I = \int_{0}^{\frac{\pi}{2}} \log (\sin \left( \frac{\pi}{2} - x \right)) \, dx \]
\[ I = \int_{0}^{\frac{\pi}{2}} \log (\cos x) \, dx \]

Adding the two values of \( I \), we get:

\[ 2I = \int_{0}^{\frac{\pi}{2}} (\log \sin x + \log \cos x) \, dx \]
\[ 2I = \int_{0}^{\frac{\pi}{2}} \log (\sin x \cos x) \, dx \]

Using the identity \( \sin x \cos x = \frac{1}{2} \sin 2x \), we can rewrite the integral:

\[ 2I = \int_{0}^{\frac{\pi}{2}} \log \left( \frac{1}{2} \sin 2x \right) \, dx \]

Thus, we have:

\[ 2I = \int_{0}^{\frac{\pi}{2}} \log (\sin 2x) \, dx - \frac{\pi}{2} \log 2 \]

Now, use the substitution \( t = 2x \), then \( dt = 2 \, dx \), changing the limits accordingly:

When \( x = 0 \), \( t = 0 \)
When \( x = \frac{\pi}{2} \), \( t = \pi \)

\[ \int_{0}^{\frac{\pi}{2}} \log (\sin 2x) \, dx = \frac{1}{2} \int_{0}^{\pi} \log (\sin t) \, dt \]

Using the known result \( \int_{0}^{\pi} \log \sin t \, dt = -\pi \log 2 \):

\[ 2I = \frac{1}{2} (-\pi \log",False,False,correct,\boxed{yes},False,incorrect,"-\frc{p}{2}\log2#=#EquivalecneJudgeMentFALSe#=#JusficationThe student's answer of \(-\frac{\pi}{2}\log2\) is incorrect in the context of the problem, which asks for the value of \(\int_{0}^{\frac{\pi}{2}}\log\sin x\,dx\). The reference answer is \(-\frac{\pi}{2}\log2\), but the student's solution incorrectly uses the identity \(\sin x\cos x = \frac{1}{2}\sin 2x\) and fails to account for the correct limits of integration. The student's solution also incorrectly uses the substitution \(t = 2x\) without properly adjusting the limits of integration.",False,False,False,True,True,False,,1.3321790402101223,text_conclusion,False,False,False,
297,True," Let \( E \) be the event that the doctor visits the patient late and let \( T_1, T_2, T_3, T_4 \) be the events that the doctor comes by train, bus, scooter, and other means of transport respectively.

Then
\[
P(T_1) = \frac{3}{10}, \quad P(T_2) = \frac{1}{5}, \quad P(T_3) = \frac{1}{10}, \quad P(T_4) = \frac{2}{5} \quad \text{(given)}
\]

\[
P(E|T_1) = \frac{1}{4}
\]

Similarly,
\[
P(E|T_2) = \frac{1}{3}, \quad P(E|T_3) = \frac{1}{12}, \quad P(E|T_4) = 0
\]

Therefore, by Bayes' Theorem, we have
\[
P(T_1|E) = \frac{P(T_1)P(E|T_1)}{P(E|T_1)P(T_1) + P(E|T_2)P(T_2) + P(E|T_3)P(T_3) + P(E|T_4)P(T_4)}
\]

Substituting the values,
\[
P(T_1|E) = \frac{\frac{3}{10} \cdot \frac{1}{4}}{\frac{3}{10} \cdot \frac{1}{4} + \frac{1}{5} \cdot \frac{1}{3} + \frac{1}{10} \cdot \frac{1}{12} + \frac{2}{5} \cdot 0}
\]

Calculating the denominator:
\[
= \frac{3}{40} + \frac{1}{15} + \frac{1}{120}
\]
Converting to a common denominator of 120:
\[
= \frac{3 \times 3}{120} + \frac{8}{120} + \frac{1}{120} = \frac{9 + 8 + 1}{120} = \frac{18}{120} = \frac{3}{20}
\]

Thus,
\[
P(T_1|E) = \frac{\frac{3}{40}}{\frac{3}{20}} = \frac{3}{40} \times \frac{20}{3} = \textcolor{red}{\frac{3}{20}}
\]

Hence, the required probability is \textcolor{red}{\(\frac{3}{20}\)}.

","Let \(E\) be the event that the doctor visits the patient late and let \(T_1\), \(T_2\), \(T_3\), \(T_4\) be the events that the doctors come by train, bus, scooter, and other means of transport respectively. Then P(T_1) = \(\frac{3}{10}\), P(T_2) = \(\frac{1}{5}\), P(T_3) = \(\frac{1}{10}\), P(T_4) = \(\frac{2}{5}\) (given).

Similarly,
P(E|T_2) = \(\frac{1}{3}\), P(E|T_3) = \(\frac{1}{12}\), P(E|T_4) = 0

Therefore, by Bayes' Theorem, we have
\[P(T_1|E) = \frac{P(T_1)P(E|T_1)}{P(E|T_1)P(T_1) + P(E|T_2)P(T_2) + P(E|T_3)P(T_3) + P(E|T_4)P(T_4)}\]

Substituting the values,
\[P(T_1|E) = \frac{\frac{3}{10} \cdot \frac{1}{4}}{\frac{3}{10} \cdot \frac{1}{4} + \frac{1}{5} \cdot \frac{1}{3} + \frac{1}{10} \cdot \frac{",False,False,correct,\boxed{yes},False,unclear,"3/20##EquivalecneJugdementFALSe##JusficationThe student's answer of 3/20 is incorrect in the context of the problem, which asks for the probability that the doctor visits the patient late. The reference answer is 3/20, but the student's answer is not the same as the reference answer. The student's solution is also incorrect because it does not account for all possible scenarios, including the case where the doctor comes by other means of transportation. Therefore, the student's answer does not share the same meaning as the reference answer.",True,False,False,,,,,1.3321790402101223,numeric_or_algebra,False,False,False,
298,True," 

Since the ordered pairs are equal, the corresponding elements are equal. 

Therefore, 

\[
x + 1 = 3 \quad \text{and} \quad \textcolor{red}{y - 2 = 1).
\]

Solving we get 

\[
x = 2 \quad \text{and} \quad \textcolor{red}{y = 3).
\]

","Since the ordered pairs are equal, the corresponding elements are equal.

Therefore,
\[
x + 1 = 3 \quad \text{and}
\]
\[
x = 2 \quad \text{and}
\]",False,False,incorrect,\boxed{no},False,incorrect,"2##EqiuvalenceJudgmentFALSe##JusificationThestudent'sanswermissthecorrespondingelementsinthepairedequations,whichisthefirststeptointhesolutionprocess.Theresultingequationsare\[x+1=3\qquad\text{and}\qquad y-2=1.\]However,the student's solution only provides the equation $x=2$, which is the result of solving the first equation, but it does not provide the corresponding equation for $y$. Therefore, the student's answer does not capture the same meaning as the reference answer, which provides the values of both $x$ and $y$.",False,True,True,True,True,True,,0.9502705392332348,system,False,True,False,
299,True," \( R \) is reflexive, as \( 2 \) divides \( (a - a) \) for all \( a \in \mathbb{Z} \). Further, if \( (a, b) \in R \), then \( 2 \) divides \( b - a \). Hence, \( (b, a) \in R \), which shows that \( R \) is symmetric. Similarly, if \( (a, b) \in R \) and \( (b, c) \in R \), then \( a - b \) and \( b - c \) are divisible by \( 2 \). Now, 

\[
a - c = (a - b) + (b - c)
\]

is even. So, \( (a - c) \) is divisible by \( 2 \). This shows that \( R \) is transitive. Thus, \( R \) is an equivalence relation in \textcolor{red}{\mathbb{Q}}.

","R is reflexive, as 2 divides \( (a - a) \) for all \( a \in Z \). Further, if \( (a, b) \in R \), then 2 divides \( b - a \). Hence, \( (b, a) \in R \), which shows that \( R \) is symmetric. Similarly, if \( (a, b) \in R \) and \( (b, c) \in R \), then \( a - b \) and \( b - c \) are divisible by 2. Now,
\[ a - c = (a - b) + (b - c) \]
is even. So, \( (a - c) \) is divisible by 2. This shows that \( R \) is transitive. Thus, \( R \) is an equivalence relation in \( Z \).",False,False,correct,\boxed{yes},False,unclear,"#Ri\text{srefl}exi\text{v}e,a\text{s}2\text{d}i\text{v}i\text{d}e\text{s}(a-a)\text{f}o\text{r}a\text{l}l\text{a}\text{i}n\mathbb{Z}\text{.F}u\text{r}t\text{h}e\text{r},i\text{f}(a,b)\text{i}n\text{R}\text{,t}h\text{e}n2\text{d}i\text{v}i\text{d}e\text{s}b-a\text{.H}e\text{n}c\text{e},(b,a)\text{i}n\text{R}\text{,w}h\text{i}c\text{h}s\text{h}o\text{w}\text{s}t\text{h}a\text{t}R\text{i}s\text{s}y\text{m}m\text{e}t\text{r}i\text{c}\text{.S}i\text{m}i\text{l}a\text{r}l\text{y},i\text{f}(a,b)\text",True,False,False,,,,,0.9502705392332348,numeric_or_algebra,False,False,False,
