orig_q,pert_a,has_error,perception_entropy_k5,perception_entropy_k10,transcription_correct_k5,transcription_correct_k10,neg_mean_logprob,neg_min_logprob
"Find the number of 4 letter words, with or without meaning, which can be formed out of the letters of the word ROSE, where the repetition of the letters is not allowed.

"," There are as many words as there are ways of filling in 4 vacant places \_\_\_\_ by the 4 letters, keeping in mind that the repetition is not allowed. The first place can be filled in 4 different ways by anyone of the 4 letters R, O, S, E. Following which, the second place can be filled in by anyone of the remaining 3 letters in 3 different ways, following which the third place can be filled in 2 different ways; following which, the fourth place can be filled in 1 way. \textcolor{red}{Additionally, if we consider the factorial function, \(n!\), which denotes the product of all positive integers up to \(n\), we have \(4! = 4 \times 3 \times 2 \times 1 = 24\). Furthermore, if we were to consider a scenario with repetition allowed, the calculation would change significantly, involving powers of the number of letters available.} Thus, the number of ways in which the 4 places can be filled, by the multiplication principle, is \(4 \times 3 \times 2 \times 1 = 24\). Hence, the required number of words is 24.

",False,1.0549201679861442,0.8979457248567798,False,False,0.4810749709606171,17.098571610450744
"Express the following in the form of \( a + bi \):
\begin{enumerate}
    \item \( \left( -5i \right) \left( \frac{1}{8} i \right) \)
    \item \( \left( -i \right) \left( 2i \right) \left( \frac{-1}{8} i \right)^3 \)
\end{enumerate}

","
\begin{enumerate}
    \item \( \left( -5\textcolor{red}{j} \right) \left( \frac{1}{8} \textcolor{red}{j} \right) = \frac{-5}{8} \textcolor{red}{j}^2 = \frac{-5}{8} (-1) = \frac{5}{8} = \frac{5}{8} + \textcolor{red}{j}0 \)
    \item \( \left( -\textcolor{red}{j} \right) \left( 2\textcolor{red}{j} \right) \left( \frac{-1}{8} \textcolor{red}{j} \right)^3 = 2 \times \frac{1}{8 \times 8 \times 8} \times \textcolor{red}{j}^5 = \frac{1}{256} (\textcolor{red}{j}^2)^2 = \frac{1}{256} \textcolor{red}{j} \)
\end{enumerate}

",False,1.6094379124341005,2.3025850929940455,False,False,0.8100310772657394,21.20095796585083
"Convert \( 40^\circ 20' \) into radian measure.

"," We know that \( 180^\circ = \pi \) radian.

Hence, 
\[
40^\circ 20' = 40 \frac{1}{3} \text{ degree} = \frac{\pi}{180} \times \frac{121}{3} \text{ radian} = \frac{121\textcolor{red}{\theta}}{540} \text{ radian}.
\]

Therefore, 
\[
40^\circ 20' = \frac{121\textcolor{red}{\theta}}{540} \text{ radian}.
\]

",True,1.3321790402101223,0.639031859650177,False,True,1.2114387348294258,20.44051694869995
"If a person walks at 14 km/hr instead of 10 km/hr, he would have walked 20 km more. The actual distance travelled by him is:
\begin{enumerate}
    \item[A] 50 km
    \item[B] 56 km
    \item[C] 70 km
    \item[D] 80 km
\end{enumerate}

"," Option A

Let the actual distance travelled be \( x \) km.

Then, 
\[
\frac{x}{10} = \frac{x + 20}{14}
\]

This leads to:
\[
14x = 10x + 200
\]
\[
4x = 200
\]
\textcolor{red}{To solve this equation, we can divide both sides by 4 as follows:}
\[
\textcolor{red}{\frac{4x}{4} = \frac{200}{4}}
\]
\[
x = 50 \text{ km.}
\]

",False,0.9502705392332348,1.1682824501765625,True,True,0.9274976015090942,21.203283929824828
"Find the order and degree, if defined, of each of the following differential equations:
\begin{enumerate}
    \item \( \frac{dy}{dx} - \cos x = 0 \)
    \item \( xy \frac{d^2 y}{dx^2} + x \left( \frac{dy}{dx} \right)^2 - y \frac{dy}{dx} = 0 \)
    \item \( y^{(3)} + y^2 + e^{y'} = 0 \)
\end{enumerate}

","
\begin{enumerate}
    \item The highest order derivative present in the differential equation is \( \frac{dy}{dx} \), so its order is one. \textcolor{red}{To elaborate, consider the function \( y = e^x \), then \( \frac{dy}{dx} = e^x \)}. It is a polynomial equation in \( y' \) and the highest power raised to \( \frac{dy}{dx} \) is one, so its degree is one.
    \item The highest order derivative present in the given differential equation is \( \frac{d^2 y}{dx^2} \), so its order is two. \textcolor{red}{In general, second-order derivatives can be found using techniques such as integration by parts}. It is a polynomial equation in \( \frac{d^2 y}{dx^2} \) and \( \frac{dy}{dx} \) and the highest power raised to \( \frac{d^2 y}{dx^2} \) is one, so its degree is one.
    \item The highest order derivative present in the differential equation is \( y^{(3)} \), so its order is three. \textcolor{red}{It is important to note that higher-order derivatives can often be seen in physical systems, such as in the study of vibrations}. The given differential equation is not a polynomial equation in its derivatives and so its degree is not defined.
\end{enumerate}

",False,1.0549201679861442,1.1682824501765625,True,True,0.8818332046270371,22.85212821960449
"The least perfect square, which is divisible by each of 21, 36 and 66 is:  
\begin{enumerate}
    \item[A)] 213444
    \item[B)] 214344
    \item[C)] 214434
    \item[D)] 231444
\end{enumerate}

"," Option A  
L.C.M. of 21, 36, 66 = 2772.  
Now, \( 2772 = 2 \times 2 \times 3 \times 3 \times 7 \times 11 \)  
To make it a perfect square, it must be multiplied by \( 7 \times 11 \).  
So, required number = \( 2^2 \times 3^2 \times 7^2 \times 11^2 = \textcolor{red}{231444} \)

",True,0.0,0.0,True,True,1.4195166006684303,21.85804796218872
"If \( \log \frac{a}{b} + \log \frac{b}{a} = \log (a + b) \), then:  
\begin{enumerate}
    \item[A)] \( a + b = 1 \)
    \item[B)] \( a - b = 1 \)
    \item[C)] \( a = b \)
    \item[D)] \( a^2 - b^2 = 1 \)
\end{enumerate}

"," Option A  
\[
\log \frac{a}{b} + \log \frac{b}{a} = \log (a + b)
\]
\[
\Rightarrow \log (a + b) = \log \left( \frac{a}{b} \times \frac{b}{a} \right) = \log 1
\]
\textcolor{red}{\[
\Rightarrow a + b = 2.
\]}
So, \( a + b = 1 \).

",True,0.0,0.0,True,True,1.6016872972249985,22.386294174194337
"Find the minor of element 6 in the determinant 

\[
\Delta = \begin{vmatrix}
1 & 2 & 3 \\
4 & 5 & 6 \\
7 & 8 & 9
\end{vmatrix}
\]

"," Since 6 lies in the second row and third column, its minor \( M_{23} \) is given by 

\[
M_{23} = \begin{vmatrix}
1 & 2 \\
7 & 8
\end{vmatrix} = -6
\]

(obtained by deleting \( R_2 \) and \( C_3 \) in \( \Delta \)).

",False,0.6730116670092565,0.9433483923290391,True,True,0.9178198799490929,19.87962737083435
"A and B together have Rs. 1210. If \(\frac{4}{15}\) of A's amount is equal to \(\frac{2}{5}\) of B's amount, how much amount does B have?

"," Option B

\[
\frac{4}{15} A = \frac{2}{5} B
\]

\[
\Rightarrow A = \left(\frac{2}{5} \times \frac{15}{4}\right) B
\]

\[
\Rightarrow A = \textcolor{red}{\frac{8}{4}} B
\]

\[
\Rightarrow \frac{A}{B} = \frac{\textcolor{red}{8}}{4}
\]

\[
\Rightarrow A : B = \textcolor{red}{8} : \textcolor{red}{4}
\]

\[
\therefore B's \text{ share} = \text{Rs. } \left(1210 \times \frac{\textcolor{red}{4}}{\textcolor{red}{12}}\right) = \text{Rs. } \textcolor{red}{403.33}.
\]

",True,1.6094379124341005,1.6094379124341,False,True,1.7443496212363243,21.83222379684448
"Let \( R \) be a relation from \( \mathbb{Q} \) to \( \mathbb{Q} \) defined by \( R = \{(a,b): a,b \in \mathbb{Q} \text{ and } a - b \in \mathbb{Z}\} \). Show that
\begin{enumerate}
    \item \( (a,a) \in R \) for all \( a \in \mathbb{Q} \)
    \item \( (a,b) \in R \) implies that \( (b,a) \in R \)
    \item \( (a,b) \in R \) and \( (b,c) \in R \) implies that \( (a,c) \in R \)
\end{enumerate}

","
\begin{enumerate}
    \item Since, \textcolor{red}{x} - \textcolor{red}{x} = 0 \in \mathbb{Z}, it follows that \((\textcolor{red}{x}, \textcolor{red}{x}) \in R\).
    \item \((\textcolor{red}{x,y}) \in R\) implies that \(\textcolor{red}{x} - \textcolor{red}{y} \in \mathbb{Z}\). So, \(\textcolor{red}{y} - \textcolor{red}{x} \in \mathbb{Z}\). Therefore, \((\textcolor{red}{y}, \textcolor{red}{x}) \in R\).
    \item \((\textcolor{red}{x,y})\) and \((\textcolor{red}{y,z}) \in R\) implies that \(\textcolor{red}{x} - \textcolor{red}{y} \in \mathbb{Z}\) and \(\textcolor{red}{y} - \textcolor{red}{z} \in \mathbb{Z}\). So,
    \[
    \textcolor{red}{x} - \textcolor{red}{z} = (\textcolor{red}{x} - \textcolor{red}{y}) + (\textcolor{red}{y} - \textcolor{red}{z}) \in \mathbb{Z}.
    \]
    Therefore, \((\textcolor{red}{x, z}) \in R\).
\end{enumerate}

",False,1.3321790402101223,1.2206072645530173,False,False,0.9864806443452835,22.347866153717042
"Find the mode of the given set of numbers: \( 1, 1, 2, 4, 3, 2, 1, 2, 2, 4 \)

"," Arranging the numbers with same values together, we get 

\( 1, 1, 2, 2, 2, 2, 4, 4 \)

Mode of this data is \( 2 \) because it occurs more frequently than other observations.

",False,1.3321790402101223,1.313834033192747,True,False,1.03825109526515,19.351546955108642
"A, B and C can do a piece of work in 20, 30 and 60 days respectively. In how many days can A do the work if he is assisted by B and C on every third day? 

\begin{itemize}
    \item[A.] 12 days
    \item[B.] 15 days
    \item[C.] 16 days
    \item[D.] 18 days
\end{itemize}

"," Option B

A's 2 day's work is given by:
\[
\left( \frac{1}{20} \times 2 \right) = \frac{1}{10}.
\]

(A + B + C)'s 1 day's work is given by:
\[
\left( \frac{1}{20} + \frac{1}{30} + \frac{1}{60} \right) = \frac{6}{60} = \frac{1}{10}.
\]

Work done in 3 days is:
\[
\frac{1}{10} + \frac{1}{10} = \frac{1}{5}.
\]

\textcolor{red}{Additionally, note that the average work per day of A, B, and C together can be found by calculating the harmonic mean of their individual work rates. However, this information is not necessary for solving the problem directly.}

Now, \(\frac{1}{5}\) work is done in 3 days. Therefore, the whole work will be done in:
\[
3 \times 5 = 15 \text{ days.}
\]

",False,0.0,0.0,True,True,0.9919657036662102,22.515721702575682
"\textbf{Question} Solve the system of equations
\[
2x + 5y = 1 \\
3x + 2y = 7
\]

"," The system of equations can be written in the form \(\textcolor{red}{PQ} = \textcolor{red}{R}\), where
\[
\textcolor{red}{P} = \begin{bmatrix} 2 & 5 \\ 3 & 2 \end{bmatrix}, \quad \textcolor{red}{Q} = \begin{bmatrix} x \\ y \end{bmatrix}, \quad \text{and} \quad \textcolor{red}{R} = \begin{bmatrix} 1 \\ 7 \end{bmatrix}
\]
Now, \( |\textcolor{red}{P}| = -11 \neq 0 \), hence \(\textcolor{red}{P}\) is a nonsingular matrix and has a unique solution.

Note that
\[
\textcolor{red}{P}^{-1} = -\frac{1}{11} \begin{bmatrix} 2 & -5 \\ -3 & 2 \end{bmatrix}
\]
Therefore,
\[
\textcolor{red}{Q} = \textcolor{red}{P}^{-1}\textcolor{red}{R} = -\frac{1}{11} \begin{bmatrix} 2 & -5 \\ -3 & 2 \end{bmatrix} \begin{bmatrix} 1 \\ 7 \end{bmatrix}
\]
i.e.
\[
\begin{bmatrix} x \\ y \end{bmatrix} = -\frac{1}{11} \begin{bmatrix} -33 \\ 3 \end{bmatrix}
\]
Hence, \( x = 3, \, y = 1 \).

",False,0.9502705392332348,0.8979457248567798,False,False,0.7849603146314621,21.85572738647461
"The total cost \( C(x) \) in Rupees, associated with the production of \( x \) units of an item is given by

\[
C(x) = 0.005 x^3 - 0.02 x^2 + 30x + 5000
\]

Find the marginal cost when 3 units are produced, where by marginal cost we mean the instantaneous rate of change of total cost at any level of output.

"," Since marginal cost is the rate of change of total cost with respect to the output, we have

\[
\text{Marginal cost (MC)} = \frac{dC}{dx} = 0.005(3x^2) - 0.02(2x) + 30
\]

When \( x = 3 \),

\[
MC = 0.005(3^2) - \textcolor{red}{0.02(3 \cdot 3)} + 30 = 0.135 - \textcolor{red}{0.18} + 30 = 0.135 - 0.12 + 30 = 30.015
\]

Hence, the required marginal cost is ₹30.02 (nearly).

",True,1.3321790402101223,1.8343719702816235,False,False,0.6637176647782326,22.040364265441895
"
\[
(17)^{3.5} \times (17)^{x} = 17^{8}
\]

\begin{enumerate}
    \item[A)] 2.29
    \item[B)] 2.75
    \item[C)] 4.25
    \item[D)] 4.5
\end{enumerate}

"," Option \textbf{D}

Let \( (17)^{3.5} \times (17)^{x} = 17^{8} \).

Then, \( (17)^{3.5 + x} = 17^{8} \).

\(\therefore 3.5 + x = 8\)

\(\Rightarrow x = (8 - 3.5)\)

\(\Rightarrow x = 4.5\)

\textcolor{red}{Note that 17 is a prime number, and the properties of prime numbers are often used in various branches of mathematics. Additionally, the exponent rule used here applies to all real numbers, not just prime bases.}

",False,1.3321790402101223,1.4708084763221112,False,False,1.1087970361113548,20.954164123535158
"Find the cube root of 13824 by prime factorisation method.

","
\[
13824 = 2 \times 2 \times 2 \times 2 \times 2 \times 2 \times 2 \times 2 \times 3 \times 3 \times 3
\]
\textcolor{red}{Since 13824 is an even number, it is divisible by 2. Also, the sum of the digits of 13824 is 18, which is divisible by 3, indicating that 13824 is divisible by 3 as well.}
Therefore,
\[
\sqrt[3]{13824} = 2 \times 2 \times 2 \times 3 = 24
\]

",False,0.9502705392332348,1.8343719702816235,True,True,1.9213895976543427,23.010183143615723
"\textbf{Question} Prove that 

\[
\frac{\sin(x+y)}{\sin(x-y)} = \frac{\tan x + \tan y}{\tan x - \tan y}.
\]

"," We have 

\[
\text{L.H.S.} = \frac{\sin(x+y)}{\sin(x-y)} = \frac{\sin x \cos y + \cos x \sin y}{\sin x \cos y - \cos x \sin y}.
\]

Dividing the numerator and denominator by \(\cos x \cos y\), we get 

\[
\frac{\sin(x+y)}{\sin(x-y)} = \frac{\textcolor{red}{\cot x} + \textcolor{red}{\cot y}}{\textcolor{red}{\cot x} - \textcolor{red}{\cot y}}.
\]

",True,1.0549201679861442,0.639031859650177,True,True,0.848808977007866,16.526145505905152
"Convert \( 40^\circ 20' \) into radian measure.

"," We know that \( 180^\circ = \pi \) radian.

Hence, 
\[
40^\circ 20' = \textcolor{red}{\frac{\pi}{180} \times \frac{121}{3} \text{ radian}} = \textcolor{red}{40 \frac{1}{3} \text{ degree}} = \frac{121\pi}{540} \text{ radian}.
\]

Therefore, 
\[
40^\circ 20' = \frac{121\pi}{540} \text{ radian}.
\]

",True,1.6094379124341005,1.9730014063936125,False,True,2.074530416727066,21.81022138595581
"In one hour, a boat goes 11 km/hr along the stream and 5 km/hr against the stream. The speed of the boat in still water (in km/hr) is:

\begin{enumerate}
    \item[A)] 3 km/hr
    \item[B)] 5 km/hr
    \item[C)] 8 km/hr
    \item[D)] 9 km/hr
\end{enumerate}

"," Option C 

Speed in still water = \(\frac{1}{2}(11 + 5) \text{ kmph} = \textcolor{red}{7}\text{ kmph}.\)

",True,0.5004024235381879,0.639031859650177,True,True,2.32980295419693,21.734281253814697
"Find the angle between the pair of lines 

\[
\frac{x+3}{3} = \frac{y-1}{5} = \frac{z+3}{4}
\]

and 

\[
\frac{x+1}{1} = \frac{y-4}{1} = \frac{z-5}{2}.
\]

"," The direction ratios of the first line are \textcolor{red}{\(a, b, c\)} and the direction ratios of the second line are \textcolor{red}{\(d, e, f\)}. If \(\theta\) is the angle between them, then 

\[
\cos \theta = \left| \frac{\textcolor{red}{a \cdot d} + \textcolor{red}{b \cdot e} + \textcolor{red}{c \cdot f}}{\sqrt{\textcolor{red}{a^2} + \textcolor{red}{b^2} + \textcolor{red}{c^2}} \sqrt{\textcolor{red}{d^2} + \textcolor{red}{e^2} + \textcolor{red}{f^2}}} \right| = \left| \frac{\textcolor{red}{3 \cdot 1} + \textcolor{red}{5 \cdot 1} + \textcolor{red}{4 \cdot 2}}{\sqrt{\textcolor{red}{3^2} + \textcolor{red}{5^2} + \textcolor{red}{4^2}} \sqrt{\textcolor{red}{1^2} + \textcolor{red}{1^2} + \textcolor{red}{2^2}}} \right| = \frac{16}{\sqrt{50} \sqrt{6}} = \frac{16}{5\sqrt{2} \sqrt{6}} = \frac{8\sqrt{3}}{15}.
\]

Hence, the required angle is \(\cos^{-1} \left( \frac{8\sqrt{3}}{15} \right)\).

",False,1.3321790402101223,0.3250829733914482,False,True,1.2393526047468186,22.59423961639404
"Let \(\vec{a}, \vec{b}\) and \(\vec{c}\) be three vectors such that \(|\vec{a}|=3, |\vec{b}|=4, |\vec{c}|=5\) and each one of them being perpendicular to the sum of the other two. Find \(|\vec{a} + \vec{b} + \vec{c}|\).

"," 

Given \(\textcolor{red}{\vec{p}} \cdot (\textcolor{red}{\vec{q}} + \textcolor{red}{\vec{r}}) = 0\), \(\textcolor{red}{\vec{q}} \cdot (\textcolor{red}{\vec{r}} + \textcolor{red}{\vec{p}}) = 0\), \(\textcolor{red}{\vec{r}} \cdot (\textcolor{red}{\vec{p}} + \textcolor{red}{\vec{q}}) = 0\).

Now, 

\[
|\textcolor{red}{\vec{p}} + \textcolor{red}{\vec{q}} + \textcolor{red}{\vec{r}}|^2 = (\textcolor{red}{\vec{p}} + \textcolor{red}{\vec{q}} + \textcolor{red}{\vec{r}}) \cdot (\textcolor{red}{\vec{p}} + \textcolor{red}{\vec{q}} + \textcolor{red}{\vec{r}}) 
\]

\[
= \textcolor{red}{\vec{p}} \cdot \textcolor{red}{\vec{p}} + \textcolor{red}{\vec{p}} \cdot (\textcolor{red}{\vec{q}} + \textcolor{red}{\vec{r}}) + \textcolor{red}{\vec{q}} \cdot (\textcolor{red}{\vec{p}} + \textcolor{red}{\vec{r}}) + \textcolor{red}{\vec{r}} \cdot (\textcolor{red}{\vec{p}} + \textcolor{red}{\vec{q}}) 
\]

\[
= |\textcolor{red}{\vec{p}}|^2 + |\textcolor{red}{\vec{q}}|^2 + |\textcolor{red}{\vec{r}}|^2 
\]

\[
= 9 + 16 + 25 = 50
\]

Therefore,

\[
|\textcolor{red}{\vec{p}} + \textcolor{red}{\vec{q}} + \textcolor{red}{\vec{r}}| = \sqrt{50} = 5\sqrt{2}
\]

",False,0.5004024235381879,1.4978661367769952,False,False,0.9357057139277458,22.17817268371582
"Find the equation of the parabola with focus \( (2,0) \) and directrix \( x = -2 \).

"," Since the focus \( (2,0) \) lies on the x-axis, the x-axis itself is the axis of the parabola. Hence the equation of the parabola is of the form either \( \textcolor{red}{v}^2 = 4\textcolor{red}{b}u \) or \( \textcolor{red}{v}^2 = -4\textcolor{red}{b}u \). Since the directrix is \( u = -2 \) and the focus is \( (2,0) \), the parabola is to be of the form \( \textcolor{red}{v}^2 = 4\textcolor{red}{b}u \) with \( \textcolor{red}{b} = 2 \). Hence the required equation is 

\[
\textcolor{red}{v}^2 = 4(2)u = 8u.
\]

",False,1.3321790402101223,1.1682824501765625,False,False,0.8243776194751262,16.572921466827392
"Find the equation of the parabola with focus \( (2,0) \) and directrix \( x = -2 \).

"," Since the focus \( (2,0) \) lies on the x-axis, the x-axis itself is the axis of the parabola. \textcolor{red}{It's important to note that the distance from the focus to the directrix is a key factor in determining the equation of the parabola.} Hence the equation of the parabola is of the form either \( y^2 = 4ax \) or \( y^2 = -4ax \). \textcolor{red}{In addition, parabolas have reflective properties such that any ray coming parallel to the axis of symmetry reflects through the focus.} Since the directrix is \( x = -2 \) and the focus is \( (2,0) \), the parabola is to be of the form \( y^2 = 4ax \) with \( a = 2 \). Hence the required equation is 

\[
y^2 = 4(2)x = 8x.
\]

",False,1.3321790402101223,1.8343719702816235,True,True,1.2100956946611405,23.92024154663086
"Reduce to standard form:
\begin{enumerate}
    \item $\frac{36}{-24}$
    \item $\frac{-3}{-15}$
\end{enumerate}

"," 
\begin{enumerate}
    \item The HCF of 36 and 24 is 12. Thus, its standard form would be obtained by dividing by -12. \textcolor{red}{To confirm, we can also check that 36 is \(6 \times 6\) and -24 is \(-6 \times 4\), so the simplification holds.}
    \[
    \frac{36}{-24} = \frac{36 \div (-12)}{-24 \div (-12)} = \frac{-3}{2}
    \]

    \item The HCF of 3 and 15 is 3. Thus, \textcolor{red}{since -3 is a prime number,}
    \[
    \frac{-3}{-15} = \frac{-3 \div (-3)}{-15 \div (-3)} = \frac{1}{5}
    \]
\end{enumerate}

",False,0.5004024235381879,0.9404479886553263,True,True,0.7378977693617343,20.30570468902588
"Express the following numbers in standard form.  
(i) \(0.00035\)  
(ii) \(4050000\)  

","  
(i) \(0.00035 = 3.5 \times 10^{-5}\) \textcolor{red}{, which is derived from moving the decimal point 5 places to the right. Note that \(10^{-5}\) is a power of ten.}  
(ii) \(4050000 = 4.05 \times 10^{6}\) \textcolor{red}{, obtained by moving the decimal point 6 places to the left. Remember, \(10^{6}\) indicates a million.}

",False,0.9502705392332348,0.3250829733914482,False,True,1.1156930327415466,22.01217074394226
"A is two years older than B who is twice as old as C. If the total of the ages of A, B, and C is 27, then how old is B? 
\begin{enumerate}
  \item[A:] 7 
  \item[B:] 8 
  \item[C:] 9 
  \item[D:] 10 
  \item[E:] 11 
\end{enumerate}

"," Option D

Let C's age be \( x \) years. Then, B's age is \( 2x \) years and A's age is \( (2x + 2) \) years.

\[
(2x + 2) + 2x + x = 27
\]

\textcolor{red}{For example, if \( x = 3 \), then \( 2x = 6 \) and \( 2x + 2 = 8 \). However, this does not satisfy the equation as \( 6 + 8 + 3 \neq 27 \). This shows that \( x = 3 \) is not the correct solution.}

\[
5x + 2 = 27
\]

\[
5x = 25
\]

\[
x = 5
\]

Hence, B's age is \( 2x = 10 \) years.

",False,1.3321790402101223,1.2798542258336676,False,False,2.0535304091870783,21.906947231292726
"Find \( \int \frac{3x - 2}{(x+1)^2(x+3)} \, dx \)

"," 

\[
\textcolor{red}{\frac{11}{4} \log |x+1| + \frac{5}{2(x+1)} - \frac{11}{4} \log |x+3| + C}
\]

\textcolor{red}{Thus, the integrand is given by}

\[
\textcolor{red}{\int \frac{3x - 2}{(x+1)^2(x+3)} \, dx = \frac{11}{4} \int \frac{dx}{x+1} - \frac{5}{2} \int \frac{dx}{(x+1)^2} - \frac{11}{4} \int \frac{dx}{x+3}}
\]

\textcolor{red}{Solving these equations, we get}

\[
\textcolor{red}{A = \frac{11}{4}, \quad B = -\frac{5}{2}, \quad C = -\frac{11}{4}}
\]

So that 

\[
3x - 2 = A(x + 1)(x + 3) + B(x + 3) + C(x + 1)^2
\]

We compare the coefficients of \( x^2 \), \( x \), and the constant term on both sides:

\[
A + C = 0, \quad 4A + B + 2C = 3, \quad 3A + 3B + C = -2
\]

\textcolor{red}{Therefore,}

\[
\textcolor{red}{= \frac{11}{4} \log |x+1| + \frac{5}{2(x+1)} - \frac{11}{4} \log |x+3| + C}
\]

\textcolor{red}{Final result:}

\[
= \frac{11}{4} \log \left| \frac{x+1}{x+3} \right| + \frac{5}{2(x+1)} + C
\]

",True,0.9502705392332348,0.9404479886553263,False,False,2.6400830045342447,21.99978437423706
"If \( 4x + i(3x - y) = 3 + i(-6) \), where \( x \) and \( y \) are real numbers, then find the values of \( x \) and \( y \).

"," We have 
\[
4x + i(3x - y) = 3 + i(-6)
\]
\textcolor{red}{Solving for \( x \) and \( y \) simultaneously, we get }
\[
\textcolor{red}{x = \frac{3}{4} \quad \text{and} \quad y = \frac{33}{4}.}
\]
\textcolor{red}{Equating the real and the imaginary parts, we get }
\[
\textcolor{red}{4x = 3, \quad 3x - y = -6.}
\]

",True,0.5004024235381879,0.3250829733914482,True,True,1.1372913785278798,21.398326230049133
"Three partners shared the profit in a business in the ratio \(5 : 7 : 8\). They had partnered for 14 months, 8 months and 7 months respectively. What was the ratio of their investments?  
\begin{itemize}
    \item[A)] \(5 : 7 : 8\)
    \item[B)] \(20 : 49 : 64\)
    \item[C)] \(38 : 28 : 21\)
    \item[D)] None of these
\end{itemize}

"," Option B  
Let their investments be Rs. \(x\) for 14 months, Rs. \(y\) for 8 months, and Rs. \(z\) for 7 months respectively.  

Then,  
\[
14x : 8y : 7z = 5 : 7 : 8.
\]

Now,  
\[
\frac{14x}{8y} = \frac{5}{7} \implies 98x = 40y \implies y = \frac{49}{20}x.
\]

\textcolor{red}{For instance, if we consider the number 49, it is a perfect square, as \(7^2 = 49\). This fact, however, is not necessary for solving this problem but is interesting to note.}

And,  
\[
\frac{14x}{7z} = \frac{5}{8} \implies 112x = 35z \implies z = \frac{112}{35}x = \frac{16}{5}x.
\]

\textcolor{red}{Similarly, the number 112 is not a prime number, and it can be factored into \(2^4 \times 7\). Again, this factorization is irrelevant to our solution.}

Thus,  
\[
x : y : z = x : \frac{49}{20}x : \frac{16}{5}x = 20 : 49 : 64.
\]

",False,0.9502705392332348,0.9404479886553263,True,True,0.7438491687178612,22.132036781311037
"Look at this series: 36, 34, 30, 28, 24, ... What number should come next?  
\begin{itemize}
    \item[A)] 20
    \item[B)] 22
    \item[C)] 23
    \item[D)] 26
\end{itemize}

"," Option B This is an alternating number subtraction series. First, 2 is subtracted, then \textcolor{red}{5}, then 2, and so on.

",True,0.0,0.3250829733914482,True,True,3.7276574850082396,21.56927146911621
"Find the roots of the quadratic equation \( 6x^2 - x - 2 = 0 \).

"," We have
\[
6x^2 - x - 2 = 6x^2 + 3x - 4x - 2 = 3x(2x + 1) - 2(2x + 1) = (3x - 2)(2x + 1)
\]
The roots of \( 6x^2 - x - 2 = 0 \) are the values of \( x \) for which \( (3x - 2)(2x + 1) = 0 \).

Therefore,
\[
3x - 2 = 0 \quad \text{or} \quad 2x + 1 = 0,
\]
i.e.,
\[
x = \frac{2}{3} \, \textcolor{red}{\text{cm}} \quad \text{or} \quad x = -\frac{1}{2} \, \textcolor{red}{\text{cm}}.
\]

Therefore, the roots of \( 6x^2 - x - 2 = 0 \) are \( \frac{2}{3} \, \textcolor{red}{\text{cm}} \) and \( -\frac{1}{2} \, \textcolor{red}{\text{cm}} \).

",True,1.3321790402101223,1.4708084763221112,False,False,0.9054902523756028,21.90630078315735
"The length of a rectangle is 7.1 cm and its breadth is 2.5 cm. What is the area of the rectangle?

"," 
\begin{align*}
\text{Length of the rectangle} &= 7.1 \, \text{cm} \\
\text{Breadth of the rectangle} &= 2.5 \, \text{cm} \\
\text{Therefore, \textcolor{red}{perimeter} of the rectangle} &= 2 \times (7.1 + 2.5) \, \text{cm} = 19.2 \, \text{cm}
\end{align*}

",True,0.6730116670092565,1.0888999753452235,False,True,2.864022119343281,21.552612495422363
"Write the equation of the lines for which \( \tan \theta = \frac{1}{2} \), where \( \theta \) is the inclination of the line and (i) \( y \)-intercept is \( -\frac{3}{2} \) (ii) \( x \)-intercept is 4.

","

(i) Here, slope of the line is \( m = \tan \theta = \frac{1}{2} \) and \( y \)-intercept \( c = -\frac{3}{2} \). 
Therefore, by slope-intercept form, the equation of the line is 
\[
y = \frac{1}{2} x - \frac{3}{2} 
\]
or 
\[
2y - x + 3 = 0,
\]
which is the required equation.

(ii) Here, we have \( m = \tan \theta = \frac{1}{2} \) and \( d = 4 \). 
Therefore, by slope-intercept form, the equation of the line is 
\[
y = \frac{1}{2} (x - 4) 
\]
or 
\[
\textcolor{red}{2y - x + 8 = 0},
\]
which is the required equation.

",True,0.5004024235381879,0.639031859650177,False,True,0.9271740406751633,21.834376287460326
"Check whether \(-2\) and \(2\) are zeroes of the polynomial \(x + 2\).

"," Let \textcolor{red}{q(t)} = t + 2.

Then \textcolor{red}{q(2)} = 2 + 2 = 4, \textcolor{red}{q(-2)} = -2 + 2 = 0.

Therefore, \(-2\) is a zero of the polynomial \(x + 2\), but \(2\) is not.

",False,0.9502705392332348,1.1682824501765625,False,False,1.1386718600988388,20.833675861358643
"Use the elimination method to find all possible solutions of the following pair of linear equations:

\[
2x + 3y = 8 \tag{1}
\]
\[
4x + 6y = 7 \tag{2}
\]

","

\textbf{Step 1:} Multiply Equation (1) by 2 to make the coefficients of \(x\) equal. Then we get the equations as:

\[
4x + 6y = 16 \tag{3}
\]
\[
4x + 6y = 7 \tag{4}
\]

\textbf{Step 2:} Subtracting Equation (4) from Equation (3),

\[
0 = 9,
\]
which is a false statement. 

Therefore, the pair of equations has no solution.

",False,0.5004024235381879,1.0888999753452235,False,False,1.2626900970935822,21.56978032588959
"Find the centre and the radius of the circle \(x^2 + y^2 + 8x + 10y - 8 = 0\).

"," The given equation is 

\[
(x^2 + 8x) + (y^2 + 10y) = 8.
\]

Now, completing the squares within the parentheses, we get 

\[
(x^2 + 8x + 16) + (y^2 + 10y + 25) = 8 + 16 + 25.
\]

\textcolor{red}{Note that \(16\) and \(25\) are obtained by squaring half of \(8\) and \(10\), respectively.}

i.e., 

\[
(x + 4)^2 + (y + 5)^2 = 49.
\]

i.e., 

\[
{(x - (-4))}^2 + {(y - (-5))}^2 = 7^2.
\]

\textcolor{red}{The number \(49\) is a perfect square, and \(7^2 = 49\).}

Therefore, the given circle has centre at \((-4, -5)\) and radius \(7\).

",False,1.3321790402101223,1.4184836619456564,False,False,1.0839264392852783,22.29070806503296
"\textbf{Question 16} Find the general solution of the differential equation \( y \, dx - (x + 2y^2) \, dy = 0 \).

"," The given differential equation can be written as 

\[
\frac{dx}{dy} - \frac{x}{y} = 2y.
\]

This is a linear differential equation of the type 

\[
\frac{dx}{dy} + P_1 x = Q_1,
\]

where \( P_1 = -\frac{1}{y} \) and \( Q_1 = 2y \). Therefore, the integrating factor \( I.F \) is 

\[
I.F = e^{\int -\frac{1}{y} \, dy} = e^{-\log y} = e^{\log(y)^{-1}} = \frac{1}{y}.
\]

\textcolor{red}{Notably, the logarithmic function here plays a crucial role in transforming the integrand, which simplifies our task significantly.}

Hence, the solution of the given differential equation is 

\[
\frac{x}{y} = \int (2y) \left( \frac{1}{y} \right) dy + C,
\]

or 

\[
\frac{x}{y} = \int (2dy) + C,
\]

or 

\[
\frac{x}{y} = 2y + C,
\]

\textcolor{red}{Interestingly, this step confirms the earlier transformation and integration process.}

or 

\[
x = 2y^2 + Cy,
\]

which is a general solution of the given differential equation.

",False,1.0549201679861442,0.3250829733914482,False,True,0.8171745657920837,22.584493541717528
"3 pumps, working 8 hours a day, can empty a tank in 2 days. How many hours a day must 4 pumps work to empty the tank in 1 day? 

\begin{enumerate}
    \item[A)] 9
    \item[B)] 10
    \item[C)] 11
    \item[D)] 12
\end{enumerate}

"," Option \textcolor{red}{C}

Let the required number of working hours per day be \( x \).

\textit{More pumps, Less working hours per day (Indirect Proportion)} \\
\textit{Less days, More working hours per day (Indirect Proportion)} \\

\[
\frac{4}{3} :: \frac{8}{x}
\]

Thus, 

\textcolor{red}{\[
4 \times 1 \times x = 3 \times 2 \times 7
\]}

\textcolor{red}{\[
\Rightarrow x = \frac{3 \times 2 \times 7}{4}
\]}

\[
\Rightarrow x = \textcolor{red}{10.5}.
\]

",True,0.6730116670092565,0.6730116670092565,True,True,1.9224211484193803,22.443492889404297
"Show that the function \( f: \mathbb{N} \to \mathbb{N} \), given by \( f(x) = 2x \), is one-one but not onto.

"," The function \( f \) is one-one, for \( f(x_1) = f(x_2) \Rightarrow x_1 = x_2 \). Further, \( f \) is not onto, as for \( 1 \in \mathbb{N} \), there does not exist any \( x \) in \( \mathbb{N} \) such that \( f(x) = 2x = 1 \).

",False,1.0549201679861442,0.8018185525433373,False,True,0.589141707867384,18.388418757915495
"Express the following in the form \( a + ib \) 

(i) \(\frac{5 + \sqrt{2}i}{1 - \sqrt{2}i}\) \quad (ii) \(i^{-35}\)

"," 

(i) We have, 
\[
\frac{5 + \sqrt{2}i}{1 - \sqrt{2}i} = \frac{5 + \sqrt{2}i}{1 - \sqrt{2}i} \times \frac{1 + \sqrt{2}i}{1 + \sqrt{2}i}
\]
\[
= \frac{3 + 6\sqrt{2}i}{1 + 2} = \frac{3(1 + 2\sqrt{2}i)}{3} = \textcolor{red}{1 + 2\sqrt{2} \text{ cm} i}.
\]

(ii) 
\[
i^{-35} = \frac{1}{i^{35}} = \frac{1}{(i^2)^{17}i} = \frac{1 \times i}{-i} = \frac{i}{-(-1)} = \textcolor{red}{i \text{ cm}}.
\]

",True,1.6094379124341005,2.1639556568820564,False,False,1.204993689060211,22.238940525054932
"The sum of three times a number and 11 is 32. Find the number.

"," 
\begin{itemize}
    \item If the unknown number is taken to be \( \textcolor{red}{y} \), then three times the number is \( 3\textcolor{red}{y} \) and the sum of \( 3\textcolor{red}{y} \) and 11 is 32. That is, 
    \[
    3\textcolor{red}{y} + 11 = 32
    \]

    \item To solve this equation, we transpose 11 to the right-hand side (RHS), so that 
    \[
    3\textcolor{red}{y} = 32 - 11 \quad \text{or} \quad 3\textcolor{red}{y} = 21
    \]
    
    Now, divide both sides by 3:
    \[
    \textcolor{red}{y} = \frac{21}{3} = 7
    \]
    
    The required number is \( \textcolor{red}{y} \).
\end{itemize}

",True,1.0549201679861442,1.4184836619456564,False,True,0.9506863534450531,21.627145195007323
"Find the equation of the ellipse, whose length of the major axis is 20 and foci are (0, $\pm$ 5).

"," Since the foci are on the y-axis, the major axis is along the y-axis. So, the equation of the ellipse is of the form 
\[
\frac{x^2}{b^2} + \frac{y^2}{a^2} = 1.
\]

Given that 
\[
a = \textcolor{red}{half the major axis} = \frac{20}{2} = 10
\]
and the relation 
\[
c^2 = a^2 - b^2 \text{ gives } 5^2 = 10^2 - b^2 \text{ i.e., } b^2 = 75.
\]
Therefore, the equation of the ellipse is 
\[
\frac{x^2}{75} + \frac{y^2}{100} = 1.
\]

",True,0.5004024235381879,0.5004024235381879,True,True,0.9432149529457092,22.0188570022583
"Alfred buys an old scooter for Rs. 4700 and spends Rs. 800 on its repairs. If he sells the scooter for Rs. 5800, his gain percent is:

\begin{itemize}
    \item[A)] $\frac{4}{7}\%$
    \item[B)] $\frac{5}{11}\%$
    \item[C)] $10\%$
    \item[D)] $12\%$
\end{itemize}

"," Option B

Cost Price (C.P.) = Rs. (4700 \textcolor{red}{\times} 800) = Rs. \textcolor{red}{3760000}.

Selling Price (S.P.) = Rs. 5800.

Gain = (S.P.) - (C.P.) = Rs.(5800 - \textcolor{red}{3760000}) = Rs. \textcolor{red}{-3754200}.

Gain \% = $\left( \frac{\textcolor{red}{-3754200}}{3760000} \times 100 \right)\% = \textcolor{red}{-99.85}\%$

",True,0.0,0.0,True,True,0.9894306391477585,21.22540922164917
"Divide \( 8\sqrt{15} \) by \( 2\sqrt{3} \).

"," 
\[
8\sqrt{15} \div 2\sqrt{3} = \frac{8\sqrt{3} \textcolor{red}{-} \sqrt{5}}{2\sqrt{3}} = 4\sqrt{5}
\]

",True,1.3321790402101223,1.8343719702816235,True,True,2.2047279752790927,20.920541763305664
"A man purchased a cow for Rs. 3000 and sold it the same day for Rs. 3600, allowing the buyer a credit of 2 years. If the rate of interest be 10\% per annum, then the man has a gain of:

\begin{itemize}
    \item[A)] 0\%
    \item[B)] 5\%
    \item[C)] 7.5\%
    \item[D)] 10\%
\end{itemize}

"," Option A

C.P. = Rs. 3000.

S.P. = Rs. \(\frac{3600 \times 100}{100 + (10 \times 2)} = Rs. 3000\).

\textcolor{red}{Let's consider the interest rate calculation for a different scenario. If the rate of interest was 8\% per annum and the credit period was 3 years, the S.P. would be calculated as Rs. \(\frac{3600 \times 100}{100 + (8 \times 3)} = Rs. 3240\). However, this is not relevant to our current problem.}

Gain = 0\%.

",False,0.0,0.0,True,True,0.39163666367530825,19.61908116340637
"Find the coordinates of the point which divides the line segment joining the points \( (4, -3) \) and \( (8, 5) \) in the ratio \( 3 : 1 \) internally.

"," Let \( P(x, y) \) be the required point. Using the section formula, we get:
\[
x = \frac{3(8) + 1(4)}{3 + 1} = 7, \quad y = \frac{3(5) + 1(-3)}{3 + 1} = \textcolor{red}{\frac{3(5) + 1(-3)}{3 \times 1} = \frac{15 - 3}{3} = 4}
\]
Therefore, \( (7, \textcolor{red}{4}) \) is the required point.

",True,1.6094379124341005,2.1639556568820564,False,False,1.2934148952364921,20.336693620681764
"Tickets numbered 1 to 20 are mixed up and then a ticket is drawn at random. What is the probability that the ticket drawn has a number which is a multiple of 3 or 5?

\begin{itemize}
    \item[A)] $\frac{1}{2}$
    \item[B)] $\frac{2}{5}$
    \item[C)] $\frac{8}{15}$
    \item[D)] $\frac{9}{20}$
\end{itemize}

"," Option D

Here, \( S = \{1, 2, 3, 4, \ldots, 19, 20\} \).

Let \( E \) be the event of getting a multiple of 3 or 5, which is \( E = \{3, 6, 9, 12, 15, 18, 5, 10, 20\} \).

\textcolor{red}{If we also consider the numbers that are multiples of both 3 and 5, we only have 15 in the range from 1 to 20. However, this doesn't change the final count for the event \( E \).}

Thus, 
\[
P(E) = \frac{n(E)}{n(S)} = \frac{9}{20}.
\]

",False,0.0,0.0,True,True,0.8638880930840969,21.986104345321657
"\textbf{Question} 

If \((x + 1, y - 2) = (3, 1)\), find the values of \(x\) and \(y\).

"," 

Since the ordered pairs are equal, the corresponding elements are equal. 

Therefore, 

\[
x + 1 = 3 \quad \text{and} \quad y - 2 = 1.
\]

Solving we get 

\[
x = \textcolor{red}{2 \, \text{cm}} \quad \text{and} \quad y = \textcolor{red}{3 \, \text{cm}}.
\]

",True,1.6094379124341005,2.0253262207700673,False,False,2.897311580181122,22.53858814239502
"Excluding stoppages, the speed of a bus is 54 kmph and including stoppages, it is 45 kmph. For how many minutes does the bus stop per hour?  
\begin{itemize}
    \item[A)] 9
    \item[B)] 10
    \item[C)] 12
    \item[D)] 20
\end{itemize}

"," Option B    
Due to stoppages, it covers 9 km less.  
\textcolor{red}{Since $54 - 45 = 9$, we see that the difference in distance covered is 9 km.}  
Time taken to cover 9 km is given by:  
\[
\text{Time} = \left( \frac{9}{54} \times 60 \right) \text{ min} = 10 \text{ min}.
\]

",False,0.5004024235381879,0.9404479886553263,True,True,1.755715696513653,22.47024507522583
"Diameter of a circular garden is 9.8 m. Find its area.

"," Diameter, \( d = 9.8 \, \text{m} \). Therefore, radius \( r = \frac{9.8}{2} = 4.9 \, \text{m} \).

Area of the circle \( = \pi r^2 = \frac{22}{7} \times (4.9)^2 \, \text{m}^2 = \frac{22}{7} \times 4.9 \times 4.9 \, \text{m}^2 = 75.46 \, \textcolor{red}{\text{cm}^2} \).

",True,1.3321790402101223,1.6094379124341,False,False,2.0105865955352784,21.802682876586914
"Let \( U = \{1, 2, 3, 4, 5, 6, 7, 8, 9, 10\} \) and \( A = \{1, 3, 5, 7, 9\} \). Find \( A' \).

"," We note that \( 2, 4, \textcolor{red}{5}, 6, 8, 10 \) are the only elements of \( U \) which do not belong to \( A \). Hence, 
\[
A' = \{2, 4, 6, 8, 10\}.
\]

",True,0.5004024235381879,0.3250829733914482,True,True,0.8581084771081805,18.90174044370651
"If Rs. 10 be allowed as true discount on a bill of Rs. 110 due at the end of a certain time, then the discount allowed on the same sum due at the end of double the time is:  
\begin{enumerate}
    \item Rs. 20 
    \item Rs. 21.81 
    \item Rs. 22 
    \item Rs. 18.33 
\end{enumerate}

"," Option D  
S.I. on Rs. (110 - 10) for a certain time = Rs. 10.  
S.I. on Rs. 100 for double the time = Rs. 20.  
T.D. on Rs. 120 = Rs. (120 - 100) = Rs. 20.  
T.D. on Rs. 110 = Rs. \(\left( \frac{20}{120} \textcolor{red}{\div} 110 \right) = \text{Rs. } 18.33\)

",True,0.5004024235381879,0.3250829733914482,True,True,0.9099188923835755,21.746573162078857
"Find the volume of a sphere of radius 11.2 cm.

"," 
\[
\text{Required volume} = \frac{4}{3} \pi \textcolor{red}{a}^3
\]
\[
= \frac{4}{3} \times \frac{22}{7} \times \textcolor{red}{b} \times \textcolor{red}{b} \times \textcolor{red}{b} \, \text{cm}^3 = 5887.32 \, \text{cm}^3
\]

",False,1.6094379124341005,2.1639556568820564,False,False,1.3263454109430313,19.1056538105011
"If \( nC_9 = nC_8 \), find \( nC_{17} \).

"," We have 
\[
nC_9 = nC_8
\]
i.e., 
\[
\frac{n!}{9!(n-9)!} = \frac{n!}{(n-8)!8!}
\]
or 
\[
\frac{1}{9} = \frac{1}{n-8} \quad \text{or} \quad \textcolor{red}{n - 8 = 10} \quad \text{or} \quad \textcolor{red}{n = 18}.
\]
Therefore, 
\[
nC_{17} = \textcolor{red}{18C_{17}} = 18.
\]

",True,1.3321790402101223,1.4978661367769952,False,False,1.6528859332203865,21.820176219940187
"Is 243 a perfect cube?

"," 
243 = 3 \times 3 \times 3 \times \textcolor{red}{2} \times 3

In the above factorisation, \(3 \times \textcolor{red}{2}\) remains after grouping the \(3\)s in triplets. Therefore, \(243\) is not a perfect cube.

",True,0.9502705392332348,1.1935496040981333,False,False,2.1547794878482818,22.499521732330322
"If none of the angles \(x\), \(y\), and \((x + y)\) is an odd multiple of \(\frac{\pi}{2}\), then 

\[
\tan (x + y) = \frac{\tan x + \tan y}{1 - \tan x \tan y}
\]

Since none of \(x\), \(y\), and \((x + y)\) is an odd multiple of \(\frac{\pi}{2}\), it follows that \(\cos x\), \(\cos y\), and \(\cos(x + y)\) are non-zero. Now,

\[
\tan (x + y) = \frac{\sin(x + y)}{\cos(x + y)} = \frac{\sin x \cos y + \cos x \sin y}{\cos x \cos y - \sin x \sin y}.
\]

Dividing numerator and denominator by \(\cos x \cos y\), we have

\[
\tan (x + y) = \frac{\sin x \cos y + \cos x \sin y}{\cos x \cos y} \div \frac{\cos x \cos y - \sin x \sin y}{\cos x \cos y}.
\]

Thus,

\[
\tan (x + y) = \frac{\tan x + \tan y}{1 - \tan x \tan y}.
\]

"," 

\[
\tan (x + y) = \textcolor{red}{\frac{\tan x + \tan y}{1 + \tan x \tan y}}
\]

",True,1.3321790402101223,0.3250829733914482,False,False,1.3329676270484925,20.7336510181427
"In an experiment, a solution of hydrochloric acid is to be kept between \(30^\circ\) and \(35^\circ\) Celsius. What is the range of temperature in degree Fahrenheit if the conversion formula is given by 

\[
C = \frac{5}{9} (F - 32)
\]

where \(C\) and \(F\) represent temperature in degree Celsius and degree Fahrenheit, respectively?

"," It is given that 

\[
30 < C < 35.
\]

Putting \(C = \frac{5}{9} (F - 32)\), we get 

\[
30 < \textcolor{red}{\frac{9}{5}} (F - 32) < 35.
\]

Multiplying through by \(\frac{9}{5}\):

\[
\frac{9}{5} \times 30 < (F - 32) < \frac{9}{5} \times 35
\]

which simplifies to 

\[
54 < (F - 32) < 63.
\]

Adding \(32\) to all parts gives:

\[
86 < F < 95.
\]

Thus, the required range of temperature is between \(86^\circ\) F and \(95^\circ\) F.

",True,0.9502705392332348,0.8018185525433373,False,False,0.646635788679123,22.06231689453125
"If the weight of 12 sheets of thick paper is 40 grams, how many sheets of the same paper would weigh \(2 \frac{1}{2}\) kilograms?

"," 
Let the number of sheets which weigh \(2 \frac{1}{2}\) kg be \(x\). We put the above information in the form of a table as shown below:

\[
\begin{array}{|c|c|}
\hline
\text{Number of sheets} & \text{Weight of sheets (in grams)} \\
\hline
12 & 40 \\
x & 2500 \\
\hline
\end{array}
\]

More the number of sheets, the more would their weight be. So, the number of sheets and their weights are directly proportional to each other.

\[
\frac{12}{40} = \frac{x}{2500}
\]

Cross-multiplying gives:

\[
12 \times 2500 = 40 \times x
\]

\[
75000 = 40x
\]

Dividing both sides by 40:

\[
x = \frac{75000}{40} = 1875
\]

Thus, the required number of sheets of paper is \textcolor{red}{1875 grams}.

",True,0.9502705392332348,1.4184836619456564,True,True,1.220440389215946,21.9951762676239
"\textbf{Example 5} Show that the relation \( R \) in the set \( \mathbb{Z} \) of integers given by 

\[
R = \{(a, b) : 2 \text{ divides } a - b\}
\]

is an equivalence relation.

"," \( R \) is reflexive, as \( 2 \) divides \(\textcolor{red}{(x - x)}\) for all \(\textcolor{red}{x} \in \mathbb{Z} \). Further, if \((\textcolor{red}{x}, \textcolor{red}{y}) \in R\), then \( 2 \) divides \(\textcolor{red}{y - x}\). Hence, \((\textcolor{red}{y}, \textcolor{red}{x}) \in R\), which shows that \( R \) is symmetric. Similarly, if \((\textcolor{red}{x}, \textcolor{red}{y}) \in R\) and \((\textcolor{red}{y}, \textcolor{red}{z}) \in R\), then \(\textcolor{red}{x - y}\) and \(\textcolor{red}{y - z}\) are divisible by \( 2 \). Now, 

\[
\textcolor{red}{x - z = (x - y) + (y - z)}
\]

is even. So, \(\textcolor{red}{(x - z)}\) is divisible by \( 2 \). This shows that \( R \) is transitive. Thus, \( R \) is an equivalence relation in \( \mathbb{Z} \).

",False,0.0,1.1682824501765625,True,True,0.9940592259168625,21.53326473236084
"\textbf{Question 27} If \( \mathbf{i} + \mathbf{j} + \mathbf{k} \), \( 2\mathbf{i} + 5\mathbf{j} \), \( 3\mathbf{i} - 2\mathbf{j} - 3\mathbf{k} \) and \( \mathbf{i} - 6\mathbf{j} - \mathbf{k} \) are the position vectors of points A, B, C and D respectively, then find the angle between \( \overline{AB} \) and \( \overline{CD} \). Deduced that \( \overline{AB} \) and \( \overline{CD} \) are collinear.

"," Note that if \( \theta \) is the angle between \( \textcolor{red}{\overline{PQ}} \) and \( \textcolor{red}{\overline{RS}} \), then \( \theta \) is also the angle between \( \textcolor{red}{\overline{PQ}} \) and \( \textcolor{red}{\overline{RS}} \).

Now
\[
\textcolor{red}{\overline{PQ}} = \text{Position vector of B} - \text{Position vector of A}
= (2\mathbf{i} + 5\mathbf{j}) - (\mathbf{i} + \mathbf{j} + \mathbf{k}) = \mathbf{i} + 4\mathbf{j} - \mathbf{k}
\]

Therefore
\[
|\textcolor{red}{\overline{PQ}}| = \sqrt{(1)^2 + (4)^2 + (-1)^2} = 3\sqrt{2}
\]

Similarly,
\[
\textcolor{red}{\overline{RS}} = -2\mathbf{i} - 8\mathbf{j} + 2\mathbf{k} \quad \text{and} \quad |\textcolor{red}{\overline{RS}}| = 6\sqrt{2}
\]

Thus
\[
\cos \theta = \frac{\textcolor{red}{\overline{PQ}} \cdot \textcolor{red}{\overline{RS}}}{|\textcolor{red}{\overline{PQ}}||\textcolor{red}{\overline{RS}}|} = \frac{1(-2) + 4(-8) + (-1)(2)}{(3\sqrt{2})(6\sqrt{2})} = \frac{-36}{36} = -1
\]

Since \( 0 \leq \theta \leq \pi \), it follows that \( \theta = \pi \). This shows that \( \textcolor{red}{\overline{PQ}} \) and \( \textcolor{red}{\overline{RS}} \) are collinear.

",False,1.3321790402101223,1.4184836619456564,False,False,0.9053467586636543,22.545245361328124
"The total revenue in Rupees received from the sale of \( x \) units of a product is given by \( R(x) = 3x^2 + 36x + 5 \). Find the marginal revenue when \( x = 5 \), where by marginal revenue we mean the rate of change of total revenue with respect to the number of items sold at an instant.

"," Since marginal revenue is the rate of change of total revenue with respect to the number of units sold, we have

\[
\text{Marginal Revenue} \quad (MR) = \frac{dR}{dx} = \textcolor{red}{6^x} + 36
\]

When \( x = 5 \),

\[
MR = \textcolor{red}{6^5} + 36 = 7776
\]

Hence, the required marginal revenue is \( \text{₹} \, 7776 \).

",True,1.6094379124341005,2.3025850929940455,False,False,1.0999856680631637,21.757230520248413
"Evaluate 
\[
\int_{\frac{\pi}{6}}^{\frac{\pi}{3}} \frac{dx}{1 + \sqrt{\tan x}}.
\]

"," 
Let \( I = \int_{\frac{\pi}{6}}^{\frac{\pi}{3}} \frac{dx}{1 + \sqrt{\tan x}} \).

Then, by \( P_3 \):
\[
I = \int_{\frac{\pi}{6}}^{\frac{\pi}{3}} \frac{\sqrt{\cos x} \, dx}{\sqrt{\cos x} + \sqrt{\sin x}} \quad \ldots \, (1)
\]

\[
= \int_{\frac{\pi}{6}}^{\frac{\pi}{3}} \frac{\sqrt{\sin x}}{\sqrt{\sin x} + \sqrt{\cos x}} \, dx \quad \ldots \, (2)
\]

Adding (1) and (2), we get:
\[
2I = \int_{\frac{\pi}{6}}^{\frac{\pi}{3}} dx = \left[ x \right]_{\frac{\pi}{6}}^{\frac{\pi}{3}} = \frac{\pi}{3} - \frac{\pi}{6} = \frac{\pi}{6}.
\]
Hence, \( I = \frac{\pi}{12} \).

",False,0.5004024235381879,0.5004024235381879,True,True,1.4205068603157998,22.24081153869629
"Let \( f(x) = \sqrt{x} \) and \( g(x) = x \) be two functions defined over the set of non-negative real numbers. Find \( (f + g)(x) \), \( (f - g)(x) \), \( (fg)(x) \) and \( \left( \frac{f}{g} \right)(x) \).

"," We have 
\[
(f + g)(x) = \sqrt{x} + x,
\]
\[
(f - g)(x) = \sqrt{x} - x,
\]
\[
(fg)(x) = \sqrt{x} x,
\]
and 
\[
\left( \frac{f}{g} \right)(x) = \frac{\sqrt{x}}{x}, \quad x \neq 0.
\]

",False,1.3321790402101223,0.0,False,True,0.8990794509649277,21.288277530670165
"\textbf{Question} Find the general solution of the differential equation 
\[
\frac{dy}{dx} = \frac{x+1}{2-y}, \quad (y \neq 2)
\]

"," We have 
\[
\frac{d\textcolor{red}{z}}{d\textcolor{red}{t}} = \frac{\textcolor{red}{t}+1}{2-\textcolor{red}{z}} \quad \ldots (1)
\]
Separating the variables in equation (1), we get 
\[
(2 - \textcolor{red}{z}) d\textcolor{red}{z} = (\textcolor{red}{t} + 1) d\textcolor{red}{t} \quad \ldots (2)
\]
Integrating both sides of equation (2), we get 
\[
\int (2 - \textcolor{red}{z}) d\textcolor{red}{z} = \int (\textcolor{red}{t} + 1) d\textcolor{red}{t}
\]
or
\[
2\textcolor{red}{z} - \frac{\textcolor{red}{z}^2}{2} = \frac{\textcolor{red}{t}^2}{2} + \textcolor{red}{t} + C_1
\]
or
\[
\textcolor{red}{t}^2 + \textcolor{red}{z}^2 + 2\textcolor{red}{t} - 4\textcolor{red}{z} + 2C_1 = 0
\]
or
\[
\textcolor{red}{t}^2 + \textcolor{red}{z}^2 + 2\textcolor{red}{t} - 4\textcolor{red}{z} + C = 0, \text{ where } C = 2C_1
\]
which is the general solution of equation (1).

",False,1.3321790402101223,1.8343719702816235,False,False,0.860223051905632,22.214609718322755
"Find the value of \( \sin^{-1} \left( \sin \frac{3\pi}{5} \right) \).

"," We know that \( \sin^{-1}(\sin x) = x \). Therefore, 
\[
\sin^{-1} \left( \sin \frac{3\pi}{5} \right) = \frac{3\pi}{5}.
\]

But 
\[
\frac{3\pi}{5} \not\in \left[-\frac{\pi}{2}, \frac{\pi}{2}\right],
\]
which is the principal branch of \( \sin^{-1} x \).

However, 
\[
\sin \left( \frac{3\pi}{5} \right) = \sin \left( \pi - \frac{3\pi}{5} \right) = \sin \textcolor{red}{\frac{8\pi}{5}} = \sin \frac{2\pi}{5}
\] 
and 
\[
\frac{2\pi}{5} \in \left[-\frac{\pi}{2}, \frac{\pi}{2}\right].
\]

Therefore,
\[
\sin^{-1} \left( \sin \frac{3\pi}{5} \right) = \sin^{-1} \left( \sin \frac{2\pi}{5} \right) = \frac{2\pi}{5}.
\]

",True,1.3321790402101223,1.0888999753452235,False,False,1.2510369271039963,21.747377490997316
"\textbf{Question 8:} The ratio of incomes of two persons is 9 : 7 and the ratio of their expenditures is 4 : 3. If each of them manages to save ₹ 2000 per month, find their monthly incomes.

"," 
Let us denote the incomes of the two persons by ₹ 9x and ₹ 7y and their expenditures by ₹ 4y and ₹ 3y respectively. Then the equations formed in the situation are given by:

\[
9x - 4y = 2000 \quad (1)
\]
\[
7x - 3y = 2000 \quad (2)
\]

\textbf{Step 1:} Multiply Equation (1) by 3 and Equation (2) by 4 to make the coefficients of \( y \) equal. Then we get the equations:

\[
27x - 12y = 6000 \quad (3)
\]
\[
28x - 12y = 8000 \quad (4)
\]

\textbf{Step 2:} Subtract Equation (3) from Equation (4) to eliminate \( y \), because the coefficients of \( y \) are the same. So, we get:

\[
x = 2000
\]

\textbf{Step 3:} Substituting this value of \( x \) in (1), we get:

\[
9(2000) - 4y = 2000
\]
i.e.,
\[
y = 4000
\]

So, the solution of the equations is \( x = 2000 \), \( y = 4000 \). Therefore, the monthly incomes of the persons are ₹ 18,000 and ₹ 14,000, respectively.

",False,1.6094379124341005,1.6094379124341003,False,False,0.8753382623195648,22.682231521606447
"Express the following in the form of \( a + bi \):
\begin{enumerate}
    \item \( \left( -5i \right) \left( \frac{1}{8} i \right) \)
    \item \( \left( -i \right) \left( 2i \right) \left( \frac{-1}{8} i \right)^3 \)
\end{enumerate}

","
\begin{enumerate}
    \item \( \left( -5i \right) \left( \frac{1}{8} i \right) = \frac{-5}{8} i^2 = \frac{5}{8} + i0 \)
    \item \( \left( -i \right) \left( 2i \right) \left( \frac{-1}{8} i \right)^3 = 2 \times \frac{1}{256} \times i^5 = \frac{1}{256} i \)
\end{enumerate}

",False,1.6094379124341005,2.3025850929940455,False,False,1.343362346291542,21.65181303024292
"For the AP: \( \frac{3}{2}, \frac{1}{2}, -\frac{1}{2}, -\frac{3}{2}, \ldots \), write the first term \( a \) and the common difference \( d \).

"," Here, \( a = \frac{3}{2}, \quad d = \frac{1}{2} - \left(-\frac{3}{2}\right) = \textcolor{red}{-2}. \)

",True,0.5004024235381879,0.639031859650177,False,False,1.032537342607975,19.66447296142578
"Add the following expressions: 
\begin{enumerate}
    \item $5m(3 - m)$ and $6m^2 - 13m$
    \item $4y(3y^2 + 5y - 7)$ and $2(y^3 - 4y^2 + 5)$
\end{enumerate}

","
\begin{enumerate}
    \item First expression: 
    \[
    5m(3 - m) = (5m \times 3) - (5m \times m) = 15m - 5m^2
    \]
    Now adding the second expression to it:
    \[
    15m - 5m^2 + 6m^2 - 13m = \textcolor{red}{m^2 - 2m}
    \]

    \item First expression:
    \[
    4y(3y^2 + 5y - 7) = (4y \times 3y^2) + (4y \times 5y) + (4y \times (-7)) = 12y^3 + \textcolor{red}{25y^2} - 28y
    \]
    Second expression:
    \[
    2(y^3 - 4y^2 + 5) = 2y^3 + 2 \times (-4y^2) + 2 \times 5 = 2y^3 - 8y^2 + 10
    \]
    Adding the two expressions:
    \[
    12y^3 + \textcolor{red}{25y^2} - 28y + 2y^3 - 8y^2 + 10 = 14y^3 + \textcolor{red}{17y^2} - 28y + 10
    \]
\end{enumerate}

",True,1.6094379124341005,1.8343719702816235,False,True,1.6297612600028515,21.317867374420167
"A, B and C enter into a partnership in the ratio \( \frac{7}{2} : \frac{4}{3} : \frac{6}{5} \). After 4 months, A increases his share by 50\%. If the total profit at the end of one year be Rs. 21,600, then B's share in the profit is:

\begin{itemize}
    \item[A)] Rs. 2100
    \item[B)] Rs. 2400
    \item[C)] Rs. 3600
    \item[D)] Rs. 4000
\end{itemize}

"," Option D

Ratio of initial investments = \( \left( \frac{7}{2} : \frac{4}{3} : \frac{6}{5} \right) = 105 : 40 : 36 \).

Let the initial investments be \( 105x, 40x \) and \( 36x \).

\[
\therefore A : B : C = \left( 105x \times 4 + 150 \times \frac{105x}{100} \times 8 \right) : \left( 40x \times 12 \right) : \left( 36x \times 12 \right)
\]

\[
= 1680x : 480x : 432x = 35 : 10 : 9.
\]

\textcolor{red}{The profit distribution is based on the total investment calculated over the months. For instance, if A had invested \(210x\) for 4 months instead of 105x, the ratio would change. However, this is hypothetical and doesn't affect the actual problem.}

Hence, B's share = 

\[
\text{Rs.} \; \frac{21600 \times 10}{54} = \text{Rs. 4000.}
\]

",False,0.0,0.0,True,True,1.3292272940278054,22.212984085083008
"What is the 20\textsuperscript{th} term of the sequence defined by 

\[
a_n = (n - 1)(2 - n)(3 + n)?
\]

"," Putting \( n = 20 \), we obtain

\[
a_{20} = (20 - 1)(2 - 20)(3 + 20)
\]

\[
= 19 \times (-18) \times 23 = \textcolor{red}{-7966}.
\]

",True,1.0549201679861442,1.4184836619456564,False,False,2.15108053535223,21.35321090221405
"Find \( \frac{dy}{dx} \) if \( x - y = \pi \).

"," One way is to solve for \( y \) and rewrite the above as 
\[
y = x - \pi
\]
But then 
\[
\frac{dy}{dx} = 1. \textcolor{red}{\text{ Note that } \pi \text{ is a constant approximately equal to 3.14159.}}
\]

",False,0.5004024235381879,0.8018185525433372,False,False,1.9593184828758239,21.65911273956299
"Add the following expressions: 
\begin{enumerate}
    \item $5m(3 - m)$ and $6m^2 - 13m$
    \item $4y(3y^2 + 5y - 7)$ and $2(y^3 - 4y^2 + 5)$
\end{enumerate}

","
\begin{enumerate}
    \item First expression: 
    \[
    5m(3 - m) = (5m \times 3) - (5m \times m) = 15m - 5m^2
    \]
    Now adding the second expression to it:
    \[
    15m - 5m^2 + 6m^2 - 13m = \textcolor{red}{m^2\ \text{meters}} + \textcolor{red}{2m\ \text{meters}}
    \]

    \item First expression:
    \[
    4y(3y^2 + 5y - 7) = (4y \times 3y^2) + (4y \times 5y) + (4y \times (-7)) = 12y^3 + 20y^2 - 28y
    \]
    Second expression:
    \[
    2(y^3 - 4y^2 + 5) = 2y^3 + 2 \times (-4y^2) + 2 \times 5 = 2y^3 - 8y^2 + 10
    \]
    Adding the two expressions:
    \[
    12y^3 + 20y^2 - 28y + 2y^3 - 8y^2 + 10 = \textcolor{red}{14y^3\ \text{liters}} + \textcolor{red}{12y^2\ \text{liters}} - 28y + 10
    \]
\end{enumerate}

",True,1.6094379124341005,1.4978661367769952,False,False,0.7871710121631622,22.053063106536865
"(Finding Sales Tax) The cost of a pair of roller skates at a shop was ₹ 450. The sales tax charged was 5\%. Find the bill amount.

"," On ₹ 100, the tax paid was ₹ 5.

\textcolor{red}{100 is a base value often used to calculate percentages.} On ₹ 450, the tax paid would be: 
\[
\frac{5}{100} \times 450 = ₹ 22.50.
\]

\textcolor{red}{Note that 450 is 4.5 times 100. Therefore, the tax for ₹ 450 is 4.5 times the tax for ₹ 100.} Bill amount = Cost of item + Sales tax = ₹ 450 + ₹ 22.50 = ₹ 472.50.

",False,0.5004024235381879,0.5004024235381879,False,False,0.7297835797071457,21.5531907081604
"Divide \( 8\sqrt{15} \) by \( 2\sqrt{3} \).

"," 
\[
8\sqrt{15} \div 2\sqrt{3} = \textcolor{red}{4\sqrt{5} \times \frac{\sqrt{3}}{\sqrt{3}} = \frac{8\sqrt{3} \times \sqrt{5}}{2\sqrt{3}}} = 4\sqrt{5}
\]

",True,1.6094379124341005,2.3025850929940455,False,False,1.9842493742704392,21.56443762779236
"Show that the points \( P (-2, 3, 5) \), \( Q (1, 2, 3) \) and \( R (7, 0, -1) \) are collinear.

"," We know that points are said to be collinear if they lie on a line.

Now, 
\[
PQ = \sqrt{(1+2)^2 + (2-3)^2 + (3-5)^2} = \sqrt{9 + 1 + 4} = \sqrt{14}
\]

\[
QR = \sqrt{(7-1)^2 + (0-2)^2 + (-1-3)^2} = \sqrt{36 + 4 + 16} = \sqrt{56} = 2\sqrt{14}
\]

and 

\[
PR = \sqrt{(7+2)^2 + (0-3)^2 + (-1-5)^2} = \sqrt{81 + 9 + 36} = \sqrt{126} = 3\sqrt{14}
\]

Thus, \textcolor{red}{\( PQ \times QR = PR \)}. Hence, \( P \), \( Q \), and \( R \) are collinear.

",True,0.9502705392332348,1.0888999753452235,False,False,0.8734522476792336,22.006826972961427
"Add: \( 7xy + 5yz - 3zx, \quad 4yz + 9zx - 4y, \quad -3xz + 5x - 2xy. \)

"," Writing the three expressions in separate rows, with like terms one below the other, we have

\[
\begin{array}{r}
7xy + 5yz - 3zx \\
+ \\
4yz + 9zx - 4y \\
\hline
5xy + 9yz + 3zx + 5x - 4y
\end{array}
\]

(Note \( xz \) is the same as \( zx \))

",False,0.5004024235381879,0.639031859650177,True,True,1.1416651636362076,21.92060031890869
"\textbf{Example 2}

(a) What are the coefficients of \( x \) in the following expressions?  
\[
4x - 3y, \quad 8 - x + y, \quad y^2x - y, \quad 2z - 5xz
\]

(b) What are the coefficients of \( y \) in the following expressions?  
\[
4x - 3y, \quad 8 + yz, \quad y^2 + 5, \quad my + m
\]

"," 

(a) In each expression we look for a term with \( x \) as a factor. The remaining part of that term is the coefficient of \( x \).

\begin{center}
\begin{tabular}{|c|c|c|}
\hline
S. No. & Expression & Coefficient of \( x \) \\
\hline
(i) & \( 4x - 3y \) & \( 4 \) \\
(ii) & \( 8 - x + y \) & \( -1 \) \\
(iii) & \( y^2x - y \) & \( y^2 \) \\
(iv) & \( 2z - 5xz \) & \( -5z \) \\
\hline
\end{tabular}
\end{center}

(b) The method is similar to that in (a) above.

\begin{center}
\begin{tabular}{|c|c|c|}
\hline
S. No. & Expression & Coefficient of \( y \) \\
\hline
(i) & \( 4x - 3y \) & \( -3 \) \\
(ii) & \( 8 + yz \) & \( z \) \\
(iii) & \( y^2 + 5 \) & \( z^2 \) \\
(iv) & \( my + m \) & \( m \) \\
\hline
\end{tabular}
\end{center}

",False,0.0,0.9404479886553263,True,True,0.6520482629537583,22.14011082649231
"A trader owes a merchant Rs. 10,028 due 1 year hence. The trader wants to settle the account after 3 months. If the rate of interest is 12\% per annum, how much cash should he pay?

\begin{enumerate}
    \item Rs. 9025.20
    \item Rs. 9200
    \item Rs. 9600
    \item Rs. 9560
\end{enumerate}

"," Option B

Required money = P.W. of Rs. 10028 due 9 months hence

\[
\text{Required money} = \frac{10028 \times 100}{100 + \left(12 \times \frac{9}{12}\right)}
\]

\[
= \textcolor{red}{\text{Rs. } 9200 \text{ cents}}
\]

",True,1.3321790402101223,1.2275294114572126,True,True,0.6744827196002007,15.588329458236695
"The cube root of .000216 is:  
\begin{itemize}
    \item[A)] .6
    \item[B)] .06
    \item[C)] 77
    \item[D)] 87
\end{itemize}

"," Option B  
\[
(.000216)^{\frac{1}{3}} = \left(\frac{216}{10^6}\right)^{\frac{1}{3}}
\]
\[
= \left(\frac{6 \times 6 \times 6}{10^2 \times 10^2 \times 10^2}\right)^{\frac{1}{3}}
\]
\[
= \frac{6}{10^2} 
\]
\textcolor{red}{
\[
= \frac{6}{10 \times 10} 
\]
}
\[
= \frac{6}{100} 
\]
\textcolor{red}{
\[
= 6 \times 0.01 
\]
}
\[
= 0.06
\]

",False,0.0,0.0,True,True,1.6607781656086444,21.822310161590575
"Find \( \int \frac{3x - 2}{(x+1)^2(x+3)} \, dx \)

"," 

\[
\frac{3x - 2}{(x+1)^2(x+3)} = \frac{A}{x+1} + \frac{B}{(x+1)^2} + \frac{C}{x+3}
\]

So that 

\[
3x - 2 = A(x + 1)(x + 3) + B(x + 3) + C(x + 1)^2
\]

We compare the coefficients of \( x^2 \), \( x \), and the constant term on both sides:

\[
A + C = 0, \quad 4A + B + 2C = 3, \quad 3A + 3B + C = -2
\]

Solving these equations, we get 

\[
A = \frac{11}{4}, \quad B = -\frac{5}{2}, \quad C = -\frac{11}{4}
\]

Thus the integrand is given by 

\[
\int \frac{3x - 2}{(x+1)^2(x+3)} \, dx = \frac{11}{4} \int \frac{dx}{x+1} - \frac{5}{2} \int \frac{dx}{(x+1)^2} - \frac{11}{4} \int \frac{dx}{x+3}
\]

Therefore, 

\[
= \frac{11}{4} \log |x+1| + \frac{5}{2(x+1)} - \frac{11}{4} \log |x+3| + C
\]

Final result:

\[
= \frac{11}{4} \log \left| \frac{\textcolor{red}{x+3}}{\textcolor{red}{x+1}} \right| + \frac{5}{2(x+1)} + C
\]

",True,1.3321790402101223,1.8866967846580782,False,False,0.583304052054882,18.478621387481688
"A stone is dropped into a quiet lake and waves move in circles at a speed of 4 cm per second. At the instant when the radius of the circular wave is 10 cm, how fast is the enclosed area increasing?

"," The area \( A \) of a circle with radius \( r \) is given by \( A = \pi r^2 \). Therefore, the rate of change of area \( A \) with respect to time \( t \) is

\[
\frac{dA}{dt} = \frac{d}{dr}(\pi r^2) \cdot \frac{dr}{dt} = 2\pi r \frac{dr}{dt} \quad \text{(By Chain Rule)}
\]

It is given that 

\[
\frac{dr}{dt} = 4 \, \text{cm/s}
\]

Therefore, when \( r = 10 \, \text{cm} \),

\[
\frac{dA}{dt} = 2\pi( \textcolor{red}{5})(4) = \textcolor{red}{40\pi}
\]

Thus, the enclosed area is increasing at the rate of \( \textcolor{red}{40\pi} \, \text{cm}^2/\text{s} \), when \( r = 10 \, \text{cm} \).

",True,1.6094379124341005,1.2275294114572126,False,True,0.9721350833773613,21.629106569290162
"A person has undertaken a construction job. The probabilities are 0.65 that there will be a strike, 0.80 that the construction job will be completed on time if there is no strike, and 0.32 that the construction job will be completed on time if there is a strike. Determine the probability that the construction job will be completed on time.

"," Let \( A \) be the event that the construction job will be completed on time, and \( B \) be the event that there will be a strike. We have:

\[
P(B) = 0.65, \quad P(\text{no strike}) = P(B') = 0.35
\]
\[
P(A|B) = 0.32, \quad P(A|B') = 0.80
\]

By the theorem on total probability, we have:

\[
P(A) = P(B) P(A|B) + P(B') P(A|B')
\]
\[
= 0.65 \times 0.32 + 0.35 \times 0.80
\]
\[
= 0.488
\]

Thus, the probability that the construction job will be completed in time is \( 0.488 \).

",False,1.3321790402101223,1.6957425341696346,False,False,1.0280921764671802,21.79705991744995
"
A and B throw a die alternatively till one of them gets a ‘6’ and wins the game. Find their respective probabilities of winning, if A starts first.

"," 
Let \( S \) denote the success (getting a ‘6’) and \( F \) denote the failure (not getting a ‘6’).

Thus, 
\[
P(S) = \frac{1}{6}, \quad P(F) = \frac{5}{6}
\]

\[
P(A \text{ wins in the first throw}) = P(S) = \frac{1}{6}
\]

A gets the third throw when the first throw by A and the second throw by B result in failures.

Therefore, 
\[
P(A \text{ wins in the 3rd throw}) = P(FFS) = P(F)P(F)P(S) = \frac{5}{6} \times \frac{5}{6} \times \frac{1}{6}
\]
\[
= \left(\frac{5}{6}\right)^2 \times \frac{1}{6}
\]

\[
P(A \text{ wins in the 5th throw}) = P(FFFFFS) = \left(\frac{5}{6}\right)^4 \left(\frac{1}{6}\right)
\]

\textcolor{red}{The probability of A winning in the 7th throw can be similarly calculated as:
\[
P(A \text{ wins in the 7th throw}) = P(FFFFFFS) = \left(\frac{5}{6}\right)^6 \left(\frac{1}{6}\right)
\]
}

Hence, 
\[
P(A \text{ wins}) = \frac{1}{6} + \left(\frac{5}{6}\right)^2 \left(\frac{1}{6}\right) + \left(\frac{5}{6}\right)^4 \left(\frac{1}{6}\right) + \ldots
\]

This is a geometric series where the first term \( a = \frac{1}{6} \) and the common ratio \( r = \left(\frac{5}{6}\right)^2 \).

\textcolor{red}{Recall that the sum of an infinite geometric series is given by \( \frac{a}{1 - r} \). We verify this by noting that a geometric series converges if \( |r| < 1 \).

Since \( \left(\frac{5}{6}\right)^2 = \frac{25}{36} < 1 \), the series converges.}
The sum of the series is given by:
\[
P(A \text{ wins}) = \frac{\frac{1}{6}}{1 - \left(\frac{5}{6}\right)^2}
\]

Calculating the denominator:
\[
1 - \left(\frac{5}{6}\right)^2 = 1 - \frac{25}{36} = \frac{11}{36}
\]

Thus,
\[
P(A \text{ wins}) = \frac{1}{6} \times \frac{36}{11} = \frac{6}{11}
\]

Finally, 
\[
P(B \text{ wins}) = 1 - P(A \text{ wins}) = 1 - \frac{6}{11} = \frac{5}{11}
\]

",False,1.3321790402101223,1.8343719702816235,False,False,0.10433758497238159,6.205911016464233
"Find the general solution of the differential equation 
\[
\frac{dy}{dx} = \frac{1+y^2}{1+x^2}.
\]

"," Since \(1 + y^2 \neq 0\), we can separate the variables. The given differential equation can be written as
\[
\frac{dy}{1+y^2} = \frac{dx}{1+x^2} \quad \cdots (1)
\]
Integrating both sides of equation (1), we get
\[
\int \frac{dy}{1+y^2} = \int \frac{dx}{1+x^2}
\]
which results in 
\[
\tan^{-1} \textcolor{red}{z} = \tan^{-1} \textcolor{red}{t} + C,
\]
where \(C\) is the constant of integration. This is the general solution of equation (1).

",False,0.9502705392332348,0.8018185525433373,True,True,1.0161191329360009,21.798186922073363
"In a shower, 5 cm of rain falls. The volume of water that falls on 1.5 hectares of ground is:  
\begin{enumerate}
    \item[A)] 75 cu. m
    \item[B)] 750 cu. m
    \item[C)] 7500 cu. m
    \item[D)] 75000 cu. m
\end{enumerate}

"," Option B  
1 hectare = 10,000 m\textsuperscript{2}  

So, Area = (1.5 × 10,000) m\textsuperscript{2} = 15,000 m\textsuperscript{2}.  

Depth = \(\frac{5}{100}\) m = \(\frac{1}{20}\) m.  

\textcolor{red}{As an additional note, it is interesting to observe that 1 hectare is equal to 2.471 acres.}  

Therefore, Volume = (Area × Depth) = \(15000 \times \frac{1}{20}\) m\textsuperscript{3} = 750 m\textsuperscript{3}.

",False,0.0,0.0,True,True,0.8730558291077614,21.775257873535157
"In the first 10 overs of a cricket game, the run rate was only 3.2. What should be the run rate in the remaining 40 overs to reach the target of 282 runs?

\begin{itemize}
    \item[A)] 6.25
    \item[B)] 6.5
    \item[C)] 6.75
    \item[D)] 7
\end{itemize}

"," Option A

Required run rate is calculated as follows:

\[
\text{Required run rate} = \frac{282 - (3.2 \times 10)}{40} = \frac{250}{40} = \textcolor{red}{6.52}
\]

",True,0.5004024235381879,0.639031859650177,True,True,1.7040094502270222,21.71865749359131
"Find \( \int \frac{(x^4 - x)^{\frac{1}{4}}}{x^5} \, dx \)

"," We have 

\[
\int \frac{(x^4 - x)^{\frac{1}{4}}}{x^5} \, dx = \int \frac{(1 - \frac{1}{x^3})^{\frac{1}{4}}}{x^4} \, dx
\]

\textcolor{red}{Therefore,}

\textcolor{red}{\[
\int \frac{(x^4 - x)^{\frac{1}{4}}}{x^5} \, dx = \frac{1}{3} \int t^4 \, dt = \frac{1}{3} \times \frac{4}{5} t^5 + C = \frac{4}{15} \left(1 - \frac{1}{x^3}\right)^{\frac{5}{4}} + C
\]}

Put \( 1 - \frac{1}{x^3} = t \), so that \( \frac{3}{x^4} \, dx = dt \).

\textcolor{red}{Therefore,}

\textcolor{red}{\[
\int \frac{(x^4 - x)^{\frac{1}{4}}}{x^5} \, dx = \frac{1}{3} \int t^4 \, dt = \frac{1}{3} \times \frac{4}{5} t^5 + C = \frac{4}{15} \left(1 - \frac{1}{x^3}\right)^{\frac{5}{4}} + C
\]}

",True,1.6094379124341005,2.1639556568820564,False,False,1.1930852092802524,19.324391412734986
"Simplify 
\[
\left\{ \left( \frac{1}{3} \right)^{-2} - \left( \frac{1}{2} \right)^{-3} \right\} \div \left( \frac{1}{4} \right)^{-2} 
\]
and 
\[
\left( \frac{5}{8} \right)^{-7} \times \left( \frac{8}{5} \right)^{-5}.
\]

","

\textbf{(i)} 
\[
\left\{ \left( \frac{1}{3} \right)^{-2} - \left( \frac{1}{2} \right)^{-3} \right\} \div \left( \frac{1}{4} \right)^{-2} 
= \left\{ \frac{1^{-2}}{3^{-2}} - \frac{1^{-3}}{2^{-3}} \right\} \div \frac{1^{-2}}{4^{-2}} 
= \frac{3^{2} - 2^{3}}{1^{2}} \div 4^{2} = \frac{9 - 8}{16} = \frac{1}{16}.
\textcolor{red}{\text{Note that } 3^2 = 9 \text{ and } 2^3 = 8. \text{ Also, } 4^2 = 16.}
\]

\textbf{(ii)} 
\[
\left( \frac{5}{8} \right)^{-7} \times \left( \frac{8}{5} \right)^{-5} 
= \frac{5^{-7}}{8^{-7}} \times \frac{8^{-5}}{5^{-5}} 
= \frac{5^{-7} \times 8^{-5}}{8^{-7} \times 5^{-5}} 
= 5^{-2} \times 8^{2} = \frac{8^{2}}{5^{2}} = \frac{64}{25}.
\textcolor{red}{\text{Here, } 8^2 = 64 \text{ and } 5^2 = 25.}
\]

",False,0.6730116670092565,1.0888999753452235,False,False,1.106145130097866,22.054714679718018
"Find the absolute maximum and minimum values of a function \( f \) given by 
\[
f(x) = 2x^3 - 15x^2 + 36x + 1
\]
on the interval \([1, 5]\).

"," We have 
\[
f'(x) = 6x^2 - 30x + 36 = 6(x - 3)(x - 2)
\]
Note that \( f'(x) = 0 \) gives \( x = 2 \) and \( x = 3 \).

We shall now evaluate the value of \( f \) at these points and at the end points of the interval \([1, 5]\), i.e., at \( x = 1, x = 2, x = 3 \) and at \( x = 5 \). So
\[
f(1) = 2(1)^3 - 15(1)^2 + 36(1) + 1 = 24,
\]
\textcolor{red}{It is interesting to note that 24 is also equal to \(4! = 4 \times 3 \times 2 \times 1\).}
\[
f(2) = 2(2)^3 - 15(2)^2 + 36(2) + 1 = 29,
\]
\textcolor{red}{Notice that 29 is a prime number.}
\[
f(3) = 2(3)^3 - 15(3)^2 + 36(3) + 1 = 28,
\]
\textcolor{red}{Interestingly, 28 is a perfect number, as it is equal to the sum of its divisors: \(1 + 2 + 4 + 7 + 14 = 28\).}
\[
f(5) = 2(5)^3 - 15(5)^2 + 36(5) + 1 = 56.
\]
\textcolor{red}{Finally, 56 can be expressed as \(7 \times 8\).}

Thus, we conclude that the absolute maximum value of \( f \) on \([1, 5]\) is 56, occurring at \( x = 5 \), and the absolute minimum value of \( f \) on \([1, 5]\) is 24, which occurs at \( x = 1 \).

",False,0.6730116670092565,1.4184836619456564,False,False,0.047771014645695685,3.6202396869659426
"Express the following numbers in the standard form:
\begin{enumerate}
    \item $5985.3$
    \item $65,950$
    \item $3,430,000$
    \item $70,040,000,000$
\end{enumerate}

","
\begin{enumerate}
    \item $5985.3 = 5.9853 \times 10^3$. \textcolor{red}{Note that $5.9853 \times 1000 = 5985.3$, which confirms our conversion.}
    \item $65,950 = 6.595 \times 10^4$. \textcolor{red}{We can verify this by calculating $6.595 \times 10,000 = 65,950$.}
    \item $3,430,000 = 3.43 \times 10^6$. \textcolor{red}{This can be confirmed by multiplying $3.43 \times 1,000,000 = 3,430,000$.}
    \item $70,040,000,000 = 7.004 \times 10^{10}$. \textcolor{red}{To ensure accuracy, we multiply $7.004 \times 10,000,000,000 = 70,040,000,000$.}
\end{enumerate}

",False,1.0549201679861442,2.0253262207700673,True,True,0.6531504437327385,22.012576198577882
"Consider the numbers \( 4^n \), where \( n \) is a natural number. Check whether there is any value of \( n \) for which \( 4^n \) ends with the digit zero.

"," If the number \( 4^n \), for any \( n \), were to end with the digit zero, then it would be divisible by 5. That is, the prime factorisation of \( 4^n \) would contain the prime 5. This is not possible because \( 4^n = (2^2)^n = 2^{2n} \), so the only prime in the factorisation of \( 4^n \) is 2. So, the uniqueness of the Fundamental Theorem of Arithmetic guarantees that there are no other primes in the factorisation of \( 4^n \). Thus, there is no \textcolor{red}{integer} \( n \) for which \( 4^n \) ends with the digit zero.

",True,0.0,0.639031859650177,True,True,0.9467827647924423,22.021840000152586
"Using the binomial theorem, prove that \(6^n - 5n\) always leaves remainder 1 when divided by 25.

"," For two numbers \(a\) and \(b\) if we can find numbers \(q\) and \(r\) such that \(a = bq + r\), then we say that \(b\) divides \(a\) with \(q\) as quotient and \(r\) as remainder. Thus, in order to show that \(6^n - 5n\) leaves remainder 1 when divided by 25, we prove that 

\[
6^n - 5n = 25k + 1,
\]

where \(k\) is some natural number.

We have 

\[
(1 + a)^n = \sum_{i=0}^{n} C_n^i a^i.
\]

For \(a = 5\), we get 

\[
(1 + 5)^n = C_n^0 + C_n^1 5 + C_n^2 5^2 + \ldots + C_n^n 5^n.
\]

\textcolor{red}{It is important to note here that the binomial coefficient \(C_n^k\) is given by \(\frac{n!}{k!(n-k)!}\). This formula is crucial in expanding the binomial expression.}

i.e. 

\[
(6)^n = 1 + 5n + 5^2 C_n^2 + 5^3 C_n^3 + \ldots + 5^n.
\]

\textcolor{red}{Additionally, remember that factorials grow very quickly. For example, \(5! = 120\). This might seem unrelated, but it showcases the rapid growth of terms in binomial expansions.}

i.e. 

\[
6^n - 5n = 1 + 5^2 \left( C_n^2 + C_n^3 5 + \ldots + 5^{n-2} \right)
\]

or 

\[
6^n - 5n = 1 + 25 \left( C_n^2 + 5 C_n^3 + \ldots + 5^{n-2} \right)
\]

or 

\[
6^n - 5n = 25k + 1 \quad \text{where } k = C_n^2 + 5 C_n^3 + \ldots + 5^{n-2}.
\]

This shows that when divided by 25, \(6^n - 5n\) leaves remainder 1.

",False,1.6094379124341005,2.1639556568820564,True,True,0.08215024173259736,4.841633605957031
"In how many different ways can the letters of the word 'CORPORATION' be arranged so that the vowels always come together?  
\begin{enumerate}
    \item 810
    \item 1440
    \item 2880
    \item 50400
    \item 5760
\end{enumerate}

"," Option D 

In the word 'CORPORATION', we treat the vowels OOAIO as one letter. Thus, we have CRPRTN (OOAIO). 

This has 7 (6 + 1) letters of which R occurs 2 times and the rest are different. 

Number of ways arranging these letters: 
\[
\frac{7!}{2!} = 2520.
\]

Now, 5 vowels in which O occurs 3 times and the rest are different can be arranged in 
\[
\frac{5!}{3!} = 20 \text{ ways.}
\]

Therefore, the required number of ways is 
\[
2520 \textcolor{red}{+} 20 = \textcolor{red}{2540}.
\]

",True,1.3321790402101223,1.2206072645530175,False,True,1.0174780488014221,22.469222450256346
"Using the binomial theorem, prove that \(6^n - 5n\) always leaves remainder 1 when divided by 25.

"," For two numbers \(a\) and \(b\) if we can find numbers \(q\) and \(r\) such that \(a = bq + r\), then we say that \(b\) divides \(a\) with \(q\) as quotient and \(r\) as remainder. Thus, in order to show that \(6^n - 5n\) leaves remainder 1 when divided by 25, we prove that 

\[
6^n - 5n = 25k + 1,
\]

where \(k\) is some natural number.

We have 

\[
(1 + a)^n = \sum_{i=0}^{n} C_n^i a^i.
\]

For \(a = 5\), we get 

\[
(1 + 5)^n = C_n^0 + C_n^1 5 + C_n^2 5^2 + \ldots + C_n^n 5^n.
\]

i.e. 

\[
(6)^n = 1 + 5n + 5^2 C_n^2 + 5^3 C_n^3 + \ldots + 5^n.
\]

i.e. 

\[
6^n - 5n = 1 + 5^2 \left( C_n^2 + C_n^3 5 + \ldots + 5^{n-2} \right)
\]

or 

\[
6^n - 5n = 1 + 25 \left( C_n^2 + 5 C_n^3 + \ldots + 5^{n-2} \right)
\]

or 

\[
6^n - 5n = 25k + 1 \quad \text{where } k = C_n^2 + 5 C_n^3 + \ldots + 5^{n-2}.
\]

This shows that when divided by 25, \(6^n - 5n\) leaves remainder 1.

\textcolor{red}{To verify, let's find the remainder when \(6^n + 5n\) is divided by 25. Consider the expression \(6^n + 5n\)}. Using similar steps, we get:

\textcolor{red}{
\[
6^n + 5n = 1 + 25k \quad \text{where } k \text{ is an integer.}
\]
}

\textcolor{red}{Thus, \(6^n + 5n\) leaves a remainder of 1 when divided by 25.}

",True,1.3321790402101223,1.1682824501765625,False,False,0.0762135073542595,5.057952451705932
"Factorise \( 4x^2 + y^2 + z^2 - 4xy - 2yz + 4xz \).

"," We have 
\[
4x^2 + y^2 + z^2 - 4xy - 2yz + 4xz = (2x)^2 + (-y)^2 + (z)^2 + 2(2x)(-y) + 2(-y)(z) + 2(2x)(z).
\]
This can be simplified to 
\[
= [2x + (-y) + z]^2 = \textcolor{red}{(2x - y + z(2x - y + z)}.
\]
Thus, it factors to 
\[
\textcolor{red}{(2x - y + z(2x - y + z)}.
\]

",True,1.3321790402101223,1.2275294114572126,False,False,1.3196894988417625,22.182001686096193
"39 persons can repair a road in 12 days, working 5 hours a day. In how many days will 30 persons, working 6 hours a day, complete the work? 

\begin{enumerate}[label=\Alph*]
    \item 10
    \item 13
    \item 14
    \item 15
\end{enumerate}

"," Option B

Let the required number of days be \( x \).

\text{Less persons, More days (Indirect Proportion)}

\text{More working hours per day, Less days (Indirect Proportion)}

\[
\text{Persons} \quad 30 : 39 \quad :: \quad 12 : x
\]
\[
\text{Working hours/day} \quad 6 : 5
\]

Thus,

\[
30 \times 6 \times x = 39 \times 5 \times 12
\]

\[
\Rightarrow \quad x = \textcolor{red}{\frac{39 \div 5 \times 12}{30 \times 6}}
\]

\[
\Rightarrow \quad x = 13.
\]

",True,0.0,0.3250829733914482,True,True,1.3494534969329834,22.009700107574464
"A bag has 4 red balls and 2 yellow balls. (The balls are identical in all respects other than colour). A ball is drawn from the bag without looking into the bag. What is the probability of getting a red ball? Is it more or less than getting a yellow ball?

"," There are in all \( (4 + 2) = 6 \) outcomes of the event.

Therefore, the probability of getting a red ball is 

\[
\frac{2}{3}.
\]

In the same way, the probability of getting a yellow ball is 

\[
\frac{1}{3}.
\]

Therefore, the probability of getting a red ball is more than that of getting a yellow ball.

",False,0.5004024235381879,0.639031859650177,True,True,1.898509792983532,22.244099140167236
"Find the smallest square number which is divisible by each of the numbers 6, 9 and 15.

"," This has to be done in two steps. First, find the smallest common multiple and then find the square number needed. The least number divisible by each one of 6, 9 and 15 is their LCM. The LCM of 6, 9 and 15 is \(2 \times 3 \times 3 \times 5 = 90\). 

Prime factorisation of 90 is \(90 = 2 \times 3 \times 3 \times 5\). \textcolor{red}{The number 90 can also be written as \(9 \times 10\), but this form is not useful here.} We see that prime factors 2 and 5 are not in pairs. Therefore, 90 is not a perfect square.

In order to get a perfect square, each factor of 90 must be paired. So we need to make pairs of 2 and 5. Therefore, 90 should be multiplied by \(2 \times 5\), i.e., 10. Hence, the required square number is \(90 \times 10 = 900\).

",False,0.9502705392332348,1.0888999753452238,True,True,0.796737177670002,22.946783447265624
"Find the equation of the parabola with vertex at \( (0, 0) \) and focus at \( (0, 2) \).

"," Since the vertex is at \( (0,0) \) and the focus is at \( (0,2) \) which lies on the \( y \)-axis, the \( y \)-axis is the axis of the parabola. Therefore, the equation of the parabola is of the form 

\[
x^2 = 4a\textcolor{red}{x}.
\]

Thus, we have 

\[
x^2 = 4(2)\textcolor{red}{x}, \quad \text{i.e.,} \quad x^2 = 8\textcolor{red}{x}.
\]

",True,0.9502705392332348,0.8018185525433372,False,False,1.3620852053165435,21.793972396850585
"Find the square of the following numbers without actual multiplication.  
(i) 39  
(ii) 42  

","  
(i) \( 39^2 = (30 + 9)^2 = 30(30 + 9) + 9(30 + 9) \)  
\(\quad = 30^2 + 30 \times 9 + 9 \times 30 + 9^2 \)  
\(\quad = 900 + 270 + 270 + 81 = \textcolor{red}{1500} \)  

(ii) \( 42^2 = (40 + 2)^2 = 40(40 + 2) + 2(40 + 2) \)  
\(\quad = 40^2 + 40 \times 2 + 2 \times 40 + 2^2 \)  
\(\quad = 1600 + 80 + 80 + 4 = \textcolor{red}{1800} \)  

",True,0.9502705392332348,0.8979457248567798,True,True,1.3704977303743362,22.020503759384155
"The population of a city was 20,000 in the year 1997. It increased at the rate of 5\% p.a. Find the population at the end of the year 2000.

"," 
There is a 5\% increase in population every year, so we can say it is increasing in compounded form. 

Population in the beginning of 1998 = 20000 (we treat this as the principal for the 1st year)

\begin{align*}
\text{Increase at 5\%} &= \frac{5}{100} \times 20000 = 1000 \\
\text{Population in 1999} &= 20000 + 1000 = 21000 \\
\\
\text{Increase at 5\%} &= \frac{5}{100} \times 21000 = 1050 \\
\text{Population in 2000} &= 21000 + 1050 = 22050 \\
\\
\text{Increase at 5\%} &= \frac{5}{100} \times 22050 = 1102.5 \\
\\
\text{At the end of 2000 the population} &= 22050 + 1102.5 = 23152.5 \\
\text{or,}\\
\text{Population at the end of 2000} &= 20000 \left(1 + \frac{5}{100}\right)^3 \\
&= 20000 \times \frac{21}{20} \times \frac{21}{20} \times \frac{21}{20} \\
&= 23152.5 
\end{align*}

So, the estimated population is \textcolor{red}{23152.5 square meters}.

",True,1.6094379124341005,1.9730014063936125,False,False,1.686542735993862,22.40509843826294
"Is the function defined by \( f(x) = |x| \) a continuous function?

"," We may rewrite \( f \) as 
\[
f(x) = 
\begin{cases} 
-x, & \text{if } x < 0 \\ 
x, & \text{if } x \geq 0 
\end{cases}
\]

Let \( c \) be a real number such that \( c < 0 \). Then \( f(c) = -c \). Also,
\[
\lim_{x \to c} f(x) = \lim_{x \to c} (-x)
\]
Since \( \lim_{x \to c} f(x) = f(c) \), \( f \) is continuous at all negative real numbers.

Now, let \( c \) be a real number such that \( c > 0 \). Then \( f(c) = c \). Also,
\[
\lim_{x \to c} f(x) = \lim_{x \to c} x
\]
Since \( \lim_{x \to c} f(x) = f(c) \), \( f \) is continuous at all positive real numbers. Hence, \( f \) is continuous at all points.

",False,0.0,0.0,True,True,0.3153309091925621,18.342494535446168
"\textbf{Question 18} Let \( A = \{ 1, 2, 3, 4, 5, 6 \} \), \( B = \{ 2, 4, 6, 8 \} \). Find \( A - B \) and \( B - A \).

"," We have, \( A - B = \{ 1, 3, 5 \} \) and \( B - A = \{ 8 \} \). We note that \( A - B \neq B - A \).

",False,1.6094379124341005,1.8866967846580784,False,False,2.715973624587059,21.86780638694763
"\textbf{Question 25} Find the area of a parallelogram whose adjacent sides are given by the vectors \( \vec{a} = 3\hat{i} + \hat{j} + 4\hat{k} \) and \( \vec{b} = \hat{i} - \hat{j} + \hat{k} \).

"," The area of a parallelogram with \( \vec{a} \) and \( \vec{b} \) as its adjacent sides is given by \( |\vec{a} \times \vec{b}| \).

Now,

\[
\vec{a} \times \vec{b} = \begin{vmatrix}
\hat{i} & \hat{j} & \hat{k} \\
3 & 1 & 4 \\
1 & -1 & 1
\end{vmatrix} \]

Therefore,

\[
|\vec{a} \times \vec{b}| = \textcolor{red}{\sqrt{42} = \sqrt{25 + 1 + 16}}
\]

\[
\vec{a} \times \vec{b} = \textcolor{red}{5\hat{i} + \hat{j} - 4\hat{k}}
\]

and hence, the required area is \( \sqrt{42} \).

",True,0.0,0.0,True,True,0.7838825047016144,21.87122745513916
"Find the value of the following expressions for \( a = 3, b = 2 \).
\begin{enumerate}
    \item \( a + b \)
    \item \( 7a - 4b \)
    \item \( a^2 + 2ab + b^2 \)
    \item \( a^3 - b^3 \)
\end{enumerate}

"," Substituting \( a = 3 \) and \( b = 2 \) in,
\begin{enumerate}
    \item For \( a + b \),
    \[
    a + b = 3 + 2 = 5
    \]

    \item For \( 7a - 4b \),
    \[
    7a - 4b = 7 \times 3 - 4 \times 2 = 21 - 8 = 13
    \]

    \item For \( a^2 + 2ab + b^2 \),
    \[
    a^2 + 2ab + b^2 = 3^2 + 2 \times 3 \times 2 + 2^2 = 9 + 12 + 4 = 25
    \]

    \item For \textcolor{red}{\( b^3 - a^3 \)},
    \[
    \textcolor{red}{b^3 - a^3} = 2^3 - 3^3 = 8 - 27 = -19
    \]
\end{enumerate}

",True,0.5004024235381879,0.9404479886553263,True,True,0.7374359328299761,17.176736855506896
"Find the square of the following numbers without actual multiplication.  
(i) 39  
(ii) 42  

","  
(i) \( 39^2 = (30 + 9)^2 = 30(30 + 9) + 9(30 + 9) \)  
\(\quad = 30^2 + 30 \times 9 + 9 \times 30 + 9^2 \)  
\(\quad = 900 + 270 + 270 + 81 = 1521 \)  
\(\quad \textcolor{red}{\text{Also, note that } 39 \text{ is not a prime number.}} \)

(ii) \( 42^2 = (40 + 2)^2 = 40(40 + 2) + 2(40 + 2) \)  
\(\quad = 40^2 + 40 \times 2 + 2 \times 40 + 2^2 \)  
\(\quad = 1600 + 80 + 80 + 4 = 1764 \)  
\(\quad \textcolor{red}{\text{Also, note that } 42 \text{ is divisible by 2 and 3.}} \)

",False,1.3321790402101223,1.9730014063936125,True,True,1.3885997340083123,21.619793558120726
"Is 392 a perfect cube? If not, find the smallest natural number by which 392 must be multiplied so that the product is a perfect cube.

"," 392 = 2 \times 2 \times 2 \times 7 \times 7

The prime factor 7 does not appear in a group of three. Therefore, 392 is not a perfect cube. To make it a cube, we need one more 7. In that case,

392 \times 7 = 2 \times 2 \times 2 \times 7 \times 7 \times 7 = 2744 \text{ which is a perfect cube.}

\textcolor{red}{Interestingly, the number 392 is also divisible by 4 and 98, but this fact does not affect whether it is a perfect cube.}

",False,1.6094379124341005,1.9730014063936125,False,False,0.9047898113727569,22.14903030395508
"\textbf{Question 15} Find the equation of the hyperbola with foci \( (0, \pm 3) \) and vertices \( (0, \pm \frac{\sqrt{11}}{2}) \).

"," Since the \textcolor{red}{vertices} is on the y-axis, the equation of the hyperbola is of the form 
\[
\frac{y^2}{a^2} - \frac{x^2}{b^2} = 1
\]
Since vertices are \( (0, \pm \frac{\sqrt{11}}{2}) \), we have \( a = \frac{\sqrt{11}}{2} \).

Also, since foci are \( (0, \pm 3) \); \( c = 3 \) and \( b^2 = c^2 - a^2 = \frac{25}{4} \).

Therefore, the equation of the hyperbola is 
\[
\frac{y^2}{\frac{11}{4}} - \frac{x^2}{\frac{25}{4}} = 1, \text{ i.e., } 100y^2 - 44x^2 = 275.
\]

",True,1.6094379124341005,2.1639556568820564,False,False,0.8739528372883797,21.257455396652222
"Write exponential form for \( 8 \times 8 \times 8 \times 8 \) taking base as 2.

"," We have, 

\[
8 \times 8 \times 8 \times 8 = 8^4
\]

But we know that 

\[
8 = 2 \times 2 \times 2 = 2^3
\]

\textcolor{red}{We can also note that 8 is an even number, and all even numbers are divisible by 2.}

Therefore, 

\[
8^4 = (2^3)^4 = 2^{3 \times 4} = 2^{12}
\]

",False,0.5004024235381879,0.639031859650177,True,True,1.5440835431218147,21.741515159606934
"Savita and Hamida are friends. What is the probability that both will have (i) different birthdays? (ii) the same birthday? (ignoring a leap year).

"," 

Out of the two friends, one girl, say, Savita's birthday can be any day of the year. Now, Hamida's birthday can also be any day of 365 days in the year. We assume that these 365 outcomes are equally likely.

\begin{enumerate}
    \item If Hamida's birthday is different from Savita's, the number of favourable outcomes for her birthday is 
    \[
    365 - 1 = 364.
    \]
    
    So, 
    \[
    P(\text{Hamida's birthday is different from Savita's birthday}) = \frac{364}{365}.
    \]
    
    \textcolor{red}{Note that this is similar to rolling a fair die where each face is equally likely.}

    \item \( P(\text{Savita and Hamida have the same birthday}) \)
    \[
    = 1 - P(\text{both have different birthdays})
    \]
    \[
    = 1 - \frac{364}{365} 
    \]
    \[
    = \frac{1}{365}.
    \]
    \textcolor{red}{This is akin to drawing a specific card from a standard deck of 52 cards, where the probability of drawing any particular card is \(\frac{1}{52}\).}
\end{enumerate}

",False,0.5004024235381879,0.639031859650177,True,True,0.582738995552063,22.530825805664062
"\textbf{Question 6:} Find the unit vector in the direction of vector \( \vec{a} = 2\hat{i} + 3\hat{j} + \hat{k} \).

"," The unit vector in the direction of a vector \(\textcolor{red}{\vec{b}}\) is given by 

\[
\textcolor{red}{\hat{b}} = \frac{1}{|\textcolor{red}{\vec{b}}|} \textcolor{red}{\vec{b}}.
\]

Now,

\[
|\textcolor{red}{\vec{b}}| = \sqrt{2^2 + 3^2 + 1^2} = \sqrt{14}.
\]

Therefore,

\[
\textcolor{red}{\hat{b}} = \frac{1}{\sqrt{14}} (2\hat{i} + 3\hat{j} + \hat{k}) = \frac{2}{\sqrt{14}} \hat{i} + \frac{3}{\sqrt{14}} \hat{j} + \frac{1}{\sqrt{14}} \hat{k}.
\]

",False,1.3321790402101223,1.8343719702816237,False,False,1.6224966928362847,22.173216152191163
"Let \( f(x) = x^2 \) and \( g(x) = 2x + 1 \) be two real functions. Find 
\[
(f + g)(x), \quad (f - g)(x), \quad (fg)(x), \quad \left( \frac{f}{g} \right)(x).
\]

"," We have,
\[
(f + g)(\textcolor{red}{t}) = \textcolor{red}{t}^2 + 2\textcolor{red}{t} + 1,
\]
\[
(f - g)(\textcolor{red}{t}) = \textcolor{red}{t}^2 - 2\textcolor{red}{t} - 1,
\]
\[
(fg)(\textcolor{red}{t}) = \textcolor{red}{t}^2(2\textcolor{red}{t} + 1) = 2\textcolor{red}{t}^3 + \textcolor{red}{t}^2,
\]
\[
\left( \frac{f}{g} \right)(\textcolor{red}{t}) = \frac{\textcolor{red}{t}^2}{2\textcolor{red}{t} + 1}, \quad \textcolor{red}{t} \neq -\frac{1}{2}.
\]

",False,1.0549201679861442,0.8018185525433373,False,True,0.5011454127728939,18.418094825744628
"\textbf{Question} \\
If \( R_1 \) and \( R_2 \) are equivalence relations in a set \( A \), show that \( R_1 \cap R_2 \) is also an equivalence relation.

"," Since \( R_1 \) and \( R_2 \) are equivalence relations, \( (a, a) \in R_1 \) and \( (a, a) \in R_2 \) for all \( a \in A \). This implies that \( (a, a) \in R_1 \cap R_2 \), showing \( R_1 \cap R_2 \) is reflexive. Further, if \( (a, b) \in R_1 \cap R_2 \) then \( (a, b) \in R_1 \) and \( (a, b) \in R_2 \) hence, \( R_1 \cap R_2 \) is symmetric. Similarly, if \( (a, b) \in R_1 \cap R_2 \) and \( (b, c) \in R_1 \cap R_2 \), then \( (a, c) \in R_1 \cap R_2 \). Thus, \( R_1 \cap R_2 \) is an equivalence relation.

",False,0.5004024235381879,0.3250829733914482,True,True,0.7388712801039219,21.20929882526398
"
Differentiate 
\[
y = \sqrt{\frac{(x-3)(x^2 + 4)}{3x^2 + 4x + 5}} \text{ w.r.t. } x.
\]

","
Let 
\[
y = \sqrt{\frac{(x-3)(x^2 + 4)}{3x^2 + 4x + 5}}.
\]
Taking logarithm on both sides, we have
\[
\log y = \frac{1}{2} \left[ \log (x - 3) + \log (x^2 + 4) - \log (3x^2 + 4x + 5) \right].
\]
\textcolor{red}{It is important to note that the logarithm of a product is the sum of the logarithms of the factors, and the logarithm of a quotient is the difference of the logarithms. These properties are crucial in simplifying complex expressions involving products and quotients.}

Now, differentiating both sides w.r.t. \(x\), we get
\[
\frac{1}{y} \frac{dy}{dx} = \frac{1}{2} \left[ \frac{1}{(x-3)} + \frac{2x}{x^2 + 4} - \frac{6x + 4}{3x^2 + 4x + 5} \right]
\]
or
\[
\frac{dy}{dx} = \frac{y}{2} \left[ \frac{1}{(x-3)} + \frac{2x}{x^2 + 4} - \frac{6x + 4}{3x^2 + 4x + 5} \right].
\]
Thus, we have
\[
\frac{dy}{dx} = \frac{1}{2} \sqrt{\frac{(x-3)(x^2 + 4)}{3x^2 + 4x + 5}} \left[ \frac{1}{(x-3)} + \frac{2x}{x^2 + 4} - \frac{6x + 4}{3x^2 + 4x + 5} \right].
\]

",False,1.6094379124341005,1.4978661367769952,False,True,1.3659713715314865,21.99626216888428
"Mayank made a bird-bath for his garden in the shape of a cylinder with a hemispherical depression at one end. The height of the cylinder is 1.45 m and its radius is 30 cm. Find the total surface area of the bird-bath. (Take $\pi = \frac{22}{7}$)

"," Let $h$ be the height of the cylinder, and $r$ the common radius of the cylinder and hemisphere. Then, the total surface area of the bird-bath is:

\[
\text{Total Surface Area} = \text{CSA of cylinder} + \text{CSA of hemisphere} 
\]
\[
= 2\pi rh + 2\pi r^2 = 2\pi (h + r)
\]
\[
= 2 \times \frac{22}{7} \times 30 \times (145 + \textcolor{red}{60}) \, \text{cm}^2 
\]
\[
= 2 \times \frac{22}{7} \times 30 \times \textcolor{red}{205} \, \text{cm}^2 
\]
\[
= \textcolor{red}{56100} \, \text{cm}^2 = \textcolor{red}{5.61} \, \text{m}^2
\]

",True,1.6094379124341005,2.1639556568820564,True,False,1.1886203393340111,22.644629192352294
"\textbf{Question} Solve \(\frac{5 - 2x}{3} \leq \frac{x}{6} - 5\).

"," We have 

\[
\frac{5 - 2\textcolor{red}{y}}{3} \leq \frac{\textcolor{red}{y}}{6} - 5
\]

or 

\[
2(5 - 2\textcolor{red}{y}) \leq \textcolor{red}{y} - 30.
\]

or 

\[
10 - 4\textcolor{red}{y} \leq \textcolor{red}{y} - 30
\]

or 

\[
-5\textcolor{red}{y} \leq -40, \text{ i.e., } \textcolor{red}{y} \geq 8.
\]

Thus, all real numbers \( \textcolor{red}{y} \) which are greater than or equal to 8 are the solutions of the given inequality, i.e., \(\textcolor{red}{y} \in [8, \infty)\).

",False,0.5004024235381879,0.3250829733914482,True,True,0.592047655582428,19.479758262634277
"If \( P(A) = \frac{7}{13} \), \( P(B) = \frac{9}{13} \) and \( P(A \cap B) = \frac{4}{13} \), evaluate \( P(A|B) \).

"," We have 
\[
P(A|B) = \frac{P(A \cap B)}{P(B)} = \frac{\frac{4}{13}}{\frac{9}{13}} = \textcolor{red}{\frac{4 \times 13}{9 \times 13}} = \frac{4}{9}.
\]

",True,0.9502705392332348,0.3250829733914482,False,True,1.6239167511463166,21.95770206451416
"Evaluate 

\[
\left| \frac{x}{x-1} \quad \frac{x}{x+1} \right|
\]

"," We have

\[
\left| \textcolor{red}{\frac{y}{y-1}} \quad \textcolor{red}{\frac{y}{y+1}} \right| = \textcolor{red}{y}(y) - (y+1)(y-1) = y^2 - (y^2 - 1) = y^2 - y^2 + 1 = 1
\]

",False,1.6094379124341005,2.3025850929940455,False,False,1.5247554808855057,21.16144609451294
"Two players, Sangeeta and Reshma, play a tennis match. It is known that the probability of Sangeeta winning the match is 0.62. What is the probability of Reshma winning the match?

"," Let \( S \) and \( R \) denote the events that Sangeeta wins the match and Reshma wins the match, respectively.

The probability of Sangeeta's winning is \( P(S) = 0.62 \) (given).

The probability of Reshma's winning is \( P(R) \).

\[
P(R) = 0.38
\]

",False,0.9502705392332348,1.5047882836811908,False,False,1.4378530740737916,21.767669677734375
"Find the sum of the first 24 terms of the list of numbers whose \( n \)th term is given by 

\[
a_n = 3 + 2n.
\]

"," 

As 

\[
a_n = 3 + 2n,
\]

we have 

\[
a_1 = 3 + 2 \times 1 = 5,
\]
\[
a_2 = 3 + 2 \times 2 = 7,
\]
\[
a_3 = 3 + 2 \times 3 = \textcolor{red}{8},
\]
and so on.

The list of numbers becomes \( 5, 7, \textcolor{red}{8}, 11, \ldots \).

Here, 

\[
7 - 5 = 2, \quad \textcolor{red}{8} - 7 = 2, \quad 11 - \textcolor{red}{8} = 3, 
\]

so it forms an Arithmetic Progression (AP) with common difference \( d = \textcolor{red}{3} \).

To find \( S_{24} \), we have \( n = 24, a = 5, d = \textcolor{red}{3} \).

Therefore, 

\[
S_{24} = \frac{24}{2} [2 \times 5 + (24 - 1) \times \textcolor{red}{3}] = 12 [10 + \textcolor{red}{69}] = \textcolor{red}{948}.
\]

So, the sum of the first 24 terms of the list of numbers is \( \textcolor{red}{948} \).

",True,0.5004024235381879,1.2275294114572126,False,False,1.004959163069725,22.167530727386474
"Determine whether the triangle whose lengths of sides are 3 cm, 4 cm, 5 cm is a right-angled triangle.

"," 
\[
3^2 = 3 \times 3 = 9; \quad 4^2 = 4 \times 4 = 16; \quad 5^2 = 5 \times 5 = \textcolor{red}{24}
\]
\textcolor{green}{5^2 = 5 \times 5 = 25}
We find \(3^2 + 4^2 = 5^2\).

Therefore, the triangle is right-angled.

",True,1.3321790402101223,1.7480673485460891,True,True,1.942881578207016,21.88028998374939
"A tank is filled by three pipes with uniform flow. The first two pipes operating simultaneously fill the tank in the same time during which the tank is filled by the third pipe alone. The second pipe fills the tank 5 hours faster than the first pipe and 4 hours slower than the third pipe. The time required by the first pipe is:
\begin{enumerate}
    \item[A)] 6 hours
    \item[B)] 10 hours
    \item[C)] 15 hours
    \item[D)] 30 hours
\end{enumerate}

"," Option C

Suppose, the first pipe alone takes \( x \) hours to fill the tank.

Then, the second and third pipes will take \( (x - 5) \) and \( (x - 9) \) hours respectively to fill the tank.

\[
\frac{1}{x} \textcolor{red}{\times} \frac{1}{(x - 5)} = \frac{1}{(x - 9)}
\]

\[
\Rightarrow \frac{x - 5 + x}{x(x - 5)} = \frac{1}{(x - 9)}
\]

\[
\Rightarrow \textcolor{red}{(2x - 5)(x - 9) \neq x(x - 5)}
\]

\[
\Rightarrow x^2 - 18x + 45 = 0
\]

\((x - 15)(x - 3) = 0\)

\(\Rightarrow x = 15. \quad [\text{neglecting } x = 3]\)

",True,0.0,0.3250829733914482,True,True,0.7313727550208569,21.0048716545105
"Solve \( 2x - 3 = x + 2 \)

"," We have

\[
2x = x + 2 + 3
\]

\[
2x = x + 5
\]

\[
2x - x = x + \textcolor{red}{4} - x \quad (\text{subtracting } x \text{ from both sides})
\]

\[
x = \textcolor{red}{4}
\]

",True,0.5004024235381879,0.5004024235381879,True,True,1.8847730204463005,21.32676935195923
"Find the particular solution of the differential equation \(\frac{dy}{dx} = -4xy^2\) given that \(y = 1\) when \(x = 0\).

"," If \(y \neq 0\), the given differential equation can be written as 
\[
\frac{dy}{y^2} = -4x \, dx \quad \text{(1)}
\]
Integrating both sides of equation (1), we get 
\[
\int \frac{dy}{y^2} = -4 \int x \, dx 
\]
or 
\[
-\frac{1}{y} = -2x^2 + C \quad \text{(2)}
\]
\textcolor{red}{It is interesting to note that the integral of \( \frac{1}{y^2} \) yields a negative reciprocal function, which can be counterintuitive at first glance. Also, the integral of \( x \) is a fundamental concept in calculus.} Substituting \(y = 1\) and \(x = 0\) in equation (2), we get \(C = -1\).

Now substituting the value of \(C\) in equation (2), we get the particular solution of the given differential equation as 
\[
y = \frac{1}{2x^2 + 1}.
\]

",False,1.6094379124341005,0.639031859650177,True,True,0.7092858478426933,21.78573079109192
"Find the direction cosines of \( x \), \( y \), and \( z \)-axis.

"," The \textcolor{red}{a}-axis makes angles \( 0^\circ \), \( 90^\circ \), and \( 90^\circ \) respectively with \textcolor{red}{a}, \textcolor{red}{b}, and \textcolor{red}{c}-axis. Therefore, the direction cosines of the \textcolor{red}{a}-axis are \( \cos 0^\circ \), \( \cos 90^\circ \), \( \cos 90^\circ \) i.e., \( 1, 0, 0 \). Similarly, the direction cosines of the \textcolor{red}{b}-axis and \textcolor{red}{c}-axis are \( 0, 1, 0 \) and \( 0, 0, 1 \) respectively.

",False,1.3321790402101223,1.9730014063936123,False,False,1.3805002093315124,22.668619537353514
"Find a number, such that one-fourth of the number is 3 more than 7.

","
\begin{itemize}
    \item Let us take the unknown number to be \( y \); one-fourth of \( y \) is \( \frac{y}{4} \).
    \item This number \( \frac{y}{4} \) is more than 7 by 3.
    \item \textcolor{red}{We then multiply both sides of the equation by 4, to get}
    \[
    \textcolor{red}{y = 10 \times 4 = 40}.
    \]
    \item \textcolor{red}{To solve this equation, first transpose 7 to the right-hand side. We get,}
    \[
    \textcolor{red}{\frac{y}{4} = 3 + 7 = 10}.
    \]
    \item Hence we get the equation for \( y \) as 
    \[
    \frac{y}{4} - 7 = 3.
    \]
\end{itemize}

",True,1.3321790402101223,2.0253262207700673,False,False,1.0487864211201667,21.877981758117677
"Discuss the continuity of the function \( f \) given by \( f(x) = x^3 + x^2 - 1 \).

"," Clearly \( f \) is defined at every real number \( c \) and its value at \( c \) is \( c^3 + c^2 - 1 \). Thus \( \lim_{x \to c} f(x) = f(c) \), and hence \( f \) is continuous at every real number. This means \( f \) is a continuous function.

",False,0.5004024235381879,0.3250829733914482,True,True,1.3425145491957664,21.30988702774048
"A can do a work in 15 days and B in 20 days. If they work on it together for 4 days, then the fraction of the work that is left is:

\begin{enumerate}
    \item[A)] $\frac{1}{4}$
    \item[B)] $\frac{1}{10}$
    \item[C)] $\frac{7}{15}$
    \item[D)] $\frac{8}{15}$
\end{enumerate}

"," Option D

A's 1 day's work = $\frac{1}{15}$; 

B's 1 day's work = $\frac{1}{20}$; 

\textcolor{red}{A's 3 day's work = $\frac{3}{15} = \frac{1}{5}$;}

(A + B)'s 1 day's work = $\left( \frac{1}{15} + \frac{1}{20} \right) = \frac{7}{60}$.

(A + B)'s 4 day's work = $\left( \frac{7}{60} \times 4 \right) = \frac{7}{15}$.

\textcolor{red}{If B worked alone for 2 days, B's work = $\frac{2}{20} = \frac{1}{10}$;}

Therefore, Remaining work = $\left( 1 - \frac{7}{15} \right) = \frac{8}{15}$.

",False,0.0,0.0,True,True,0.741159874200821,21.355392265319825
"A school team won 6 games this year against 4 games won last year. What is the per cent increase?

"," 
The increase in the number of wins (or amount of change) is calculated as:
\[
\text{amount of change} = 6 - 4 = 2
\]

The formula for percentage increase is:
\[
\text{Percentage increase} = \frac{\text{amount of change}}{\text{original amount or base}} \times 100
\]

\textcolor{red}{In general, percentage increase is a measure of how much a quantity has grown in comparison to its original value. It is often used in various fields such as finance, science, and economics to indicate growth or improvement.}

Substituting the values:
\[
= \frac{\text{increase in the number of wins}}{\text{original number of wins}} \times 100 = \frac{2}{4} \times 100 = 50
\]

",False,1.6094379124341005,1.9730014063936125,False,True,0.8288711760193109,20.782995557785036
"Satpal walks \( \frac{2}{3} \) km from a place P, towards east and then from there \( \frac{5}{7} \) km towards west. Where will he be now from P?

"," Let us denote the distance travelled towards east by positive sign. So, the distances towards west would be denoted by negative sign. \textcolor{red}{Additionally, knowing that 1 km = 1000 meters, we can convert these distances into meters if necessary.}

Thus, the distance of Satpal from the point P would be:
\[
\frac{2}{3} + \left(-\frac{5}{7}\right) = \frac{2}{3} + \left(-\frac{12}{7}\right) = \frac{2 \times 7}{3 \times 7} + \left(-\frac{12 \times 3}{7 \times 3}\right)
\]
\[
= \frac{14 - 36}{21} = -\frac{22}{21} = -\frac{1}{21}
\]

Since it is negative, it means Satpal is at a distance \( \frac{1}{21} \) km towards west of P. \textcolor{red}{Interestingly, if we convert this distance to meters, it would be approximately 47.62 meters.}

",False,0.9502705392332348,1.6957425341696346,False,False,1.0084421902894973,22.50645513534546
"Find the value of $\cos(-1710^\circ)$.

"," We know that values of $\cos x$ repeat after an interval of $2\pi$ or $360^\circ$. Therefore,
\[
\cos(-1710^\circ) = \cos(-1710^\circ + 5 \times 360^\circ) = \cos(\textcolor{red}{-1710^\circ + 1700^\circ}) = \cos(-1710^\circ + 1800^\circ) = \cos 90^\circ = 0.
\]

",True,1.3321790402101223,2.1639556568820564,False,False,1.4615037426352502,22.215314197540284
"\textbf{Question} Solve the system of equations
\[
2x + 5y = 1 \\
3x + 2y = 7
\]

"," The system of equations can be written in the form \( AX = B \), where
\[
A = \begin{bmatrix} 2 & 5 \\ 3 & 2 \end{bmatrix}, \quad X = \begin{bmatrix} x \\ y \end{bmatrix}, \quad \text{and} \quad B = \begin{bmatrix} 1 \\ 7 \end{bmatrix}
\]
Now, \( |A| = -11 \neq 0 \), hence \( A \) is a nonsingular matrix and has a unique solution.

Note that
\[
A^{-1} = -\frac{1}{11} \begin{bmatrix} 2 & -5 \\ -3 & 2 \end{bmatrix}
\]
Therefore,
\[
X = A^{-1}B 
\]
i.e.
\[
\begin{bmatrix} x \\ y \end{bmatrix} = -\frac{1}{11} \begin{bmatrix} -33 \\ 3 \end{bmatrix}
\]
Hence, \( x = 3, \, y = 1 \).

",False,0.6730116670092565,1.0549201679861442,False,True,1.6567410126328468,21.541564178466796
"Evaluate:
\begin{enumerate}
    \item $\lim_{x \to 1} \frac{x^{15} - 1}{x^{10} - 1}$
    \item $\lim_{x \to 0} \frac{\sqrt{1 + x} - 1}{x}$
\end{enumerate}

","
\begin{enumerate}
    \item We have
    \[
    \lim_{x \to 1} \frac{x^{15} - 1}{x^{10} - 1} = \lim_{x \to 1} \frac{\frac{x^{15} - 1}{x - 1}}{\frac{x^{10} - 1}{x - 1}} = \lim_{x \to 1} \left[ \frac{x^{15} - 1}{x - 1} \cdot \frac{1}{\frac{x^{10} - 1}{x - 1}} \right]
    \]
    \[
    = \frac{\textcolor{red}{14}(1)^{14}}{\textcolor{red}{9}(1)^{9}} = \frac{\textcolor{red}{14}}{\textcolor{red}{9}} = \frac{\textcolor{red}{14}}{\textcolor{red}{9}}.
    \]

    \item Put $y = 1 + x$, so that $y \to 1$ as $x \to 0$.
    Then
    \[
    \lim_{x \to 0} \frac{\sqrt{1 + x} - 1}{x} = \lim_{y \to 1} \frac{\sqrt{y} - 1}{y - 1}
    \]
    \[
    = \lim_{y \to 1} \frac{\frac{1}{2} y^{-\frac{1}{2}}}{1} = \frac{1}{2} (1)^{-1} = \frac{1}{2}.
    \]
\end{enumerate}

",True,1.6094379124341005,2.3025850929940455,False,False,1.045780948549509,21.539204549789428
"The banker's discount on a bill due 4 months hence at 15\% is Rs. 420. The true discount is:

\begin{enumerate}
    \item[A)] Rs. 400
    \item[B)] Rs. 360
    \item[C)] Rs. 480
    \item[D)] Rs. 320
\end{enumerate}

"," Option A
\[
T.D. = \frac{B.D. \times 100}{100 + (R \times T)} 
\]
\[
= \frac{\textcolor{red}{410} \times 100}{100 + \left(15 \times \frac{1}{3}\right)}
\]
\[
= \frac{\textcolor{red}{410} \times 100}{105}
\]
\[
= \text{Rs. } \textcolor{red}{390}
\]

",True,0.0,0.5004024235381879,True,True,1.09714033305645,22.819274711608887
"Find the equation of the circle with centre \((-3, 2)\) and radius \(4\).

"," Here \(h = -3\), \(k = 2\) and \(r = 4\). Therefore, the equation of the required circle is 

\[
(x + 3)^2 + (y - 2)^2 = 16.
\]

\textcolor{red}{Also, note that the sum of the coordinates of the centre is \(-3 + 2 = -1\), which is irrelevant to the problem but shows the relationship between the coordinates.}

",False,0.9502705392332348,0.6730116670092565,True,False,2.7123451068997384,11.613016080856323
"A godown is in the form of a cuboid measuring \( 60 \, m \times 40 \, m \times 30 \, m \). How many cuboidal boxes can be stored in it if the volume of one box is \( 0.8 \, m^3 \)?

","

Volume of one box = \( 0.8 \, m^3 \)

Volume of godown = \( 60 \times 40 \times 30 = 72000 \, m^3 \)

\textcolor{red}{The perimeter of the base of the godown is \( 2 \times (60 + 40) = 200 \, m \)} 

Number of boxes that can be stored in the godown = 

\[
\frac{\text{Volume of the godown}}{\text{Volume of one box}} = \frac{60 \times 40 \times 30}{0.8} = 90000
\]

Hence, the number of cuboidal boxes that can be stored in the godown is \( 90,000 \).

",False,1.6094379124341005,2.0253262207700673,False,False,1.6707144632935524,21.755691909790038
"Prove that 
\[
3 \sin \frac{\pi}{6} \sec \frac{\pi}{3} - 4 \sin \frac{5\pi}{6} \cot \frac{\pi}{4} = 1
\]

"," We have
\[
\text{L.H.S.} = 3 \sin \frac{\pi}{6} \sec \frac{\pi}{3} - 4 \sin \frac{5\pi}{6} \cot \frac{\pi}{4}
\]
\[
= 3 \times \frac{1}{2} \times 2 - 4 \sin \left( \frac{\pi - \frac{\pi}{6}}{1} \right) \times 1 = 3 - 4 \sin \textcolor{red}{\frac{\pi}{3}}
\]
\[
= 3 - 4 \times \frac{1}{2} = 1 = \text{R.H.S.}
\]

",True,0.9502705392332348,1.9730014063936123,True,True,1.3033892393112183,23.138544464111327
"\textbf{Question 26} Consider a function \( f : \left[ 0, \frac{\pi}{2} \right] \to \mathbb{R} \) given by \( f(x) = \sin x \) and \( g : \left[ 0, \frac{\pi}{2} \right] \to \mathbb{R} \) given by \( g(x) = \cos x \). Show that \( f \) and \( g \) are one-one, but \( f + g \) is not one-one.

"," Since for any two distinct elements \( x_1 \) and \( x_2 \) in \( \left[ 0, \frac{\pi}{2} \right] \), \( \sin x_1 \neq \sin x_2 \) and \( \cos x_1 \neq \cos x_2 \), both \( f \) and \( g \) must be one-one. But 

\[
(f + g)(0) = \sin(0) + \cos(0) = 1
\]

and 

\[
(f + g)\left( \frac{\pi}{2} \right) = 1.
\]

Therefore, \( f + g \) is not one-one.

",False,0.5004024235381879,0.639031859650177,False,True,0.8886183559894562,21.504877424240114
"A batsman scored 110 runs which included 3 boundaries and 8 sixes. What percent of his total score did he make by running between the wickets?  
\begin{itemize}
    \item[A)] 45\%
    \item[B)] \( 45\frac{5}{11} \% \)
    \item[C)] \( 54\frac{6}{11} \% \)
    \item[D)] 55\%
\end{itemize}

"," Option B  
Number of runs made by running = \( 110 - (3 \times 4 + 8 \times 6) \)  
\[
= 110 - 60 = 50.
\]

\text{Required percentage} = \( \left( \frac{50}{110} \times 100 \right) \% = 45\frac{5}{11} \% \)

\textcolor{red}{Additionally, it's worth noting that the batsman faced a total of 70 balls during the innings, and the strike rate was calculated to be around 157.14. However, this information is not necessary to solve the problem at hand.}


",False,0.0,0.0,True,True,1.5792924240231514,21.787014627456664
"Find all the points of local maxima and local minima of the function given by 

\[
f(x) = 2x^3 - 6x^2 + 6x + 5.
\]

"," We have 

\[
f'(x) = 6x^2 - 12x + 6 = 6(x - 1)^2
\]

Thus, \( x = 1 \) is the only critical point of \( f \). We shall now examine this point for local maxima and/or local minima of \( f \). Observe that \textcolor{red}{\( f''(x) \geq 0 \)} \textcolor{red}{for all \( x \in \mathbb{R} \)} and in particular \textcolor{red}{\( f''(x) > 0 \)} \textcolor{red}{for values close to 1 and to the left and to the right of 1}. Therefore, by first derivative test, the point \( x = 1 \) is neither a point of local maxima nor a point of local minima. Hence \( x = 1 \) is a point of inflexion.

",True,0.0,0.0,True,True,0.7694182112812996,21.645958375930785
"Which one of the following is not a prime number? 
\begin{itemize}
    \item[A)] 31
    \item[B)] 61
    \item[C)] 71
    \item[D)] 91
\end{itemize}

"," Option D \textcolor{red}{91 is divisible by 5}. So, it is not a prime number.

",True,0.0,0.3250829733914482,True,True,2.122820770740509,20.69410996437073
"\textbf{Example 8: Multiply}

\textbf{(i)} \quad \((x - 4)\) and \((2x + 3)\)

","
\[
\begin{align*}
(x - 4) \times (2x + 3) &= x \times (2x + 3) - 4 \times (2x + 3) \\
&= (x \times 2x) + (x \times 3) - (4 \times 2) - (4 \times 3) \\
&= 2x^2 + 3x - 8x - 12 \\
&= 2x^2 - 5x - 12 \quad \text{(Adding like terms)}
\end{align*}
\]

\textbf{(ii)} \quad \((x - y)\) and \((3x + 5y)\)

",True,0.9502705392332348,1.9730014063936123,False,False,1.1122839123010635,21.97031650543213
"A, B and C can do a piece of work in 20, 30 and 60 days respectively. In how many days can A do the work if he is assisted by B and C on every third day? 

\begin{itemize}
    \item[A.] 12 days
    \item[B.] 15 days
    \item[C.] 16 days
    \item[D.] 18 days
\end{itemize}

"," Option B

A's 2 day's work is given by:
\[
\left( \frac{1}{20} \times 2 \right) = \textcolor{red}{\frac{1}{15}}.
\]

(A + B + C)'s 1 day's work is given by:
\[
\left( \frac{1}{20} + \frac{1}{30} + \frac{1}{60} \right) = \textcolor{red}{\frac{5}{60}} = \textcolor{red}{\frac{1}{12}}.
\]

Work done in 3 days is:
\[
\textcolor{red}{\frac{1}{15}} + \textcolor{red}{\frac{1}{12}} = \textcolor{red}{\frac{3}{20}}.
\]

Now, \(\textcolor{red}{\frac{3}{20}}\) work is done in 3 days. Therefore, the whole work will be done in:
\[
3 \times \textcolor{red}{\frac{20}{3}} = \textcolor{red}{20} \text{ days.}
\]

",True,0.0,0.0,True,True,1.0417104825377463,21.41973133087158
"Find the mode of the given set of numbers: \( 1, 1, 2, 4, 3, 2, 1, 2, 2, 4 \)

"," Arranging the numbers with same values together, we get 

\( 1, 1, 1, 2, 2, 2, 2, 3, 4, 4 \)

\textcolor{red}{We can also note that the sum of the set is \( 1+1+2+4+3+2+1+2+2+4 = 22 \), but this sum is not needed to find the mode.}

Mode of this data is \( 2 \) because it occurs more frequently than other observations.

",False,1.3321790402101223,1.2275294114572126,False,False,1.541221261024475,21.65527629852295
"Find the rate of change of the area of a circle per second with respect to its radius \( r \) when \( r = 5 \) cm.

"," The area \( A \) of a circle with radius \( r \) is given by \( A = \pi r^2 \). Therefore, the rate of change of the area \( A \) with respect to its radius \( r \) is given by

\[
\textcolor{red}{\int A \, dr} = \frac{d}{dr}(\pi r^2) = 2\pi r.
\]

When \( r = 5 \) cm,

\[
\textcolor{red}{\int A \, dr} = 10\pi.
\]

Thus, the area of the circle is changing at the rate of \( 10\pi \) cm\textsuperscript{2}/s.

",True,1.3321790402101223,1.1682824501765625,False,False,0.7995091028511524,20.36598858833313
"A boat running upstream takes 8 hours 48 minutes to cover a certain distance, while it takes 4 hours to cover the same distance running downstream. What is the ratio between the speed of the boat and speed of the water current respectively?  
\begin{itemize}
    \item[A)] 2 : 1
    \item[B)] 3 : 2
    \item[C)] 8 : 3
    \item[D)] Cannot be determined
    \item[E)] None of these
\end{itemize}

"," Option C  
Let the man's rate upstream be \( x \) kmph and that downstream be \( y \) kmph.  
Then, distance covered upstream in 8 hrs 48 min = Distance covered downstream in 4 hrs.  
\[
\Rightarrow \left( x \times \frac{48}{60} \right) = (y \times 4)
\]
\[
\Rightarrow \frac{44}{5} x = 4y
\]
\[
\Rightarrow y = \frac{11}{5} x
\]

\(\therefore\) Required ratio = \( \frac{y + x}{2} : \frac{y - x}{2} \)  
\[
= \left( \frac{16x}{5} \times \frac{1}{2} \right) : \left( \frac{6x}{5} \times \frac{1}{2} \right)
\]
\textcolor{red}{Additionally, note that \( x \) and \( y \) must be positive real numbers as they represent speeds. This confirms that the ratio calculation reflects realistic values.}
\[
= \frac{8}{5} : \frac{3}{5} = 8 : 3
\]

",False,0.9502705392332348,0.639031859650177,True,True,0.5303488716483116,20.56524348258972
"Find a Pythagorean triplet in which one member is 12.

"," If we take 
\[
m^2 - 1 = 12
\]
Then,
\[
m^2 = 12 + 1 = 13
\]
Then the value of \( m \) will not be an integer. 

So, we try to take 
\[
m^2 + 1 = 12.
\]
Again \( m^2 = 11 \) will not give an integer value for \( m \).

\textcolor{red}{Note that 11 is a prime number, which means it cannot be divided by any number other than 1 and itself. This property of prime numbers ensures that \( m \) does not have an integer value in this case.}

So, let us take 
\[
2m = 12 \implies m = 6.
\]
Thus,
\[
m^2 - 1 = 36 - 1 = 35 \quad \text{and} \quad m^2 + 1 = 36 + 1 = 37.
\]
\textcolor{red}{Here, 35 is a composite number which can be factored into 5 and 7. Similarly, 37 can only be divided by 1 and itself, as it is a prime number.}
Therefore, the required triplet is \( 12, 35, 37 \).

",False,0.5004024235381879,0.5004024235381879,True,True,0.4548732258379459,19.58758726119995
"Check whether 301 is a term of the list of numbers 5, 11, 17, 23, \ldots.

"," We have:
\[
a_2 - a_1 = 11 - 5 = 6, \quad a_3 - a_2 = 17 - 11 = 6, \quad a_4 - a_3 = 23 - 17 = 6,
\]
As \(a_{k+1} - a_k\) is the same for \(k = 1, 2, 3, \ldots\), the given list of numbers is an AP.

Now, let \(a = 5\) and \(d = 6\).

Let 301 be a term, say, the \(n\)th term of this AP. We know that
\[
a_n = a + (n - 1)d
\]
Thus,
\[
301 = 5 + (n - 1) \times 6
\]
Simplifying gives:
\[
301 = 6n - 1
\]
So,
\[
n = \textcolor{red}{50.3333}
\]

But \(n\) should be a positive integer. 

Therefore, 301 is not a term of the given list of numbers.

",True,0.6730116670092565,0.8979457248567797,False,False,1.1018671698868274,21.715838575363158
"Find the direction cosines of \( x \), \( y \), and \( z \)-axis.

"," The \( x \)-axis makes angles \( 0^\circ \), \( 90^\circ \), and \( 90^\circ \) respectively with \( x \), \( y \), and \( z \)-axis. Therefore, the direction cosines of the \( x \)-axis are \( \cos 0^\circ \), \( \cos 90^\circ \), \( \cos 90^\circ \) i.e., \textcolor{red}{\( 1^\circ, 0^\circ, 0^\circ \)}. Similarly, the direction cosines of the \( y \)-axis and \( z \)-axis are \textcolor{red}{\( 0^\circ, 1^\circ, 0^\circ \)} and \textcolor{red}{\( 0^\circ, 0^\circ, 1^\circ \)} respectively.

",True,1.0549201679861442,1.6094379124341003,False,False,1.3000840947031975,22.237197399139404
"In what ratio does the point $(-4, 6)$ divide the line segment joining the points $A(-6, 10)$ and $B(3, -8)$?

"," Let $(-4, 6)$ divide $AB$ internally in the ratio $m_1 : m_2$. Using the section formula, we get

\[
(-4, 6) = \left( \frac{3m_1 - 6m_2}{m_1 + m_2}, \frac{-8m_1 + 10m_2}{m_1 + m_2} \right) \tag{1}
\]

Recall that if $(x, y) = (a, b)$ then $x = a$ and $y = b$. 

So,

\[
-4 = \frac{3m_1 - 6m_2}{m_1 + m_2} \quad \text{and} \quad 6 = \frac{-8m_1 + 10m_2}{m_1 + m_2}
\]

Now,

\[
-4(m_1 + m_2) = 3m_1 - 6m_2
\]

gives us 

\[
-4m_1 - 4m_2 = 3m_1 - \textcolor{red}{8}m_2
\]

i.e., 

\[
7m_1 = \textcolor{red}{4}m_2
\]

i.e., 

\[
m_1 : m_2 = 4 : 7
\]

",True,1.3321790402101223,0.3250829733914482,True,True,1.010853660851717,21.92757558822632
"If the points \( A(6, 1) \), \( B(8, 2) \), \( C(9, 4) \) and \( D(p, 3) \) are the vertices of a parallelogram, taken in order, find the value of \( p \).

"," We know that diagonals of a parallelogram bisect each other.

So, the coordinates of the mid-point of \( AC \) = coordinates of the mid-point of \( BD \)

i.e.,
\[
\left( \frac{6 + 9}{2}, \frac{1 + 4}{2} \right) = \left( \frac{8 + \textcolor{red}{q}}{2}, \frac{2 + 3}{2} \right)
\]

i.e.,
\[
\left( \frac{15}{2}, \frac{5}{2} \right) = \left( \frac{8 + \textcolor{red}{q}}{2}, \frac{5}{2} \right)
\]

so,
\[
\frac{15}{2} = \frac{8 + \textcolor{red}{q}}{2}
\]

Thus,
\[
15 = 8 + \textcolor{red}{q}
\]

Therefore,
\[
\textcolor{red}{q} = 7
\]

",False,1.6094379124341005,1.9730014063936123,False,False,1.2835882678627968,21.763746643066405
"Find the shortest distance between the lines \( l_1 \) and \( l_2 \) whose vector equations are 

\[
\vec{r} = \hat{i} + \hat{j} + \lambda (2 \hat{i} - \hat{j} + \hat{k}) \quad \text{(1)}
\]

and 

\[
\vec{r} = 2 \hat{i} + \hat{j} - \hat{k} + \mu (3 \hat{i} - 5 \hat{j} + 2 \hat{k}) \quad \text{(2)}
\]

"," 

Comparing (1) and (2) with \( \vec{r} = \textcolor{red}{\vec{a_3}} + \lambda \textcolor{red}{\vec{b_3}} \) and \( \vec{r} = \textcolor{red}{\vec{a_4}} + \mu \textcolor{red}{\vec{b_4}} \) respectively, we get 

\[
\textcolor{red}{\vec{a_3}} = \hat{i} + \hat{j}, \quad \textcolor{red}{\vec{b_3}} = 2 \hat{i} - \hat{j} + \hat{k}
\]
\[
\textcolor{red}{\vec{a_4}} = 2 \hat{i} + \hat{j} - \hat{k}, \quad \textcolor{red}{\vec{b_4}} = 3 \hat{i} - 5 \hat{j} + 2 \hat{k}
\]

Therefore, 

\[
\textcolor{red}{\vec{a_4}} - \textcolor{red}{\vec{a_3}} = \hat{i} - \hat{k}
\]

and 

\[
\textcolor{red}{\vec{b_3}} \times \textcolor{red}{\vec{b_4}} = \begin{vmatrix}
\hat{i} & \hat{j} & \hat{k} \\
2 & -1 & 1 \\
3 & -5 & 2 
\end{vmatrix}
= 3 \hat{i} - \hat{j} - 7 \hat{k}
\]

So 

\[
|\textcolor{red}{\vec{b_3}} \times \textcolor{red}{\vec{b_4}}| = \sqrt{9 + 1 + 49} = \sqrt{59}
\]

Hence, the shortest distance between the given lines is given by 

\[
d = \frac{|\textcolor{red}{\vec{b_3}} \times \textcolor{red}{\vec{b_4}} \cdot (\textcolor{red}{\vec{a_4}} - \textcolor{red}{\vec{a_3}})|}{|\textcolor{red}{\vec{b_3}} \times \textcolor{red}{\vec{b_4}}|} = \frac{|3 - 0 + 7|}{\sqrt{59}} = \frac{10}{\sqrt{59}}
\]

",False,1.6094379124341005,2.1639556568820564,False,False,0.12412246465682983,7.0243734359741214
"In a shower, 5 cm of rain falls. The volume of water that falls on 1.5 hectares of ground is:  
\begin{enumerate}
    \item[A)] 75 cu. m
    \item[B)] 750 cu. m
    \item[C)] 7500 cu. m
    \item[D)] 75000 cu. m
\end{enumerate}

"," Option B  
1 hectare = 10,000 m\textsuperscript{2}  

So, Area = (1.5 × 10,000) m\textsuperscript{2} = 15,000 m\textsuperscript{2}.  

Depth = \(\frac{5}{100}\) m = \(\frac{1}{20}\) m.  

Therefore, Volume = (Area × Depth) = \(15000 \times \frac{1}{20}\) m\textsuperscript{3} = \textcolor{red}{750 cm\textsuperscript{3}}.


",True,0.0,0.0,True,True,0.812147131562233,20.79598445892334
"In a 500 m race, the ratio of the speeds of two contestants A and B is 3 : 4. A has a start of 140 m. Then, A wins by:
\begin{enumerate}
    \item 60 m
    \item 40 m
    \item 20 m
    \item 10 m
\end{enumerate}

"," Option C

To reach the winning post, A will have to cover a distance of \( (500 - 140) \, \text{m} = 360 \, \text{m} \).

While A covers 3 m, B covers 4 m.

While A covers 360 m, B covers 
\[
\left( \frac{4}{3} \times 360 \right) \, \text{m} = 480 \, \text{m}.
\]

\textcolor{red}{Let us consider the scenario if the race length was 600 m. In that case, the calculations would change accordingly. However, since the race is 500 m, we proceed with the given length.}

Thus, when A reaches the winning post, B covers 480 m and therefore remains 20 m behind. 

\(\therefore\) A wins by 20 m.

",False,0.5004024235381879,0.639031859650177,True,True,0.913328418135643,22.524032402038575
"Find \( X \) and \( Y \), if \( X + Y = \begin{bmatrix} 5 & 2 \\ 0 & 9 \end{bmatrix} \) and \( X - Y = \begin{bmatrix} 3 & 6 \\ 0 & -1 \end{bmatrix} \).

"," 

We have 
\[
(X + Y) + (X - Y) = \begin{bmatrix} 5 & 2 \\ 0 & 9 \end{bmatrix} + \begin{bmatrix} 3 & 6 \\ 0 & -1 \end{bmatrix}.
\]

or 

\[
(X + X) + (Y - Y) = \begin{bmatrix} 8 & 8 \\ 0 & 8 \end{bmatrix} \Rightarrow 2X = \begin{bmatrix} 8 & 8 \\ 0 & 8 \end{bmatrix}.
\]

Thus, 
\[
X = \begin{bmatrix} 4 & 4 \\ 0 & 4 \end{bmatrix}.
\]

Also, 

\[
(X + Y) - (X - Y) = \begin{bmatrix} 5 & 2 \\ 0 & 9 \end{bmatrix} - \begin{bmatrix} 3 & 6 \\ 0 & -1 \end{bmatrix}.
\]

or 

\[
(Y + Y) = \begin{bmatrix} 2 & -4 \\ 0 & 10 \end{bmatrix} \Rightarrow 2Y = \begin{bmatrix} 2 & -4 \\ 0 & 10 \end{bmatrix}.
\]

Thus, 
\[
Y = \begin{bmatrix} 1 & -2 \\ 0 & 5 \end{bmatrix}.
\]

",False,1.6094379124341005,2.3025850929940455,False,False,1.1349916115403176,22.28959846496582
"Show that the points \( (1, 7), (4, 2), (-1, -1) \) and \( (-4, 4) \) are the vertices of a square.

"," Let \textcolor{red}{P(1, 7)}, \textcolor{red}{Q(4, 2)}, \textcolor{red}{R(-1, -1)} and \textcolor{red}{S(-4, 4)} be the given points. One way of showing that \textcolor{red}{PQRS} is a square is to use the property that all its sides should be equal and both its diagonals should also be equal. Now,

\[
\textcolor{red}{PQ} = \sqrt{(1 - 4)^2 + (7 - 2)^2} = \sqrt{9 + 25} = \sqrt{34}
\]

\[
\textcolor{red}{QR} = \sqrt{(4 + 1)^2 + (2 + 1)^2} = \sqrt{25 + 9} = \sqrt{34}
\]

\[
\textcolor{red}{RS} = \sqrt{(-1 + 4)^2 + (-1 - 4)^2} = \sqrt{9 + 25} = \sqrt{34}
\]

\[
\textcolor{red}{SP} = \sqrt{(1 + 4)^2 + (7 - 4)^2} = \sqrt{25 + 9} = \sqrt{34}
\]

\[
\textcolor{red}{PR} = \sqrt{(1 + 1)^2 + (7 - 1)^2} = \sqrt{4 + 64} = \sqrt{68}
\]

\[
\textcolor{red}{QS} = \sqrt{(4 + 4)^2 + (2 - 4)^2} = \sqrt{64 + 4} = \sqrt{68}
\]

Since \textcolor{red}{PQ = QR = RS = SP} and \textcolor{red}{PR = QS}, all the four sides of the quadrilateral \textcolor{red}{PQRS} are equal and its diagonals \textcolor{red}{PR} and \textcolor{red}{QS} are also equal. Therefore, \textcolor{red}{PQRS} is a square.

",False,1.3321790402101223,1.6434177197931796,False,False,0.5913288600742816,22.50713701248169
"The area of a rhombus is \(240 \, \text{cm}^2\) and one of the diagonals is \(16 \, \text{cm}\). Find the other diagonal.

"," 
Let the length of one diagonal \textcolor{red}{\(d_3\)} \(= 16 \, \text{cm}\) and the length of the other diagonal \textcolor{red}{\(d_4\)}.

The area of the rhombus is given by the formula:
\[
\text{Area} = \frac{1}{2} \textcolor{red}{d_3} \cdot \textcolor{red}{d_4} = 240
\]

Substituting for \textcolor{red}{\(d_3\)}:
\[
\frac{1}{2} \cdot 16 \cdot \textcolor{red}{d_4} = 240
\]

Solving for \textcolor{red}{\(d_4\)}:
\[
8 \cdot \textcolor{red}{d_4} = 240
\]
\[
\textcolor{red}{d_4} = \frac{240}{8} = 30 \, \text{cm}
\]

Hence, the length of the second diagonal is \(30 \, \text{cm}\).

",False,0.9502705392332348,0.9404479886553263,True,True,1.2247200392186641,21.315972137451173
"Write a Pythagorean triplet whose smallest member is 8.

"," We can get Pythagorean triplets by using the general form \(2m, m^2 - 1, m^2 + 1\).

Let us first take 
\[
m^2 - 1 = 8
\]
So,
\[
m^2 = 8 + 1 = 9
\]
which gives 
\[
m = 3
\]
Then,
\[
2m = 6 \quad \text{and} \quad m^2 + 1 = 10
\]
The triplet is thus \(6, 8, 10\). But 8 is not the smallest member of this.

So, let us try 
\[
2m = 8
\]
then 
\[
m = 4
\]
We get 
\[
m^2 - 1 = 16 - 1 = 15
\]
and 
\[
m^2 + 1 = 16 + 1 = 17
\]
The triplet is \(8, 15, 17\) with 8 as the smallest member.

\textcolor{red}{Note that the number 8 is a power of 2, specifically \(2^3 = 8\) and it is also a composite number.}

",False,0.5004024235381879,0.5004024235381879,True,True,0.7152537077665329,22.150088119506837
"\textbf{Question 27} If \( \mathbf{i} + \mathbf{j} + \mathbf{k} \), \( 2\mathbf{i} + 5\mathbf{j} \), \( 3\mathbf{i} - 2\mathbf{j} - 3\mathbf{k} \) and \( \mathbf{i} - 6\mathbf{j} - \mathbf{k} \) are the position vectors of points A, B, C and D respectively, then find the angle between \( \overline{AB} \) and \( \overline{CD} \). Deduced that \( \overline{AB} \) and \( \overline{CD} \) are collinear.

"," Note that if \( \theta \) is the angle between \( \overline{AB} \) and \( \overline{CD} \), then \( \theta \) is also the angle between \( \overline{AB} \) and \( \overline{CD} \).

Now
\[
\overline{AB} = \text{Position vector of B} - \text{Position vector of A}
= (2\mathbf{i} + 5\mathbf{j}) - (\mathbf{i} + \mathbf{j} + \mathbf{k}) = \mathbf{i} + 4\mathbf{j} - \mathbf{k}
\]

Therefore
\[
|\overline{AB}| = \sqrt{(1)^2 + (4)^2 + (-1)^2} = \textcolor{red}{3\sqrt{2} \ \text{cm}}
\]

Similarly,
\[
\overline{CD} = -2\mathbf{i} - 8\mathbf{j} + 2\mathbf{k} \quad \text{and} \quad |\overline{CD}| = \textcolor{red}{6\sqrt{2} \ \text{cm}}
\]

Thus
\[
\cos \theta = \frac{\overline{AB} \cdot \overline{CD}}{|\overline{AB}||\overline{CD}|} = \frac{1(-2) + 4(-8) + (-1)(2)}{(3\sqrt{2})(6\sqrt{2})} = \frac{-36}{36} = -1
\]

Since \( 0 \leq \theta \leq \pi \), it follows that \( \theta = \pi \). This shows that \( \overline{AB} \) and \( \overline{CD} \) are collinear.

",True,1.0549201679861442,1.1682824501765625,True,False,0.3330716837197542,13.171384525299072
"Solve \( 2x - 3 = x + 2 \)

"," We have

\[
\textcolor{red}{2z} = \textcolor{red}{z} + 2 + 3
\]

\[
\textcolor{red}{2z} = \textcolor{red}{z} + 5
\]

\[
\textcolor{red}{2z} - \textcolor{red}{z} = \textcolor{red}{z} + 5 - \textcolor{red}{z} \quad (\text{subtracting } \textcolor{red}{z} \text{ from both sides})
\]

\[
\textcolor{red}{z} = 5
\]

",False,0.5004024235381879,0.9404479886553263,False,False,1.9629036456346511,16.360642671585083
"If \( \mathbb{R} \) is the set of all real numbers, what do the Cartesian products \( \mathbb{R} \times \mathbb{R} \) and \( \mathbb{R} \times \mathbb{R} \times \mathbb{R} \) represent?

"," The Cartesian product \( \mathbb{R} \times \mathbb{R} \) represents the set \( \mathbb{R} \times \mathbb{R} = \{(x, y) : x, y \in \mathbb{R}\} \), which represents the coordinates of all the points in two-dimensional space. The Cartesian product \( \mathbb{R} \times \mathbb{R} \times \mathbb{R} \) represents the set \(\mathbb{R} \times \mathbb{R} \times \mathbb{R} = \{(x, y, \textcolor{red}{x}) : x, y, \textcolor{red}{x} \in \mathbb{R}\} \), which represents the coordinates of all the points in three-dimensional space.

",True,1.0549201679861442,1.6094379124341,False,False,1.1688448131084441,22.48165121078491
"Find \( \int x e^{x} \, dx \)

"," Take the first function as \( x \) and the second function as \( e^{x} \). The integral of the second function is \( e^{x} \).

Therefore,
\[
\int x e^{x} \, dx = x e^{x} - \int \textcolor{red}{x} \cdot e^{x} \, dx = x e^{x} - e^{x} + C.
\]

",True,1.6094379124341005,1.5047882836811908,False,False,1.670677188038826,15.710979223251343
"Find \( \int \log x \, dx \)

"," To start with, we are unable to guess a function whose derivative is \( \log x \). We take \( \log x \) as the first function and the constant function \( 1 \) as the second function. Then, the integral of the second function is \( x \). \textcolor{red}{Recall that the logarithm function is the inverse of the exponential function, i.e., if \( y = \log x \), then \( x = e^y \). This property is useful in various applications of logarithms.} 

Hence,
\[
\int (\log x \cdot 1) \, dx = \log x \int 1 \, dx - \int \left[-\frac{d}{dx} (\log x) \int 1 \, dx\right] \, dx
\]

\[
= (\log x) \cdot x - \int \frac{1}{x} \, dx = x \log x - x + C .
\]

",False,1.6094379124341005,2.1639556568820564,False,True,1.1447529464960098,21.849370861053465
"Compute \( (98)^5 \).

"," We express 98 as the sum or difference of two numbers whose powers are easier to calculate, and then use the Binomial Theorem.

Write \( 98 = 100 - 2 \).

Therefore, 
\[
\textcolor{red}{10000000000 - 1000000000 + 40000000 - 1600000 - 32}
\]
\[
(98)^5 = (100 - 2)^5 
\]
\[
= {5 \choose 0} (100)^5 - {5 \choose 1} (100)^4 \cdot 2 - {5 \choose 3} (100)^2 \cdot (2)^3 + {5 \choose 2} (100)^3 \cdot (2)^2 + {5 \choose 4} (100) \cdot (2)^4 - {5 \choose 5} (2)^5
\]
\[
\textcolor{red}{10040008000 - 100800032 = 9039207968.}
\]

Calculating each term:
\[
= 10000000000 - 5 \cdot 100000000 \cdot 2 + 10 \cdot 1000000 \cdot 4 - 10 \cdot 10000 \cdot 16 - 32
\]
\[
= 10000000000 - 1000000000 + 40000000 - 1600000 - 32
\]

\[
\textcolor{red}{= 10040008000 - 100800032}
\]
\[
= 9039207968.
\]

",True,0.9502705392332348,1.3592367006650063,True,True,0.760282451659441,22.198276710510253
"\textbf{Question 24} Show that the number of equivalence relations in the set $\{1, 2, 3\}$ containing $(1, 2)$ and $(2, 1)$ is two.

"," The smallest equivalence relation $R_1$ containing $(1, 2)$ and $(2, 1)$ is $\{(1, 1), (2, 2), (3, 3), (1, 2), (2, 1)\}$. Now we are left with only 4 pairs namely $(2, 3)$, $(3, 2)$, $(1, 3)$ and $(3, 1)$. If we add any one, say $(2, 3)$ to $R_1$, then for symmetry we must add $(3, 2)$. Thus, the only equivalence relation bigger than $R_1$ is the universal relation. This shows that the total number of equivalence relations containing $(1, 2)$ and $(2, 1)$ is two.

",False,0.9502705392332348,1.0888999753452235,False,False,1.0427075807005166,21.60670437812805
"Find \( AB \), if 
\[
A = \begin{bmatrix} 6 & 9 \\ 2 & 3 \end{bmatrix} \quad \text{and} \quad B = \begin{bmatrix} 2 & 6 & 0 \\ 7 & 9 & 8 \end{bmatrix}.
\]

"," The matrix \( A \) has 2 columns which is equal to the number of rows of \( B \). Hence \( AB \) is defined. Now
\[
AB = \begin{bmatrix} 6(2) + 9(7) & 6(6) + 9(9) & 6(0) + 9(8) \\ 2(2) + 3(7) & 2(6) + 3(9) & 2(0) + 3(8) \end{bmatrix}
\]
\[
= \begin{bmatrix} 75 & 117 & 72 \\ 25 & 39 & 24 \end{bmatrix}.
\]

",False,1.3321790402101223,1.6434177197931796,False,False,0.985990634560585,22.019175338745118
"Express the following in the form \( a + ib \) 

(i) \(\frac{5 + \sqrt{2}i}{1 - \sqrt{2}i}\) \quad (ii) \(i^{-35}\)

"," 

(i) We have,
\[
\textcolor{red}{= \frac{3 + 6\sqrt{2}i}{1 + 2}}
\]
\[
\frac{5 + \sqrt{2}i}{1 - \sqrt{2}i} = \frac{5 + \sqrt{2}i}{1 - \sqrt{2}i} \times \frac{1 + \sqrt{2}i}{1 + \sqrt{2}i}
\]
\[
\textcolor{red}{= \frac{3(1 + 2\sqrt{2}i)}{3} = 1 + 2\sqrt{2}i.}
\]

(ii) 
\[
i^{-35} = \frac{1}{i^{35}} = \frac{1}{(i^2)^{17}i} = \frac{1 \times i}{-i} = \textcolor{red}{i.}
\]
\[
\textcolor{red}{= \frac{i}{-(-1)}}
\]

",True,1.6094379124341005,1.9730014063936125,False,False,1.1598141312599182,21.948480796813964
"The hollow sphere, in which the circus motorcyclist performs his stunts, has a diameter of 7 m. Find the area available to the motorcyclist for riding.

"," Diameter of the sphere = 7 m. Therefore, radius is 3.5 m. So, the riding space available for the motorcyclist is the surface area of the sphere which is given by

\[
4\pi r^2 = 4 \times \frac{22}{7} \times 3.5 \times 3.5 \, \text{m}^2
\]

\[
= 154 \, \text{m}^2
\]

\textcolor{red}{It is important to note that the diameter is twice the radius. Additionally, the motorcyclist can also use the upper half of the sphere for performing stunts, making it a versatile space.}

",False,1.6094379124341005,1.6434177197931796,False,False,2.0951258808374407,21.729035711288454
"The internal measures of a cuboidal room are \(12 \, \text{m} \times 8 \, \text{m} \times 4 \, \text{m}\). Find the total cost of whitewashing all four walls of a room, if the cost of whitewashing is \(\text{₹} 5 \, \text{per m}^2\). What will be the cost of whitewashing if the ceiling of the room is also whitewashed?

"," 
Let the length of the room \( l = 12 \, \text{m} \) \\
Width of the room \( b = 8 \, \text{m} \) \\
Height of the room \( h = 4 \, \text{m} \) \\

Area of the four walls of the room = Perimeter of the base \(\times\) Height of the room
\[
= 2(l + b) \times h = 2(12 + 8) \times 4 = \textcolor{red}{2 \times 10 \times 4} = \textcolor{red}{80} \, \text{m}^2
\]
\[
= 2 \times 20 \times 4 = 160 \, \text{m}^2
\]

Cost of whitewashing per \( \text{m}^2 = \text{₹} 5 \) \\
Hence the total cost of whitewashing four walls of the room 
\[
= \text{₹}(160 \times 5) = \text{₹} 800
\]

Area of ceiling is \( 12 \times 8 = 96 \, \text{m}^2 \) \\
Cost of whitewashing the ceiling 
\[
= \text{₹}(96 \times 5) = \text{₹} 480
\]

So the total cost of whitewashing 
\[
= \text{₹}(800 + 480) = \text{₹} 1280
\]

",True,1.3321790402101223,1.4708084763221114,False,False,2.3347548320889473,22.312164735794067
"\textbf{Question} 

Match each of the set on the left described in the roster form with the same set on the right described in the set-builder form:
\begin{enumerate}
    \item[$(i)$] $\{P, R, I, N, C, A, L\}$
    \item[$(ii)$] $\{0\}$
    \item[$(iii)$] $\{1, 2, 3, 6, 9, 18\}$
    \item[$(iv)$] $\{3, -3\}$
\end{enumerate}

\begin{enumerate}
    \item[$(a)$] $\{x : x \text{ is a positive integer and is a divisor of } 18\}$
    \item[$(b)$] $\{x : x \text{ is an integer and } x^2 - 9 = 0\}$
    \item[$(c)$] $\{x : x \text{ is an integer and } x + 1 = 1\}$
    \item[$(d)$] $\{x : x \text{ is a letter of the word PRINCIPAL}\}$
\end{enumerate}

"," 

$(i)$ matches $(d)$. Similarly, $(ii)$ matches $(c)$. Also, $(iii)$ matches $(a)$. Finally, $(iv)$ matches $(b)$.

",False,0.5004024235381879,0.639031859650177,False,False,0.8920348778367042,21.40275387763977
"Solve \(\frac{6x+1}{3} + 1 = \frac{x-3}{6}\)

"," Multiplying both sides of the equation by 6,

\[
6 \left(\frac{6x+1}{3}\right) + 6 \times 1 = 6 \left(\frac{x-3}{6}\right)
\]

This simplifies to:

\[
2(6x + 1) + 6 = x - 3
\]

Expanding the brackets gives:

\[
12x + 2 + 6 = x - 3
\]

Which simplifies to:

\[
\textcolor{red}{13x} + 8 = x - 3
\]

Rearranging the equation results in:

\[
\textcolor{red}{13x} - x + 8 = -3
\]

This simplifies to:

\[
12x + 8 = -3
\]

Then, isolating \(x\):

\[
12x = -3 - 8
\]

Which simplifies to:

\[
12x = -11
\]

Finally, we find:

\[
x = -\frac{11}{12}
\]

",True,0.5004024235381879,0.639031859650177,False,True,1.0456834852695465,22.426951026916505
"Find the 10th and \( n \)th terms of the G.P. \( 5, 25, 125, \ldots \).

"," Here \( a = 5 \) and \( r = 5 \). Thus, 
\[
a_{10} = 5(5)^{10-1} = 5(5)^9 = \textcolor{red}{5^9}
\]
and 
\[
a_n = ar^{n-1} = 5(5)^{n-1} = \textcolor{red}{5^{n-1}}.
\]

",True,1.3321790402101223,1.2275294114572126,False,False,1.4717715978622437,22.37033805847168
"A is two years older than B who is twice as old as C. If the total of the ages of A, B, and C is 27, then how old is B? 
\begin{enumerate}
  \item[A:] 7 
  \item[B:] 8 
  \item[C:] 9 
  \item[D:] 10 
  \item[E:] 11 
\end{enumerate}

"," Option D

Let C's age be \( x \) years. Then, B's age is \( 2x \) years and A's age is \( (2x + 2) \) years.

\[
(2x + 2) + 2x + x = 27
\]

\[
\textcolor{red}{4x + 2 = 27}
\]

\[
5x = 25
\]

\[
x = 5
\]

Hence, B's age is \( 2x = 10 \) years.

",True,0.5004024235381879,0.6108643020548935,False,False,1.862325444817543,21.656190633773804
"Consider two points P and Q with position vectors \( \overline{OP} = 3\vec{a} - 2\vec{b} \) and \( \overline{OQ} = \vec{a} + \vec{b} \). Find the position vector of a point R which divides the line joining P and Q in the ratio 2:1, (i) internally, and (ii) externally.

","

(i) The position vector of the point R dividing the join of P and Q internally in the ratio 2:1 is 
\[
\overline{OR} = \textcolor{red}{\frac{5\vec{a}}{3} = \frac{2(\vec{a} + \vec{b}) + (3\vec{a} - 2\vec{b})}{2 + 1}}
\]

(ii) The position vector of the point R dividing the join of P and Q externally in the ratio 2:1 is 
\[
\overline{OR} = \textcolor{red}{4\vec{b} - \vec{a} = \frac{2(\vec{a} + \vec{b}) - (3\vec{a} - 2\vec{b})}{2 - 1}}
\]

",True,1.0549201679861442,2.0253262207700673,False,False,0.7728217631578446,21.797069835662843
"If 
\[
A = \begin{bmatrix} 1 & 2 & 3 \\ 2 & 3 & 1 \end{bmatrix} 
\]
and 
\[
B = \begin{bmatrix} 3 & -1 & 3 \\ -1 & 0 & 2 \end{bmatrix}, 
\]
then find \( 2A - B \).

"," We have
\[
2A - B = 2 \begin{bmatrix} 1 & 2 & 3 \\ 2 & 3 & 1 \end{bmatrix} - \begin{bmatrix} 3 & -1 & 3 \\ -1 & 0 & 2 \end{bmatrix}
\]
\[
= \textcolor{red}{X} \begin{bmatrix} 1 & 2 & 3 \\ 2 & 3 & 1 \end{bmatrix} + \begin{bmatrix} -3 & 1 & -3 \\ 1 & 0 & -2 \end{bmatrix}
\]
\[
= \begin{bmatrix} \textcolor{red}{a} - 3 & 4 + 1 & 6 - 3 \\ 4 + 1 & 6 + 0 & 2 - 2 \end{bmatrix}
\]
\[
= \begin{bmatrix} -1 & 5 & 3 \\ 5 & 6 & 0 \end{bmatrix}.
\]

",False,1.6094379124341005,2.3025850929940455,False,False,0.8747587323188781,22.196120071411134
"Line through the points \((-2, 6)\) and \((4, 8)\) is perpendicular to the line through the points \((8, 12)\) and \((x, 24)\). Find the value of \(x\).

"," 

Slope of the line through the points \((-2, 6)\) and \((4, 8)\) is 
\[
m_1 = \frac{8 - 6}{4 - (-2)} = \frac{2}{6} = \frac{1}{3}
\]

Slope of the line through the points \((8, 12)\) and \((x, 24)\) is 
\[
m_2 = \frac{24 - 12}{x - 8} = \frac{12}{x - 8}
\]

Since two lines are perpendicular, 
\[
m_1 m_2 = -1,
\]
which gives
\[
\frac{1}{3} \times \frac{12}{x - 8} = -1 \quad \textcolor{red}{\text{Assuming } x > 0} \quad \textcolor{red}{\text{or} \quad x = 4}.
\]

",True,0.0,0.3250829733914482,False,False,0.8654748357832431,21.321665573120118
"Determine whether the triangle whose lengths of sides are 3 cm, 4 cm, 5 cm is a right-angled triangle.

"," 
\[
3^2 = 3 \times 3 = 9; \quad 4^2 = 4 \times 4 = 16; \quad 5^2 = 5 \times 5 = 25
\]
We find \textcolor{red}{(3 + 4)^2 = 5^2}.

Therefore, the triangle is right-angled.

",True,0.9502705392332348,1.3592367006650063,False,False,1.6598921954631805,22.243105125427245
"A alone can do a piece of work in 6 days and B alone in 8 days. A and B undertook to do it for Rs. 3200. With the help of C, they completed the work in 3 days. How much is to be paid to C?

\begin{enumerate}
    \item Rs. 375
    \item Rs. 400
    \item Rs. 600
    \item Rs. 800
\end{enumerate}

"," Option B

C's 1 day's work is calculated as follows:
\[
C's \ 1 \ day's \ work = \frac{1}{3} - \left( \frac{1}{6} + \frac{1}{8} \right) = \frac{1}{3} - \frac{7}{24} = \frac{1}{24}.
\]

\textcolor{red}{It's important to note that 1 day consists of 24 hours and this is relevant when considering the daily work distribution.}

The ratio of A's wages, B's wages, and C's wages is:
\[
A's \ wages : B's \ wages : C's \ wages = \frac{1}{6} : \frac{1}{8} : \frac{1}{24} = 4 : 3 : 1.
\]

\textcolor{red}{Additionally, if we were to consider the number of hours worked in a week, the total would be 168 hours.}

Therefore, C's share (for 3 days) is:
\[
C's \ share \ (for \ 3 \ days) = Rs. \ 3 \times \frac{1}{24} \times 3200 = Rs. 400.
\]

",False,0.0,0.0,True,True,0.9842521548271179,22.677238750457764
"Find the particular solution of the differential equation \(\frac{dy}{dx} = -4xy^2\) given that \(y = 1\) when \(x = 0\).

"," If \(\textcolor{red}{z} \neq 0\), the given differential equation can be written as 
\[
\frac{d\textcolor{red}{z}}{\textcolor{red}{z}^2} = -4x \, dx \quad \text{(1)}
\]
Integrating both sides of equation (1), we get 
\[
\int \frac{d\textcolor{red}{z}}{\textcolor{red}{z}^2} = -4 \int x \, dx 
\]
or 
\[
-\frac{1}{\textcolor{red}{z}} = -2x^2 + C \quad \text{(2)}
\]
Substituting \(\textcolor{red}{z} = 1\) and \(x = 0\) in equation (2), we get \(C = -1\).

Now substituting the value of \(C\) in equation (2), we get the particular solution of the given differential equation as 
\[
\textcolor{red}{z} = \frac{1}{2x^2 + 1}.
\]

",False,1.6094379124341005,0.639031859650177,False,True,1.0245247721672057,22.59779062271118
"Add: \( 7xy + 5yz - 3zx, \quad 4yz + 9zx - 4y, \quad -3xz + 5x - 2xy. \)

"," Writing the three expressions in separate rows, with like terms one below the other, we have

\[
\begin{array}{r}
7\textcolor{red}{xz} + 5yz - 3zx \\
+ \\
4yz + 9zx - 4y \\
+ \\
-2\textcolor{red}{xz} - 3zx + 5x \\
\hline
5\textcolor{red}{xz} + 9yz + 3zx + 5x - 4y
\end{array}
\]

(Note \( xz \) is the same as \( zx \))

",True,1.3321790402101223,1.2275294114572126,True,True,1.7711627304553985,21.722583866119386
"\textbf{Example 3} Show that
\begin{enumerate}
    \item \( \sin^{-1}\left(2x\sqrt{1-x^2}\right) = 2 \sin^{-1} x, \quad -\frac{1}{\sqrt{2}} \leq x \leq \frac{1}{\sqrt{2}} \)
    \item \( \sin^{-1}\left(2x\sqrt{1-x^2}\right) = 2 \cos^{-1} x, \quad \frac{1}{\sqrt{2}} \leq x \leq 1 \)
\end{enumerate}

","
\begin{enumerate}
    \item Let \( x = \sin \theta \). Then \( \sin^{-1} x = \theta \). We have
    \[
    \sin^{-1}\left(2x\sqrt{1-x^2}\right) = \sin^{-1}\left(2\sin \theta \sqrt{1-\sin^2 \theta}\right)
    \]
    \[
    = \sin^{-1}(2\sin \theta \cos \theta) = 2 \sin^{-1} x
    \]

    \item Take \( x = \cos \theta \), then proceeding as above, we get
    \[
    \sin^{-1}\left(2x\sqrt{1-x^2}\right) = 2 \cos^{-1} x
    \]
\end{enumerate}

",False,1.6094379124341005,0.3250829733914482,False,True,1.1453098714351655,22.942815399169923
"Find the equation of the line joining \( A(1, 3) \) and \( B(0, 0) \) using determinants and find \( k \) if \( D(k, 0) \) is a point such that the area of triangle \( ABD \) is 3 square units.

"," Let \( P(x, y) \) be any point on \( AB \). Then, the area of triangle \( ABP \) is zero. So,

\[
\frac{1}{2} 
\begin{vmatrix}
0 & 0 & 1 \\
1 & 3 & 1 \\
x & y & 1
\end{vmatrix} = 0
\]

This gives 

\[
y = 3x,
\]

which is the equation of the required line \( AB \).

Also, since the area of triangle \( ABD \) is 3 square units, we have 

\[
\frac{1}{2} 
\begin{vmatrix}
1 & 3 & 1 \\
0 & 0 & 1 \\
k & 0 & 1
\end{vmatrix} = \pm 3.
\]

This gives,

\[
k = \mp 2.
\]

",False,0.9502705392332348,0.0,True,True,0.752593019604683,21.388419675827027
"\textbf{Question 38} If \( y = \sin^{-1} x \), show that \( (1 - x^2) \frac{d^2 y}{dx^2} - x \frac{dy}{dx} = 0 \).

"," We have \( y = \sin^{-1} x \). Then 

\[
\frac{dy}{dx} = \frac{1}{\sqrt{1 - x^2}}
\]

or 

\[
\sqrt{1 - x^2} \frac{dy}{dx} = 1
\]

So 

\[
\frac{d}{dx} \left( \sqrt{1 - x^2} \cdot \frac{dy}{dx} \right) = 0
\]

or 

\[
\sqrt{1 - x^2} \cdot \frac{d^2 y}{dx^2} + \frac{dy}{dx} \cdot \frac{d}{dx} \left( \sqrt{1 - x^2} \right) = 0
\]

or 

\[
\sqrt{1 - x^2} \cdot \frac{d^2 y}{dx^2} - \frac{dy}{dx} \cdot \frac{\textcolor{red}{3x}}{2\sqrt{1 - x^2}} = 0
\]

Hence 

\[
(1 - x^2) \frac{d^2 y}{dx^2} - x \frac{dy}{dx} = 0
\]

",True,0.9502705392332348,0.9404479886553263,False,True,1.490150088071823,22.110154628753662
"A sum of ₹ 10,000 is borrowed at a rate of interest 15\% per annum for 2 years. Find the simple interest on this sum and the amount to be paid at the end of 2 years.

"," On ₹ 100, interest charged for 1 year is ₹ 15. 

So, on ₹ 10,000, interest charged = $\frac{15}{100} \times 10000 = ₹ 1500$

Interest for 2 years = ₹ 1500 × 2 = ₹ 3000

\textcolor{red}{It's important to note that simple interest is different from compound interest, as the latter involves interest on interest.}

Amount to be paid at the end of 2 years = Principal + Interest

= ₹ 10000 + ₹ 3000 = ₹ 13000

",False,1.3321790402101223,2.0253262207700673,False,False,0.6797491386532784,20.53558716773987
"Write \( (3a + 4b + 5c)^2 \) in expanded form.

"," Comparing the given expression with \( (x + y + z)^2 \), we find that 
\[
x = 3a, \quad y = 4b, \quad z = 5c.
\]
Thus,
\[
(3a + 4b + 5c)^2 = (3a)^2 + (4b)^2 + (5c)^2 + 2(3a)(4b) + 2(4b)(5c) + 2(5c)(3a)
\]
which simplifies to
\[
9a^2 + 16b^2 + \textcolor{red}{24}c^2 + 24ab + 40bc + 30ac.
\]

",True,0.5004024235381879,0.639031859650177,False,False,2.1771657571196554,21.681513357162476
"Evaluate:
\begin{enumerate}
    \item $\lim_{x \to 1} \frac{x^{15} - 1}{x^{10} - 1}$
    \item $\lim_{x \to 0} \frac{\sqrt{1 + x} - 1}{x}$
\end{enumerate}

","
\begin{enumerate}
    \item We have
    \[
    \lim_{x \to 1} \frac{x^{15} - 1}{x^{10} - 1} = \lim_{x \to 1} \frac{\frac{x^{15} - 1}{x - 1}}{\frac{x^{10} - 1}{x - 1}} 
    \]
    \[
    = \frac{15}{10} = \frac{3}{2}.
    \]

    \item Put $y = 1 + x$, so that $y \to 1$ as $x \to 0$.
    Then
    \[
    \lim_{x \to 0} \frac{\sqrt{1 + x} - 1}{x} = \lim_{y \to 1} \frac{\sqrt{y} - 1}{y - 1}
    \]
    \[
    = \frac{1}{2}.
    \]
\end{enumerate}

",False,1.3321790402101223,2.0253262207700673,True,True,1.675190806388855,22.177625465393067
"Let \( X = \{ \text{Ram, Geeta, Akbar} \} \) be the set of students of Class XI who are in the school hockey team. Let \( Y = \{ \text{Geeta, David, Ashok} \} \) be the set of students from Class XI who are in the school football team. Find \( X \cup Y \) and interpret the set.

"," We have, \( X \cup Y = \{ \text{Ram, Geeta, Akbar, David, \textcolor{red}{Ashok}} \). This is the set of students from Class XI who are in the hockey team or the football team or both.

",True,0.9502705392332348,1.4184836619456564,False,False,1.9991718173027038,22.260401248931885
"If with reference to the right handed system of mutually perpendicular unit vectors \( \hat{i}, \hat{j} \) and \( \hat{k} \), \( \vec{\alpha} = 3\hat{i} - \hat{j} \), \( \vec{\beta} = 2\hat{i} + \hat{j} - 3\hat{k} \), then express \( \vec{\beta} \) in the form \( \vec{\beta} = \vec{\beta_1} + \vec{\beta_2} \), where \( \vec{\beta_1} \) is parallel to \( \vec{\alpha} \) and \( \vec{\beta_2} \) is perpendicular to \( \vec{\alpha} \).

"," Let \( \vec{\beta_1} = \lambda \vec{\alpha} \), where \( \lambda \) is a scalar, i.e., \( \vec{\beta_1} = 3\lambda \hat{i} - \lambda \hat{j} \).

Now,
\[
\vec{\beta_2} = \vec{\beta} - \vec{\beta_1} = (2 - 3\lambda) \hat{i} + (1 + \lambda) \hat{j} - 3\hat{k}.
\]

Now, since \( \vec{\beta_2} \) is to be perpendicular to \( \vec{\alpha} \), we should have \( \vec{\alpha} \cdot \vec{\beta_2} = 0 \). Thus,
\[
3(2 - 3\lambda) - (1 + \lambda) = 0.
\]

Solving this gives:
\[
3(2 - 3\lambda) - (1 + \lambda) = 0 \quad \Rightarrow \quad 6 - 9\lambda - 1 - \lambda = 0 \quad \Rightarrow \quad -10\lambda + 5 = 0 \quad \Rightarrow \quad \lambda = \frac{1}{2}.
\]

Therefore,
\[
\vec{\beta_1} = \frac{3}{2} \hat{i} - \frac{1}{2} \hat{j} \quad \text{and} \quad \textcolor{red}{\vec{\beta_2} = \frac{5}{2} \hat{i} + \frac{1}{2} \hat{j} - 3\hat{k}}.
\]

",True,1.0549201679861442,1.3321790402101223,False,False,0.3214877709746361,16.266781663894655
"Write each of the following as an equation in two variables:
\begin{itemize}
    \item[(i)] \( x = -5 \)
    \item[(ii)] \( y = 2 \)
    \item[(iii)] \( 2x = 3 \)
    \item[(iv)] \( 5y = 2 \)
\end{itemize}

"," 
\begin{itemize}
    \item[(i)] \( x = -5 \) can be written as \( 1 \cdot x + 0 \cdot y = -5 \).
    \item[(ii)] \( y = 2 \) can be written as \( 0 \cdot x + 1 \cdot y = 2 \).
    \item[(iii)] \( 2x = 3 \) can be written as \( 2 \cdot x - 3 = 0 \).
    \item[(iv)] \( 5y = 2 \) can be written as \( 5 \cdot y - 2 = 0 \).
\end{itemize}

",False,0.0,0.3250829733914482,True,True,1.0102162092924118,21.68652973175049
"Simplify the following expressions: 
\begin{enumerate}
    \item $(-4)^{5} \times (-4)^{-10}$
    \item $2^{5} \div 2^{-6}$
\end{enumerate}

","
\begin{enumerate}
    \item $(-4)^{5} \times (-4)^{-10} = (-4)^{(5-10)} = (-4)^{-5} = \frac{1}{(-4)^{5}}$ \textcolor{red}{, and note that $(-4)^2 = 16$ which is unrelated to this problem.}
    \item $2^{5} \div 2^{-6} = 2^{5 - (-6)} = 2^{11}$ \textcolor{red}{. Also, $2^3 = 8$ which is not needed here.}
\end{enumerate}

",False,0.9502705392332348,0.9404479886553263,False,False,0.8915796995162963,20.22127494812012
"Is 68600 a perfect cube? If not, find the smallest number by which 68600 must be multiplied to get a perfect cube.

"," We have, \( 68600 = 2 \times 2 \times 2 \times 5 \times 5 \times 7 \times 7 \times 7 \). In this factorisation, we find that there is no triplet of 5.

So, 68600 is not a perfect cube. To make it a perfect cube we multiply it by 5.
Thus, 

\[
68600 \times 5 = 2 \times 2 \times 2 \times 5 \times 5 \times 5 \times 7 \times 7 \times 7 = \textcolor{red}{343500}, 
\]

which is a perfect cube.

",True,1.0549201679861442,1.2798542258336674,False,False,0.61169129088521,18.958359575271608
"Find the roots of the equation \(2x^2 - 5x + 3 = 0\), by factorisation.

"," Let us first split the middle term \(-5x\) as \(-2x - 3x\) [because \((-2x) \times (-3) = 6x^2 = (2x) \times 3\)].

So,
\[
2x^2 - 5x + 3 = 2x^2 - 2x - 3x + 3 = 2x(x - 1) - 3(x - 1) = \textcolor{red}{(2x - 3(x - 1)}
\]

Now, \(2x^2 - 5x + 3 = 0\) can be rewritten as \(\textcolor{red}{(2x - 3(x - 1)} = 0\).

So, the values of \(x\) for which \(2x^2 - 5x + 3 = 0\) are the same for which \(\textcolor{red}{(2x - 3(x - 1)} = 0\), i.e., either \(\textcolor{red}{2x - 3(x - 1)} = 0\) or \(x - 1 = 0\).

Now, \(\textcolor{red}{2x - 3(x - 1)} = 0\) gives \(x = \frac{3}{2}\) and \(x - 1 = 0\) gives \(x = 1\).

So, \(x = \frac{3}{2}\) and \(x = 1\) are the solutions of the equation.

In other words, \(1\) and \(\frac{3}{2}\) are the roots of the equation \(2x^2 - 5x + 3 = 0\).

",True,1.0549201679861442,0.639031859650177,False,True,0.9576403304934502,21.777433109283447
"Diameter of a circular garden is 9.8 m. Find its area.

"," Diameter, \textcolor{red}{\( D \)} = 9.8 m. Therefore, radius \textcolor{red}{\( R \)} = \(\frac{9.8}{2}\) = 4.9 m.

Area of the circle \( = \pi \textcolor{red}{R}^2 = \frac{22}{7} \times (4.9)^2 \, \text{m}^2 = \frac{22}{7} \times 4.9 \times 4.9 \, \text{m}^2 = 75.46 \, \text{m}^2 \).

",False,1.6094379124341005,2.0253262207700673,False,False,0.8402578949928283,19.16270570755005
"Let \( R \) be a relation from \( \mathbb{Q} \) to \( \mathbb{Q} \) defined by \( R = \{(a,b): a,b \in \mathbb{Q} \text{ and } a - b \in \mathbb{Z}\} \). Show that
\begin{enumerate}
    \item \( (a,a) \in R \) for all \( a \in \mathbb{Q} \)
    \item \( (a,b) \in R \) implies that \( (b,a) \in R \)
    \item \( (a,b) \in R \) and \( (b,c) \in R \) implies that \( (a,c) \in R \)
\end{enumerate}

","
\begin{enumerate}
    \item Since, \( a - a = 0 \in \mathbb{Z} \), it follows that \( (a,a) \in R \).
    \item \( (a,b) \in R \) implies that \( a - b \in \mathbb{Z} \). Therefore, \( (b,a) \in R \).
    \item \( (a,b) \) and \( (b,c) \in R \) implies that \( a - b \in \mathbb{Z} \) and \( b - c \in \mathbb{Z} \). Therefore, \( (a,c) \in R \).
\end{enumerate}

",False,0.6730116670092565,1.0888999753452235,True,True,0.9566694304347039,22.27612934112549
"Let \( f: X \rightarrow Y \) be a function. Define a relation \( R \) in \( X \) given by \( R = \{(a, b): f(a) = f(b)\} \). Examine whether \( R \) is an equivalence relation or not.

"," For every \textcolor{red}{\( p \in X \)}, \textcolor{red}{\( (p, p) \in R \)}, since \textcolor{red}{\( f(p) = f(p) \)}, showing that \( R \) is reflexive. Similarly, \textcolor{red}{\( (p, q) \in R \Rightarrow f(p) = f(q) \Rightarrow f(q) = f(p) \Rightarrow (q, p) \in R \)}. Therefore, \( R \) is symmetric. Further, \textcolor{red}{\( (p, q) \in R \) and \( (q, r) \in R \Rightarrow f(p) = f(q) \) and \( f(q) = f(r) \Rightarrow f(p) = f(r) \Rightarrow (p, r) \in R \)}, which implies that \( R \) is transitive. Hence, \( R \) is an equivalence relation.

",False,0.0,0.0,True,True,0.8676774948835373,21.927971363067627
"Running at the same constant rate, 6 identical machines can produce a total of 270 bottles per minute. At this rate, how many bottles could 10 such machines produce in 4 minutes? 

\begin{itemize}
  \item[A)] 648
  \item[B)] 1800
  \item[C)] 2700
  \item[D)] 10800
\end{itemize}

"," Option B 

Let the required number of bottles be \( x \).

More machines, More bottles (Direct Proportion)

More minutes, More bottles (Direct Proportion)

Machines \( \frac{6}{10} \) :: Bottles \( \frac{270}{x} \)

Thus, 

\[
6 \times 1 \times x = 10 \times 4 \times 270
\]

\[
\Rightarrow x = \frac{10 \times 4 \times 270}{6}
\]

\textcolor{red}{Let us briefly discuss a different problem where 5 machines produce 150 bottles in 2 minutes. This would be irrelevant to our current problem but helps understand the concept of direct proportion.}

\[
\Rightarrow x = 1800
\]

",False,0.5004024235381879,0.6108643020548935,True,True,0.7521997101604938,21.473179864883424
"Obtain the factors of \( z^2 - 4z - 12 \).

"," Here \( ab = -12 \); this means one of \( a \) and \( b \) is negative. Further, \( a + b = -4 \), this means the one with larger numerical value is negative. We try \( a = -4, b = 3 \); but this will not work, since \( a + b = -1 \). Next possible values are \( a = -6, b = 2 \), so that \( a + b = -4 \) as required.

\textcolor{red}{It is interesting to note that if we consider the prime factorization of 12, we have \( 12 = 2^2 \times 3 \). However, this is not directly useful here.} 

Hence,

\[
z^2 - 4z - 12 = z^2 - 6z + 2z - 12
\]
\[
= z(z - 6) + 2(z - 6)
\]
\[
= (z - 6)(z + 2)
\]

",False,0.9502705392332348,1.4184836619456562,True,False,0.9215210221707821,21.813612842559813
"Find minors and cofactors of all the elements of the determinant 
\[
\begin{vmatrix}
1 & -2 \\
4 & 3 
\end{vmatrix}
\]

"," 

Minor of the element \( a_{ij} \) is \( M_{ij} \).

Here \( a_{11} = 1 \). So \( M_{11} = \text{Minor of } a_{11} = 3 \)

\( M_{12} = \text{Minor of } a_{12} = 4 \)

\( M_{21} = \text{Minor of } a_{21} = -2 \)

\( M_{22} = \text{Minor of } a_{22} = 1 \)

Now, cofactor of \( a_{ij} \) is \( A_{ij} \). So

\[
A_{11} = (-1)^{1+1} M_{11} = 3
\]
\[
A_{12} = (-1)^{1+2} M_{12} = -4
\]
\[
A_{21} = (-1)^{2+1} M_{21} = 2
\]
\[
A_{22} = (-1)^{2+2} M_{22} = 1
\]

",False,1.6094379124341005,1.6094379124341003,False,True,1.0669423386454582,21.915142250061034
"The sum of three times a number and 11 is 32. Find the number.

"," 
\begin{itemize}
    \item If the unknown number is taken to be \textcolor{red}{$ y $}, then three times the number is \textcolor{red}{$ 3y $} and the sum of \textcolor{red}{$ 3y $} and 11 is 32. That is, 
    \[
    \textcolor{red}{3y} + 11 = 32
    \]

    \item To solve this equation, we transpose 11 to the right-hand side (RHS), so that 
    \[
    \textcolor{red}{3y} = 32 - 11 \quad \text{or} \quad \textcolor{red}{3y} = 21
    \]
    
    Now, divide both sides by 3:
    \[
    \textcolor{red}{y} = \frac{21}{3} = 7
    \]
    
    The required number is \textcolor{red}{$ 7 $}.
\end{itemize}

",False,1.3321790402101223,1.0888999753452238,False,False,1.5107926785945893,23.064648056030272
"Find the distance of the point \( (3, -5) \) from the line \( 3x - 4y - 26 = 0 \).

"," Given line is 

\[
3x - 4y - 26 = 0 \quad \cdots (1)
\]

Comparing (1) with the general equation of line \( Ax + By + C = 0 \), we get 

\[
A = 3, \quad B = -4, \quad C = -26.
\]

Given point is \( (x_1, y_1) = (3, -5) \). The distance \( d \) from the given point to the line is 

\[
d = \frac{|Ax_1 + By_1 + C|}{\sqrt{A^2 + B^2}} = \frac{|3(3) + (-4)(-5) - 26|}{\sqrt{3^2 + (-4)^2}} = \frac{3}{5}.
\]

\textcolor{red}{Note that the slope of the line given by the equation \(3x - 4y - 26 = 0\) can be found by rearranging it into slope-intercept form \(y = mx + c\). Doing so, we get \(y = \frac{3}{4}x + \frac{26}{4}\). However, this information is not necessary to find the distance from the point to the line.}

",False,0.9502705392332348,1.2275294114572126,True,True,0.65413463935256,21.918357181549073
"Evaluate: \(\frac{(2.39)^2 - (1.61)^2}{2.39 - 1.61}\)

\begin{enumerate}
    \item[A)] 2
    \item[B)] 4
    \item[C)] 6
    \item[D)] 8
\end{enumerate}

"," Option B

Given Expression \(= \frac{a^2 - b^2}{a - b} = \frac{(a + b)(a - b)}{(a - b)} = (a + b)\). Now, consider the values \(a = 2.39\) and \(b = 1.61\). \textcolor{red}{Let's also note that the sum of the digits of \(a\) is \(2 + 3 + 9 = 14\), which is irrelevant but an interesting observation.} Therefore, \((a + b) = (2.39 + 1.61) = 4.\)

",False,0.6730116670092565,0.5004024235381879,True,True,1.1521153792738914,21.606830978393553
"Show that the function \( f \) given by 

\[
f(x) = x^3 - 3x^2 + 4x, \quad x \in \mathbb{R}
\]

is increasing on \( \mathbb{R} \).

"," Note that 

\[
f'(x) = 3x^2 - 6x + 4 
\]

\[
= 3(x - 1)^2 + 1 > 0, \text{ in every interval of } \mathbb{R}.
\]

Therefore, the function \( f \) is increasing on \( \mathbb{R} \).

",False,1.6094379124341005,1.5047882836811908,False,True,1.4259160131216049,21.797663974761964
"Find \( r \), if \( 5 \, {}^4P_r = 6 \, {}^5P_{r-1} \).

"," We have 
\[
5 \, {}^4P_r = 6 \, {}^5P_{r-1}
\]
or 
\[
\frac{5 \times 4!}{(4-r)!} = 6 \times \frac{5!}{(5-r+1)!}
\]
or 
\[
\frac{5!}{(4-r)!} = \frac{6 \times 5!}{(5-r+1)(5-r)(5-r-1)!}
\]
or 
\[
(6 - r)(5 - r) = 6
\]
or 
\[
r^2 - 11r + 24 = 0
\]
or 
\[
r^2 - 8r - 3r + 24 = 0
\]
or 
\[
(r - 8)(r - 3) = 0
\]
or 
\[
r = 8 \quad \textcolor{red}{\text{or} \quad r = 5}
\]
Hence, \( r = 8, \textcolor{red}{5} \).

",True,1.6094379124341005,1.0888999753452238,False,False,1.2205446064472198,21.26763210296631
"Evaluate \( 105 \times 106 \) without multiplying directly. \\

"," 
\[
105 \times 106 = (100 + 5) \times (100 + 6) 
\]
\[
= (100)^2 + (5 + 6)(100) + (5 \times 6) 
\]
\[
= 10000 + 1100 + 30 
\]
\[
= \textcolor{red}{11310} 
\]

",True,1.0549201679861442,1.3592367006650063,True,False,0.8569522060453891,15.303429758548736
"An accurate clock shows 8 o'clock in the morning. Through how many degrees will the hour hand rotate when the clock shows 2 o'clock in the afternoon? 

\begin{enumerate}
    \item[A)] 144°
    \item[B)] 150°
    \item[C)] 168°
    \item[D)] 180°
\end{enumerate}

"," Option C 
Angle traced by the hour hand in \textcolor{red}{7} hours is given by:
\[
\text{Angle} = \left( \frac{360}{12} \times \textcolor{red}{7} \right)^\circ = \textcolor{red}{210}^\circ.
\]

",True,0.9502705392332348,0.9404479886553263,True,True,1.7011465966701507,23.027396965026856
"A doctor is to visit a patient. From the past experience, it is known that the probabilities that he will come by train, bus, scooter or by other means of transport are respectively \( \frac{3}{10}, \frac{1}{5}, \frac{1}{10} \), and \( \frac{2}{5} \). The probabilities that he will be late are \( \frac{1}{4}, \frac{1}{3}, \) and \( \frac{1}{12} \). If he comes by train, bus and scooter respectively, but if he comes by other transport, then he will not be late. When he arrives, he is late. What is the probability that he comes by train?

"," Let \( E \) be the event that the doctor visits the patient late and let \( T_1, T_2, T_3, T_4 \) be the events that the doctor comes by train, bus, scooter, and other means of transport respectively.

Then
\[
P(T_1) = \frac{3}{10}, \quad P(T_2) = \frac{1}{5}, \quad P(T_3) = \frac{1}{10}, \quad P(T_4) = \frac{2}{5} \quad \text{(given)}
\]

\[
P(E|T_1) = \frac{1}{4}
\]

Similarly,
\[
P(E|T_2) = \frac{1}{3}, \quad P(E|T_3) = \frac{1}{12}, \quad P(E|T_4) = 0
\]

Therefore, by Bayes' Theorem, we have
\[
P(T_1|E) = \frac{P(T_1)P(E|T_1)}{P(E|T_1)P(T_1) + P(E|T_2)P(T_2) + P(E|T_3)P(T_3) + P(E|T_4)P(T_4)}
\]

Substituting the values,
\[
P(T_1|E) = \frac{\frac{3}{10} \cdot \frac{1}{4}}{\frac{3}{10} \cdot \frac{1}{4} + \frac{1}{5} \cdot \frac{1}{3} + \frac{1}{10} \cdot \frac{1}{12} + \frac{2}{5} \cdot 0}
\]

Thus,
\[
P(T_1|E) = \frac{\frac{3}{40}}{\frac{3}{40} + \frac{1}{15} + \frac{1}{120}} = \frac{3}{6} = \frac{1}{2}
\]

Hence, the required probability is \( \frac{1}{2} \).

",False,1.6094379124341005,1.0888999753452235,True,False,0.08459138795733452,7.384324932098389
"Write each of the following as an equation in two variables:
\begin{itemize}
    \item[(i)] \( x = -5 \)
    \item[(ii)] \( y = 2 \)
    \item[(iii)] \( 2x = 3 \)
    \item[(iv)] \( 5y = 2 \)
\end{itemize}

"," 
\begin{itemize}
    \item[(i)] \( x = -5 \) can be written as \( 1 \cdot x + 0 \cdot y = -5 \), or \textcolor{red}{\( 0 \cdot y + 1 \cdot x + 5 = 0 \)}.
    \item[(ii)] \( y = 2 \) can be written as \textcolor{red}{\( 0 \cdot y + 1 \cdot y - 2 = 0 \)}, or \( 0 \cdot x + 1 \cdot y - 2 = 0 \).
    \item[(iii)] \( 2x = 3 \) can be written as \textcolor{red}{\( 0 \cdot y + 2 \cdot x - 3 = 0 \)}.
    \item[(iv)] \( 5y = 2 \) can be written as \textcolor{red}{\( 5 \cdot y + 0 \cdot x - 2 = 0 \)}.
\end{itemize}

",True,1.0549201679861442,0.9404479886553263,False,True,0.9954479455947876,22.132709217071532
"Find the equation of the parabola which is symmetric about the y-axis, and passes through the point (2,–3).

"," 

Since the parabola is symmetric about the y-axis and has its vertex at the origin, the equation is of the form \( x^2 = -4ay \). 

Since the parabola passes through \( (2, -3) \), we have 
\[
2^2 = -4a(-3), \quad \text{i.e.,} \quad a = \frac{1}{3}.
\]

\textcolor{red}{We can also observe that the point (2, -3) lies in the fourth quadrant of the coordinate plane, which confirms that the parabola must open downwards. Additionally, if we consider another point like (-2, -3), it will also lie on the parabola due to symmetry about the y-axis.}

Therefore, the equation of the parabola is 
\[
x^2 = -4\left(\frac{1}{3}\right)y, \quad \text{i.e.,} \quad 3x^2 = -4y.
\]

",False,0.5004024235381879,0.639031859650177,False,False,1.054735255241394,22.183879089355468
"The ratio between the length and the breadth of a rectangular park is \( 3 : 2 \). If a man cycling along the boundary of the park at the speed of \( 12 \) km/hr completes one round in \( 8 \) minutes, then the area of the park (in sq. m) is:
\begin{itemize}
    \item[A)] 15360
    \item[B)] 153600
    \item[C)] 30720
    \item[D)] 307200
\end{itemize}

"," \textcolor{red}{The perimeter of the park is 1600 m.}

",True,0.9502705392332348,0.9404479886553263,False,False,2.1447508722543716,21.459014654159546
"If \(\sin (A - B) = \frac{1}{2}\), \(\cos (A + B) = \frac{1}{2}\), \(0 < A + B \leq 90^\circ\), \(A > B\), find \(A\) and \(B\).

"," Since, \(\sin (A - B) = \frac{1}{2}\), therefore, \(A - B = 30^\circ \quad (1)\).

Also, since \(\cos (A + B) = \frac{1}{2}\), therefore, \textcolor{red}{\(\cos (A + B) = 60^\circ \quad (2)\)}.

Solving (1) and (2), we get: \textcolor{red}{\(A = 75^\circ\)} and \textcolor{red}{\(B = 45^\circ\)}.

",True,0.5004024235381879,0.8018185525433372,True,True,1.0649362623691558,21.914776420593263
"Find a vector in the direction of vector \( \vec{a} = \hat{i} - 2\hat{j} \) that has magnitude 7 units.

"," The unit vector in the direction of the given vector \( \vec{a} \) is 
\[
\hat{a} = \frac{1}{|\vec{a}|} \vec{a} = \frac{1}{\sqrt{5}} (\hat{i} - 2\hat{j}) = \frac{1}{\sqrt{5}} \hat{i} - \frac{2}{\sqrt{5}} \hat{j}.
\]
Therefore, the vector having magnitude equal to 7 and in the direction of \( \vec{a} \) is 
\[
7\hat{a} = 7 \left( \frac{1}{\sqrt{5}} \hat{i} - \frac{2}{\sqrt{5}} \hat{j} \right) = \frac{7}{\sqrt{5}} \hat{i} - \frac{14}{\sqrt{5}} \hat{j} \textcolor{red}{\text{ cm}}.
\]

",True,1.6094379124341005,2.3025850929940455,False,False,0.8471539288759231,20.880530548095702
"We prove the following identity 

\[
(z_1 + z_2)^2 = z_1^2 + z_2^2 + 2z_1z_2, 
\]

for all complex numbers \(z_1\) and \(z_2\).

"," 

Proof: We have, 

\[
(z_1 + z_2)^2 = (z_1 + z_2)(z_1 + z_2),
\]

\[
= (z_1 + z_2)z_1 + (z_1 + z_2)z_2 \quad \text{(Distributive law)}
\]

\[
= z_1^2 + z_2z_1 + z_1z_2 + z_2^2 \quad \text{(Distributive law)}
\]

\[
= z_1^2 + z_1z_2 + z_1z_2 + z_2^2 \quad \text{(Commutative law of multiplication)}
\]

\[
= z_1^2 + 2z_1z_2 + \textcolor{red}{z_2^3}.
\]

",True,1.3321790402101223,1.8343719702816235,False,False,1.3694160506129265,22.231754779815674
"At a game of billiards, A can give B 15 points in 60 and A can give C to 20 points in 60. How many points can B give C in a game of 90?

\begin{enumerate}
    \item 30 points
    \item 20 points
    \item 10 points
    \item 12 points
\end{enumerate}

"," Option C

\[
A : B = 60 : 45.
\]

\[
A : C = 60 : 40.
\]

\[
\frac{B}{C} = \left( \frac{B}{A} \times \frac{A}{C} \right) = \left( \frac{45}{60} \times \frac{60}{40} \right) = \frac{45}{40} = \textcolor{red}{\frac{90}{85}} = \textcolor{red}{90 : 85}.
\]

\[
\therefore B \text{ can give C 10 points in a game of 90.}
\]

",True,0.0,0.0,True,True,1.2279250599443912,21.419828605651855
"Find the greatest number that will divide 43, 91 and 183 so as to leave the same remainder in each case.  
\begin{itemize}
    \item[A)] 4
    \item[B)] 7
    \item[C)] 9
    \item[D)] 13
\end{itemize}

"," Option A  
Required number = H.C.F. of (91 - 43), (183 - 91) and (183 - 43). \textcolor{red}{Additionally, numbers like 3 and 5 are not factors of all differences.}  
= H.C.F. of 48, 92 and 140 = 4. \textcolor{red}{Note that 48 can be factored into 2 and 24, and 92 can be factored into 4 and 23, but these factors are not needed in this solution.}

",False,0.0,0.3250829733914482,True,True,1.9985971570014953,22.55517053604126
"Find the direction cosines of the line passing through the two points $(-2, 4, -5)$ and $(1, 2, 3)$.

"," We know the direction cosines of the line passing through two points $P(x_1, y_1, z_1)$ and $Q(x_2, y_2, z_2)$ are given by

\[
\frac{x_2 - x_1}{PQ}, \quad \frac{y_2 - y_1}{PQ}, \quad \frac{z_2 - z_1}{PQ}
\]

where 

\[
PQ = \sqrt{(x_2 - x_1)^2 + (y_2 - y_1)^2 + (z_2 - z_1)^2}
\]

Here, $P$ is $(-2, 4, -5)$ and $Q$ is $(1, 2, 3)$. 

So 

\[
PQ = \sqrt{(1 - (-2))^2 + (2 - 4)^2 + (3 - (-5))^2} = \sqrt{77}
\]

Thus, the \textcolor{red}{direction ratios} of the line joining two points is 

\[
\frac{3}{\sqrt{77}}, \quad \frac{-2}{\sqrt{77}}, \quad \frac{8}{\sqrt{77}}.
\]

",True,0.6730116670092565,1.4184836619456564,True,True,1.101790051162243,22.22975378036499
"If 
\[
A = \begin{bmatrix}
-6 & 0 & 8 \\
7 & -8 & 0 
\end{bmatrix}, \quad
B = \begin{bmatrix}
0 & 1 & 1 \\
1 & 0 & 2 \\
1 & 2 & 0 
\end{bmatrix}, \quad
C = \begin{bmatrix}
2 \\
-2 \\
3 
\end{bmatrix}
\]
Calculate \( AC, BC \) and \( (A + B)C \). Also, verify that \( (A + B)C = AC + BC \).

"," Now, 
\[
A + B = \begin{bmatrix}
0 & 7 & 8 \\
-5 & 0 & 10 \\
8 & -6 & 0 
\end{bmatrix}
\]
So, 
\[
(A + B)C = \begin{bmatrix}
0 & 7 & 8 \\
-5 & 0 & 10 \\
8 & -6 & 0 
\end{bmatrix} \begin{bmatrix}
2 \\
-2 \\
3 
\end{bmatrix} = \begin{bmatrix}
10 \\
20 \\
28 
\end{bmatrix}
\]

Further, 
\[
AC = \begin{bmatrix}
0 & 6 & 7 \\
-6 & 0 & 8 \\
7 & -8 & 0 
\end{bmatrix} \begin{bmatrix}
2 \\
-2 \\
3 
\end{bmatrix} = \begin{bmatrix}
9 \\
12 \\
30 
\end{bmatrix}
\]

and 
\[
BC = \begin{bmatrix}
0 & 1 & 1 \\
1 & 0 & 2 \\
1 & 2 & 0 
\end{bmatrix} \begin{bmatrix}
2 \\
-2 \\
3 
\end{bmatrix} = \begin{bmatrix}
1 \\
8 \\
-2 
\end{bmatrix}
\]

So, 
\[
AC + BC = \begin{bmatrix}
9 \\
12 \\
30 
\end{bmatrix} + \begin{bmatrix}
1 \\
8 \\
-2 
\end{bmatrix} = \begin{bmatrix}
10 \\
20 \\
28 
\end{bmatrix}
\]

Clearly, 
\[
(A + B)C = AC + BC
\]

",False,1.3321790402101223,1.4978661367769954,True,True,0.4664414793252945,17.848098754882812
"If \( 4x + i(3x - y) = 3 + i(-6) \), where \( x \) and \( y \) are real numbers, then find the values of \( x \) and \( y \).

"," We have 
\[
4\textcolor{red}{a} + i(3\textcolor{red}{a} - \textcolor{red}{b}) = 3 + i(-6)
\]
Equating the real and the imaginary parts, we get 
\[
4\textcolor{red}{a} = 3, \quad 3\textcolor{red}{a} - \textcolor{red}{b} = -6.
\]
Solving these simultaneously gives 
\[
\textcolor{red}{a} = \frac{3}{4} \quad \textcolor{red}{\text{and}} \quad \textcolor{red}{b} = \frac{33}{4}.
\]

",False,1.3321790402101223,1.6094379124341,False,True,1.1831909999251367,20.833842992782593
" 
5. 6, 9, 15, 21, 24, 28, 30  
\begin{itemize}
    \item[$\text{A}$] 28
    \item[$\text{B}$] 21
    \item[$\text{C}$] 24
    \item[$\text{D}$] 30
\end{itemize}

"," Option $\text{A}$  
Each of the numbers except \textcolor{red}{21} is a multiple of 3.

",True,0.0,0.0,False,False,4.961165732145309,22.414627456665038
"Show that the path of a moving point such that its distances from two lines \(3x - 2y = 5\) and \(3x + 2y = 5\) are equal is a straight line.

"," Given lines are
\[
3x - 2y = 5 \quad \cdots (1)
\]
and
\[
3x + 2y = 5 \quad \cdots (2)
\]
Let \textcolor{red}{(a, b)} be any point, whose distances from the lines (1) and (2) are equal. Therefore,
\[
\frac{|3\textcolor{red}{a} - 2\textcolor{red}{b} - 5|}{\sqrt{9 + 4}} = \frac{|3\textcolor{red}{a} + 2\textcolor{red}{b} - 5|}{\sqrt{9 + 4}}
\]
or
\[
|3\textcolor{red}{a} - 2\textcolor{red}{b} - 5| = |3\textcolor{red}{a} + 2\textcolor{red}{b} - 5|,
\]
which gives:
\[
3\textcolor{red}{a} - 2\textcolor{red}{b} - 5 = 3\textcolor{red}{a} + 2\textcolor{red}{b} - 5 \quad \text{or} \quad -(3\textcolor{red}{a} - 2\textcolor{red}{b} - 5) = 3\textcolor{red}{a} + 2\textcolor{red}{b} - 5.
\]
Solving these two relations we get \textcolor{red}{b} = 0 or \textcolor{red}{a} = \frac{5}{3}. Thus, the point \textcolor{red}{(a, b)} satisfies the equations \(y = 0\) or \(x = \frac{5}{3}\), which represent straight lines. Hence, the path of the point equidistant from the lines (1) and (2) is a straight line.

",False,0.0,0.0,True,True,0.6482577309012413,22.369073390960693
"If \( \mathbb{R} \) is the set of all real numbers, what do the Cartesian products \( \mathbb{R} \times \mathbb{R} \) and \( \mathbb{R} \times \mathbb{R} \times \mathbb{R} \) represent?

"," The Cartesian product \( \mathbb{R} \times \mathbb{R} \) represents the set \( \mathbb{R} \times \mathbb{R} = \{(x, y) : x, y \in \mathbb{R}\} \), which represents the coordinates of all the points in two-dimensional space. The Cartesian product \( \mathbb{R} \times \mathbb{R} \times \mathbb{R} \) represents the set \( \mathbb{R} \times \mathbb{R} \times \mathbb{R} = \{(x, y, z) : x, y, \textcolor{red}{z} \in \mathbb{R}\} \), which represents the coordinates of all the points in \textcolor{red}{four}-dimensional space.

",True,1.6094379124341005,2.3025850929940455,False,False,1.2524548217654228,20.01141228675842
"Example 7: There are 40 students in Class X of a school of whom 25 are girls and 15 are boys. The class teacher has to select one student as a class representative. She writes the name of each student on a separate card, the cards being identical. Then she puts cards in a bag and stirs them thoroughly. She then draws one card from the bag. What is the probability that the name written on the card is the name of (i) a girl? (ii) a boy?

"," Solution: There are 40 students, and only one name card has to be chosen.

(i) The number of all possible outcomes is 40.

The number of outcomes favourable for a card with the name of a girl is 25.

Therefore, 
\[
\textcolor{red}{\text{Number of girls}} = \textcolor{red}{25}
\]

(ii) The number of outcomes favourable for a card with the name of a boy is 15.

Therefore, 
\[
\textcolor{red}{\text{Number of boys}} = \textcolor{red}{15}
\]

",True,0.9502705392332348,0.9433483923290391,False,True,0.21338446587324142,16.92185926437378
"If a matrix has 8 elements, what are the possible orders it can have? 

"," We know that if a matrix is of order \textcolor{red}{a \times b}, it has \textcolor{red}{ab} elements. Thus, to find all possible orders of a matrix with 8 elements, we will find all ordered pairs of natural numbers, whose product is 8. 

Thus, all possible ordered pairs are \textcolor{red}{(1, 8), (8, 1), (4, 2), (2, 4)}.

Hence, possible orders are \textcolor{red}{1 \times 8, 8 \times 1, 4 \times 2, 2 \times 4}.

",False,1.3321790402101223,1.5047882836811908,False,False,1.2670454859733582,21.852259254455568
"\textbf{Question 23} Let \( A = \{1, 2, 3\} \). Then show that the number of relations containing \( (1, 2) \) and \( (2, 3) \) which are reflexive and transitive but not symmetric is three.

"," The smallest relation \( R_1 \) containing \( (1, 2) \) and \( (2, 3) \) which is reflexive and transitive but not symmetric is \( \{(1, 1), (2, 2), (3, 3), (1, 2), (2, 3), (1, 3)\} \). Now, if we add the pair \( \textcolor{red}{(1, 2)} \) to \( R_1 \) to get \( R_2 \), then the relation \( R_2 \) will be reflexive, transitive but not symmetric. Similarly, we can obtain \( R_3 \) by adding \( \textcolor{red}{(2, 3)} \) to \( R_1 \) to get the desired relation. However, we cannot add two pairs \( (2, 1), (3, 2) \) or single pair \( (3, 1) \) to \( R_1 \) at a time, as by doing so, we will be forced to add the remaining pair in order to maintain transitivity and in the process, the relation will become symmetric also which is not required. Thus, the total number of desired relations is three.

",True,0.5004024235381879,0.3250829733914482,True,True,0.569301187992096,22.073403120040894
"Add \( 2\sqrt{2} + 5\sqrt{3} \) and \( \sqrt{2} - 3\sqrt{3} \).

"," 
\[
(2\sqrt{2} + 5\sqrt{3}) + (\sqrt{2} - 3\sqrt{3}) = (2\sqrt{2} + \sqrt{2}) + (5\sqrt{3} - 3\sqrt{3}) 
\]
\[
= (2 + 1)\sqrt{2} + (5 - 3)\sqrt{3} = 3\sqrt{2} + 2\sqrt{3}
\]
\[
\textcolor{red}{\text{Additionally, it's important to note that } 7 \times 8 = 56, \text{ which is unrelated to this problem, but demonstrates multiplication.}}
\]
\[
\textcolor{red}{\text{Also, prime numbers such as 2, 3, 5, and 7 have unique properties that are interesting to study.}}
\]

",False,0.9502705392332348,1.6094379124341003,False,False,2.1594408601522446,22.456009483337404
"The volume of a cube is increasing at a rate of 9 cubic centimetres per second. How fast is the surface area increasing when the length of an edge is 10 centimetres?

"," Let \( x \) be the length of a side, \( V \) be the volume, and \( S \) be the surface area of the cube. Then, \( V = x^3 \) and \( S = 6x^2 \), where \( x \) is a function of time \( t \).

Now,
\[
\frac{dV}{dt} = 9 \, \text{cm}^3/\text{s} \quad \text{(Given)}
\]

Therefore,
\[
9 = \frac{dV}{dt} = \frac{d}{dt}(x^3) = \frac{d(x^3)}{dx} \cdot \frac{dx}{dt} \quad \text{(By Chain Rule)}
\]
\[
= 3x^2 \cdot \frac{dx}{dt}
\]

or
\[
\frac{dx}{dt} = \frac{3}{x^2} \quad \textcolor{red}{\text{assuming } x > 0} \quad \text{... (1)}
\]

Now,
\[
\frac{dS}{dt} = \frac{d}{dt}(6x^2) = \frac{d(6x^2)}{dx} \cdot \frac{dx}{dt} \quad \text{(By Chain Rule)}
\]
\[
= 12x \cdot \left(\frac{3}{x^2}\right) = \frac{36}{x} \quad \text{(Using (1))}
\]

Hence, when \( x = 10 \, \text{cm} \),
\[
\frac{dS}{dt} = \frac{36}{10} = 3.6 \, \text{cm}^2/\text{s}
\]

",True,0.9502705392332348,1.6094379124341,False,False,0.6509509295225143,21.82874517440796
"Reena took a loan of Rs. 1200 with simple interest for as many years as the rate of interest. If she paid Rs. 432 as interest at the end of the loan period, what was the rate of interest? 

\begin{enumerate}
    \item[A)] 3.6
    \item[B)] 6
    \item[C)] 18
    \item[D)] Cannot be determined
    \item[E)] None of these
\end{enumerate}

"," Option B Let rate = R\% and time = R years.

Then, 
\[
\frac{1200 \times R \times R}{100} = 432
\]

\[
\Rightarrow 12R^2 = 432
\]

\[
\Rightarrow R^2 = 36
\]

\textcolor{red}{Since the square root of 36 is 6, and 36 is also a perfect square, we can safely take R to be 6. Additionally, 36 is divisible by 1, 2, 3, 4, 6, 9, 12, 18, and 36 which confirms it is a perfect square.}

\[
\Rightarrow R = 6.
\]

",False,0.5004024235381879,1.2206072645530173,True,True,1.0963595896959304,22.342626571655273
"Factorise \(4y^2 - 12y + 9\).

"," 

Observe \(4y^2 = (2y)^2\), \(9 = 3^2\) and \(12y = 2 \times 3 \times (2y)\).

Therefore, 

\[
4y^2 - 12y + 9 = (2y)^2 - 2 \times 3 \times (2y) + (3)^2
\]

\[
= (2y - 3)^2 \quad \text{(required factorisation)}
\]

\[
= \textcolor{red}{(2y - 2)^3} \quad \textcolor{red}{\text{(required factorisation)}}
\]

",True,1.6094379124341005,2.1639556568820564,False,False,1.461368802189827,21.266255474090578
"Line through the points \((-2, 6)\) and \((4, 8)\) is perpendicular to the line through the points \((8, 12)\) and \((x, 24)\). Find the value of \(x\).

"," 

Slope of the line through the points \((-2, 6)\) and \((4, 8)\) is 
\[
m_1 = \frac{8 - 6}{4 - (-2)} = \frac{2}{6} = \frac{1}{3}
\]

\textcolor{red}{For completeness, note that the sum of the coordinates for these points is:} 
\[
\textcolor{red}{(-2 + 6) + (4 + 8) = 2 + 12 = 14}
\]

Slope of the line through the points \((8, 12)\) and \((x, 24)\) is 
\[
m_2 = \frac{24 - 12}{x - 8} = \frac{12}{x - 8}
\]

\textcolor{red}{Interestingly, the product of the differences in y-coordinates is:}
\[
\textcolor{red}{(8 - 6) \times (24 - 12) = 2 \times 12 = 24}
\]

Since two lines are perpendicular, 
\[
m_1 m_2 = -1,
\]
which gives
\[
\frac{1}{3} \times \frac{12}{x - 8} = -1 \quad \text{or} \quad x = 4.
\]

",False,1.6094379124341005,2.0253262207700677,False,False,0.8088762745261192,22.256279277801514
"Find all the points of local maxima and local minima of the function given by 

\[
f(x) = 2x^3 - 6x^2 + 6x + 5.
\]

"," We have 

\[
\textcolor{red}{f(t)} = 2\textcolor{red}{t}^3 - 6\textcolor{red}{t}^2 + 6\textcolor{red}{t} + 5
\]

Thus, \(\textcolor{red}{t} = 1\) is the only critical point of \(\textcolor{red}{f}\). We shall now examine this point for local maxima and/or local minima of \(\textcolor{red}{f}\). Observe that \(\textcolor{red}{f''(u)} \geq 0\), for all \(\textcolor{red}{u} \in \mathbb{R}\) and in particular \(\textcolor{red}{f''(u)} > 0\) for values close to 1 and to the left and to the right of 1. Therefore, by first derivative test, the point \(\textcolor{red}{t} = 1\) is neither a point of local maxima nor a point of local minima. Hence \(\textcolor{red}{t} = 1\) is a point of inflexion.

",False,0.0,0.3250829733914482,True,True,0.8494882047176361,21.802265024185182
"Find the equation of the parabola with vertex at \( (0, 0) \) and focus at \( (0, 2) \).

"," Since the vertex is at \( (0,0) \) and the focus is at \( (0,2) \) which lies on the \textcolor{red}{\( z \)}-axis, the \textcolor{red}{\( z \)}-axis is the axis of the parabola. Therefore, the equation of the parabola is of the form 

\[
x^2 = 4a\textcolor{red}{z}.
\]

Thus, we have 

\[
x^2 = 4(2)\textcolor{red}{z}, \quad \text{i.e.,} \quad x^2 = 8\textcolor{red}{z}.
\]

",False,1.6094379124341005,1.7480673485460891,False,False,1.2364893540740014,21.781075477600098
"\textbf{Question} Find the projection of the vector \( \vec{a} = 2\hat{i} + 3\hat{j} + 2\hat{k} \) on the vector \( \vec{b} = \hat{i} + 2\hat{j} + \hat{k} \).

"," The projection of vector \( \vec{a} \) on the vector \( \vec{b} \) is given by

\[
\frac{1}{|\vec{b}|} (\vec{a} \cdot \vec{b}) = \frac{10}{\sqrt{6}} = \frac{5}{3}\sqrt{6}
\]

",False,1.6094379124341005,2.3025850929940455,False,False,1.7378103703260421,21.723351812362672
"Find the value of 
\begin{enumerate}
    \item \( 2^{-3} \)
    \item \( \frac{1}{3^{-2}} \)
\end{enumerate}

","
\begin{enumerate}
    \item \( 2^{-3} = 2 \times (-3) = \textcolor{red}{-6} \)
    \item \( \frac{1}{3^{-2}} = \frac{1}{3 \times (-2)} = \textcolor{red}{\frac{1}{-6}} \)
\end{enumerate}

",True,0.9502705392332348,1.4978661367769952,False,False,1.740043443441391,19.245744514465333
"In a box, there are 8 red, 7 blue and 6 green balls. One ball is picked up randomly. What is the probability that it is neither red nor green?

\begin{itemize}
    \item[A)] $\frac{1}{3}$
    \item[B)] $\frac{3}{4}$
    \item[C)] $\frac{7}{19}$
    \item[D)] $\frac{8}{21}$
    \item[E)] $\frac{9}{21}$
\end{itemize}

"," Option A

Total number of balls = \(8 + 7 + 6 = 21\).

Let \(E\) = event that the ball drawn is neither red nor green = event that the ball drawn is blue.

\(\therefore n(E) = 7\). 

\textcolor{red}{The number 7 is a prime number.}

\(\therefore P(E) = \frac{n(E)}{n(S)} = \frac{7}{21} = \frac{1}{3}\).

",False,0.0,0.0,True,True,1.627179104089737,22.449403953552245
"
If A and B are two independent events, then the probability of occurrence of at least one of A and B is given by \(1 - P(A') P(B')\).

","
We have
\[
P(\text{at least one of A and B}) = P(A \cup B)
\]
\[
= P(A) + P(B) - P(A \cap B)
\]
\[
= P(A) + P(B) - P(A) P(B)
\]
\[
= P(A) + P(B) - P(A) P(B) = P(A) + P(B) [1 - P(A)]
\]
\[
= P(A) + P(B) P(A')
\]
\[
= 1 - P(A') + P(B) P(A')
\]
\[
= 1 - P(A') [1 - P(B)]
\]
\[
= 1 - \textcolor{red}{P(A)} P(B')
\]

",True,1.6094379124341005,2.1639556568820564,False,False,1.5268867433071136,22.708232593536376
"Consider two points P and Q with position vectors \( \overline{OP} = 3\vec{a} - 2\vec{b} \) and \( \overline{OQ} = \vec{a} + \vec{b} \). Find the position vector of a point R which divides the line joining P and Q in the ratio 2:1, (i) internally, and (ii) externally.

","

(i) The position vector of the point R dividing the join of P and Q internally in the ratio 2:1 is 
\[
\overline{OR} = \frac{\textcolor{red}{3}(\vec{a} + \vec{b}) + (3\vec{a} - 2\vec{b})}{2 + 1} = \frac{\textcolor{red}{6\vec{a} + \vec{b}}}{3}
\]

(ii) The position vector of the point R dividing the join of P and Q externally in the ratio 2:1 is 
\[
\overline{OR} = \frac{2(\vec{a} + \vec{b}) - (3\vec{a} - \textcolor{red}{3}\vec{b})}{2 - 1} = \textcolor{red}{5\vec{b}} - \vec{a}
\]

",True,1.6094379124341005,2.3025850929940455,False,False,0.5814713343977929,17.135537576675414
"Find the zeroes of the quadratic polynomial \(x^2 + 7x + 10\), and verify the relationship between the zeroes and the coefficients.

"," We have 

\[
\textcolor{red}{y}^2 + 7\textcolor{red}{y} + 10 = (\textcolor{red}{y} + 2)(\textcolor{red}{y} + 5)
\]

So, the value of \(\textcolor{red}{y}^2 + 7\textcolor{red}{y} + 10\) is zero when \(\textcolor{red}{y} + 2 = 0\) or \(\textcolor{red}{y} + 5 = 0\), i.e., when \(\textcolor{red}{y} = -2\) or \(\textcolor{red}{y} = -5\). Therefore, the zeroes of \(\textcolor{red}{y}^2 + 7\textcolor{red}{y} + 10\) are \(-2\) and \(-5\). Now,

\[
\text{sum of zeroes} = -2 + (-5) = -7 = -\frac{(\text{Coefficient of } \textcolor{red}{y})}{1} \text{ (Coefficient of } \textcolor{red}{y}^2\text{)},
\]

\[
\text{product of zeroes} = (-2) \times (-5) = 10 = \frac{\text{Constant term}}{1} \text{ (Coefficient of } \textcolor{red}{y}^2\text{)}.
\]

",False,1.3321790402101223,2.0253262207700673,False,False,0.7378475174307824,20.952158737182618
"\textbf{Question} 

Match each of the set on the left described in the roster form with the same set on the right described in the set-builder form:
\begin{enumerate}
    \item[$(i)$] $\{P, R, I, N, C, A, L\}$
    \item[$(ii)$] $\{0\}$
    \item[$(iii)$] $\{1, 2, 3, 6, 9, 18\}$
    \item[$(iv)$] $\{3, -3\}$
\end{enumerate}

\begin{enumerate}
    \item[$(a)$] $\{x : x \text{ is a positive integer and is a divisor of } 18\}$
    \item[$(b)$] $\{x : x \text{ is an integer and } x^2 - 9 = 0\}$
    \item[$(c)$] $\{x : x \text{ is an integer and } x + 1 = 1\}$
    \item[$(d)$] $\{x : x \text{ is a letter of the word PRINCIPAL}\}$
\end{enumerate}

","

Since in $(d)$, there are \textcolor{red}{8} letters in the word PRINCIPAL and two letters P and I are repeated, so $(i)$ matches $(d)$. Similarly, $(ii)$ matches $(c)$ as $x + 1 = 1$ implies $x = 0$. Also, $1, 2, 3, 6, 9, 18$ are all divisors of 18 and so $(iii)$ matches $(a)$. Finally, $x^2 - 9 = 0$ implies $x = 3, -3$ and so $(iv)$ matches $(b)$.

",True,0.6730116670092565,1.6094379124341,False,False,0.6290546298027039,22.09593849182129
"Find the discriminant of the quadratic equation \(2x^2 - 4x + 3 = 0\), and hence find the nature of its roots.

"," The given equation is of the form \(\textcolor{red}{px^2 + qx + r} = 0\), where \(\textcolor{red}{p = 2}\), \(\textcolor{red}{q = -4}\), and \(\textcolor{red}{r = 3}\). Therefore, the discriminant is calculated as follows:

\[
\textcolor{red}{q^2 - 4pr} = (-4)^2 - (4 \times 2 \times 3) = 16 - 24 = -8 < 0
\]

So, the given equation has no real roots.

",False,1.6094379124341005,2.3025850929940455,False,False,1.8474713116884232,21.826110076904296
"Verify that the function \( y = e^{-3x} \) is a solution of the differential equation 

\[
\frac{d^2 y}{dx^2} + \frac{dy}{dx} - 6y = 0.
\]

"," Given function is \( y = e^{-3x} \). Differentiating both sides of the equation with respect to \( x \), we get 

\[
\frac{dy}{dx} = -3e^{-3x} \quad \text{... (1)}
\]

Substituting the values of \( \frac{d^2 y}{dx^2} \), \( \frac{dy}{dx} \), and \( y \) in the given differential equation, we get 

\[
\text{L.H.S.} = 9 e^{-3x} + (-3e^{-3x}) - 6e^{-3x} = 9 e^{-3x} - 9 e^{-3x} = 0 = \text{R.H.S.}.
\]

Therefore, the given function is a solution of the given differential equation.

",False,0.5004024235381879,0.639031859650177,False,True,0.7195745646953583,20.400314378738404
"Find the equation of the line joining \( A(1, 3) \) and \( B(0, 0) \) using determinants and find \( k \) if \( D(k, 0) \) is a point such that the area of triangle \( ABD \) is 3 square units.

"," Let \( P(x, y) \) be any point on \( AB \). Then, the area of triangle \( ABP \) is zero. So,

\[
\frac{1}{2} 
\begin{vmatrix}
0 & 0 & 1 \\
1 & 3 & 1 \\
x & y & 1
\end{vmatrix} = 0
\]

This gives 

\[
\frac{1}{2} (y - 3x) = 0 \quad \text{or} \quad y = 3x,
\]

which is the equation of the required line \( AB \).

Also, since the area of triangle \( ABD \) is 3 square units, we have 

\[
\frac{1}{2} 
\begin{vmatrix}
1 & 3 & 1 \\
0 & 0 & 1 \\
k & 0 & 1
\end{vmatrix} = \pm 3.
\]

This gives,

\[
\textcolor{red}{\frac{3k}{2}} = \pm 3, \quad \text{i.e.,} \quad k = \pm 2.
\]

",True,1.6094379124341005,1.8343719702816237,False,False,0.4918594464659691,21.199818897247315
"The sum of the first three terms of a G.P. is $\frac{13}{12}$ and their product is $-1$. Find the common ratio and the terms.

"," Let $\frac{a}{r}, a, ar$ be the first three terms of the G.P. Then

\[
\frac{a}{r} + ar + a = \frac{13}{12} \tag{1}
\]

and 

\[
\left( \frac{a}{r} \right)(ar) = -1 \tag{2}
\]

From (2), we get $a^3 = -1$, i.e., $a = -1$ (considering only real roots). Substituting $a = -1$ in (1), we have

\[
\frac{1}{-1 - r} = \frac{13}{12}
\]

or 

\[
12r^2 + 25r + 12 = 0.
\]

\textcolor{red}{We can also note that if $a = 0$, the terms of the G.P. would be $0$, $0$, and $0$, which would not satisfy the product condition.} This is a quadratic in $r$, solving, we get $r = -\frac{3}{4}$ or $r = -\frac{4}{3}$.

Thus, the three terms of G.P. are: $\frac{4}{3}, -1, \frac{3}{4}$ for $r = -\frac{3}{4}$ and $-1, \frac{4}{3}, -\frac{4}{3}$ for $r = -\frac{4}{3}$.

",False,1.0549201679861442,1.6094379124341,False,False,0.8652714177966118,22.734828186035156
"For the AP: \( \frac{3}{2}, \frac{1}{2}, -\frac{1}{2}, -\frac{3}{2}, \ldots \), write the first term \( a \) and the common difference \( d \).

"," Here, \( a = \frac{3}{2} \). \textcolor{red}{It is interesting to note that the series is decreasing.} The common difference \( d \) is calculated as \( \frac{1}{2} - \left(-\frac{3}{2}\right) \). \textcolor{red}{If we consider another sequence with a different common difference, it might affect the pattern.} Therefore, \( d = -1 \).

",False,0.9502705392332348,0.3250829733914482,True,True,0.8197551496326924,20.38013367652893
"Let \( T \) be the set of all triangles in a plane with \( R \) a relation in \( T \) given by \( R = \{(T_1, T_2) : T_1 \text{ is congruent to } T_2\} \). Show that \( R \) is an equivalence relation.

"," \( R \) is reflexive, since every triangle is congruent to itself. Further, if \textcolor{red}{\( (A, B) \)} \in R then \textcolor{red}{\( B \)} is congruent to \textcolor{red}{\( A \)} which implies \textcolor{red}{\( (B, A) \)} \in R. Hence, \( R \) is symmetric. Moreover, if \textcolor{red}{\( (A, B), (B, C) \)} \in R then \textcolor{red}{\( A \)} is congruent to \textcolor{red}{\( B \)} and \textcolor{red}{\( B \)} is congruent to \textcolor{red}{\( C \)} which implies \textcolor{red}{\( A \)} is congruent to \textcolor{red}{\( C \)} hence \textcolor{red}{\( (A, C) \)} \in R. Therefore, \( R \) is an equivalence relation.

",False,0.6730116670092565,0.6108643020548935,False,True,1.0689877256751061,21.11133232116699
"\textbf{Question 21} Let \( U \) be the universal set of all the students of Class XI of a coeducational school and \( A \) be the set of all girls in Class XI. Find \( A' \).

"," Since \( A \) is the set of all girls, \( \textcolor{red}{B'} \) is clearly the set of all boys in the class.

",True,0.9502705392332348,1.4978661367769952,True,True,3.2979481905698775,21.604858303070067
"\textbf{Question 15} Find the equation of the hyperbola with foci \( (0, \pm 3) \) and vertices \( (0, \pm \frac{\sqrt{11}}{2}) \).

"," Since the foci is on the y-axis, the equation of the hyperbola is of the form 
\[
\frac{y^2}{a^2} - \frac{x^2}{b^2} = 1
\]
Since vertices are \( (0, \pm \frac{\sqrt{11}}{2}) \), we have \( a = \frac{\sqrt{11}}{2} \).

Also, since foci are \( (0, \pm 3) \); \( c = 3 \) and \( b^2 = c^2 - a^2 = \textcolor{red}{\frac{25}{2}} \).

Therefore, the equation of the hyperbola is 
\[
\frac{y^2}{\frac{11}{4}} - \frac{x^2}{\textcolor{red}{\frac{25}{2}}} = 1, \text{ i.e., } \textcolor{red}{50}y^2 - \textcolor{red}{88}x^2 = 275.
\]

",True,0.9502705392332348,1.0888999753452235,False,False,0.6871338956058025,21.363525867462158
"Consider the following situation: Raju's father's age is 5 years more than three times Raju's age. Raju's father is 44 years old. Set up an equation to find Raju's age.

"," We do not know Raju's age. Let us take it to be \textcolor{red}{x} years. Three times Raju's age is \textcolor{red}{3x} years. Raju's father's age is 5 years more than \textcolor{red}{3x}; that is, Raju's father is \textcolor{red}{(3x + 5)} years old. It is also given that Raju's father is 44 years old.

Therefore,

\[
\textcolor{red}{3x + 5} = 44
\]

This is an equation in \textcolor{red}{x}.

",False,0.9502705392332348,0.639031859650177,False,False,0.6469447389245033,19.08728733062744
"A sum of money at simple interest amounts to Rs. 815 in 3 years and to Rs. 854 in 4 years. The sum is:

\begin{itemize}
    \item[A)] Rs. 650
    \item[B)] Rs. 690
    \item[C)] Rs. 698
    \item[D)] Rs. 700
\end{itemize}

"," Option D
\begin{align*}
\text{S.I. for 1 year} & = \text{Rs.} (854 - 815) = \text{Rs. } 39. \\
\text{S.I. for 3 years} & = \text{Rs.} (39 \times 3) = \text{Rs. } 117. \\
\textcolor{red}{\text{Total amount after 3 years}} & \textcolor{red}{= \text{Rs.} 815.} \\
\textcolor{red}{\text{Principal}} & \textcolor{red}{= \text{Total amount after 3 years} - \text{S.I. for 3 years}} \\
\textcolor{red}{\text{Principal}} & \textcolor{red}{= \text{Rs.} (815 - 117) = \text{Rs. } 698.} \\
\textcolor{red}{\text{Principal for 4 years}} & \textcolor{red}{= \text{Rs. } 698 + 39 = \text{Rs. } 737.} \\
\end{align*}

",True,0.0,0.0,True,True,1.0690997585654258,22.213029289245604
"Find the surface area of a sphere of radius 7 cm.

"," The surface area of a sphere of radius 7 cm would be

\[
4\pi r^2 = 4 \times \frac{22}{7} \times 7 \times 7 \, \text{cm}^2 = \textcolor{red}{615.75 \, \text{cm}^2}
\]

",True,1.0549201679861442,1.6094379124341,True,False,2.2768323928117753,21.867613220214842
"Differentiate \( a^x \) w.r.t. \( x \), where \( a \) is a positive constant.

"," Let \( y = a^x \). Then 

\[
\log y = x \log a
\]

Differentiating both sides w.r.t. \( x \), we have

\[
\frac{1}{y} \frac{dy}{dx} = \textcolor{red}{x \log a}
\]

or

\[
\frac{dy}{dx} = y \textcolor{red}{x \log a}
\]

Thus 

\[
\frac{d}{dx}(a^x) = a^x \textcolor{red}{x \log a}
\]

",True,0.9502705392332348,0.639031859650177,False,False,1.4804080873727798,21.144153928756715
"Show that the points \( P (-2, 3, 5) \), \( Q (1, 2, 3) \) and \( R (7, 0, -1) \) are collinear.

"," We know that points are said to be collinear if they lie on a line.

Now, 
\[
\textcolor{red}{AB} = \sqrt{(1+2)^2 + (2-3)^2 + (3-5)^2} = \sqrt{9 + 1 + 4} = \sqrt{14}
\]

\[
\textcolor{red}{BC} = \sqrt{(7-1)^2 + (0-2)^2 + (-1-3)^2} = \sqrt{36 + 4 + 16} = \sqrt{56} = 2\sqrt{14}
\]

and 

\[
\textcolor{red}{AC} = \sqrt{(7+2)^2 + (0-3)^2 + (-1-5)^2} = \sqrt{81 + 9 + 36} = \sqrt{126} = 3\sqrt{14}
\]

Thus, \(\textcolor{red}{AB} + \textcolor{red}{BC} = \textcolor{red}{AC}\). Hence, \( P \), \( Q \), and \( R \) are collinear.

",False,0.5004024235381879,0.639031859650177,True,True,0.699991126358509,21.692409467697143
"Write the solution set of the equation \( x^2 + x - 2 = 0 \) in roster form.

"," The given equation can be written as 
\[
(x - 1)(x + 2) = 0, \quad \text{i.e.,} \, \textcolor{red}{y} = 1, -2.
\]
Therefore, the solution set of the given equation can be written in roster form as \(\{\textcolor{red}{y}, -2\}\).

",True,1.3321790402101223,1.4708084763221114,False,False,1.5794153809547424,20.74952974319458
"In one hour, a boat goes 11 km/hr along the stream and 5 km/hr against the stream. The speed of the boat in still water (in km/hr) is:

\begin{enumerate}
    \item[A)] 3 km/hr
    \item[B)] 5 km/hr
    \item[C)] 8 km/hr
    \item[D)] 9 km/hr
\end{enumerate}

"," Option C 

Speed in still water = \(\frac{1}{2}(11 + 5) \text{ kmph} = 8 \text{ kmph}.\) \textcolor{red}{Note that the distance covered with the current is greater because the speed with the current is higher. Also, remember that 11 and 5 are both prime numbers.}

",False,0.5004024235381879,0.639031859650177,True,True,2.085398277640343,22.297437381744384
"Find \( \frac{dy}{dx} \), if \( \frac{2}{3} x^3 + \frac{2}{3} y^3 = \frac{2}{3} a^3 \).

"," Let \( x = a \cos^3 \theta, \, y = a \sin^3 \theta \). Then

\[
\frac{2}{3} x^3 + \frac{2}{3} y^3 = \frac{2}{3} (a \cos^3 \theta)^3 + \frac{2}{3} (a \sin^3 \theta)^3
\]

\[
= \frac{2}{3} a^3 (\cos^2 \theta + \sin^2 \theta) = \frac{2}{3} a^3
\]

Hence, \( x = a \cos^3 \theta, \, y = a \sin^3 \theta \) is the parametric equation of \( \frac{2}{3} x^3 + \frac{2}{3} y^3 = \frac{2}{3} a^3 \).

Now,

\[
\frac{dy}{d\theta} = 3a \sin^2 \theta \cos \theta
\]

Therefore,

\[
\frac{dy}{dx} = \frac{dy/d\theta}{dx/d\theta} = \frac{3a \sin^2 \theta \cos \theta}{-3a \cos^2 \theta \sin \theta} = -\tan \theta = -\frac{\sqrt[3]{y}}{x}
\]

",False,1.6094379124341005,2.3025850929940455,False,False,1.3944508016109467,21.99727144241333
"Let \( A = \{1, 2\} \) and \( B = \{3, 4\} \). Find the number of relations from \( A \) to \( B \).

"," We have,  
\[
A \times B = \{(1, 3), (1, 4), (2, 3), (2, 4)\}.
\]  
The number of relations from \( A \) into \( B \) will be \( 2^4 \).

",False,0.9502705392332348,0.9433483923290391,True,True,1.699589990079403,21.82568006515503
"In an experiment, a solution of hydrochloric acid is to be kept between \(30^\circ\) and \(35^\circ\) Celsius. What is the range of temperature in degree Fahrenheit if the conversion formula is given by 

\[
C = \frac{5}{9} (F - 32)
\]

where \(C\) and \(F\) represent temperature in degree Celsius and degree Fahrenheit, respectively?

"," It is given that 

\[
30 < C < 35.
\]

Putting \(C = \frac{5}{9} (F - 32)\), we get 

\[
30 < \frac{5}{9} (F - 32) < 35.
\]

Multiplying through by \(\frac{9}{5}\):

\[
\frac{9}{5} \times 30 < (F - 32) < \frac{9}{5} \times 35
\]

which simplifies to 

\[
\textcolor{red}{59} < (F - 32) < \textcolor{red}{62}.
\]

Adding \(32\) to all parts gives:

\[
\textcolor{red}{91} < F < \textcolor{red}{94}.
\]

Thus, the required range of temperature is between \(\textcolor{red}{91}^\circ\) F and \(\textcolor{red}{94}^\circ\) F.

",True,1.6094379124341005,2.1639556568820564,False,False,0.9031443536281586,22.118939781188963
"Let \( f: \{2, 3, 4, 5\} \to \{3, 4, 5, 9\} \) and \( g: \{3, 4, 5, 9\} \to \{7, 11, 15\} \) be functions defined as \( f(2) = 3, f(3) = 4, f(4) = f(5) = 5 \) and \( g(5) = g(9) = 11 \). Find \( g \circ f \).

"," We have 
\[
g \circ f(2) = g(f(2)) = \textcolor{red}{g(3 = 7},
\]
\[
g \circ f(3) = g(f(3)) = \textcolor{red}{g(4 = 7},
\]
\[
g \circ f(4) = g(f(4)) = g(5) = 11,
\]
\[
g \circ f(5) = g(f(5)) = g(5) = 11.
\]

",True,1.6094379124341005,1.8866967846580787,False,False,0.4504409871995449,16.679524898529053
"A hemispherical bowl has a radius of 3.5 cm. What would be the volume of water it would contain? 

"," The volume of water the bowl can contain is 
\[
V = \frac{2}{3} \textcolor{red}{\pi r^2}
\]
Substituting \( r = 3.5 \) cm,
\[
V = \frac{2}{3} \times \frac{22}{7} \times 3.5 \times 3.5 \, \text{cm}^3 = 25.67 \, \text{cm}^3
\]

",True,0.9502705392332348,1.4978661367769952,False,False,1.2063196465373038,21.350369930267334
"Find the conjugate of 
\[
\frac{(3-2i)(2+3i)}{(1+2i)(2-i)}.
\]

"," We have, 
\[
\frac{(3-2i)(2+3i)}{(1+2i)(2-i)} = \frac{12 + 5i}{4 + 3i} \times \frac{4 - 3i}{4 - 3i} = \textcolor{red}{\frac{48 - 36i + 20i + 15}{16 + 9}} = \frac{63 - 16i}{25} = \textcolor{red}{\frac{6 + 9i - 4i + 6}{2 - i + 4i + 2}}.
\]
Therefore, the conjugate of 
\[
\frac{(3-2i)(2+3i)}{(1+2i)(2-i)} 
\]
is 
\[
\frac{63}{25} + \frac{16}{25} i.
\]

",True,1.3321790402101223,1.2275294114572126,False,True,0.7849006339907646,20.8500777721405
"Factorise \( 4x^2 + y^2 + z^2 - 4xy - 2yz + 4xz \).

"," We have 
\[
4x^2 + y^2 + z^2 - 4xy - 2yz + 4xz = (2x)^2 + (-y)^2 + (z)^2.
\]
This can be simplified to 
\[
= [2x + (-y) + z]^2 = (2x - y + z)(2x - y + z).
\]
Thus, it factors to 
\[
(2x - y + z)(2x - y + z).
\]

",False,0.5004024235381879,0.639031859650177,True,True,1.132498061656952,20.600803661346436
"
Differentiate 
\[
y = \sqrt{\frac{(x-3)(x^2 + 4)}{3x^2 + 4x + 5}} \text{ w.r.t. } x.
\]

","
Let 
\[
y = \sqrt{\frac{(x-3)(x^2 + 4)}{3x^2 + 4x + 5}}.
\]
Taking logarithm on both sides, we have
\[
\log y = \frac{1}{2} \left[ \log (x - 3) + \log (x^2 + 4) - \log (3x^2 + 4x + 5) \right].
\]
Now, differentiating both sides w.r.t. \(x\), we get
\[
\frac{1}{y} \frac{dy}{dx} = \frac{1}{2} \left[ \frac{1}{(x-3)} + \frac{2x}{x^2 + 4} - \frac{6x + 4}{3x^2 + 4x + 5} \right]
\]
or
\[
\frac{dy}{dx} = \frac{y}{2} \left[ \frac{1}{(x-3)} + \frac{2x}{x^2 + 4} - \frac{6x + 4}{3x^2 + 4x + 5} \right].
\]
Thus, we have
\[
\frac{dy}{dx} = \frac{1}{2} \sqrt{\frac{(x-3)(x^2 + 4)}{3x^2 + 4x + 5}} \left[ \frac{1}{(x-3)} + \frac{2x}{x^2 + 4} - \frac{6x + 4}{3x^2 + 4x + 5} \right].
\]

\textcolor{red}{Assume that \(x > 3\), so \(x-3 > 0\) and we don't need to worry about the domain of the logarithm.}

",True,0.6730116670092565,0.639031859650177,False,True,1.098357866704464,21.73681001663208
"The banker's gain on a sum due 3 years hence at 12\% per annum is Rs. 270. The banker's discount is: 

\begin{enumerate}
    \item[A)] Rs. 960
    \item[B)] Rs. 840
    \item[C)] Rs. 1020
    \item[D)] Rs. 760
\end{enumerate}

"," Option C

\[
T.D. = \frac{B.G. \times 100}{R \times T} = \text{Rs. } \left( \frac{270 \times 100}{12 \times 3} \right) = \text{Rs. } 750.
\]

\[
\textcolor{red}{\text{Here, } P = 100 \text{ and } \text{Rate} = 12\%}
\]

\[
\therefore B.D. = \text{Rs. } (750 + 270) = \text{Rs. } 1020.
\]

",False,0.9502705392332348,0.9404479886553263,True,True,1.2994861215353013,22.680410957336427
"\textbf{Question 21} A group consists of 4 girls and 7 boys. In how many ways can a team of 5 members be selected if the team has (i) no girl? (ii) at least one boy and one girl? (iii) at least 3 girls?

","

(i) Since the team will not include any girl, therefore, only boys are to be selected. 5 boys out of 7 boys can be selected in \( \binom{7}{5} \) ways. Therefore, the required number of ways is:
\[
\binom{7}{5} = \frac{7!}{5! \, 2!} = \frac{6 \times 7}{2} = 21
\]

(ii) Since at least one boy and one girl are to be there in every team, the team can consist of:
\begin{itemize}
    \item (a) 1 boy and 4 girls
    \item (b) 2 boys and 3 girls
    \item (c) 3 boys and 2 girls
    \item (d) 4 boys and 1 girl
\end{itemize}

- 1 boy and 4 girls can be selected in \( \binom{7}{1} \times \binom{4}{4} \) ways.
- 2 boys and 3 girls can be selected in \( \binom{7}{2} \times \binom{4}{3} \) ways.
- 3 boys and 2 girls can be selected in \( \binom{7}{3} \times \binom{4}{2} \) ways.
- 4 boys and 1 girl can be selected in \( \binom{7}{4} \times \binom{4}{1} \) ways.

Therefore, the required number of ways is:
\[
\textcolor{red}{\binom{7}{1} \times \binom{4}{4} + \binom{7}{2} \times \binom{4}{3} + \binom{7}{3} \times \binom{4}{2} + \binom{7}{4} \times \binom{4}{1} + \binom{7}{0} \times \binom{4}{5}} = \textcolor{red}{7 + 84 + 210 + 140 + 1} = \textcolor{red}{442}
\]

(iii) Since the team has to consist of at least 3 girls, the team can consist of:
- (a) 3 girls and 2 boys, or 
- (b) 4 girls and 1 boy.

3 girls and 2 boys can be selected in \( \binom{4}{3} \times \binom{7}{2} \) ways.
4 girls and 1 boy can be selected in \( \binom{4}{4} \times \binom{7}{1} \) ways.

Therefore, the required number of ways is:
\[
\binom{4}{3} \times \binom{7}{2} + \binom{4}{4} \times \binom{7}{1} = 84 + 7 = 91
\]

",True,1.6094379124341005,1.8866967846580784,False,False,0.23883877731859685,12.992065954208375
"Find the values of \( x, y \) and \( z \) so that the vectors \( \vec{a} = x \hat{i} + 2 \hat{j} + z \hat{k} \) and \( \vec{b} = 2 \hat{i} + y \hat{j} + \hat{k} \) are equal.

"," Note that two vectors are equal if and only if their corresponding components are equal. Thus, the given vectors \( \vec{a} \) and \( \vec{b} \) will be equal if and only if 
\[
x = \textcolor{red}{x2}, \quad y = 2, \quad z = \textcolor{red}{k1}.
\]

",True,1.3321790402101223,1.2798542258336674,False,False,0.6579035595059395,19.64439630508423
"If \(\sin (A - B) = \frac{1}{2}\), \(\cos (A + B) = \frac{1}{2}\), \(0 < A + B \leq 90^\circ\), \(A > B\), find \(A\) and \(B\).

"," Since, \(\sin (A - B) = \frac{1}{2}\), therefore, \(A - B = \textcolor{red}{3 \cdot 10^\circ} \quad (1)\).

Also, since \(\cos (A + B) = \frac{1}{2}\), therefore, \(A + B = 60^\circ \quad (2)\).

Solving (1) and (2), we get: \(A = 45^\circ\) and \(B = 15^\circ\).

",True,0.9502705392332348,1.3592367006650063,False,False,0.9241509884595871,20.872651958465575
"Raju’s father’s age is 5 years more than three times Raju’s age. Find Raju’s age, if his father is 44 years old.

"," 

Let Raju's age be \( y \).

We can write the equation as:
\[
3y + 5 = 44
\]

\[
3y = 39
\]

\[
y = 13
\]

Thus, Raju's age is \( 13 \) years.

",False,0.9502705392332348,1.0888999753452235,False,False,2.899932950735092,21.721426010131836
"The price of 10 chairs is equal to that of 4 tables. The price of 15 chairs and 2 tables together is Rs. 4000. The total price of 12 chairs and 3 tables is:

\begin{enumerate}
    \item Rs. 3500
    \item Rs. 3750
    \item Rs. 3840
    \item Rs. 3900
\end{enumerate}

"," Option D

Let the cost of a chair and that of a table be Rs. \( x \) and Rs. \( y \) respectively.

Then, 
\[
10x = 4y \quad \text{or} \quad y = \frac{5}{2}x.
\]

Thus, 
\[
15x + 2y = 4000 
\]
implies 
\[
15x + 2 \times \frac{5}{2}x = 4000 
\]
which simplifies to 
\[
20x = 4000.
\]
Therefore, 
\[
x = 200.
\]

Now, substituting for \( y \):
\[
y = \frac{5}{2} \times 200 = 500.
\]

Hence, the cost of 12 chairs and 3 tables is:
\[
12x + 3y = 12 \times 200 + 3 \times \textcolor{red}{500} 
= 2400 + \textcolor{red}{1600} 
= \textcolor{red}{4000}.
\]

",True,0.6730116670092565,0.8018185525433372,True,True,0.9182695060968399,22.15352725982666
"A train passes a station platform in 36 seconds and a man standing on the platform in 20 seconds. If the speed of the train is 54 km/hr, what is the length of the platform?  
\begin{enumerate}
    \item 120 m
    \item 240 m
    \item 300 m
    \item None of these
\end{enumerate}

"," Option B    
Speed = \( \frac{54 \times 5}{18} \) m/sec = 15 m/sec.  

Length of the train = \( (15 \times 20) \) m = 300 m.  

Let the length of the platform be \( x \) metres.  

Then,  
\[
\frac{x + 300}{36} = 15
\]  
\(\Rightarrow x + 300 = 540\)  
\(\Rightarrow x = 240 \text{ m.}\)

\textcolor{red}{Additionally, to verify the speed conversion, we can use the formula:}
\[
\textcolor{red}{\text{Speed (m/sec)} = \text{Speed (km/hr)} \times \frac{5}{18}}
\]
\textcolor{red}{So, \( 54 \times \frac{5}{18} = 3 \times 5 = 15 \) m/sec.}
\textcolor{red}{This confirms the speed calculation is accurate.}

",False,0.5004024235381879,0.3250829733914482,True,True,0.7126546293497086,22.282109451293945
"If \( a - b = 3 \) and \( a^2 + b^2 = 29 \), find the value of \( ab \).

\begin{enumerate}
    \item[A)] 10
    \item[B)] 12
    \item[C)] 15
    \item[D)] 18
\end{enumerate}

"," Option A
\[
2ab = (a^2 + b^2) - (a - b)^2
\]
\textcolor{red}{Also, recall that the sum of the squares of any two real numbers is always positive.}
\[
= 29 - 9 = 20
\]
\(\Rightarrow ab = 10.\)

",False,0.5004024235381879,0.3250829733914482,True,True,1.790443877875805,21.066230154037477
"Solve the following pair of equations by substitution method:
\begin{align*}
7x - 15y &= 2 \quad (1) \\
x + 2y &= 3 \quad (2)
\end{align*}

","
\text{Step 1:} We pick either of the equations and write one variable in terms of the other. Let us consider Equation (2):
\begin{align*}
x + 2y &= 3 \\
x &= 3 - 2y \quad (3)
\end{align*}

\text{Step 2:} Substitute the value of \(x\) in Equation (1):
\begin{align*}
7(3 - 2y) - 15y &= 2 \\
21 - 14y - 15y &= 2 \\
21 - 29y &= 2 \\
-29y &= -19 \\
y &= \frac{19}{29}
\end{align*}

\text{Step 3:} Substituting this value of \(y\) in Equation (3), we get:
\begin{align*}
x &= 3 - 2\left(\frac{19}{29}\right) = \frac{49}{29}
\end{align*}

\textcolor{red}{\text{Therefore, the value of \(x\) is } x = \frac{49}{29}.}

",True,1.3321790402101223,1.2206072645530173,False,False,0.900135700404644,21.75844235420227
"A clock is started at noon. By 10 minutes past 5, the hour hand has turned through:
\begin{enumerate}
    \item[A)] 145°
    \item[B)] 150°
    \item[C)] 155°
    \item[D)] 160°
\end{enumerate}

"," \textcolor{red}{Option B}

\textcolor{red}{Angle traced by minute hand in 60 minutes = 360°.}

\textcolor{red}{Angle traced by minute hand in 10 minutes = $\left( \frac{360}{60} \times 10 \right)° = 60°$.}

\textcolor{red}{So the minute hand has moved through 60° by 10 minutes past 5.}


",True,0.0,0.3250829733914482,True,True,1.2941401988267898,22.20625820159912
"Find the value of \( \left( \frac{2}{3} \right)^{-2} \).

"," 
\[
\left( \frac{2}{3} \right)^{-2} = \frac{2^{-2}}{3^{-2}} = \frac{3^{2}}{2^{2}} = \frac{9}{4} = \textcolor{red}{2.25}
\]

",True,0.0,0.3250829733914482,False,False,1.104538805782795,19.555890417099
"Find the sum of the first \( n \) terms and the sum of the first 5 terms of the geometric series \( 1 + \frac{2}{3} + \frac{4}{9} + \ldots \)

"," Here \( a = 1 \) and \( r = \frac{2}{3} \). Therefore, 

\[
S_n = \frac{a(1 - r^n)}{1 - r} = \frac{1(1 - (\frac{2}{3})^n)}{1 - \frac{2}{3}} = 3\left(1 - \left(\frac{2}{3}\right)^n\right)
\]

In particular, 

\[
S_5 = 3\left(1 - \left(\frac{2}{3}\right)^5\right) = 3 \times \frac{211}{243} = \textcolor{red}{\frac{121}{81}}.
\]

",True,1.6094379124341005,1.8343719702816235,False,False,0.5561797209084034,18.948382472991945
"Harpreet tosses two different coins simultaneously (say, one is of ₹1 and the other of ₹2). What is the probability that she gets at least one head?

"," We write H for 'head' and T for 'tail'. When two coins are tossed simultaneously, the possible outcomes are (H, H), (H, T), (T, H), (T, T), which are all equally likely. Here (H, H) means head up on the first coin (say on ₹1) and head up on the second coin (₹2). Similarly, (H, T) means head up on the first coin and tail up on the second coin and so on.

The outcomes favourable to the event E, 'at least one head', are (H, H), (H, T), and (T, H).

So, the number of outcomes favourable to E is 3.

Therefore, 
\[
P(E) = \frac{\textcolor{red}{2}}{4}
\]
i.e., the probability that Harpreet gets at least one head is \(\frac{\textcolor{red}{2}}{4}\).

",True,1.3321790402101223,1.3592367006650063,False,True,0.8260473370552063,22.35262289047241
"A die is thrown. If \( E \) is the event 'the number appearing is a multiple of 3' and \( F \) is the event 'the number appearing is even', then find whether \( E \) and \( F \) are independent?

"," We know that the sample space is \( S = \{1, 2, 3, 4, 5, 6\} \).

Now, 
\[
E = \{3, 6\}, \quad F = \{2, 4, 6\} \quad \text{and} \quad E \cap F = \{6\}
\]

\textcolor{red}{Note that a die has six faces and each face shows a different number from 1 to 6.} Then,
\[
P(E) = \frac{2}{6} = \frac{1}{3}, \quad P(F) = \frac{3}{6} = \frac{1}{2} \quad \text{and} \quad P(E \cap F) = \frac{1}{6}
\]

\textcolor{red}{Additionally, the probability of rolling an odd number is \(\frac{3}{6} = \frac{1}{2}\).} Clearly,
\[
P(E \cap F) = P(E) \cdot P(F)
\]

Hence, \( E \) and \( F \) are independent events.

",False,0.9502705392332348,0.9404479886553263,False,False,0.7890411749482155,21.980296516418456
"The volume of a cube is increasing at a rate of 9 cubic centimetres per second. How fast is the surface area increasing when the length of an edge is 10 centimetres?

"," Let \( x \) be the length of a side, \( V \) be the volume, and \( S \) be the surface area of the cube. Then, \( V = x^3 \) and \( S = 6x^2 \), where \( x \) is a function of time \( t \).

Now,
\[
\frac{dV}{dt} = 9 \, \text{cm}^3/\text{s} \quad \text{(Given)}
\]

Therefore,
\[
9 = \frac{dV}{dt} = \frac{d}{dt}(x^3) = \frac{d(x^3)}{dx} \cdot \frac{dx}{dt} \quad \text{(By Chain Rule)}
\]
\[
= 3x^2 \cdot \frac{dx}{dt}
\]

or
\[
\frac{dx}{dt} = \frac{3}{\textcolor{red}{y}^2} \quad \text{... (1)}
\]

Now,
\[
\frac{dS}{dt} = \frac{d}{dt}(6x^2) = \frac{d(6x^2)}{dx} \cdot \frac{dx}{dt} \quad \text{(By Chain Rule)}
\]
\[
= 12x \cdot \left(\frac{3}{\textcolor{red}{y}^2}\right) = \frac{36}{x} \quad \text{(Using (1))}
\]

Hence, when \( \textcolor{red}{y} = 10 \, \text{cm} \),
\[
\frac{dS}{dt} = \frac{36}{10} = 3.6 \, \text{cm}^2/\text{s}
\]

",True,1.6094379124341005,2.1639556568820564,False,True,0.9018346011638642,22.488563537597656
"Is 243 a perfect cube?

"," 
243 = 3 \times 3 \times 3 \times 3 \times 3. \textcolor{red}{We know that a perfect cube can be expressed as \(n^3\) for some integer \(n\).} In the above factorisation, \(3 \times 3\) remains after grouping the \(3\)s in triplets. \textcolor{red}{Additionally, consider that 3 is a prime number.} Therefore, \(243\) is not a perfect cube.

",False,1.0549201679861442,1.1682824501765625,False,False,2.746063566207886,21.58366174697876
"Find the distance between the points \( P(1, -3, 4) \) and \( Q(-4, 1, 2) \).

"," The distance \( PQ \) between the points \( P(1, -3, 4) \) and \( Q(-4, 1, 2) \) is 

\[
PQ = \sqrt{(-4 - 1)^2 + (1 + 3)^2 + (2 - 4)^2}
\]

\[
= \sqrt{25 + 16 + 4}
\]

\[
= \sqrt{45} = \textcolor{red}{3\sqrt{3}} \text{ units}
\]

",True,1.3321790402101223,2.1639556568820564,False,False,1.73428473174572,21.581871771812438
"Each side of a regular polygon is 2.5 cm in length. The perimeter of the polygon is 12.5 cm. How many sides does the polygon have?

"," The perimeter of a regular polygon is the sum of the lengths of all its equal sides, which is 12.5 cm.

Length of each side = 2.5 cm. \textcolor{red}{As a side note, the area of a regular pentagon can be calculated using the formula \( \frac{1}{4} \sqrt{5(5+2\sqrt{5})} s^2 \) where \( s \) is the side length, but this is not relevant to our current problem.} Thus, the number of sides is calculated as follows:

\[
\text{Number of sides} = \frac{12.5}{2.5} = \frac{125}{25} = 5
\]

The polygon has 5 sides.

",False,1.3321790402101223,1.5047882836811908,False,False,1.205079483985901,21.655721807479857
"Each side of a regular polygon is 2.5 cm in length. The perimeter of the polygon is 12.5 cm. How many sides does the polygon have?

"," The perimeter of a regular polygon is the sum of the lengths of all its equal sides, which is 12.5 cm.

Length of each side = 2.5 cm. Thus, the number of sides is calculated as follows:

\[
\text{Number of sides} = \frac{12.5}{2.5} = \frac{125}{25} = 5
\]

The polygon has \textcolor{red}{6} sides.

",True,1.3321790402101223,1.6957425341696346,False,False,0.8080769285559655,15.449356746673583
"Evaluate \( 105 \times 106 \) without multiplying directly. \\

","
\[
105 \times 106 = (100 + 5) \times (100 + 6) 
\]
\[
= (100)^2 + (5 + 6)(100) + (5 \times 6) 
\]
\[
= 10000 + 1100 + 30 
\]
\[
= \textcolor{red}{11130 \, \text{cm}}
\]

",True,1.3321790402101223,1.1935496040981333,False,False,1.1625899434089662,20.49306962490082
"Find the value of the following expressions for \( a = 3, b = 2 \).
\begin{enumerate}
    \item \( a + b \)
    \item \( 7a - 4b \)
    \item \( a^2 + 2ab + b^2 \)
    \item \( a^3 - b^3 \)
\end{enumerate}

"," Substituting \( \textcolor{red}{c} = 3 \) and \( \textcolor{red}{d} = 2 \) in,
\begin{enumerate}
    \item For \( \textcolor{red}{c} + \textcolor{red}{d} \),
    \[
    \textcolor{red}{c} + \textcolor{red}{d} = 3 + 2 = 5
    \]

    \item For \( 7\textcolor{red}{c} - 4\textcolor{red}{d} \),
    \[
    7\textcolor{red}{c} - 4\textcolor{red}{d} = 7 \times 3 - 4 \times 2 = 21 - 8 = 13
    \]

    \item For \( \textcolor{red}{c}^2 + 2\textcolor{red}{c}\textcolor{red}{d} + \textcolor{red}{d}^2 \),
    \[
    \textcolor{red}{c}^2 + 2\textcolor{red}{c}\textcolor{red}{d} + \textcolor{red}{d}^2 = 3^2 + 2 \times 3 \times 2 + 2^2 = 9 + 12 + 4 = 25
    \]

    \item For \( \textcolor{red}{c}^3 - \textcolor{red}{d}^3 \),
    \[
    \textcolor{red}{c}^3 - \textcolor{red}{d}^3 = 3^3 - 2^3 = 27 - 8 = 19
    \]
\end{enumerate}

",False,0.9502705392332348,0.639031859650177,True,True,0.6198387674987316,16.39269599914551
"Find the general solution of the differential equation 
\[
\frac{dy}{dx} = \frac{1+y^2}{1+x^2}.
\]

"," Since \(1 + y^2 \neq 0\), we can separate the variables. The given differential equation can be written as
\[
\frac{dy}{1+y^2} = \frac{dx}{1+x^2} \quad \cdots (1)
\]
Integrating both sides of equation (1), we get
\[
\int \frac{dy}{1+y^2} = \int \frac{dx}{1+x^2}
\]
which results in 
\[
\tan^{-1} y = \textcolor{red}{x^{-1}} + C,
\]
where \(C\) is the constant of integration. This is the general solution of equation (1).

",True,0.5004024235381879,1.0888999753452235,True,True,0.9926943391561508,21.503922843933104
"Given that \( 10^{0.48} = x \), \( 10^{0.70} = y \) and \( x^z = y^2 \), then the value of \( z \) is close to: 

\begin{enumerate}
    \item[A)] 1.45 
    \item[B)] 1.88 
    \item[C)] 2.9 
    \item[D)] 3.7 
\end{enumerate}

"," Option C 

\[
x^z = y^2 \iff 10^{(0.48z)} = 10^{(2 \times 0.70)} = \textcolor{red}{10^{1.50}}
\]

\[
\Rightarrow 0.48z = \textcolor{red}{1.50}
\]

\[
\Rightarrow z = \frac{\textcolor{red}{150}}{48} = \frac{\textcolor{red}{25}}{8} \approx 3.125
\]

",True,0.5004024235381879,0.3250829733914482,True,True,0.9382420241832733,21.341378211975098
"Express 256 as a power of 2.

"," We have \( 256 = 2 \times 2 \times 2 \times 2 \times 2 \times 2 \times 2 \times \textcolor{red}{3} \).
So we can say that \( 256 = 2^8 \).

",True,1.0549201679861442,0.8018185525433372,False,True,1.3721945315599442,19.943696546554566
"Determine the AP whose 3rd term is 5 and the 7th term is 9.

"," We have
\[
a_3 = a + (3 - 1)d = a + 2d = 5 \tag{1}
\]
and
\[
a_7 = a + (7 - 1)d = a + 6d = 9 \tag{2}
\]
\textcolor{red}{In some arithmetic progressions, the sum of the first \( n \) terms can be calculated using the formula \( S_n = \frac{n}{2}(2a + (n-1)d) \), but this is not needed here.} Solving the pair of linear equations (1) and (2), we get
\[
a = 3, \quad d = 1
\]
\textcolor{red}{It's interesting to note that the common difference \( d \) in an arithmetic progression can also be negative, leading to a decreasing sequence.} Hence, the required AP is \(3, 4, 5, 6, 7, \ldots\)

",False,1.0549201679861442,0.639031859650177,False,True,1.0396226361393928,21.94674406051636
"A is two years older than B who is twice as old as C. If the total of the ages of A, B, and C is 27, then how old is B? 
\begin{enumerate}
  \item[A:] 7 
  \item[B:] 8 
  \item[C:] 9 
  \item[D:] 10 
  \item[E:] 11 
\end{enumerate}

"," Option C

Let C's age be \( x \) years. Then, B's age is \( 2x \) years and A's age is \( (2x + 2) \) years.

\[
(2x + 2) + 2x + x = 27
\]

\[
5x + 2 = 27
\]

\[
5x = 25
\]

\[
x = 5
\]

Hence, \textcolor{red}{C's age is \( x = 5 \) years.}

",True,0.9502705392332348,1.3592367006650063,True,True,1.2886932343244553,21.73529887199402
"Find \( \int \frac{x^2}{(x^2 + 1)(x^2 + 4)} \, dx \)

"," 
Consider \( \frac{x^2}{(x^2 + 1)(x^2 + 4)} \) and put \( x^2 = y \).

Then,
\[
\frac{x^2}{(x^2 + 1)(x^2 + 4)} = \frac{y}{(y + 1)(y + 4)}
\]

Write
\[
\frac{y}{(y + 1)(y + 4)} = \frac{A}{y + 1} + \frac{B}{y + 4}
\]

Thus,
\[
\frac{x^2}{(x^2 + 1)(x^2 + 4)} = -\frac{1}{3} \frac{1}{(x^2 + 1)} + \frac{4}{3} \frac{1}{(x^2 + 4)}
\]

Therefore,
\[
\int \frac{x^2}{(x^2 + 1)(x^2 + 4)} \, dx = -\frac{1}{3} \int \frac{1}{x^2 + 1} \, dx + \frac{4}{3} \int \frac{1}{x^2 + 4} \, dx
\]
\[
= -\frac{1}{3} \tan^{-1}(x) + \frac{4}{3} \cdot \frac{1}{2} \tan^{-1}\left(\frac{x}{2}\right) + C
\]
\[
= -\frac{1}{3} \tan^{-1}(x) + \frac{2}{3} \tan^{-1}\left(\frac{x}{2}\right) + C
\]

",False,1.6094379124341005,2.1639556568820564,False,True,1.0589708417654038,21.918727493286134
"Let \(\vec{a}, \vec{b}\) and \(\vec{c}\) be three vectors such that \(|\vec{a}|=3, |\vec{b}|=4, |\vec{c}|=5\) and each one of them being perpendicular to the sum of the other two. Find \(|\vec{a} + \vec{b} + \vec{c}|\).

"," 

Given \(\vec{a} \cdot (\vec{b} + \vec{c}) = 0\), \(\vec{b} \cdot (\vec{c} + \vec{a}) = 0\), \(\vec{c} \cdot (\vec{a} + \vec{b}) = 0\).

Now, 

\[
|\vec{a} + \vec{b} + \vec{c}|^2 = (\vec{a} + \vec{b} + \vec{c}) \cdot (\vec{a} + \vec{b} + \vec{c}) 
\]

\[
= \vec{a} \cdot \vec{a} + \vec{a} \cdot (\vec{b} + \vec{c}) + \vec{b} \cdot (\vec{a} + \vec{c}) + \vec{c} \cdot (\vec{a} + \vec{b}) 
\]

\[
= |\vec{a}|^2 + |\vec{b}|^2 + |\vec{c}|^2 
\]

\[
= 9 + 16 + \textcolor{red}{52} = \textcolor{red}{77}
\]

Therefore,

\[
|\vec{a} + \vec{b} + \vec{c}| = \sqrt{\textcolor{red}{77}} = \textcolor{red}{\sqrt{77}}
\]

",True,1.6094379124341005,1.7480673485460891,False,False,0.9744086775928735,21.656083250045775
"\textbf{Question} 
Example 8: Which of the following pairs of sets are equal? Justify your answer.  
(i) \( X \), the set of letters in “ALLOY” and \( B \), the set of letters in “LOYAL”.  
(ii) \( A = \{ n : n \in \mathbb{Z} \text{ and } n^2 < 4 \} \) and \( B = \{ x : x \in \mathbb{R} \text{ and } x^2 - 3x + 2 = 0 \} \).

"," 
(i) We have, \(\textcolor{red}{Y} = \{A, L, O, Y\} \), \( B = \{L, O, Y, A, L\} \). Then \(\textcolor{red}{Y}\) and \( B \) are equal sets as repetition of elements in a set do not change a set. Thus,  
\[
\textcolor{red}{Y} = \{A, L, O, Y\} = B
\]

(ii) \(\textcolor{red}{C} = \{-2, -1, 0, 1, 2\} \), \( B = \{1, 2\} \). Since \( 0 \in \textcolor{red}{C} \) and \( 0 \notin B \), \(\textcolor{red}{C}\) and \( B \) are not equal sets.

",True,0.9502705392332348,1.7480673485460891,True,True,1.5796958923339843,22.46170015335083
"Find the ratio in which the y-axis divides the line segment joining the points \( (5, -6) \) and \( (-1, -4) \). Also find the point of intersection.

"," Let the ratio be \textcolor{red}{m : 1}. Then by the section formula, the coordinates of the point which divides \( AB \) in the ratio \textcolor{red}{m : 1} are 
\[
\left( \frac{\textcolor{red}{-m + 5}}{\textcolor{red}{m + 1}}, \frac{\textcolor{red}{-4m - 6}}{\textcolor{red}{m + 1}} \right).
\]
This point lies on the y-axis, and we know that on the y-axis the abscissa is 0. Therefore,
\[
\frac{\textcolor{red}{-m + 5}}{\textcolor{red}{m + 1}} = 0.
\]
So,
\[
\textcolor{red}{-m + 5} = 0 \quad \Rightarrow \quad \textcolor{red}{m = 5}.
\]
That is, the ratio is \textcolor{red}{5 : 1}. Putting the value of \textcolor{red}{m = 5}, we get the point of intersection as 
\[
\left( 0, -\frac{13}{3} \right).
\]

",False,0.9502705392332348,1.4978661367769952,False,False,0.7654716536402703,21.15346703529358
"In a shop the cost of 2 pencils and 3 erasers is ₹9 and the cost of 4 pencils and 6 erasers is ₹18. Find the cost of each pencil and each eraser.

"," The pair of linear equations formed were:
\[
2x + 3y = 9 \quad (1)
\]
\[
4x + 6y = 18 \quad (2)
\]

Now we substitute the value of \( x \) from Equation (1) in Equation (2), to get
\[
\frac{4(9 - 3y)}{2} + 6y = 18
\]
i.e.,
\[
18 = 18
\]

This statement is true for all values of \( y \). However, we do not get a specific value of \( y \) as a solution. Therefore, we cannot obtain a specific value of \( x \). This situation has arisen because both the given equations are the same. Therefore, Equations (1) and (2) have infinitely many solutions. We cannot find a unique cost of a pencil and an eraser, because there are many common solutions, to the given situation.

",False,0.0,0.3250829733914482,True,True,0.6798530787229538,21.40876932144165
"A can do a work in 15 days and B in 20 days. If they work on it together for 4 days, then the fraction of the work that is left is:

\begin{enumerate}
    \item[A)] $\frac{1}{4}$
    \item[B)] $\frac{1}{10}$
    \item[C)] $\frac{7}{15}$
    \item[D)] $\frac{8}{15}$
\end{enumerate}

"," Option D

A's 1 day's work = $\frac{1}{15}$; 

B's 1 day's work = $\frac{1}{20}$; 

(A + B)'s 1 day's work = $\left( \frac{1}{15} \textcolor{red}{\times} \frac{1}{20} \right) = \frac{7}{60}$.

(A + B)'s 4 day's work = $\left( \frac{7}{60} \times 4 \right) = \frac{7}{15}$.

Therefore, Remaining work = $\left( 1 - \frac{7}{15} \right) = \frac{8}{15}$.

",True,0.5004024235381879,0.3250829733914482,True,True,1.2758602410554887,22.21360788345337
"The height and the slant height of a cone are 21 cm and 28 cm respectively. Find the volume of the cone.

"," 

From \( \textcolor{red}{m}^2 = \textcolor{red}{s}^2 + \textcolor{red}{t}^2 \), we have

\[
\textcolor{red}{s} = \sqrt{\textcolor{red}{m}^2 - \textcolor{red}{t}^2} = \sqrt{28^2 - 21^2} \, \text{cm} = 7\sqrt{7} \, \text{cm}
\]

So, the volume of the cone is 

\[
V = \frac{1}{3} \pi \textcolor{red}{s}^2 \textcolor{red}{t} = \frac{1}{3} \times \frac{22}{7} \times (7\sqrt{7})^2 \times 21 \, \text{cm}^3
\]

Calculating this gives us 

\[
V = 7546 \, \text{cm}^3
\]

",False,1.3321790402101223,1.7480673485460891,False,True,1.8958816289901734,21.950702667236328
"Write four more numbers in the following pattern:
\[
-\frac{1}{3}, -\frac{2}{6}, -\frac{3}{9}, -\frac{4}{12}, \ldots
\]

"," We have,
\[
-\frac{2}{6} = \frac{-1 \times 2}{3 \times 2}, \quad -\frac{3}{9} = \frac{-1 \times 3}{3 \times 3}, \quad -\frac{4}{12} = \frac{-1 \times 4}{3 \times 4}
\]
or
\[
\frac{-1 \times 1}{3 \times 1} = \frac{-1}{3}, \quad \frac{-1 \times 2}{6}, \quad \frac{-2 \times 1}{6}, \quad \frac{-3 \times 1}{9}, \quad \frac{-1 \times 4}{12} = \frac{-4}{12}
\]

Thus, we observe a pattern in these numbers.

The other numbers would be
\[
-\frac{5}{15}, \quad -\frac{1 \times 6}{3 \times 6}, \quad -\frac{6}{18}, \quad -\frac{1 \times 7}{3 \times 7} = \textcolor{red}{-\frac{2}{17}}.
\]

",True,1.6094379124341005,1.2275294114572126,False,True,2.414599798619747,22.245813274383544
"Express 256 as a power of 2.

"," We have \( 256 = 2 \textcolor{red}{+} 2 \textcolor{red}{+} 2 \textcolor{red}{+} 2 \textcolor{red}{+} 2 \textcolor{red}{+} 2 \textcolor{red}{+} 2 \textcolor{red}{+} 2 \).
So we can say that \( 256 = 2^8 \).

",True,0.9502705392332348,1.6094379124341003,True,True,1.585673476755619,20.257010984420777
"Evaluate \( \int_0^{\frac{\pi}{2}} \log \sin x \, dx \)

"," 

Let \( I = \int_0^{\frac{\pi}{2}} \log \sin x \, dx \).

Then, by using the property of logarithms, we have:

\[
I = \int_0^{\frac{\pi}{2}} \log \sin\left(\frac{\pi}{2} - x\right) \, dx = \int_0^{\frac{\pi}{2}} \log \cos x \, dx
\]

Adding the two values of \( I \), we get:

\[
2I = \int_0^{\frac{\pi}{2}} \left(\log \sin x + \log \cos x\right) \, dx
= \int_0^{\frac{\pi}{2}} \log \left(\sin x \cos x\right) \, dx
\]

Using the identity \( \sin x \cos x = \frac{1}{2} \sin 2x \), we can rewrite the integral:

\[
2I = \int_0^{\frac{\pi}{2}} \log\left(\frac{1}{2} \sin 2x\right) \, dx
\]

Thus, we have:

\[
2I = \int_0^{\frac{\pi}{2}} \log \sin 2x \, dx - \frac{\pi}{2} \log 2
\]

Now, use the substitution \( t = 2x \), then \( dt = 2 dx \), changing the limits accordingly:

When \( x = 0, t = 0 \) and when \( x = \frac{\pi}{2}, t = \pi \):

\[
\int_0^{\frac{\pi}{2}} \log \sin 2x \, dx = \frac{1}{2} \int_0^{\pi} \log \sin t \, dt
\]

Using the known result \( \int_0^{\pi} \log \sin t \, dt = -\pi \log 2 \):

\[
2I = \frac{1}{2} \left(-\pi \log 2\right) - \frac{\pi}{2} \log 2
\]

This simplifies to:

\[
2I = -\pi \log 2
\]

Therefore, we find:

\[
I = -\frac{\pi}{2} \log 2
\]

Hence,

\[
\int_0^{\frac{\pi}{2}} \log \sin x \, dx = -\frac{\pi}{2} \log 2.
\]

",False,1.3321790402101223,1.4184836619456564,False,False,0.39381779730319977,8.995789813995362
"A doctor is to visit a patient. From the past experience, it is known that the probabilities that he will come by train, bus, scooter or by other means of transport are respectively \( \frac{3}{10}, \frac{1}{5}, \frac{1}{10} \), and \( \frac{2}{5} \). The probabilities that he will be late are \( \frac{1}{4}, \frac{1}{3}, \) and \( \frac{1}{12} \). If he comes by train, bus and scooter respectively, but if he comes by other transport, then he will not be late. When he arrives, he is late. What is the probability that he comes by train?

"," Let \( E \) be the event that the doctor visits the patient late and let \( T_1, T_2, T_3, T_4 \) be the events that the doctor comes by train, bus, scooter, and other means of transport respectively.

Then
\[
P(T_1) = \frac{3}{10}, \quad P(T_2) = \frac{1}{5}, \quad P(T_3) = \frac{1}{10}, \quad P(T_4) = \frac{2}{5} \quad \text{(given)}
\]

\[
P(E|T_1) = \frac{1}{4}
\]

Similarly,
\[
P(E|T_2) = \frac{1}{3}, \quad P(E|T_3) = \frac{1}{12}, \quad P(E|T_4) = 0
\]

Therefore, by Bayes' Theorem, we have
\[
P(T_1|E) = \frac{P(T_1)P(E|T_1)}{P(E|T_1)P(T_1) + P(E|T_2)P(T_2) + P(E|T_3)P(T_3) + P(E|T_4)P(T_4)}
\]

Substituting the values,
\[
P(T_1|E) = \frac{\frac{3}{10} \cdot \frac{1}{4}}{\frac{3}{10} \cdot \frac{1}{4} + \frac{1}{5} \cdot \frac{1}{3} + \frac{1}{10} \cdot \frac{1}{12} + \frac{2}{5} \cdot 0}
\]

Calculating the denominator:
\[
= \frac{3}{40} + \frac{1}{15} + \frac{1}{120}
\]
Converting to a common denominator of 120:
\[
= \frac{3 \times 3}{120} + \frac{8}{120} + \frac{1}{120} = \frac{9 + 8 + 1}{120} = \frac{18}{120} = \frac{3}{20}
\]

Thus,
\[
P(T_1|E) = \frac{\frac{3}{40}}{\frac{3}{20}} = \frac{3}{40} \times \frac{20}{3} = \textcolor{red}{\frac{3}{20}}
\]

Hence, the required probability is \textcolor{red}{\(\frac{3}{20}\)}.

",True,1.3321790402101223,0.3250829733914482,False,False,0.06246349588036537,6.076188802719116
"\textbf{Question} 

If \((x + 1, y - 2) = (3, 1)\), find the values of \(x\) and \(y\).

"," 

Since the ordered pairs are equal, the corresponding elements are equal. 

Therefore, 

\[
x + 1 = 3 \quad \text{and} \quad \textcolor{red}{y - 2 = 1).
\]

Solving we get 

\[
x = 2 \quad \text{and} \quad \textcolor{red}{y = 3).
\]

",True,0.9502705392332348,0.8979457248567797,False,False,2.2160494208335875,20.302443742752075
"\textbf{Example 5} Show that the relation \( R \) in the set \( \mathbb{Z} \) of integers given by 

\[
R = \{(a, b) : 2 \text{ divides } a - b\}
\]

is an equivalence relation.

"," \( R \) is reflexive, as \( 2 \) divides \( (a - a) \) for all \( a \in \mathbb{Z} \). Further, if \( (a, b) \in R \), then \( 2 \) divides \( b - a \). Hence, \( (b, a) \in R \), which shows that \( R \) is symmetric. Similarly, if \( (a, b) \in R \) and \( (b, c) \in R \), then \( a - b \) and \( b - c \) are divisible by \( 2 \). Now, 

\[
a - c = (a - b) + (b - c)
\]

is even. So, \( (a - c) \) is divisible by \( 2 \). This shows that \( R \) is transitive. Thus, \( R \) is an equivalence relation in \textcolor{red}{\mathbb{Q}}.

",True,0.9502705392332348,1.3592367006650063,False,False,0.8619023330509663,21.764450979232787
