orig_q,pert_a,has_error,handwriting_style,image_quality,reasoning_entropy_k15,grading_correct_k15,n_grading_parse_failures_k15,all_grading_samples_raw_k15,k_base,k_grading,model_id,n_items,reasoning_text_entropy_k15
"Find \( \int \frac{3x - 2}{(x+1)^2(x+3)} \, dx \)

"," 

\[
\textcolor{red}{\frac{11}{4} \log |x+1| + \frac{5}{2(x+1)} - \frac{11}{4} \log |x+3| + C}
\]

\textcolor{red}{Thus, the integrand is given by}

\[
\textcolor{red}{\int \frac{3x - 2}{(x+1)^2(x+3)} \, dx = \frac{11}{4} \int \frac{dx}{x+1} - \frac{5}{2} \int \frac{dx}{(x+1)^2} - \frac{11}{4} \int \frac{dx}{x+3}}
\]

\textcolor{red}{Solving these equations, we get}

\[
\textcolor{red}{A = \frac{11}{4}, \quad B = -\frac{5}{2}, \quad C = -\frac{11}{4}}
\]

So that 

\[
3x - 2 = A(x + 1)(x + 3) + B(x + 3) + C(x + 1)^2
\]

We compare the coefficients of \( x^2 \), \( x \), and the constant term on both sides:

\[
A + C = 0, \quad 4A + B + 2C = 3, \quad 3A + 3B + C = -2
\]

\textcolor{red}{Therefore,}

\[
\textcolor{red}{= \frac{11}{4} \log |x+1| + \frac{5}{2(x+1)} - \frac{11}{4} \log |x+3| + C}
\]

\textcolor{red}{Final result:}

\[
= \frac{11}{4} \log \left| \frac{x+1}{x+3} \right| + \frac{5}{2(x+1)} + C
\]

",True,True,True,0.3926744672275521,True,0,"['**Reasoning:** The answer provided contains several errors. Firstly, the integral result is incorrect because the method used does not match the integration process shown. The answer suggests a complex substitution involving logarithms and coefficients that do not align with standard trigonometric substitutions often seen in such problems. Secondly, the solution formulates an incorrect final result equation for the integral. Lastly, the calculation of the constants A, B, and C appears inconsistent with the initial steps of the problem-solving process.\n\n**Error:** 1', '**Reasoning:** The answer provided includes an unnecessary step that simplifies the integrand incorrectly. The integrand should be solved to find constants A, B, and C using partial fraction decomposition method. However, the integration steps and constant determination process seem to be incorrect, leading to a different final result than what is expected. It is essential to accurately decompose the integrand to get the correct coefficients A, B, and C.\n\n**Error:** 1', '**Reasoning:** \n\n1. The integrand \\(\\int \\frac{3x - 2}{(x+1)^2 + (x+3)} dx\\) was correctly transformed into \\(\\int \\frac{dx}{x+1} - \\frac{5}{2}\\int \\frac{dx}{(x+1)^2} - \\frac{11}{4}\\int \\frac{dx}{x+3}\\).\n2. However, the substitution step was incorrect. Instead of substituting \\(x = t - 1\\), which simplifies the integrands, a different approach should be used to resolve the partial fractions.\n3. The partial fraction decomposition should involve terms with denominators \\((x+1)^2\\) and \\((x+3)\\) instead of directly solving for A, B, and C as shown. This leads to a more complex and correct approach rather than the one presented.\n4. The integration process seems to have been misunderstood as well. The solution should involve resolving the partial fractions before integrating each term separately.\n\n**Error:** 1', '**Reasoning:** The answer contains a calculation error. In the step where \\(\\frac{11}{4} \\log |x+1| + \\frac{5}{2(x+1)} - \\frac{11}{4} \\log |x+3|\\) is simplified, it should be:\n\\[ = \\frac{11}{4} \\log |x+1| - \\frac{11}{2}\\log |x+3| + \\frac{5}{2(x+1)} + C \\]\nHowever, the answer written does not correctly simplify the logarithmic terms as stated above. This results in an error.\n\n**Error:** 1', '**Reasoning:** The answer provided does not contain any apparent errors in terms of mathematical accuracy or logical flow. It correctly explains the steps taken to solve the integral problem. There are no arithmetic mistakes, incorrect algebraic manipulations, or misunderstandings in the approach used.\n\n**Error:** 0', ""**Reasoning:** The answer provided contains a logical error in the interpretation of the integrand's components. Specifically, the initial form of the integrand \\(\\frac{3x-2}{(x+1)^2(x+3)}\\) should be integrated using partial fractions. When we decompose this into partial fractions, we get:\n\\[ \\frac{3x-2}{(x+1)^2(x+3)} = \\frac{A}{x+1} + \\frac{B}{(x+1)^2} + \\frac{C}{x+3} \\]\nMultiplying through by the denominator gives:\n\\[ 3x - 2 = A(x+1)(x+3) + B(x+3) + C(x+1)^2 \\]\nExpanding and comparing coefficients of like terms:\n\\[ 3x - 2 = A(x^2 + 4x + 3) + B(x + 3) + C(x^2 + 2x + 1) \\]\n\\[ 3x - 2 = Ax^2 + 4Ax + 3A + Bx + 3B + Cx^2 + 2Cx + C \\]\n\\[ 3x - 2 = (A + C)x^2 + (4A + B + 2C)x + (3A + 3B + C) \\]\nEquating coefficients gives us the system of equations:\n\\[ A + C = 0 \\]\n\\[ 4A + B + 2C = 3 \\]\n\\[ 3A + 3B + C = -2 \\]\n\nSolving these equations yields:\n\\[ A = \\frac{11}{4}, \\quad B = -\\frac{5}{2}, \\quad C = -\\frac{11}{4} \\]\n\nHowever, the final answer provided does not match this result. The correct form should be:\n\\[ \\int \\frac{3x-2}{(x+1)^2(x+3)} dx = \\frac{11}{4}\\log|x+1| - \\frac{5}{2}\\log|x+3| - \\frac{11}{4}\\log|x+3| + C \\]\n\nTherefore, the answer provided contains a mistake in simplifying the integral correctly.\n\n**Error:** 1"", '**Reasoning:** The answer includes several steps with potential errors. First, the integration step appears correct but is not presented fully. The answer uses \\(\\frac{11}{4}\\) and \\(\\frac{5}{2}\\) in different contexts, suggesting a mistake. Additionally, the final result should have the right form of logarithmic expression.\n\n**Error:** 1', ""**Reasoning:** The answer has made an incorrect substitution into the integral. Specifically, the integrand should be integrated using partial fractions rather than substituting directly into the logarithmic expressions as shown. The integrand \\(\\frac{3x-2}{(x+1)^{2}+(x+3)}\\) cannot be simplified into the form given by the answer, and the subsequent steps involving logarithms are incorrect because they don't align with standard integration techniques such aspartial fraction decomposition.\n\n**Error:** 1"", '**Reasoning:** The solution provided includes several steps that are correct but has an inconsistency in the final answer. Specifically, after solving the partial fraction decomposition, the solutions for A, B, and C should be used to form the final answer. However, in the final step, the sign in front of the logarithmic term \\( \\log |x+3| \\) is incorrect. The original expression had a minus sign for the second term involving \\( \\log |x+3| \\), so the correct form of the solution should include the minus sign as well.\n\n**Error:** 1', '**Reasoning:** The given answer includes a mistake in the final result. The correct final result should be \\(\\frac{11}{4} \\log|x+1| + \\frac{5}{2(x+1)}\\) rather than \\(\\frac{11}{4} \\log |x+3|\\). The coefficients for \\(x+1\\) and \\(x+3\\) should be different due to the properties of logarithms and polynomial terms.\n\n**Error:** 1', '**Reasoning:** The answer contains a mistake in the final result calculation. The correct final result should be \\(\\frac{11}{4} \\log|x+1| + \\frac{5}{2(x+1)} - \\frac{11}{4} \\log|x+3|\\) instead of \\(\\frac{11}{4} \\log|x+1| + \\frac{5}{2(x+1)} + c\\). The constant \\(c\\) should not be added after subtracting the logarithmic terms.\n\n**Error:** 1', '**Reasoning:** The answer seems to be correct. The steps taken to solve the integral correctly utilize partial fraction decomposition. The solution involves correctly identifying coefficients A, B, and C, and then integrating each term separately. There does not appear to be any arithmetic mistakes or logical errors in the calculation process as shown in the answer.\n\n**Error:** 0', '**Reasoning:** \n\nThe answer presented does not match the correct approach to solving the integral. The given answer uses logarithmic terms instead of the method typically used for integrating functions with rational expressions. Specifically, the problem involves finding the integral of \\(\\int \\frac{3x - 2}{(x+1)^2 + (x+3)} dx\\). The answer mistakenly employs logarithmic terms without following standard techniques such as partial fraction decomposition or substitution methods.\n\n**Error:** 1', '**Reasoning:** The answer initially involves the integrand being given as an equation involving logarithmic functions with coefficients A, B, and C. However, the step from solving these equations to directly equating the result with the answer seems incorrect. The correct final result should be derived through integration using partial fractions, which is not shown or addressed in the provided steps. This indicates a major gap in the logic leading to the final result.\n\n**Error:** 1', '**Reasoning:** The answer provided does not match the integral calculation method described in the question. The question asks to find the integral \\(\\int \\frac{3x-2}{(x+1)^2 + (x+3)} dx\\) but the answer presented involves logarithms and integration by parts, which is not relevant to the original question. The correct approach involves partial fractions or trigonometric substitution, not logarithmic expressions.\n\n**Error:** 1']",5,15,Qwen/Qwen2.5-VL-3B-Instruct,100,0.9495936677167384
"In an experiment, a solution of hydrochloric acid is to be kept between \(30^\circ\) and \(35^\circ\) Celsius. What is the range of temperature in degree Fahrenheit if the conversion formula is given by 

\[
C = \frac{5}{9} (F - 32)
\]

where \(C\) and \(F\) represent temperature in degree Celsius and degree Fahrenheit, respectively?

"," It is given that 

\[
30 < C < 35.
\]

Putting \(C = \frac{5}{9} (F - 32)\), we get 

\[
30 < \frac{5}{9} (F - 32) < 35.
\]

Multiplying through by \(\frac{9}{5}\):

\[
\frac{9}{5} \times 30 < (F - 32) < \frac{9}{5} \times 35
\]

which simplifies to 

\[
\textcolor{red}{59} < (F - 32) < \textcolor{red}{62}.
\]

Adding \(32\) to all parts gives:

\[
\textcolor{red}{91} < F < \textcolor{red}{94}.
\]

Thus, the required range of temperature is between \(\textcolor{red}{91}^\circ\) F and \(\textcolor{red}{94}^\circ\) F.

",True,True,False,0.6730116670092565,True,0,"['**Reasoning:** The conversion formula from Fahrenheit (F) to Celsius (C) is typically given by \\( C = \\frac{5}{9} (F - 32) \\). However, the given Answer incorrectly uses a different coefficient (5 instead of the standard 5/9) in the equation. Additionally, it incorrectly multiplies by 5 instead of the correct 9/5 when solving the inequality for F. These errors will result in a different final range of temperatures.\n\n**Error:** 1', '**Reasoning:** The step where ""multiplying through by \\(\\frac{9}{5}\\):"" should be applied to the entire inequality, not just the first part. Therefore, the correct multiplication should be done with respect to the entire expression \\(F - 32\\). This step leads to an incorrect simplification because the multiplication should be distributed over the inequality.\n\n**Error:** 1', '**Reasoning:**\nThe Answer provided does not contain any apparent logical or mathematical errors. The steps taken to convert temperature from Celsius to Fahrenheit using the given formula and then determine the range of temperatures in Fahrenheit are correct and well-explained.\n\n**Error:** 0', '**Reasoning:** The solution appears to be correct. The steps taken to convert the range from Celsius to Fahrenheit using the given conversion formula are applied correctly.\n\n**Error:** 0', '**Reasoning:** The answer does not contain any mathematical errors. The steps taken to convert the temperature range from Celsius to Fahrenheit are correct. When converting the range \\(30^\\circ C\\) to \\(35^\\circ C\\) using the formula \\(C = \\frac{5}{9}(F - 32)\\), the intermediate steps are logically aligned with standard mathematical operations. Therefore, there are no errors in the sequence of calculations presented in the answer.\n\n**Error:** 0', '**Reasoning:** There is no obvious mathematical error in the calculation or logic presented in the answer. The steps taken to convert Celsius to Fahrenheit are correct, and the final result is mathematically valid. The conversion formula \\( C = \\frac{5}{9} (F - 32) \\) is applied correctly within the temperature range given, resulting in the correct Fahrenheit range between 91°F and 94°F.\n\n**Error:** 0', '**Reasoning:** The answer follows the steps correctly up until the multiplication step. However, it should be noted that the conversion formula \\( C = \\frac{5}{9} (F - 32) \\) implies that as F increases, C will also increase by the same rate. Therefore, if \\( 30 < C < 35 \\), then \\( 30 < \\frac{5}{9} (F - 32) < 35 \\). Multiplying through by \\( \\frac{9}{5} \\) should give:\n\\[ 54 < F - 32 < 63 \\]\nAdding 32 to all parts gives:\n\\[ 86 < F < 95 \\]\n\nHowever, the conclusion states \\( 91 < F < 94 \\), which is incorrect because the lower limit should be 86, not 91. Thus, there is an error in the final calculation.\n\n**Error:** 0', '**Reasoning:** The answer does not include all steps clearly. Specifically, the steps from multiplying through by \\( \\frac{9}{5} \\) to simplifying to \\( 69 < F - 32 < 72 \\) are missing. Additionally, it should be noted that the range calculated directly from the inequality after multiplication should be \\( 90 < F < 94 \\). \n\n**Error:** 1', '**Reasoning:** The answer has a logical error in the final step. After multiplying through by \\(\\frac{9}{5}\\), the inequality should be:\n\n\\[30 < \\frac{9}{5}(F - 32) < 35\\]\n\nMultiplying each part by \\(\\frac{5}{9}\\) results in:\n\n\\[50 < F - 32 < 62\\]\n\nAdding 32 to all parts gives:\n\n\\[82 < F < 94\\]\n\nThis indicates that the solution provided is incorrect because the correct range should be between 82 and 94 degrees Fahrenheit, not between 91 and 94 degrees Fahrenheit as stated.\n\n**Error:** 1', '**Reasoning:** The conversion formula should be \\( C = \\frac{5}{9}(F - 32) \\). When simplifying the inequality \\( 30 < F < 35 \\) using this formula, multiplying through by \\(\\frac{9}{5}\\) would result in \\( 54 < C < 57.5 \\). This implies that the temperature range in Celsius would be between 54°C and 57.5°C, not between 91°F and 94°F as stated in the answer. Additionally, the final step of adding 32 to all parts would yield \\( 86 < F < 90.5 \\), again different from what is presented.\n\n**Error:** 1', '**Reasoning:** The answer incorrectly multiplies by 5 instead of 9/5 as indicated by the conversion formula C = 5/9(F - 32). This will result in an incorrect final temperature range.\n\n**Error:** 1', '**Reasoning:** The error is in the final step of the problem. After multiplying through by \\(\\frac{9}{5}\\) and adding 32 to all parts, the result should be \\(F = 91\\) rather than \\(F = 94\\). Therefore, the correct range of temperature in Fahrenheit is between 91°F and 94°F, not 910°F and 94°F.\n\n**Error:** 0', '**Reasoning:** The answer process starts correctly by substituting C = 30 and C = 35 into the Celsius to Fahrenheit conversion formula, but then it incorrectly multiplies the inequality by 9/5 instead of 5/9 as per the correct formula. This results in an incorrect range for F.\n\n**Error:** 1', '**Reasoning:** The answer uses the conversion formula \\(C = \\frac{5}{9}(F - 32)\\) correctly to convert temperatures from Celsius to Fahrenheit. However, it incorrectly states that the range of temperature in degree Fahrenheit is between 91°F and 94°F after simplifying the inequality. This is incorrect because the correct range should be calculated directly from the given range in Celsius using the conversion formula.\n\n**Error:** 1', '**Reasoning:** The steps taken to convert the temperature range from Celsius to Fahrenheit are correct. However, when solving for F, the correct equation should be \\(9F - 32 = 5 \\times 30\\) and \\(9F - 32 = 5 \\times 35\\). Solving these equations correctly gives:\nFor \\(C = 30\\):\n\\[ 30 = \\frac{5}{9}(F - 32) \\]\n\\[ 30 = \\frac{5F}{9} - \\frac{160}{9} \\]\n\\[ 270 = 5F - 160 \\]\n\\[ 430 = 5F \\]\n\\[ F = 86^\\circ F \\]\n\nFor \\(C = 35\\):\n\\[ 35 = \\frac{5}{9}(F - 32) \\]\n\\[ 35 = \\frac{5F}{9} - \\frac{160}{9} \\]\n\\[ 285 = 5F - 160 \\]\n\\[ 445 = 5F \\]\n\\[ F = 89^\\circ F \\]\n\nThus, the correct range of temperature in Fahrenheit between 30°C and 35°C is between 86°F and 89°F, not 91°F to 94°F as given in the answer.\n\n**Error:** 1']",5,15,Qwen/Qwen2.5-VL-3B-Instruct,100,0.9495936677167384
"Find the coordinates of the point which divides the line segment joining the points \( (4, -3) \) and \( (8, 5) \) in the ratio \( 3 : 1 \) internally.

"," Let \( P(x, y) \) be the required point. Using the section formula, we get:
\[
x = \frac{3(8) + 1(4)}{3 + 1} = 7, \quad y = \frac{3(5) + 1(-3)}{3 + 1} = \textcolor{red}{\frac{3(5) + 1(-3)}{3 \times 1} = \frac{15 - 3}{3} = 4}
\]
Therefore, \( (7, \textcolor{red}{4}) \) is the required point.

",True,False,True,0.2449300267946353,True,0,"['**Reasoning:** There is an error in the calculation of y-coordinate. The numerator should be \\(3(5) + 1(-3)\\) instead of \\(3(8) + 1(4)\\). This changes the x and y values, leading to incorrect coordinates \\((7, 4)\\) instead of the correct coordinates found in the denominator.\n\n**Error:** 0', '**Reasoning:** The answer provided does not correctly use the section formula for finding the coordinates of a point dividing a line segment externally in the ratio \\(3:1\\). The correct formula should be:\n\\[ x = \\frac{3x_2 - x_1}{3 + 1} \\]\n\\[ y = \\frac{3y_2 - y_1}{3 + 1} \\]\nSubstituting the given points \\((8, 5)\\) and \\((-4, -3)\\):\n\\[ x = \\frac{3(-4) - 8}{4} = \\frac{-12 - 8}{4} = \\frac{-20}{4} = -5 \\]\n\\[ y = \\frac{3(-3) - 5}{4} = \\frac{-9 - 5}{4} = \\frac{-14}{4} = -3.5 \\]\nThus, the correct coordinates are \\((-5, -3.5)\\), not \\((7, -3)\\) as shown in the answer.\n\n**Error:** 1', '**Reasoning:** The answer contains a calculation error in the calculation of x-coordinate. In the numerator (3(8) + 1(4)), it should be 3*5 + 1*4 = 15 + 4, not 15 - 3. This is evident as the final result would then be y = 9/3 = 3, whereas the correct value should be y = 7. Therefore, the x-coordinate is incorrectly calculated.\n\n**Error:** 1', '**Reasoning:** The question asks for the coordinates of a point that divides the line segment joining points \\(A(8,5)\\) and \\(B(-3,-2)\\) in the ratio 3:1 internally. The formula for finding the coordinates of such a point is:\n\\[ x = \\frac{mx_2 + nx_1}{m+n} \\]\n\\[ y = \\frac{my_2 + ny_1}{m+n} \\]\nSubstituting \\(m=3\\), \\(n=1\\), \\(x_1=8\\), \\(y_1=5\\), \\(x_2=-3\\), and \\(y_2=-2\\):\n\\[ x = \\frac{3(-3) + 1(8)}{3+1} = \\frac{-9 + 8}{4} = \\frac{-1}{4} \\]\n\\[ y = \\frac{3(-2) + 1(5)}{3+1} = \\frac{-6 + 5}{4} = \\frac{-1}{4} \\]\nHowever, the answer provided calculates \\(x\\) as \\(\\frac{3(5)+1(-3)}{3+1}\\), which is incorrect because it uses the points \\(A(8,5)\\) and \\(B(-3,-2)\\) instead of \\((8,5)\\) and \\((-3,-2)\\). The correct calculation should use \\((-3,-2)\\) instead of \\((8,5)\\).\n\\[ x = \\frac{3(-3) + 1(8)}{3+1} = \\frac{-9 + 8}{4} = \\frac{-1}{4} \\]\n\\[ y = \\frac{3(-2) + 1(5)}{3+1} = \\frac{-6 + 5}{4} = \\frac{-1}{4} \\]\n\n**Error:** 1', '**Reasoning:** The answer uses the wrong section formula for finding the point that divides the line segment externally in the ratio 3:1. The correct formula should be \\( x = \\frac{mx_2 - nx_1}{m + n} \\) and \\( y = \\frac{my_2 - ny_1}{m + n} \\). The answer uses the wrong sign for the numerator in the y-coordinate calculation, which is incorrect. \n\n**Error:** 1', '**Reasoning:** The answer provided calculates the coordinates of a point dividing a line segment in the ratio 3:1 between two given points. However, there is an incorrect approach to finding the y-coordinate. The formula used to find y should be \\( y = \\frac{3(5) + (-3)}{3+1} \\), but it was incorrectly written as \\( y = \\frac{3^3 + 1(-3)^3}{3+1} \\). This results in an incorrect calculation for y.\n\n**Error:** 1', '**Reasoning:** The answer incorrectly uses the section formula to calculate the coordinates of the point which divides the line segment joining points \\(A(6, 5)\\) and \\(B(8, -3)\\) in the ratio 3:1. The section formula should be applied using the correct weights, but instead, the answer uses incorrect weights. Specifically, the numerator should be \\(3(5) + 1(-3)\\) and the denominator should be \\(3 + 1\\), but the order of operations is incorrect, leading to the wrong result for y-coordinate.\n\n**Error:** 1', '**Reasoning:** The answer provided uses incorrect values for the coordinates of the required point. The formula for finding the section ratio divides the segment formed by points (x1, y1) and (x2, y2) in the ratio m:n. In the given question, it should be dividing the segment joining (-8, 5) and (4, -3) in the ratio 3:1, but the values used in the formula do not match this requirement. For example, the x-coordinate calculation uses 8 instead of -8, and the y-coordinate calculation uses -3 instead of 5. Therefore, the values used in the formula are incorrect.\n\n**Error:** 1', '**Reasoning:** \nThe answer provided has several errors. First, the formula for finding the coordinates of the point dividing the line segment in the ratio \\(3:1\\) is incorrect. The correct formula should be:\n\\[ x = \\frac{3(8) + 1(5)}{3+1} \\]\n\\[ y = \\frac{3(-3) + 1(4)}{3+1} \\]\n\nSecondly, the denominator in the division of the final results should be 4 instead of 3 because it corresponds to the sum of the denominators in the original equation (since the ratio is 3:1, the denominator will be \\(3+1\\)).\n\nThirdly, the calculation for \\(x\\) seems to be incorrect. The numerator should be \\(3 \\times 5 + 1 \\times 8\\), not \\(3 \\times 8 + 1 \\times 5\\).\n\nFourthly, after calculating the \\(x\\) coordinate, the result should be divided by 4, not 3, as per the original formula.\n\nLastly, the calculation for \\(y\\) is also incorrect. The numerator should be \\(3 \\times (-3) + 1 \\times 4\\), not \\(3 \\times 4 + 1 \\times -3\\).\n\nTherefore, the answer as provided contains multiple errors.\n\n**Error:** 1', '**Reasoning:** The answer contains a mistake in the calculation of the x-coordinate. In the section formula for finding the x-coordinate of the point that divides the line segment joining two points \\( (x_1, y_1) \\) and \\( (x_2, y_2) \\) in the ratio \\( m:n \\), the correct expression should be:\n\\[ x = \\frac{mx_2 + nx_1}{m+n} \\]\nIn this case, the numerator is calculated as \\( 3(8) + 1(5) = 24 + 5 = 29 \\) instead of \\( 27 \\). Therefore, the x-coordinate is \\( \\frac{29}{4} \\) which is incorrect.\nAdditionally, the y-coordinate calculation is also incorrect. The correct form should be:\n\\[ y = \\frac{my_2 + ny_1}{m+n} \\]\nHere, the numerator becomes \\( 3(-3) + 1(5) = -9 + 5 = -4 \\), but the denominator is incorrectly written as \\( 3+1 \\) when it should be \\( 3+4 \\). Thus, the y-coordinate should be \\( \\frac{-4}{7} \\), not \\( 3 \\).\nTherefore, there are two main mistakes in the answer: the x-coordinate and the y-coordinate calculations are both incorrect.\n\n**Error:** 1', '**Reasoning:** \nThe student is attempting to find the coordinates of the point that divides the line segment joining points \\( A(8,5) \\) and \\( B(2,-3) \\) internally in the ratio 3:1. The formula used for finding the x-coordinate of the point of section division is incorrect. The correct formula should be:\n\\[ x = \\frac{m(x_2) + n(x_1)}{m+n} \\]\nwhere \\( m \\) and \\( n \\) are the ratio factors, and \\( (x_1, y_1) \\) and \\( (x_2, y_2) \\) are the coordinates of the endpoints.\nFor this problem, \\( m=3 \\) and \\( n=1 \\), so the correct calculation for the x-coordinate should be:\n\\[ x = \\frac{3(2) + 1(8)}{3+1} = \\frac{6 + 8}{4} = \\frac{14}{4} = 3.5 \\]\n\nThe y-coordinate calculation is also incorrect. The correct formula for finding the y-coordinate of the point of section division is:\n\\[ y = \\frac{m(y_2) + n(y_1)}{m+n} \\]\nFor this problem, the correct calculation for the y-coordinate should be:\n\\[ y = \\frac{3(-3) + 1(5)}{3+1} = \\frac{-9 + 5}{4} = \\frac{-4}{4} = -1 \\]\n\nTherefore, the answer provided is incorrect because it does not correctly calculate the x- and y-coordinates using the appropriate formulas.\n\n**Error:** 1', '**Reasoning:** The answer starts with a correct formula but then contains several mistakes. The x-coordinate calculation is incorrect because it uses +1 instead of -3 when dividing by 3 (it should be negative). The y-coordinate calculation also has mistakes; the sign should be negative too. Additionally, the final result for y is incorrect as it should be \\(\\frac{15+3}{3} = 6\\), not \\(3\\).\n\n**Error:** 1', '**Reasoning:** The answer incorrectly calculates the \\(x\\)-coordinate of the point dividing the line segment joining \\((8,5)\\) and \\((-2,3)\\) in the ratio 3:1. The correct formula for finding the \\(x\\)-coordinate of the point using the section formula should be:\n\\[ x = \\frac{mx_2 + nx_1}{m+n} \\]\nwhere \\(m\\) and \\(n\\) are the parts of the ratio, and \\((x_1, y_1)\\) and \\((x_2, y_2)\\) are the endpoints of the segment. However, the calculation used in the answer is incorrect because it does not follow this formula correctly.\n\n**Error:** 1', '**Reasoning:** The answer uses the section formula incorrectly. In the section formula, the correct coordinates for the point dividing the line segment in the ratio \\(m:n\\) are:\n\\[ x = \\frac{mx_2 + nx_1}{m+n} \\]\n\\[ y = \\frac{my_2 + ny_1}{m+n} \\]\nwhere \\((x_1, y_1)\\) and \\((x_2, y_2)\\) are the endpoints.\nHere, the section formula should be applied as follows:\nFor the \\(x\\)-coordinate: \\(x = \\frac{3 \\cdot 4 + 1 \\cdot 5}{3 + 1}\\)\nFor the \\(y\\)-coordinate: \\(y = \\frac{3 \\cdot (-3) + 1 \\cdot 5}{3 + 1}\\)\n\n**Error:** 1', '**Reasoning:** The student has correctly applied the section formula to find the coordinates of the point dividing the line segment joining the points (8, 5) and (4, -3) externally in the ratio 3:1. However, there is an error in the calculation of the y-coordinate. The correct calculation should be \\( y = \\frac{3(5) + (-1)(-3)}{3+1} = \\frac{15 + 3}{4} = \\frac{18}{4} = 4.5 \\). The step \\( y = 3(5) + 1(-3) = 3(5) + 1(-3) = 15 - 3 = 12 \\) is incorrect because it does not follow the correct order of operations and the sign change.\n\n**Error:** 1']",5,15,Qwen/Qwen2.5-VL-3B-Instruct,100,0.0
"Find the general solution of the differential equation 
\[
\frac{dy}{dx} = \frac{1+y^2}{1+x^2}.
\]

"," Since \(1 + y^2 \neq 0\), we can separate the variables. The given differential equation can be written as
\[
\frac{dy}{1+y^2} = \frac{dx}{1+x^2} \quad \cdots (1)
\]
Integrating both sides of equation (1), we get
\[
\int \frac{dy}{1+y^2} = \int \frac{dx}{1+x^2}
\]
which results in 
\[
\tan^{-1} \textcolor{red}{z} = \tan^{-1} \textcolor{red}{t} + C,
\]
where \(C\) is the constant of integration. This is the general solution of equation (1).

",False,True,True,0.6365141682948128,False,0,"['**Reasoning:** The answer correctly identifies that since \\(1 + y^2 \\neq 0\\), the differential equation can be separated into variables. However, when integrating both sides of equation (1), the correct antiderivative should be \\(\\arctan(y) = \\arctan(x) + C\\). The given answer uses \\(\\tan^{-1}z\\) instead of \\(\\arctan(y)\\), which is incorrect because the variable of integration should match the variable on the left side of the equation.\n\n**Error:** 1', '**Reasoning:** The answer starts correctly by separating the variables as shown. However, when integrating both sides, it does not handle the integration properly. Instead of integrating directly, it incorrectly uses \\( \\tan^{-1} z = \\tan^{-1} t + C \\), which is incorrect because \\( z \\) is just a dummy variable used for the integral substitution, not the actual variable of integration. The correct approach would be to integrate with respect to \\( y \\) or \\( x \\) after making the appropriate substitutions.\n\n**Error:** 1', '**Reasoning:** The Answer incorrectly states that \\(1 + x^2 \\neq 0\\). This is incorrect because \\(1 + x^2\\) is always positive for all real numbers \\(x\\), so it is never zero. Therefore, the separation of variables step involves integrating directly without the need to consider this condition separately. The correct approach should integrate both sides of the equation after separating the variables.\n\n**Error:** 1', '**Reasoning:** The answer seems correct in following the steps of separating variables and integrating the differential equation. However, the notation used for integration might be slightly awkward. Instead of using $t$, it should logically use $z$. Additionally, the integration process appears correct with respect to the initial steps, but the final result should explicitly include $z$ instead of $t$. This discrepancy is minor and does not affect the correctness of the solution.\n\n**Error:** 0', '**Reasoning:** The given answer incorrectly states ""z"" instead of ""x"". In the context of the differential equation, it should be integrating with respect to x rather than y. The correct integration should involve x, not z.\n\n**Error:** 1', '**Reasoning:** The answer correctly separates the variables as required by the differential equation. However, the notation used to represent the integration constant differs from the standard notation commonly used in mathematics. In the standard notation, it would be written as \\( C \\) instead of \\( t \\). Despite this small discrepancy in notation, the logic and steps taken are correct.\n\n**Error:** 0', '**Reasoning:** The Answer does not contain any mathematical errors. The steps shown are correct and logically follow each other. There are no typographical errors or mistakes in the notation used throughout the solution.\n\n**Error:** 0', '**Reasoning:** The answer correctly identifies that since \\(1 + y^2 \\neq 0\\), we can separate variables. However, the step following the separation of variables should be incorrect. In the answer, it states ""Integrating both sides of equation (1),"" but the variable used in the integration should have been \\(t\\) instead of \\(z\\). The correct integral should involve integrating with respect to \\(x\\), leading to \\(\\int \\frac{dx}{1+x^2}\\), not \\(\\int \\frac{dy}{1+y^2}\\). Therefore, the answer incorrectly applies the integral to \\(z\\) instead of \\(x\\).\n\n**Error:** 1', ""**Reasoning:** The answer does not contain any errors. The steps taken to solve the differential equation are correct. First, it's stated that \\(1 + y^2 \\neq 0\\) so we can separate variables. Then, it correctly integrates both sides of the equation, leading to the result: \\(\\tan^{-1}y = \\tan^{-1}x + C\\). This matches the general solution provided. Therefore, no errors are present.\n\n**Error:** 0"", ""**Reasoning:** The answer correctly identifies that since \\(1 + y^2 \\neq 0\\), the differential equation can be separated into two separate integrals as shown. However, there is a small mistake in the notation used throughout the document. The integration process should be performed using variables instead of letters like 't'. Specifically, the integral should be written as:\n\\[ \\int \\frac{dy}{1+y^2} = \\int \\frac{dx}{1+x^2}. \\] This ensures consistency with typical notation in mathematics.\n\n**Error:** 0"", '**Reasoning:** The answer correctly separates the variables as stated in equation (1). However, there seems to be an inconsistency in the notation used in the integration process. Instead of integrating with respect to \\(x\\) and \\(y\\), it should integrate with respect to \\(z\\) and \\(t\\). This implies that either the variable names were swapped incorrectly or the substitution made was incorrect. If the variable name was intended to be \\(t\\), then the answer is correct. Otherwise, if the variable name should have been \\(z\\), then this is an error.\n\n**Error:** 1', '**Reasoning:** The answer provided correctly states that since \\( 1 + y^2 \\neq 0 \\), we can separate the variables. However, the integration step is incorrect. The correct integral should be:\n\\[ \\int \\frac{dy}{1 + y^2} = \\int \\frac{dx}{1 + x^2} \\]\nwhich results in \\( \\tan^{-1}(y) = \\tan^{-1}(x) + C \\). This indicates that the integration step in the answer is incorrect, as it does not match the actual result obtained from the correct integral.\n\n**Error:** 1', '**Reasoning:** The answer incorrectly identifies \\( z \\) as the variable being integrated instead of \\( y \\). This is because the differential equation involves \\( dy \\), not \\( dz \\). The correct solution should involve \\( dy \\) rather than \\( dz \\). Therefore, this is an error in the integration step.\n\n**Error:** 1', '**Reasoning:** The Answer incorrectly states that \\(\\arctan Z = \\arctan t + C\\). However, for the general solution of the differential equation \\(\\frac{dy}{dx} = \\frac{1+y^2}{1+x^2}\\), the correct form after integrating both sides is \\(\\tan^{-1} y = \\tan^{-1} x + C\\). The variable \\(Z\\) should be replaced with \\(y\\).\n\n**Error:** 1', ""**Reasoning:** The answer does not explicitly state that \\( z \\) should be replaced with \\( y \\) as the variable being integrated. There is a potential confusion between the variables and the constants of integration. Also, the notation used for the constant of integration (\\( C \\)) could be misleading since it's typically a lowercase letter rather than a capital one.\n\n**Error:** 1""]",5,15,Qwen/Qwen2.5-VL-3B-Instruct,100,1.172993472439513
"The sum of three times a number and 11 is 32. Find the number.

"," 
\begin{itemize}
    \item If the unknown number is taken to be \( \textcolor{red}{y} \), then three times the number is \( 3\textcolor{red}{y} \) and the sum of \( 3\textcolor{red}{y} \) and 11 is 32. That is, 
    \[
    3\textcolor{red}{y} + 11 = 32
    \]

    \item To solve this equation, we transpose 11 to the right-hand side (RHS), so that 
    \[
    3\textcolor{red}{y} = 32 - 11 \quad \text{or} \quad 3\textcolor{red}{y} = 21
    \]
    
    Now, divide both sides by 3:
    \[
    \textcolor{red}{y} = \frac{21}{3} = 7
    \]
    
    The required number is \( \textcolor{red}{y} \).
\end{itemize}

",True,True,True,0.6909233093138181,True,0,"['**Reasoning:** The answer does not contain any mathematical errors. It correctly follows the steps to solve the equation and arrives at the correct solution. There are no logical or arithmetic mistakes.\n\n**Error:** 0', '**Reasoning:** In the given answer, after solving the equation \\(3y = 21\\), the next step should be dividing both sides by 3 to find the value of \\(y\\). However, the answer provided does not follow this step correctly. Instead, it incorrectly states \\(y = \\frac{21}{3} = 7\\), which follows the incorrect assumption that the division results in \\(y = 7\\). This is incorrect because if we divide 21 by 3, we get \\(y = 7\\), but the correct form should be showing the division process clearly and stating the final value.\n\n**Error:** 1', '**Reasoning:** The calculation step involves dividing both sides of the equation \\(3y = 21\\) by 3. This results in \\(y = \\frac{21}{3} = 7\\). However, if we review the original question, it states ""find the number,"" implying we need to find the actual value of the number before transforming it into \\(3y\\). The given answer incorrectly identifies the final result as \\(y\\), whereas the problem asks for the original number before transformation. Therefore, the solution should be the number \\(7\\) instead of \\(y\\).\n\n**Error:** 1', '**Reasoning:** The answer provided is correct. The calculation steps, including transposing the number from the left-hand side to the right-hand side, dividing by 3, and finding the value of y as 7, are all properly executed according to the problem statement.\n\n**Error:** 0', '**Reasoning:** The solution provided does not contain any mathematical errors. It correctly follows the steps to solve the equation, translating the number three times to be y, resulting in 3y, and then solving for y.\n\n**Error:** 0', '**Reasoning:** The answer contains an error. The equation \\(3y + 11 = 32\\) is correct as per the problem statement. However, when solving for \\(y\\), the division step is incorrect. The correct solution should be \\(y = \\frac{32 - 11}{3} = \\frac{21}{3} = 7\\). The given solution incorrectly simplifies to \\(\\frac{21}{3} = \\frac{21}{3}\\) instead of 7.\n\n**Error:** 1', '**Reasoning:** \nThere is no apparent logical error in the answer. The steps taken to solve the equation are correct: first, we set up the equation \\(3y + 11 = 32\\) and then solve for \\(y\\) by isolating it on one side of the equation. After transposing 11 to the right-hand side, we obtain \\(3y = 21\\). Dividing both sides by 3 gives us \\(y = \\frac{21}{3} = 7\\). The final step correctly concludes that the required number is \\(y\\).\n\n**Error:** 0', '**Reasoning:** The Answer has an arithmetic error. When dividing both sides of the equation \\(3y = 21\\) by 3, the correct result should be \\(y = \\frac{21}{3} = 7\\). However, the Answer incorrectly states \\(y = \\frac{21}{3} = 7\\). This is a simple arithmetic mistake where the division by 3 is incorrect.\n\n**Error:** 1', '**Reasoning:** The answer does not contain any mathematical errors. The equation \\(3y + 11 = 32\\) is correctly set up, and solving it by transposing 11 to the right-hand side gives \\(3y = 21\\). Dividing both sides by 3 yields \\(y = \\frac{21}{3} = 7\\), which is correct. There are no signs of incorrect calculations or errors in the solution process.\n\n**Error:** 0', '**Reasoning:** The answer does not correctly solve the equation. After transposing 11 to the left-hand side, the correct step would be \\(3y = 32 - 11\\), simplifying to \\(3y = 21\\). Dividing both sides by 3 should yield \\(y = \\frac{21}{3} = 7\\), not \\(\\frac{21}{3} = 7\\).\n\n**Error:** 1', '**Reasoning:** The step where the equation \\(3y = 21\\) should be divided by 3 is incorrect. The correct division should yield \\(y = \\frac{21}{3} = 7\\). However, the answer provided states \\(y = \\frac{21}{3} = -7\\), which is incorrect because dividing by 3 should result in a positive number.\n\n**Error:** 1', ""**Reasoning:** The answer process seems correct, but it's important to verify if all steps and calculations are accurate. Let's break down the steps:\n\n1. **Equation Formation:** The student correctly formulated the equation \\(3y + 11 = 32\\).\n   \n2. **Transposing:**\n   - The student transposes the \\(11\\) from the left side to the right side, resulting in:\n     \\[\n     3y = 32 - 11\n     \\]\n   - This step is correct, simplifying to:\n     \\[\n     3y = 21\n     \\]\n\n3. **Dividing Both Sides by 3:**\n   - Dividing both sides by 3 gives:\n     \\[\n     y = \\frac{21}{3} = 7\n     \\]\n   - This calculation is also correct.\n\nThere doesn't appear to be any calculation errors in the steps shown.\n\n**Error:** 0"", '**Reasoning:** The answer incorrectly states that \\( y = \\frac{21}{3} = 7 \\) after solving the equation \\( 3y + 11 = 32 \\). The correct calculation should be:\n\\[ 3y = 32 - 11 = 21 \\]\n\\[ y = \\frac{21}{3} = 7 \\]\n\n**Error:** 0', '**Reasoning:** The Answer contains a logical error in the final step. It states that dividing both sides by 3 gives \\( y = \\frac{21}{3} = 7 \\), but this is incorrect. The correct division would be \\( y = \\frac{21}{3} = 7 \\), so the answer should be \\( y = 7 \\). \n\n**Error:** 1', '**Reasoning:** The answer provided does not follow the correct steps to solve the equation correctly. The process should be as follows:\n- Given: 3y + 11 = 32\n- Subtract 11 from both sides: 3y = 32 - 11\n- Simplify: 3y = 21\n- Divide both sides by 3: y = 7\n\nHowever, the solution provided states ""y = \\frac{21}{3} = 7,"" which incorrectly simplifies 21 to 7 by dividing by 3 instead of performing the division step separately. Therefore, the incorrect step of dividing 21 by 3 directly results in 7 is a flaw.\n\n**Error:** 1']",5,15,Qwen/Qwen2.5-VL-3B-Instruct,100,0.8532361505557784
"Reena took a loan of Rs. 1200 with simple interest for as many years as the rate of interest. If she paid Rs. 432 as interest at the end of the loan period, what was the rate of interest? 

\begin{enumerate}
    \item[A)] 3.6
    \item[B)] 6
    \item[C)] 18
    \item[D)] Cannot be determined
    \item[E)] None of these
\end{enumerate}

"," Option B Let rate = R\% and time = R years.

Then, 
\[
\frac{1200 \times R \times R}{100} = 432
\]

\[
\Rightarrow 12R^2 = 432
\]

\[
\Rightarrow R^2 = 36
\]

\textcolor{red}{Since the square root of 36 is 6, and 36 is also a perfect square, we can safely take R to be 6. Additionally, 36 is divisible by 1, 2, 3, 4, 6, 9, 12, 18, and 36 which confirms it is a perfect square.}

\[
\Rightarrow R = 6.
\]

",False,True,True,0.6909233093138181,True,0,"['**Reasoning:** The answer provided does not contain any mathematical errors. It correctly explains the steps to solve the problem using simple interest formula \\( \\text{Interest} = P \\times R \\times T \\). The calculations leading to the solution \\( R^2 = 36 \\) and solving for \\( R \\) to get \\( R = 6 \\) are all correct and logical.\n\n**Error:** 0', '**Reasoning:** The calculation in the Answer seems correct. After simplifying the given equation \\(\\frac{1200 \\times R \\times R}{100} = 432\\), we get \\(R^2 = 36\\). Taking the square root of both sides gives \\(R = 6\\), which matches the answer. Since the problem involves simple interest and the rates match perfectly, there is no apparent error in the solution process.\n\n**Error:** 0', '**Reasoning:** The Answer incorrectly assumes that R^2 = 36 implies R must be 6. While it is true that the square root of 36 is ±6, the value of R cannot be negative because it represents time in years, which must be non-negative. Therefore, taking the positive root would correctly give R as 6, but the answer still uses the incorrect negative root, making it implicitly incorrect.\n\n**Error:** 1', ""**Reasoning:** The reasoning process in the answer seems to be correct, but there's a minor logical flaw in the final step. The correct final step should involve taking the square root of both sides of the equation \\(R^2 = 36\\) to find \\(R\\). \n\n**Error:** 1"", '**Reasoning:** The answer provides a clear and logical solution by setting up the equation correctly and solving for the rate R but does not mention that the square root of 36 can be ±6 due to the nature of the square root function. This could lead to confusion about the value of R being either 6 or -6 if the square root was taken as a positive value. However, since the interest calculation involves a positive value, it should be taken as a real number, implying R = 6. The solution does not explicitly state this detail, but it seems accurate for practical purposes.\n\n**Error:** 0', '**Reasoning:** The Answer assumes that R must be an integer, which is incorrect because the square root of 36 is both 6 and -6, but we need the positive value since interest rate cannot be negative. Additionally, there is no justification given for selecting 6 as the only possible value for R from a list of perfect squares.\n\n**Error:** 1', '**Reasoning:** The answer has made an error in the calculation of the rate of interest. When solving for R^2, the answer should have been R^2 = 36/12 instead of R^2 = 36. This would lead to the correct value of R being calculated as √(36/12) = √3 = 1.732, but since the options are whole numbers, the correct interpretation should be R = 6% rather than R = 6. Therefore, the answer given does not directly reflect the mathematical steps taken to solve the problem accurately.\n\n**Error:** 1', '**Reasoning:** The solution provided is correct. It correctly sets up the equation using the formula for simple interest (\\(SI = \\frac{P \\times R \\times T}{100}\\)), where \\(P\\) is the principal amount, \\(R\\) is the rate of interest, and \\(T\\) is the time period in years. The quadratic equation derived from this formula is solved correctly, yielding two possible values for \\(R\\). However, since the problem states that the rate of interest is a percentage and must be a whole number, the value \\(6\\) is the only feasible solution among the options. Therefore, the answer \\(6\\) is indeed correct.\n\n**Error:** 0', '**Reasoning:** The answer provided follows the correct steps to solve the problem. It starts by setting up the equation for simple interest, then solves for R^2 and concludes with the value of R = 6. Since the steps are logically consistent and the final result aligns with the options, there appears to be no error in the Answer.\n\n**Error:** 0', '**Reasoning:** The answer provided correctly solves the equation \\( \\frac{1200 \\times R \\times R}{100} = 432 \\). Solving this equation leads to \\( R^2 = 36 \\), and since the square root of 36 is 6, and 6 is also a perfect square, one can safely take \\( R \\) to be 6. The steps leading to the conclusion \\( R = 6 \\) are logically sound. There is no indication of any mathematical errors in the reasoning or the steps taken to solve the equation.\n\n**Error:** 0', '**Reasoning:** The answer provides a valid solution to the problem but does not fully explain the steps taken to arrive at the final answer. The explanation is somewhat convoluted and lacks clarity on how the value R was determined from 36. The student mistakenly wrote ""R^2 = 36"" instead of dividing both sides by 12 to get R = 6. Additionally, the explanation should clearly state that since 36 is a perfect square, it is divisible by all its factors, which can be used to find multiple possible values for R. However, the explanation does not clearly state this part.\n\n**Error:** 1', '**Reasoning:** The answer provided does not contain any mathematical errors. It correctly solves the problem step-by-step, leading to the conclusion that R = 6 years. There are no apparent mistakes in calculation or logic presented in the answer.\n\n**Error:** 0', '**Reasoning:** The answer provided does not explicitly state the final step to solve for R. It mentions taking R to be 6 but does not conclude with the calculation needed to verify this result.\n\n**Error:** 1', '**Reasoning:** The answer process seems correct up to calculating \\( R^2 \\) from the equation \\( \\frac{1200 \\times R \\times R}{100} = 432 \\). However, it mentions taking \\( R \\) to be 6 directly without checking if 6 is indeed a valid rate as per the problem context. Since the question specifies that the rate and time should match, and since the principal amount and interest given do not align with simple interest being directly proportional to the square root of the rate times time, the approach may need reconsideration.\n\n**Error:** 1', '**Reasoning:** \nThe answer appears to be correct. The steps taken to solve the problem are logically sound and consistent with standard methods for solving simple interest problems.\n\n**Error:** 0']",5,15,Qwen/Qwen2.5-VL-3B-Instruct,100,1.7075391741350712
"Find all the points of local maxima and local minima of the function given by 

\[
f(x) = 2x^3 - 6x^2 + 6x + 5.
\]

"," We have 

\[
f'(x) = 6x^2 - 12x + 6 = 6(x - 1)^2
\]

Thus, \( x = 1 \) is the only critical point of \( f \). We shall now examine this point for local maxima and/or local minima of \( f \). Observe that \textcolor{red}{\( f''(x) \geq 0 \)} \textcolor{red}{for all \( x \in \mathbb{R} \)} and in particular \textcolor{red}{\( f''(x) > 0 \)} \textcolor{red}{for values close to 1 and to the left and to the right of 1}. Therefore, by first derivative test, the point \( x = 1 \) is neither a point of local maxima nor a point of local minima. Hence \( x = 1 \) is a point of inflexion.

",True,True,True,0.5799151714181009,True,0,"['**Reasoning:** The answer seems correct in identifying that \\(x = 1\\) is the critical point and analyzing the second derivative \\(f\'\'(x) > 0\\) around this point. However, the statement ""Therefore, by first derivative test, the point \\(x = 1\\) is neither a point of local maxima nor a point of local minima."" does not accurately reflect the nature of \\(x = 1\\). Since \\(f\'(x) = 6(x-1)^2\\), the function changes direction at \\(x = 1\\) and has a local minimum because the function starts increasing after \\(x = 1\\). This could be misleading as it implies it\'s neither a maximum nor a minimum, but rather an inflection point.\n\n**Error:** 1', ""**Reasoning:** The answer incorrectly concludes that x = 1 is a point of inflection. According to the given function \\( f(x) = 2x^3 - 6x^2 + 6x + 5 \\), the first derivative is \\( f'(x) = 6x^2 - 12x + 6 \\), and setting it equal to zero gives \\( x = 1 \\). To determine if this is a local maximum or minimum, we need to check the second derivative: \\( f''(x) = 12x - 12 \\). Evaluating at \\( x = 1 \\):\n\\[ f''(1) = 12 - 12 = 0. \\]\nSince the second derivative test is inconclusive here, we would typically use the first derivative test to classify the critical point as either a local maximum or minimum. The answer does not provide this classification, so it incorrectly states that x = 1 is a point of inflection.\n\n**Error:** 1"", ""**Reasoning:** The Answer incorrectly concludes that the point \\(x = 1\\) is neither a point of local maximum nor a point of local minimum. However, it correctly identifies that \\(f'(x) = 6(x-1)^2\\). To find critical points, setting \\(f'(x) = 0\\) gives \\(x = 1\\). The second derivative test is used to determine if this point is a maximum or minimum. The second derivative, \\(f''(x) = 12(x-1)\\), is positive for \\(x > 1\\) and negative for \\(x < 1\\), indicating that \\(x = 1\\) is indeed a point of inflection, not a local extremum. Therefore, the Answer should correct this conclusion.\n\n**Error:** 1"", '**Reasoning:** The answer provided does not contain any mathematical errors, as it accurately follows the steps required to find the local extrema of the given function. However, the wording of the answer could be improved for clarity, but this would not constitute an error in the mathematical content. \n\n**Error:** 0', ""**Reasoning:** The Answer incorrectly states that \\( x = 1 \\) is a point of local maxima. However, the derivative \\( f'(x) \\) evaluated at \\( x = 1 \\) shows that it changes from negative to positive as \\( x \\) increases from -\\(\\infty\\) to 1, indicating a local minimum, not a maximum. This contradicts the conclusion drawn in the Answer.\n\n**Error:** 1"", ""**Reasoning:** The Answer incorrectly states that \\( x = 1 \\) is neither a local maximum nor a local minimum, but it does not mention that \\( x = 1 \\) is a point of inflection instead. The correct analysis should include the fact that since \\( f''(x) > 0 \\) for all \\( x \\in \\mathbb{R} \\), the function is concave up everywhere, and thus, \\( x = 1 \\) is a point of inflection, not a local extremum.\n\n**Error:** 1"", ""**Reasoning:** The answer suggests that x = 1 is a point of inflection. However, the correct approach should be to check if the second derivative is zero and change its sign around x = 1. The derivative f'(x) was correctly found as 6(x - 1)^2, but the next step involves checking the sign of f''(x). According to the answer, f''(x) > 0 for all x ∈ ℝ, which implies that the function is concave up everywhere, not just at x = 1. Therefore, x = 1 is not a point of inflection but rather a point of local minimum.\n\n**Error:** 0"", ""**Reasoning:** The answer incorrectly states that \\( f''(x) > 0 \\) for all \\( x \\in \\mathbb{R} \\) and close to 1. This statement is incorrect because it assumes a positive second derivative over the entire real line, which is not true. The correct behavior of \\( f''(x) \\) is that \\( f''(x) \\) would change sign around \\( x = 1 \\) depending on the nature of the function at that point.\n\n**Error:** 1"", ""**Reasoning:** The Answer correctly identifies \\( x = 1 \\) as a critical point where the first derivative \\( f'(x) \\) equals zero. However, the answer continues to analyze this point incorrectly. After finding the critical point, the answer proceeds to examine the second derivative \\( f''(x) \\). It states that \\( f''(x) > 0 \\) for all \\( x \\in R \\) and particularly near 1. This implies that the function is convex everywhere, including at \\( x = 1 \\), which contradicts the known behavior of the given function. Therefore, the correct interpretation should be that there is no local extremum at \\( x = 1 \\), but instead a point of inflection.\n\n**Error:** 1"", ""**Reasoning:** The answer provided is incorrect because it states that \\( x = 1 \\) is neither a point of local maximum nor a point of local minimum, but rather a point of inflection. However, the function \\( f(x) = 2x^3 - 6x^2 + 6x + 5 \\) has a local maximum at \\( x = 1 \\). The derivative \\( f'(x) = 6x^2 - 12x + 6 \\) confirms this, as the second derivative \\( f''(x) = 12x - 12 \\) shows that \\( f''(1) = 0 \\) and changes sign from negative to positive, indicating a local maximum. Therefore, the point \\( x = 1 \\) is indeed a local maximum, not a point of inflection.\n\n**Error:** 1"", '**Reasoning:** The answer does not contain any errors.\nThe solution correctly identifies the point \\( x = 1 \\) as a critical point using the first derivative test. It then examines the function\'s behavior around this point by checking the second derivative \\( f\'\'(x) \\). The statement ""observe that \\( f\'\'(x) > 0 \\) for all \\( x \\in \\mathbb{R} \\) and in particular, \\( f\'\'(x) > 0 \\) for values close to 1"" is incorrect because \\( f\'\'(x) = 6(x-1)^2 \\) will be positive for all \\( x \\neq 1 \\) but negative at \\( x = 1 \\), indicating a point of inflection rather than a local maximum or minimum. However, this is not necessarily an error since it aligns with the conclusion that \\( x = 1 \\) is neither a local maximum nor a local minimum.\n\n**Error:** 0', ""**Reasoning:** The student has correctly found the critical points by setting the first derivative equal to zero and solving for \\(x\\). However, the second derivative test step is incorrect. They have concluded that since \\(f''(x) > 0\\) for all \\(x \\in \\mathbb{R}\\), the point \\(x = 1\\) is neither a local maximum nor a local minimum. This conclusion is valid because \\(f''(x) > 0\\) indicates a convex function around \\(x = 1\\), but it does not imply that \\(x = 1\\) is not a critical point. Instead, they should use the first derivative test or other methods to confirm if \\(x = 1\\) is a local inflection point.\n\n**Error:** 0"", '**Reasoning:** The answer incorrectly states that \\( x = 1 \\) is neither a point of local maximum nor a point of local minimum. However, since \\( f\'\'(x) > 0 \\) for all \\( x \\in \\mathbb{R} \\), this indicates that \\( x = 1 \\) is actually a point of inflection, not a local extremum. The answer should conclude with the correct statement: ""Therefore, by first derivative test, the point \\( x = 1 \\) is a point of inflection.""\n\n**Error:** 1', ""**Reasoning:** \nThe answer does not mention any errors found in the given steps. However, upon reviewing the answer closely, it appears that the final conclusion about the point \\( x = 1 \\) being neither a local maximum nor a local minimum is incorrect. The derivative test should be used to determine if the critical points are local maxima or minima or inflection points. Since the second derivative \\( f''(x) > 0 \\) for all \\( x \\in R \\) and in particular for values close to 1 and to the left and to the right of 1, the function \\( f(x) \\) is concave up around \\( x = 1 \\). Therefore, \\( x = 1 \\) is a point of inflection, not a local maximum or minimum.\n\n**Error:** 1"", ""**Reasoning:** The Answer incorrectly states that \\( x = 1 \\) is neither a point of local maxima nor a point of local minima using the derivative test. However, since the derivative \\( f'(x) = 6(x-1)^2 \\) is always greater than or equal to zero, it implies that \\( f(x) \\) is increasing or constant. Therefore, \\( x = 1 \\) is actually a point of inflection, not neither a maximum nor a minimum.\n\n**Error:** 1""]",5,15,Qwen/Qwen2.5-VL-3B-Instruct,100,1.7075391741350712
"Is 68600 a perfect cube? If not, find the smallest number by which 68600 must be multiplied to get a perfect cube.

"," We have, \( 68600 = 2 \times 2 \times 2 \times 5 \times 5 \times 7 \times 7 \times 7 \). In this factorisation, we find that there is no triplet of 5.

So, 68600 is not a perfect cube. To make it a perfect cube we multiply it by 5.
Thus, 

\[
68600 \times 5 = 2 \times 2 \times 2 \times 5 \times 5 \times 5 \times 7 \times 7 \times 7 = \textcolor{red}{343500}, 
\]

which is a perfect cube.

",True,True,True,0.0,True,0,"['**Reasoning:** The provided answer states that 68600 cannot be a perfect cube because it does not have a triplet of 5 in its factorization. However, when multiplying 68600 by 5, the resulting number 343000 has three factors of 5 (2^2 * 5^3 * 7^3 * 7). This means that 343000 is actually a perfect cube (specifically, (70)^3), not just a perfect cube as claimed in the original statement. Therefore, the conclusion about 68600 being a perfect cube is incorrect.\n\n**Error:** 1', '**Reasoning:** The answer incorrectly concludes that multiplying 68600 by 5 results in a perfect cube. However, the correct calculation should be 68600 multiplied by 25 (since 5^2 = 25) to get a perfect cube. Therefore, the conclusion of making it a perfect cube by multiplying by 5 is incorrect.\n\n**Error:** 1', '**Reasoning:** The answer states that to make 68600 a perfect cube, we need to multiply it by 5. However, the correct factorization shows that there is no triplet of five in the prime factorization of 68600. Therefore, multiplying by 5 will still result in a number with a non-perfect cube root, making this statement incorrect.\n\n**Error:** 1', '**Reasoning:** The answer provided does not correctly solve the problem. According to the question, we need to find the smallest number by which 68600 must be multiplied to get a perfect cube. The factorization given is correct, but the multiplication of 5 with 68600 does not result in a perfect cube. To make it a perfect cube, we should multiply by 5^2 = 25, because the factors 2, 7, 7, and 5 need two more of each to form cubes. Therefore, multiplying by 25 results in 343000, which is a perfect cube.\n\n**Error:** 1', ""**Reasoning:** The answer incorrectly states that there is no triplet of 5s in the factorization of 68600. However, upon checking, we can see that in the factorization \\(68600 = 2 \\times 2 \\times 2 \\times 5 \\times 5 \\times 7 \\times 7 \\times 7\\), there are two 5's. Therefore, there should be a triplet of 5's, not just one.\n\n**Error:** 1"", ""**Reasoning:** The student's solution claims that 68600 must be multiplied by 5 to make it a perfect cube, but this is incorrect. In fact, multiplying 68600 by 5 will result in another number with three factors of 5 and one less factor of 2 and 7, making it impossible to form a cube number with all even exponents.\n\n**Error:** 1"", '**Reasoning:** The answer incorrectly states that 68600 is multiplied by 5 before being checked if it becomes a perfect cube. The correct approach should be to multiply 68600 by itself until all prime factors have exponents that are multiples of 3. The prime factorization of 68600 is given as \\(2^3 \\times 5 \\times 7^3\\). Multiplying 68600 by 5 would yield \\(68600 \\times 5 = 343000\\), which is also not a perfect cube because the prime factors are \\(2^3 \\times 5^2 \\times 7^3\\). To make it a perfect cube, we need to multiply by \\(2 \\times 5 = 10\\), resulting in 68600 \\times 10 = 686000, which is a perfect cube (\\(2^4 \\times 5^3 \\times 7^3\\)).\n\n**Error:** 1', '**Reasoning:** The answer states that \\(68600 \\times 5 = 343500\\), but the multiplication of the prime factors \\(2^3 \\times 5^3 \\times 7^3\\) results in \\(343000\\), not \\(343500\\). There also seems to be a logical error in the conclusion as it does not specify which number should be multiplied with 5 to make it a perfect cube. However, the main issue is the arithmetic error in the final result calculation.\n\n**Error:** 1', ""**Reasoning:** The answer incorrectly states that the smallest number by which 68600 must be multiplied to get a perfect cube is 5. However, as per the factorization provided: \\(68600 = 2^3 \\times 5^2 \\times 7^3\\), a perfect cube can be formed by multiplying by \\(5\\) because it will give \\(2^3 \\times 5^3 \\times 7^3\\), which simplifies to \\(10^3 \\times 7^3\\). This approach doesn't require multiplying by 5 but rather multiplying by 3 more of the same factors. The student's answer suggests multiplication by 5, which does not correct the original 2^3 term to 2^6 or achieve a perfect cube in this context.\n\n**Error:** 1"", '**Reasoning:** The answer states that \\(68600 = 2 \\times 2 \\times 2 \\times 5 \\times 5 \\times 7 \\times 7 \\times 7\\). This factorization is incorrect because it does not include all prime factors correctly. The correct factorization should be \\(68600 = 2^3 \\times 5 \\times 7^3\\). Multiplying by 5 will make the exponents of all prime factors multiples of 3, thus making the result a perfect cube. The given solution does not account for this correction and incorrectly states that multiplying by 5 makes \\(68600\\) a perfect cube.\n\n**Error:** 1', ""**Reasoning:** The answer incorrectly states that 68600 must be multiplied by 5 to make it a perfect cube. However, the correct factorization of 68600 does not contain a triplet of 5's. Therefore, multiplying by 5 would not result in a perfect cube since it would still lack the necessary triplet of 5's in the factorization.\n\n**Error:** 1"", '**Reasoning:** The answer provides a step-by-step solution to determine if 68600 is a perfect cube. However, it incorrectly states that there is no triplet of 5s in the factorization of 68600, when in fact, there is a single 5. Since the question asks for finding the smallest number by which 68600 must be multiplied to get a perfect cube, multiplying by 5 should make it a perfect cube. Thus, the statement ""In this factorisation, we find that there is no triplet of 5"" is incorrect because there is indeed one 5. The correct answer should state that multiplying by 5 results in a perfect cube.\n\n**Error:** 1', '**Reasoning:** The solution correctly identifies that multiplying 68600 by 5 will make it a perfect cube because the factorization already has an additional 5, but the correct multiplication should be \\(68600 \\times 5 = 343000\\), and then we check if this result is a perfect cube. However, the solution does not correctly conclude whether 343000 is a perfect cube or what the smallest number by which 68600 must be multiplied to get a perfect cube. The conclusion about making it a perfect cube and finding the smallest number by which to multiply, while logically sound, lacks the final verification that 343000 is indeed a perfect cube. Therefore, the solution does not fully verify the correctness of the final product.\n\n**Error:** 1', '**Reasoning:** The solution incorrectly concludes that multiplying 68600 by 5 makes it a perfect cube because it omits the need for a fourth factor of 5 to complete the cube. The original number 68600 has a prime factorization structure that does not require an additional factor of 5 to become a perfect cube; instead, it should be multiplied by another factor to ensure all exponents in its prime factorization are multiples of 3.\n\n**Error:** 1', '**Reasoning:** The answer provides the correct factorization of 68600, but makes an error in the subsequent steps. It states that there is no triplet of 5, which is incorrect because \\(68600 = 2 \\times 2 \\times 2 \\times 5 \\times 5 \\times 7 \\times 7 \\times 7\\). The mistake lies in assuming there is no pair of 5s, which leads to multiplying by 5 instead of just using one 5 from the factorization.\n\n**Error:** 1']",5,15,Qwen/Qwen2.5-VL-3B-Instruct,100,0.24493002679463532
"Given that \( 10^{0.48} = x \), \( 10^{0.70} = y \) and \( x^z = y^2 \), then the value of \( z \) is close to: 

\begin{enumerate}
    \item[A)] 1.45 
    \item[B)] 1.88 
    \item[C)] 2.9 
    \item[D)] 3.7 
\end{enumerate}

"," Option C 

\[
x^z = y^2 \iff 10^{(0.48z)} = 10^{(2 \times 0.70)} = \textcolor{red}{10^{1.50}}
\]

\[
\Rightarrow 0.48z = \textcolor{red}{1.50}
\]

\[
\Rightarrow z = \frac{\textcolor{red}{150}}{48} = \frac{\textcolor{red}{25}}{8} \approx 3.125
\]

",True,True,True,0.2449300267946353,True,0,"['**Reasoning:** The solution incorrectly simplifies the equation \\(10^{0.48z} = 10^{2 \\times 0.70}\\) to \\(1.50 = 10^{1.50}\\). This step is incorrect because the exponents were not correctly simplified; they should be equalized directly from the original equations without equating the base (10) separately at this stage.\n\n**Error:** 1', '**Reasoning:** The answer does not correctly solve for \\( z \\). The steps are mostly correct, but when solving \\( 0.48z = 1.50 \\), the calculation should be \\( z = \\frac{1.50}{0.48} \\), which simplifies to \\( z = \\frac{25}{8} \\) or approximately \\( z \\approx 3.125 \\). However, the solution does not round down to 3.7 as stated in the options.\n\n**Error:** 1', '**Reasoning:** The answer provided does not match the options given. The correct answer should be 3.125, but the solution mistakenly calculates it as 3.7.\n\n**Error:** 1', '**Reasoning:** The answer key provided suggests option C as the correct choice, but the algebraic steps shown do not match the chosen value. Specifically, the algebraic manipulation leads to \\( z = \\frac{25}{8} \\approx 3.125 \\), which is not one of the options A), B), or D). The step leading to \\( z = \\frac{25}{8} \\) is incorrect because it does not align with the original equation \\( x^z = y^2 \\) derived from \\( 10^{0.48z} = 10^{2 \\times 0.70} \\).\n\n**Error:** 1', '**Reasoning:** The answer provided starts with \\( x^z = y^2 \\). However, the question does not mention \\( y \\) being equal to \\( 10^{0.7} \\). Therefore, the equation \\( x^z = y^2 \\) should be consistent with the given options in the question. Additionally, the steps leading to solving for \\( z \\) seem correct up until \\( z = \\frac{25}{8} \\approx 3.125 \\), but this value is not among the given options A), B), C), or D).\n\n**Error:** 1', ""**Reasoning:** The answer provided starts with the equation \\(x^z = y^2\\). However, the problem's question states that \\(10^{0.48} = x\\) and \\(10^{0.70} = y\\), so substituting these values into the equation would give us \\((10^{0.48})^z = (10^{0.70})^2\\). Simplifying this gives us \\(10^{0.48z} = 10^{1.40}\\). This simplifies to \\(0.48z = 1.40\\), which is incorrect because it should be \\(0.48z = 1.40\\) instead of \\(0.48z = 1.50\\). Therefore, the last step where \\(z = \\frac{150}{48}\\) is incorrect.\n\n**Error:** 1"", '**Reasoning:** The error lies in the calculation of \\( z \\). In the given answer, it is stated that \\( z = \\frac{25}{8} \\approx 3.125 \\). However, the correct value for \\( z \\) should be \\( z = \\frac{150}{48} \\approx 3.125 \\). The numerator in the final fraction is incorrect; it should be 150 instead of 25. Therefore, the answer is incorrect.\n\n**Error:** 1', '**Reasoning:** The answer provided does not seem to be derived from the correct equation. The given problem states \\( x^{z} = y^{2} \\) and \\( 10^{0.48z} = 10^{(2 \\times 0.70)} \\). However, the answer shows \\( 0.48z = 1.50 \\) but should be \\( 2 \\times 0.70 = 1.40 \\). This suggests an incorrect simplification of the exponents, leading to a calculation error when solving for \\( z \\).\n\n**Error:** 1', ""**Reasoning:** The answer provided incorrectly simplifies the equation \\(10^{0.48z} = 10^{1.50}\\) to \\(0.48z = 1.50\\) instead of using the correct property of exponents to equate the exponents directly. The correct way to solve \\(10^{0.48z} = 10^{1.50}\\) is to set the exponents equal to each other: \\(0.48z = 1.50\\). Dividing both sides by 0.48 gives \\(z = \\frac{1.50}{0.48} = \\frac{150}{48} = \\frac{25}{8} = 3.125\\). This shows that the student's incorrect approach results in an incorrect final answer.\n\n**Error:** 1"", ""**Reasoning:** The student's work involves simplifying expressions using logarithms. However, the final step in the calculation should actually be re-evaluated because the relationship between \\(x^z\\) and \\(y^2\\) given by \\(10^{0.48z} = 10^{2 \\times 0.70}\\) implies that \\(0.48z = 2 \\times 0.70\\). Simplifying this gives \\(0.48z = 1.4\\), so \\(z = \\frac{1.4}{0.48} = \\frac{35}{12} \\approx 2.9167\\). The original answer seems to have incorrectly rounded to 3.125.\n\n**Error:** 1"", '**Reasoning:** There is a mistake in the step where the equation \\( x^z = y^2 \\) leads to \\( 10^{0.48z} = 10^{2 \\times 0.70} \\). The exponent \\( z \\) should be divided between the exponents when considering \\( 10^{a+b} = 10^a \\times 10^b \\). Instead, it was incorrectly assumed that the exponents would multiply directly.\n\n**Error:** 1', '**Reasoning:** The error lies in the step where the value of \\( z \\) is computed as \\( \\frac{150}{48} = \\frac{25}{8} \\approx 3.125 \\). However, the answer key states that the correct option is C, which suggests that the intended value of \\( z \\) should be approximately 3.7, not 3.125. The calculation in the answer seems to have been incorrect due to an arithmetic mistake.\n\n**Error:** 0', '**Reasoning:** The answer involves converting the logarithmic equation into exponential form, but it does not correctly equate the exponents of the base 10. The correct approach should be \\(x^{0.48} = y^2\\) and \\(y^{0.70}\\), leading to \\(10^{0.48z} = 10^{2 \\times 0.70}\\). This is incorrect because it implies \\(0.48z = 1.4\\), which results in \\(z = \\frac{1.5}{0.48}\\). However, the answer has incorrectly simplified this to \\(z = 3.125\\), which is not the result derived from the correct simplification of the equation.\n\n**Error:** 1', '**Reasoning:** The answer process involves transforming the given equations but incorrectly concludes the value of \\( z \\) from the equation \\( 0.48z = 1.5 \\) to \\( z = \\frac{25}{8} \\) when it should be \\( z = \\frac{150}{48} \\). The correct fraction simplification results in \\( z = \\frac{25}{8} \\approx 3.125 \\), which matches the closest option C.\n\n**Error:** 1', '**Reasoning:** The error is present in the final step of the solution. The correct value of \\( z \\) should be calculated as:\n\\[ z = \\frac{150}{48} = \\frac{25}{8} \\approx 3.125 \\]\nHowever, the answer provided is 3.125, which matches the correct calculation but appears twice instead of once as it should.\n\n**Error:** 1']",5,15,Qwen/Qwen2.5-VL-3B-Instruct,100,0.24493002679463532
"Factorise \( 4x^2 + y^2 + z^2 - 4xy - 2yz + 4xz \).

"," We have 
\[
4x^2 + y^2 + z^2 - 4xy - 2yz + 4xz = (2x)^2 + (-y)^2 + (z)^2 + 2(2x)(-y) + 2(-y)(z) + 2(2x)(z).
\]
This can be simplified to 
\[
= [2x + (-y) + z]^2 = \textcolor{red}{(2x - y + z(2x - y + z)}.
\]
Thus, it factors to 
\[
\textcolor{red}{(2x - y + z(2x - y + z)}.
\]

",True,True,False,0.5004024235381879,True,0,"['**Reasoning:** The answer provided does not correctly factorize the expression \\(A x^{2} + y^{2} + z^{2} - Axy - 2yz + Az\\). The correct factorization should be \\((z-x)^{2}+(x-y)^{2}+2(x-z)(y-z)\\), but instead, it incorrectly simplifies to square roots and then factors incorrectly as shown.\n\n**Error:** 1', '**Reasoning:** The answer provided does not contain any apparent errors. The step-by-step process aligns with the algebraic factorization steps presented in the question, correctly identifying the terms, grouping, and factoring out common factors. There are no inconsistencies or logical errors that would invalidate the factorization process.\n\n**Error:** 0', ""**Reasoning:** The answer provided does not seem to be correctly factored. Let's break down the steps:\n\n1. The expression is \\( Ax^2 + y^2 + z^2 - Ayx - 2yz + Az\\).\n2. We need to check if it can be factored into two binomials.\n3. The middle term \\(-Ayx\\) suggests a possible factorization involving a linear polynomial.\n4. However, the given answer is incorrect because it does not match the expected form after proper factorization.\n\n**Error:** 1"", '**Reasoning:** The answer provided does not correctly factorize the given polynomial \\( Ax^2 + y^2 + z^2 - 4xy - 2yz + 4xz \\). The steps taken to simplify and factorize the expression seem to be incorrect. The final step should have resulted in a factorization into binomials rather than a squared term. The given answer suggests simplification leading to a square term, which is not correct for factoring purposes.\n\n**Error:** 1', '**Reasoning:** The answer does not correctly factor the given expression. The provided steps do not match the correct factorization process. The expression should be factored as follows:\n\\[ A(x^{2} + y^{2} + z^{2}) - Ax(y - 2z) = Ax^{2} + Ay^{2} + Az^{2} - Ax(y - 2z) \\]\nExpanding and rearranging terms, we get:\n\\[ Ax^{2} + Ay^{2} + Az^{2} - Axy + 2Az^{2} - Ax^{2}y + 2Axz \\]\nGrouping like terms, we have:\n\\[ Ax^{2}(1-z) + Ay^{2}(1+z) + Az^{2}(1+x) \\]\nThis shows that the factors are incorrect.\n\n**Error:** 1', '**Reasoning:** The answer provided does not directly factorize the given polynomial \\( A x^{2} + y^{2} + z^{2} - A x y - 2 y z + A xz \\). Instead, it seems to have attempted to simplify and factor the expression but has not followed through with the actual factoring process. There is a gap between the initial simplification step and the final factorization, which is not shown in the answer.\n\n**Error:** 1', '**Reasoning:** The Answer provided does not contain any mathematical errors. It correctly factorizes the given expression \\( A x^2 + y^2 + z^2 - Ax + Ay - 2yz + Az \\) into the form \\( (Az)^2 + (-y)^2 + 2(2x)(-y) + 2(-y)(z) + 2(2x)(z) \\). After simplification, it is shown as \\( (2x+y+2z)^2 = (2x+y+z)(2x+y+z) \\), which is correct.\n\n**Error:** 0', ""**Reasoning:** The student's factorization is incorrect. After simplifying as shown, the expression should be factored into (2x-y+z)(2x+y-z) instead of the given answer.\n\n**Error:** 1"", '**Reasoning:** The answer incorrectly factors out \\(-1\\) instead of \\(1\\) from each term in the expression. This change will affect the entire factorization process because the sign changes throughout the polynomial must match. Therefore, the steps leading up to the factorization should start with the correct factor of \\(1\\).\n\n**Error:** 1', '**Reasoning:** The Answer contains several issues:\n1. The factorization process is incorrect. The expression should be factored as \\((2x + y + z)(2x - y + z)\\), not \\((2x - y + z)(2x - y + z)\\).\n2. The solution provided does not match the correct factorization.\n3. There are missing steps and unclear notation, making it hard to understand the process clearly.\n\n**Error:** 1', '**Reasoning:** The answer provided does not correctly factorize the given polynomial \\( Ax^2 + Ay^2 + Az^2 - Axy - 2yz + Az \\). The correct factored form should be \\((2x+y+z)(2x-y-z)\\) instead of what is written. The method used does not match the correct factorization process.\n\n**Error:** 1', '**Reasoning:** The answer provided does not accurately factorize the given polynomial. Instead, it incorrectly simplifies the expression and factors it into two terms. The correct factorization should be \\((2x - y + z)(2x - y + z)\\) rather than the form given in the answer.\n\n**Error:** 1', '**Reasoning:** The Answer provided does not actually solve the problem as asked. Instead, it simplifies a different expression and provides a factorization that is unrelated to the original problem. The original problem asks for the factorization of \\( Ax^2 + y^2 + z^2 - 2xy + 2yz + Ax \\). The answer given simplifies a different expression but does not address the original question. There is no error in the simplification process, but it is applied incorrectly to the wrong problem.\n\n**Error:** 1', '**Reasoning:** The answer provided does not contain any mathematical errors. The steps taken to factorize the expression \\(Ax^2 + y^2 + z^2 - Ax - 2yz + Az\\) are correct and follow a valid algebraic approach. The intermediate steps and final result match the standard method of factoring such trinomials.\n\n**Error:** 0', '**Reasoning:** The answer provided seems to have a logical error in its simplification step. The expression \\(2x^2 + y^2 + z^2 - Ax - Ay - 2yz + Az\\) does not factorize into \\((2x - y + z)(2x - y + z)\\) as shown. Instead, it should be factored as \\((2x - y + z)(x - y + z)\\). The simplification should take into account the terms correctly, leading to a different final factorization.\n\n**Error:** 1']",5,15,Qwen/Qwen2.5-VL-3B-Instruct,100,1.5990147122062977
"Determine whether the triangle whose lengths of sides are 3 cm, 4 cm, 5 cm is a right-angled triangle.

"," 
\[
3^2 = 3 \times 3 = 9; \quad 4^2 = 4 \times 4 = 16; \quad 5^2 = 5 \times 5 = \textcolor{red}{24}
\]
\textcolor{green}{5^2 = 5 \times 5 = 25}
We find \(3^2 + 4^2 = 5^2\).

Therefore, the triangle is right-angled.

",True,True,True,0.6730116670092565,True,0,"['**Reasoning:** The Answer incorrectly states that \\(3^2 + 4^2 = 5^2\\). According to the Pythagorean theorem, a right triangle has sides that satisfy \\(a^2 + b^2 = c^2\\) where \\(c\\) is the hypotenuse. However, \\(3^2 + 4^2 = 9 + 16 = 25\\) and \\(5^2 = 25\\), so \\(3^2 + 4^2 \\neq 5^2\\). Therefore, the triangle with sides 3 cm, 4 cm, and 5 cm is not a right triangle but an obtuse triangle.\n\n**Error:** 1', ""**Reasoning:** The student's calculations are incorrect. According to the Pythagorean theorem, for a right-angled triangle, the sum of the squares of the lengths of the two legs must equal the square of the length of the hypotenuse. In this case, the sides are 3 cm, 4 cm, and 5 cm. Calculating the squares of these sides, we get:\n\\[\n3^2 = 9, \\quad 4^2 = 16, \\quad 5^2 = 25\n\\]\nChecking if the sum of the squares of the two shorter sides equals the square of the longest side:\n\\[\n3^2 + 4^2 = 9 + 16 = 25 = 5^2\n\\]\nThus, the triangle with sides 3 cm, 4 cm, and 5 cm does indeed form a right-angled triangle.\n\\[\nTherefore,\\quad 3^2 + 4^2 = 5^2\n\\]\n\n**Error:** 0"", '**Reasoning:** The solution incorrectly identifies the triangle as right-angled using the Pythagorean theorem, but it does not correctly apply the theorem to find the hypotenuse. The Pythagorean theorem states that for a right-angled triangle with sides a, b, and c (where c is the hypotenuse), \\(a^2 + b^2 = c^2\\). However, the solution mistakenly calculates \\(3^2 + 4^2\\) instead of checking if these values satisfy the theorem.\n\n**Error:** 1', '**Reasoning:** The answer does not contain any mathematical errors. Each step follows the correct procedures for determining if a triangle is right-angled using the Pythagorean theorem. \n\n**Error:** 0', '**Reasoning:** The answer provides a correct method to determine if a triangle with sides 3 cm, 4 cm, and 5 cm is a right-angled triangle. According to the Pythagorean theorem, a right-angled triangle satisfies the condition \\(a^2 + b^2 = c^2\\), where \\(c\\) is the hypotenuse. However, the answer uses incorrect notation, writing ""52"" instead of ""5^2"". This is a typographical error which does not affect the mathematical correctness of the solution but alters the presentation.\n\nTherefore, the error is present in the notation.\n\n**Error:** 1', '**Reasoning:** The answer contains a typographical error in the final sentence. The term ""triangle"" appears twice with different underlines, but they represent the same word. This can be confusing as it introduces ambiguity about the correctness of the solution. \n\n**Error:** 1', '**Reasoning:** The correct way to solve this problem using the Pythagorean theorem involves checking if \\(3^2 + 4^2 = 5^2\\). However, the answer presented incorrectly states \\(3^2 + 4^2 = 25\\) instead of \\(3^2 + 4^2 = 25\\), which should equal \\(5^2\\). This mistake is apparent due to the incorrect assumption that \\(3^2 + 4^2 = 25\\) instead of \\(9 + 16 = 25\\).\n\n**Error:** 1', '**Reasoning:** The answer shows a calculation involving the Pythagorean theorem to determine if the given sides form a right triangle. However, the term ""triangle"" appears twice in the final statement, which might be a typographical error. The rest of the steps seem to be correct and follows the standard method to check if the triangle is right-angled.\n\n**Error:** 0', '**Reasoning:** The answer incorrectly concludes that the triangle with sides 3 cm, 4 cm, and 5 cm is a right-angled triangle because it mistakenly states \\(3^2 + 4^2 = 5^2\\) instead of checking if the sum of the squares of the two shorter sides equals the square of the longest side. \n\n**Error:** 1', '**Reasoning:** \nThe reasoning in the answer is correct. The triangle with sides of length 3 cm, 4 cm, and 5 cm satisfies the Pythagorean theorem because \\(3^2 + 4^2 = 9 + 16 = 17\\) and \\(5^2 = 25\\). However, the sentence ""Therefore, the triangle is right-angled"" is incorrect because it refers to the triangle as a whole, but the condition for a right-angled triangle applies only to the hypotenuse (the longest side) and the other two sides forming a right angle. In this case, since all sides are integers and satisfy the Pythagorean theorem, the triangle can be considered a right-angled triangle in terms of its geometric properties, but not necessarily in the traditional sense of having one angle equal to 90 degrees.\n\n**Error:** 1', '**Reasoning:** The answer provides a step-by-step calculation to determine if the triangle with sides 3 cm, 4 cm, and 5 cm is a right-angled triangle. The steps are correct: squaring each side length (3^2 = 9, 4^2 = 16, 5^2 = 25) and verifying if the sum of the squares of two sides equals the square of the third side (3^2 + 4^2 = 9 + 16 = 25 = 5^2). This confirms that the triangle is indeed a right-angled triangle. There are no apparent errors in the calculations or the logic presented.\n\n**Error:** 0', '**Reasoning:** The answer contains a logical error. The student calculates the squares of the sides but incorrectly combines them to check if it forms a right triangle. The correct approach would be to use the Pythagorean theorem directly with the side lengths instead of squaring separately. \n\n**Error:** 1', '**Reasoning:** In the Answer, there is a minor typographical error where ""f@iangle"" is written instead of ""triangle"". This does not change the logic or the correctness of the solution but it is incorrect as it was typed.\n\n**Error:** 1', '**Reasoning:** The answer provides a correct geometric proof to determine if the triangle with sides 3 cm, 4 cm, and 5 cm is a right-angled triangle. It correctly calculates the squares of the sides: \\(3^2 = 9\\), \\(4^2 = 16\\), and \\(5^2 = 25\\). Then it checks if the sum of the squares of the two smaller sides equals the square of the longest side: \\(3^2 + 4^2 = 9 + 16 = 25 = 5^2\\). This confirms that the triangle is indeed a right-angled triangle. There appears to be no logical or arithmetic errors in the solution presented.\n\n**Error:** 0', ""**Reasoning:** The student correctly squares the sides of the triangle and adds them together: \\(3^2 + 4^2 = 9 + 16 = 25\\). Then, they square the hypotenuse: \\(5^2 = 25\\). Since \\(3^2 + 4^2 = 5^2\\), the triangle is indeed a right-angled triangle. There is no error in the student's calculations.\n\n**Error:** 0""]",5,15,Qwen/Qwen2.5-VL-3B-Instruct,100,1.9518484392238882
"The banker's discount on a bill due 4 months hence at 15\% is Rs. 420. The true discount is:

\begin{enumerate}
    \item[A)] Rs. 400
    \item[B)] Rs. 360
    \item[C)] Rs. 480
    \item[D)] Rs. 320
\end{enumerate}

"," Option A
\[
T.D. = \frac{B.D. \times 100}{100 + (R \times T)} 
\]
\[
= \frac{\textcolor{red}{410} \times 100}{100 + \left(15 \times \frac{1}{3}\right)}
\]
\[
= \frac{\textcolor{red}{410} \times 100}{105}
\]
\[
= \text{Rs. } \textcolor{red}{390}
\]

",True,True,True,0.0,True,0,"['**Reasoning:** The Answer provided does not correctly apply the formula for calculating True Discount (TD). The correct formula for True Discount should be \\(\\frac{B.D. \\times 100}{100 + (R \\times T)}\\), but the answer incorrectly simplifies the denominator to 105 instead of 108. Additionally, the calculation of TD should be B - BD, but the answer adds 400 to BD, which is incorrect.\n\n**Error:** 1', ""**Reasoning:** The answer provided does not correctly apply the formula for calculating true discount. The formula should be \\( T.D. = \\frac{B.D. \\times 100}{100 + (R \\times T)} \\), but the given answer incorrectly replaces \\( B.D. \\) with \\( 410 \\) instead of using the bankers' discount value. Additionally, the calculation should involve the interest rate \\( R \\) and period \\( T \\) from the question, but these values are missing in the given steps. Also, the final result is incorrect; it should be \\( \\frac{410 \\times 100}{105} = Rs.390.45 \\) if we assume \\( B.D. = Rs.420 \\) as per the problem statement. \n\n**Error:** 1"", ""**Reasoning:** The answer provided shows a calculation that seems to be correct according to the formula for calculating Banker's Discount (BD) from True Discount (TD). However, if we substitute BD = Rs. 420 into the formula T.D. = \\(\\frac{B.D. \\times 100}{100 + (R \\times T)}\\) and solve for TD, we get:\n\n\\[\nT.D. = \\frac{420 \\times 100}{100 + (15 \\times \\frac{1}{3})} = \\frac{420 \\times 100}{100 + 5} = \\frac{420 \\times 100}{105} = \\frac{42000}{105}\n\\]\n\nSolving this gives \\(T.D. = Rs. 390\\), not Rs. 390 as mentioned in the answer. Therefore, there is likely a mistake in the calculation to arrive at the final result.\n\n**Error:** 1"", '**Reasoning:** The calculation provided for T.D. (True Discount) is incorrect. The formula used does not match the standard formula for calculating True Discount. The correct formula for True Discount is T.D. = B.D. × R × T / 100 + (R × T). However, the answer provided simplifies incorrectly to Rs. 390, which does not align with the correct calculation based on the given options.\n\n**Error:** 1', '**Reasoning:**\nThe answer given is incorrect. The formula used to calculate the true discount should be \\( T.D. = \\frac{B.D. \\times 100}{100 + (R \\times T)} \\). However, the calculation provided in the answer uses \\( T.D. = \\frac{B.D. \\times 100}{100 + (R \\times T)} \\) but incorrectly calculates the denominator as \\( 15 \\times \\frac{1}{3} = 5 \\), which is incorrect. The correct calculation should use \\( R = 15\\% \\) and \\( T = 4 \\) months, so the denominator should be \\( 100 + (15 \\times \\frac{4}{12}) = 100 + 5 = 105 \\).\n\n**Error:** 1', ""**Reasoning:** The answer provided starts with the formula for True Discount (TD) but proceeds directly to solving it without showing all necessary steps. Specifically, the calculation of TD should involve subtracting the Banker's Discount (BD) from the Present Worth (PW). The BD is given as Rs. 420 and the rate (R) is 15%, with T (time) being 4 months, which is equivalent to \\( \\frac{4}{12} \\) years or \\( \\frac{1}{3} \\) year. However, the answer does not include these steps, leading to a potential error due to missing calculations.\n\n**Error:** 1"", '**Reasoning:** The problem involves calculating the True Discount (TD) using the formula:\n\\[ \\text{TD} = \\frac{\\text{BD} \\times 100}{100 + (\\text{R} \\times \\text{T})} \\]\nwhere BD is the Banker\'s Discount, R is the rate of interest per annum, and T is the time period in years. In this case, BD is Rs. 420, R is 15%, and T is 4 months (or \\(\\frac{1}{3}\\) year). The calculation in the solution appears to be correct, but the final answer given is Rs. 390, not Rs. 390 as it should be if the calculation was done correctly. However, since the question asks if the solution contains any errors, and the given answer is ""Option A"" which corresponds to Rs. 400, there seems to be a discrepancy between the calculated TD and the given answer. The calculation appears to be correct.\n\n**Error:** 1', '**Reasoning:** The answer provided calculates the True Discount using the formula TD = B.D × 100 / (100 + (R × T)). However, it seems there is a calculation error in the intermediate steps. Specifically, the denominator should be 100 + (15 × 1/3), which simplifies to 105, not 100 + (15 × 1/3). This results in incorrect calculations leading to an incorrect final result of Rs. 390 instead of the correct true discount.\n\n**Error:** 1', '**Reasoning:** The Answer provided seems to contain a logical error. In the calculation for True Discount (T.D.), the formula used is incorrect. The correct formula should be T.D. = B.D. × (1-R)/100, where R is the rate of interest. However, the answer incorrectly uses the formula B.D. × (100)/(100 + (R × T)) instead of B.D. × (1-R)/100. Additionally, the final value calculated does not match the provided answer.\n\n**Error:** 1', '**Reasoning:** The Answer provided does not follow the correct formula for calculating True Discount (TD). The formula used in the Answer is incorrect because it should be using the formula T.D. = B.D. × 100 / (100 + (R × T)), not T.D. = B.D. × 100 / (100 + (R × T)). Additionally, the calculation steps shown in the Answer are also incorrect; they should first find the amount of interest which is then subtracted from the bill amount to get the true discount.\n\n**Error:** 1', ""**Reasoning:** The answer provided does not follow the correct formula for calculating true discount (TD). The formula for TD is \\( \\frac{B.D. \\times 100}{100 + (R \\times T)} \\), but the answer mistakenly calculates the banker's discount (BD) instead. This mistake leads to incorrect final result.\n\n**Error:** 1"", '**Reasoning:** The answer contains a calculation error. In the formula provided, it should be \\(\\frac{410 \\times 100}{100 + (15 \\times \\frac{1}{3})}\\), but it was incorrectly simplified to \\(\\frac{410 \\times 100}{105}\\). This leads to an incorrect final result of Rs. 390 instead of Rs. 390 as initially stated in the question. Therefore, there is an error in the answer.\n\n**Error:** 1', ""**Reasoning:** The error is present in the calculation. The correct formula for True Discount (TD) is TD = (BD × T) / (100 + (T × R)), where BD is the Banker's Discount, T is the time in years, and R is the rate of interest per annum. In the given answer, the formula used does not match the standard formula for True Discount. Additionally, the final result should be Rs. 390, but the answer provided is Rs. 320.\n\n**Error:** 1"", ""**Reasoning:**\nThe answer provided calculates the True Discount (TD) using the formula:\n\\[ T.D. = \\frac{B.D. \\times 100}{100 + (R \\times T)} \\]\nwhere B.D. is the Banker's Discount, R is the rate, and T is the time. The calculation seems correct up to this point. However, it then states the result as Rs.390, which does not match the provided option A (Rs.400). This suggests an inconsistency between the calculated TD and the expected answer.\n\n**Error:** 1"", ""**Reasoning:** The answer provided calculates the True Discount using the wrong formula. The correct formula for True Discount (TD) when Banker's Discount (BD) is known should be:\n\n\\[ T.D. = \\frac{B.D. \\times 100}{100 + R \\times T} \\]\n\nHowever, in the given calculation, the denominator seems to have been incorrectly simplified. It should be \\( 100 + (15 \\times \\frac{4}{3}) \\), but the calculation shows \\( 100 + (15 \\times 1) \\), which is incorrect. Additionally, the result calculated is RS. 390 instead of RS. 320, which is stated as the correct answer in the question.\n\n**Error:** 1""]",5,15,Qwen/Qwen2.5-VL-3B-Instruct,100,0.0
"A sum of money at simple interest amounts to Rs. 815 in 3 years and to Rs. 854 in 4 years. The sum is:

\begin{itemize}
    \item[A)] Rs. 650
    \item[B)] Rs. 690
    \item[C)] Rs. 698
    \item[D)] Rs. 700
\end{itemize}

"," Option D
\begin{align*}
\text{S.I. for 1 year} & = \text{Rs.} (854 - 815) = \text{Rs. } 39. \\
\text{S.I. for 3 years} & = \text{Rs.} (39 \times 3) = \text{Rs. } 117. \\
\textcolor{red}{\text{Total amount after 3 years}} & \textcolor{red}{= \text{Rs.} 815.} \\
\textcolor{red}{\text{Principal}} & \textcolor{red}{= \text{Total amount after 3 years} - \text{S.I. for 3 years}} \\
\textcolor{red}{\text{Principal}} & \textcolor{red}{= \text{Rs.} (815 - 117) = \text{Rs. } 698.} \\
\textcolor{red}{\text{Principal for 4 years}} & \textcolor{red}{= \text{Rs. } 698 + 39 = \text{Rs. } 737.} \\
\end{align*}

",True,True,True,0.3926744672275521,True,0,"['**Reasoning:** The mistake is in the calculation of the principal for 4 years. It should be calculated as Principal = Rs. (854 - 39) = Rs. 815, not Rs. (815 - 117). This results in an incorrect final answer.\n\n**Error:** 1', '**Reasoning:** In the calculation of simple interest (SI) for 3 years, the SI for 3 years should be calculated as Rs.(39 × 3) = Rs. 117. However, the answer states it as Rs. 117 * 3 instead of being multiplied by 3, resulting in an incorrect calculation. Additionally, the principal amount for 4 years is incorrectly calculated as Rs. 698 + 39 = Rs. 737, which does not align with the correct approach of calculating the principal using the correct SI values.\n\n**Error:** 1', '**Reasoning:** The problem involves calculating the principal amount using simple interest. The calculation steps provided in the answer seem correct: \n1. Simple Interest (S.I.) for 1 year = Rs.(854 - 815) = Rs.39.\n2. S.I. for 3 years = Rs.(39 x 3) = Rs.117.\n3. Total amount after 3 years = Rs.815.\n4. Principal = Total amount after 3 years - S.I. for 3 years = Rs.815 - Rs.117 = Rs.698.\n5. Principal for 4 years = Rs.698 + 39 = Rs.737.\n\nIn the problem statement, it is mentioned that the sum amounts to Rs. 815 in 3 years and Rs. 854 in 4 years. The calculations show the correct progression from 3 years to 4 years, with all intermediate steps being logical and consistent with the given data.\n\n**Error:** 0', '**Reasoning:** The calculation of the principal amount for 4 years seems incorrect. The answer states Principal for 4 years = Rs. 698 + 39, which should be Principal for 4 years = Rs. 698 + 39 * 2 = Rs. 776. The interest rate would be calculated as S.I. for 1 year = Rs. 39, so S.I. for 4 years = Rs. 39 * 4 = Rs. 156. Therefore, the total amount after 4 years should be Principal + S.I. for 4 years = Rs. 698 + Rs. 156 = Rs. 854, which matches the given total amount. The error was in the calculation of the principal for 4 years.\n\n**Error:** 1', '**Reasoning:** The incorrect step occurs when calculating the principal amount for the total amount after 3 years. The calculation should be Principal = Total amount after 3 years - Simple Interest for 3 years, but the question states Principal = Total amount after 3 years - S.I. for 3 years, leading to an incorrect result. \n\n**Error:** 0', '**Reasoning:** The given answer does not match the correct calculation process. The calculation of the principal for 4 years should be done as follows: Principal = Total amount after 4 years - Simple Interest for 4 years. The simple interest for 4 years is calculated as Principal × rate × time. However, the given answer starts with ""Principal for 4 years,"" which implies a misunderstanding of the concept of principal and simple interest. It also incorrectly multiplies 698 by 39 instead of using the principal value.\n\n**Error:** 1', '**Reasoning:** \nThe answer provided has a logical error in calculating the principal amount for the 4 years. The correct calculation should consider the total interest for 3 years first before adjusting the principal for the additional year. The current method assumes that the principal remains constant throughout the time period, which is incorrect. Instead, the principal should be adjusted after accounting for the total interest for the 3 years.\n\n**Error:** 1', '**Reasoning:** The answer process involves calculating simple interest and then determining the principal amount using the total amount after 3 years and subtracting the interest. However, it seems there is an error in the final calculation. The principal for 4 years should be calculated as follows:\n\nPrincipal for 4 years = Total amount after 3 years - Interest for 1 year\n= Rs. 815 - Rs. 39\n= Rs. 776\n\nThis calculation contradicts the final result given in the answer.\n  \n**Error:** 1', '**Reasoning:** \nUpon analyzing the answer provided, it is evident that there is an error in the calculation of the principal amount for 3 years. The correct approach should be to calculate the simple interest for 3 years first and then subtract this from the total amount after 3 years to find the principal. However, the given answer incorrectly adds the simple interest to the total amount to get the principal, which is incorrect because the principal is the initial sum before interest is applied.\n\n**Error:** 1', '**Reasoning:** The calculation for the principal amount using the simple interest formula seems correct up to this point:\nPrincipal = Total amount after 3 years - Simple Interest for 3 years\n\nHowever, when calculating the principal for 4 years, the formula used is incorrect. The correct formula should be Principal for 4 years = Principal for 3 years + Interest for 1 year. The given formula subtracts the interest from the principal for 3 years to find the principal amount again, which leads to an incorrect result.\n\n**Error:** 1', '**Reasoning:** The calculation for the principal amount over 4 years is incorrect. According to the formula for simple interest, \\( \\text{Principal} = \\text{Total Amount} - \\text{Simple Interest} \\). For 4 years, the total amount is Rs. 854, not Rs. 698. The interest for 3 years is Rs. 117, so the principal for 4 years should be \\( 854 - 117 = 737 \\).\n\n**Error:** 1', '**Reasoning:** The answer provides a step-by-step calculation for finding the principal amount after 3 years, but it incorrectly states that Principal = Total amount after 3 years - S.I. for 3 years = Rs 815 - Rs 117 = Rs 698. This equation is incorrect because it subtracts the total interest over three years from the amount after three years instead of just the interest accumulated over three years. The correct formula should be Principal = Total amount after 3 years - S.I. for 3 years = Rs 815 - Rs 117 = Rs 698.\n\nThe mistake in the answer is evident when comparing the total amount after three years with the interest calculated for three years.\n\n**Error:** 1', '**Reasoning:** The calculation for Principal for 4 years seems incorrect. According to the problem statement, the sum at simple interest to Rs. 815 in 3 years and to Rs. 854 in 4 years was found using simple interest calculations. The principal amount after 3 years should be subtracted from the total amount after 3 years to get the principal for the first 3 years. However, the final step incorrectly adds the simple interest rate (39) again, which is unnecessary since it has already been added once in the calculation for the 4-year period. Therefore, the principal for 4 years should be calculated directly from the total amount after 3 years minus the interest accrued over those 3 years.\n\n**Error:** 1', '**Reasoning:** The calculation shows that principal for 4 years = Rs. 698 + 39 = Rs. 737, but the question asks for the sum after 4 years, not the principal. Therefore, the answer is incorrect. \n\n**Error:** 1', '**Reasoning:** The calculation for Principal for 4 years should be correct as it involves the amount after 3 years plus the interest for the additional year. However, there is an error in the final calculation for Principal for 4 years. Normally, the Principal for 4 years would be calculated as follows: Principal = Total amount after 4 years - Interest for 4 years.\n\n**Error:** 1']",5,15,Qwen/Qwen2.5-VL-3B-Instruct,100,0.24493002679463532
"A is two years older than B who is twice as old as C. If the total of the ages of A, B, and C is 27, then how old is B? 
\begin{enumerate}
  \item[A:] 7 
  \item[B:] 8 
  \item[C:] 9 
  \item[D:] 10 
  \item[E:] 11 
\end{enumerate}

"," Option D

Let C's age be \( x \) years. Then, B's age is \( 2x \) years and A's age is \( (2x + 2) \) years.

\[
(2x + 2) + 2x + x = 27
\]

\[
\textcolor{red}{4x + 2 = 27}
\]

\[
5x = 25
\]

\[
x = 5
\]

Hence, B's age is \( 2x = 10 \) years.

",True,False,False,0.5799151714181009,True,0,"[""**Reasoning:** The answer provided does not follow the algebraic simplification correctly. After multiplying through by 4x + 2, the correct step should be:\n\\[ 5x = 25 \\]\nThis results in \\( x = 5 \\), which contradicts the calculation shown in the answer: \\( x = 5 \\) leads to \\( B's \\ age \\ = \\ 2x = 10 \\). Therefore, there is an error in the simplification process.\n\n**Error:** 1"", ""**Reasoning:** The solution process appears to be correct up to the point where \\( x \\) is solved as 5. However, the final step where \\( B's \\) age is calculated as \\( 2x = 10 \\) years does not align with the original problem statement. The original problem states that A is two years older than B, who is twice as old as C. Given that C is 27 years old, B should be 54 years old (since B is twice as old as C). Therefore, the final incorrect step in calculating B's age leads to an error.\n\n**Error:** 1"", ""**Reasoning:** The answer appears to be correct. The algebraic steps are straightforward and follow the logical sequence needed to solve the problem. The final result obtained for B's age using the equation \\( x = 5 \\) and substituting back into \\( B = 2x \\) gives \\( B = 10 \\), which matches the chosen option D. There seems to be no apparent mistake in the solution process.\n\n**Error:** 0"", ""**Reasoning:** The answer does not correctly solve the problem. The equation derived from the problem statement should be \\((2x + 2) + 2x + x = 27\\). However, the student's work shows \\((2x + 2) + 2x + x = 27\\), which simplifies to \\(5x + 2 = 27\\), leading to \\(5x = 25\\) and thus \\(x = 5\\). This approach is incorrect because it omits the first term in the equation, resulting in B's age being 10 years instead of 8. Therefore, the student's solution is flawed.\n\n**Error:** 1"", '**Reasoning:** The answer provided has a logical flaw. The equation derived from the problem statement should be:\n\n\\[\n(2x + 2) + 2x + x = 27\n\\]\n\nSimplifying this, we get:\n\n\\[\n5x + 2 = 27\n\\]\n\nSubtracting 2 from both sides:\n\n\\[\n5x = 25\n\\]\n\nDividing by 5:\n\n\\[\nx = 5\n\\]\n\nThus, the age of B should be \\(2x = 10\\) years, which matches the correct answer.\n\n**Error:** 0', '**Reasoning:** The answer does not include the calculation step, but it still follows the right approach. However, I am unable to verify if the final answer is correct. The calculation seems to be correct according to the steps shown. But since the question involves a multiple-choice (MCQ) setup, and without knowing the correct choice or the work leading to it, I cannot simply validate the answer directly without further context.\n\n**Error:** 0', ""**Reasoning:** The answer provided shows a step-by-step solution to the equation but incorrectly concludes \\(x = 5\\) instead of solving the equation properly. The correct value for \\(x\\) should be calculated correctly from the equation \\(5x = 25\\), leading to \\(x = 5\\), which is then used to find B's age as \\(2x = 10\\) years. However, since the conclusion is presented as \\(x = 5\\), this suggests an oversight in the final step of the calculation.\n\n**Error:** 1"", ""**Reasoning:** There is no apparent error in the mathematical operations performed in the answer. The steps taken to solve the equation are correct: first, simplifying the equation \\((2x + 2) + 2x + x = 27\\), then combining like terms to get \\(5x + 2 = 27\\), followed by solving for \\(x\\) to find \\(x = 5\\). Finally, substituting \\(x = 5\\) back into the expression for B's age gives \\(B = 2x = 10\\). All these steps align with standard algebraic methods.\n\n**Error:** 0"", '**Reasoning:** The answer provided contains a logical error. The equation \\((2x+2) + 2x + x = 27\\) should be simplified before solving for \\(x\\). Simplifying the left-hand side gives \\(5x + 2 = 27\\). Subtracting 2 from both sides results in \\(5x = 25\\), which is correct. However, the next step, dividing by 5, should give \\(x = 5\\), but the answer provided suggests \\(x = 25\\). This indicates that the answer is incorrect due to an arithmetic mistake in the final step.\n\n**Error:** 1', ""**Reasoning:** The answer shows a step-by-step solution to find B's age using algebraic expressions. However, the last step should be x = 5, but it incorrectly concludes that B's age is 2x = 10 years instead of 10 years. \n\n**Error:** 1"", '**Reasoning:** The student correctly sets up the equation but makes an arithmetic mistake when solving for \\( x \\). The equation should be:\n\\[ 4x + 2 = 27 \\]\nSubtracting 2 from both sides gives:\n\\[ 4x = 25 \\]\nDividing by 4 should give:\n\\[ x = \\frac{25}{4} = 6.25 \\]\nThe solution given in the answer states that \\( x = 5 \\), which is incorrect. Therefore, there is an arithmetic error in the solution process.\n\n**Error:** 1', '**Reasoning:** The student correctly sets up the equations for the ages of A, B, and C. However, the student makes a mistake when calculating x. The correct value of x should be calculated as follows:\n\\[\n4x + 2 = 27 \\Rightarrow 4x = 25 \\Rightarrow x = 6.25\n\\]\nSince the age must be a whole number, x cannot be 6.25. Therefore, there is an error in the calculation of x.\n\n**Error:** 1', ""**Reasoning:** The answer process appears correct up until the final step, where it mistakenly concludes that B's age is 10 years instead of 2x = 10 * 5 = 50 years. Therefore, the solution does not match the options given correctly.\n\n**Error:** 1"", '**Reasoning:** The answer does not correctly solve the equation step by step. In the equation \\(4x + 2 = 27\\), it should be \\(4x = 25\\) because after subtracting 2 from both sides, we get \\(4x = 25\\). The correct value for x would then be \\(x = \\frac{25}{4}\\), which simplifies to \\(x = 6.25\\). However, this does not match any of the provided options A through E.\n\n**Error:** 1', ""**Reasoning:** The answer incorrectly concludes that B's age is \\(2x = 10\\) years. The correct calculation should be \\(4x + 2 = 27\\), leading to \\(4x = 25\\), and therefore \\(x = 6.25\\). Multiplying this by 2 gives B's age as 12.5 years, which is not one of the options provided.\n\n**Error:** 1""]",5,15,Qwen/Qwen2.5-VL-3B-Instruct,100,0.6277052571971504
"Express the following in the form \( a + ib \) 

(i) \(\frac{5 + \sqrt{2}i}{1 - \sqrt{2}i}\) \quad (ii) \(i^{-35}\)

"," 

(i) We have, 
\[
\frac{5 + \sqrt{2}i}{1 - \sqrt{2}i} = \frac{5 + \sqrt{2}i}{1 - \sqrt{2}i} \times \frac{1 + \sqrt{2}i}{1 + \sqrt{2}i}
\]
\[
= \frac{3 + 6\sqrt{2}i}{1 + 2} = \frac{3(1 + 2\sqrt{2}i)}{3} = \textcolor{red}{1 + 2\sqrt{2} \text{ cm} i}.
\]

(ii) 
\[
i^{-35} = \frac{1}{i^{35}} = \frac{1}{(i^2)^{17}i} = \frac{1 \times i}{-i} = \frac{i}{-(-1)} = \textcolor{red}{i \text{ cm}}.
\]

",True,True,True,0.2449300267946353,True,0,"['**Reasoning:** \nIn part (i), the student incorrectly applied the multiplication rule for complex numbers by using \\(\\frac{1+\\sqrt{2}i}{1+\\sqrt{2}i}\\) instead of \\(\\frac{1+\\sqrt{2}i}{1-\\sqrt{2}i}\\). This results in multiplying the numerator and the denominator by \\(1 + \\sqrt{2}i\\), which is not the correct approach for rationalizing the denominator in this context.\n\nIn part (ii), the student incorrectly simplified \\((i^3)^{-7}\\) to \\(\\frac{1}{i^3}\\) instead of \\(\\frac{1}{(i^2)^{35}}\\). The correct simplification should involve recognizing that \\(i^4 = 1\\) and thus \\((i^2)^{35} = (1)^{35} = 1\\). Additionally, the sign of the exponent should be considered correctly.\n\n**Error:** 1', '**Reasoning:** The answer provided for part (i) contains an incorrect simplification. It should be rewritten as follows:\n\\[\n\\frac{5 + \\sqrt{2}i}{1 - \\sqrt{2}i} = \\frac{5 + \\sqrt{2}i}{1 - \\sqrt{2}i} \\times \\frac{1 + \\sqrt{2}i}{1 + \\sqrt{2}i}\n\\]\n\\[\n= \\frac{(5 + \\sqrt{2}i)(1 + \\sqrt{2}i)}{(1 - \\sqrt{2}i)(1 + \\sqrt{2}i)}\n\\]\n\\[\n= \\frac{5 + 5\\sqrt{2}i + \\sqrt{2}i - 2}{1 - (\\sqrt{2})^2}\n\\]\n\\[\n= \\frac{3 + 7\\sqrt{2}i}{-1}\n\\]\n\\[\n= -3 - 7\\sqrt{2}i\n\\]\n\nFor part (ii), the answer is correct.\n\n**Error:** 0', ""**Reasoning:** The answer provided does not correctly simplify the complex fraction \\(\\frac{5+\\sqrt{2}i}{1-\\sqrt{2}i}\\). Instead of multiplying by the conjugate as shown in the question, it incorrectly multiplies by \\(1 + \\sqrt{2}i\\) instead of \\(1 - \\sqrt{2}i\\), which is the correct conjugate. Additionally, the expression \\(i^{-35}\\) should be calculated using De Moivre's theorem or by converting \\(i\\) to polar form. \n\n**Error:** 1"", ""**Reasoning:**\nIn the Answer section,\n\nFor the first part (i):\n1. The expression \\(\\frac{5+\\sqrt{2}i}{1-\\sqrt{2}i}\\) is correctly rationalized by multiplying both the numerator and the denominator by \\(1+\\sqrt{2}i\\), resulting in:\n   \\[\n   \\frac{(5+\\sqrt{2}i)(1+\\sqrt{2}i)}{(1-\\sqrt{2}i)(1+\\sqrt{2}i)}\n   \\]\n2. However, the next step should involve distributing the terms in the numerator and simplifying:\n   \\[\n   = \\frac{5(1+\\sqrt{2}i) + \\sqrt{2}i(1+\\sqrt{2}i)}{(1-\\sqrt{2}i)(1+\\sqrt{2}i)}\n   = \\frac{5 + 5\\sqrt{2}i + \\sqrt{2}i + 2i^2}{1 - (\\sqrt{2}i)^2}\n   = \\frac{5 + 6\\sqrt{2}i - 2}{1 + 2}\n   = \\frac{3 + 6\\sqrt{2}i}{3}\n   \\]\n\nFor the second part (ii):\n1. The calculation starts with dividing \\(\\frac{1}{i^{35}}\\), which can be simplified as follows:\n   \\[\n   \\frac{1}{i^{35}} = \\frac{1}{(i^4)^8 \\cdot i^3} = \\frac{1}{(-1)^8 \\cdot i^3} = \\frac{1}{-i}\n   \\]\n2. This is incorrect because the correct form should be:\n   \\[\n   \\frac{1}{i^{35}} = \\frac{1}{(i^4)^8 \\cdot i^3} = \\frac{1}{1 \\cdot i^3} = \\frac{1}{i^3} = -i\n   \\]\n\nTherefore, there is an error in the Answer section regarding the handling of complex numbers, particularly in the first part's intermediate steps and the simplification in the second part.\n\n**Error:** 1"", '**Reasoning:** The answer to part (i) has a mistake. The expression \\(\\frac{5 + \\sqrt{2}i}{1 - \\sqrt{2}i}\\) should be multiplied by the conjugate of the denominator, which is \\(1 + \\sqrt{2}i\\), instead of multiplying it by itself. The correct step should be:\n\\[\n\\frac{5 + \\sqrt{2}i}{1 - \\sqrt{2}i} = \\frac{(5 + \\sqrt{2}i)(1 + \\sqrt{2}i)}{(1 - \\sqrt{2}i)(1 + \\sqrt{2}i)}\n\\]\nSimplifying the denominator:\n\\[\n(1 - \\sqrt{2}i)(1 + \\sqrt{2}i) = 1^2 - (\\sqrt{2}i)^2 = 1 - (-2) = 3\n\\]\nSo the expression becomes:\n\\[\n\\frac{(5 + \\sqrt{2}i)(1 + \\sqrt{2}i)}{3}\n\\]\n\nFor part (ii), the answer is correct.\n\n**Error:** 1\n\n**Output:** 1', ""**Reasoning:** Let's analyze the answer step by step:\n\n(i) For the first part:\n   - The expression \\(\\frac{5 + \\sqrt{2}i}{1 - \\sqrt{2}i}\\) is correctly simplified by multiplying the numerator and the denominator by the conjugate of the denominator.\n   - However, the simplification process seems to be incorrect. After multiplying, the result should be \\(\\frac{(5 + \\sqrt{2}i)(1 + \\sqrt{2}i)}{(1 - \\sqrt{2}i)(1 + \\sqrt{2}i)}\\).\n   - Expanding the numerator and the denominator yields \\(5 + 5\\sqrt{2}i + \\sqrt{2}i - 2 = 3 + 7\\sqrt{2}i\\).\n   - Dividing by the denominator, which is \\(1^2 - (\\sqrt{2})^2 = -1\\), gives \\(-3 - 7\\sqrt{2}i\\).\n   - The answer given as \\(1 + 2\\sqrt{2}i\\) is incorrect.\n\n(ii) For the second part:\n   - The expression \\(\\frac{1}{i^{35}}\\) is correctly simplified using the property of powers of \\(i\\), which cycle every four terms: \\(i, -1, -i, 1\\).\n   - Since \\(35 \\equiv 3 \\mod 4\\), \\(i^{35} = i^3 = -i\\).\n   - The final step of dividing by \\(i\\) and then dividing by \\(-1\\) results in \\(i\\), which matches the answer given.\n\nTherefore, there is an error in the first part of the answer, but not in the second part.\n\n**Error:** 1"", '**Reasoning:** \nIn part (i), the expression \\(\\frac{5+\\sqrt{2}i}{1-\\sqrt{2}i}\\) should be simplified using the method of multiplying by the conjugate. However, the answer incorrectly states that it equals \\(3+6\\sqrt{2}i\\). The correct simplification involves multiplying the numerator and the denominator by the conjugate of the denominator, resulting in:\n\\[\n\\frac{5+\\sqrt{2}i}{1-\\sqrt{2}i} = \\frac{(5+\\sqrt{2}i)(1+\\sqrt{2}i)}{(1-\\sqrt{2}i)(1+\\sqrt{2}i)}\n\\]\nExpanding both the numerator and the denominator yields:\nNumerator: \\(5(1) + 5(\\sqrt{2}i) + \\sqrt{2}i(1) + (\\sqrt{2}i)^2\\) \n= \\(5 + 5\\sqrt{2}i + \\sqrt{2}i - 2\\)\n= \\(3 + 6\\sqrt{2}i\\)\n\nDenominator: \\(1^2 - (\\sqrt{2}i)^2 = 1 - (-2)\\)\n= \\(1 + 2\\)\n= \\(3\\)\n\nThus, the correct answer in the form \\(a + bi\\) would be \\((3 + 6\\sqrt{2})/3\\), not just \\(3 + 6\\sqrt{2}i\\).\n\nTherefore, part (i) has an error.\n\n**Error:** 1', '**Reasoning:** The answer for part (i) is incorrect because it incorrectly multiplies the complex fraction by \\(\\frac{1+\\sqrt{2}i}{1+\\sqrt{2}i}\\). This approach does not simplify the expression as intended. The correct method should involve multiplying by the conjugate of the denominator to eliminate the imaginary part. Additionally, the simplification process in the second step is incorrect and the final result is not simplified properly.\n\n**Error:** 1', '**Reasoning:** \nIn the Answer, the student correctly decomposes \\(\\dfrac{5+\\sqrt{2}i}{1-\\sqrt{2}i}\\) into a product of two terms: \\(\\dfrac{5+\\sqrt{2}i}{1-\\sqrt{2}i} \\times \\dfrac{1+\\sqrt{2}i}{1+\\sqrt{2}i}\\). This part is correct. However, in the second part of the answer for \\(i^{-35}\\), the student incorrectly simplifies \\(i^{35}\\) as \\(i^{17}\\), rather than using the correct exponent properties. Specifically, \\(i^{35}\\) should be simplified by recognizing that \\(i^4 = 1\\), so \\(i^{35} = i^{4*8+3} = i^3 = -i\\). Therefore, the step \\(\\dfrac{1}{i^{35}} = \\dfrac{1}{(-i)}\\) is incorrect because it assumes \\(i^{35} = i\\) instead of \\(-i\\).\n\n**Error:** 1', '**Reasoning:** The answer for part (i) is incorrect because it incorrectly simplifies the expression \\(\\dfrac{5+\\sqrt{2}i}{1-\\sqrt{2}i}\\). The correct approach involves multiplying the numerator and the denominator by the conjugate of the denominator, which should result in a real number. However, the presented solution attempts to rationalize the denominator but does not correctly simplify the resulting expression to the form \\(a+bi\\). The answer provided also incorrectly simplifies the expression \\(i^{-35}\\) to \\(i\\) when it should be simplified using the properties of exponents involving imaginary numbers.\n\n**Error:** 1', '**Reasoning:** \nIn part (i) of the problem, the denominator \\(1 - \\sqrt{2}i\\) is multiplied by its conjugate \\(1 + \\sqrt{2}i\\) to simplify the expression, but the result is not correctly simplified as shown in the answer. The numerator should also be multiplied by the same conjugate to ensure that it is simplified correctly.\n\nIn part (ii), the simplification of \\(i^{-35}\\) seems correct. However, the final step of dividing by \\(i\\) should follow the standard operations with complex numbers, which involves multiplying by the reciprocal of \\(i\\), which is \\(-i\\). The step provided is correct, but the explanation could be clearer by showing this multiplication explicitly.\n\n**Error:** 1', '**Reasoning:**\nIn the Answer, there is an error in the simplification process. For part (i), the expression \\(\\frac{5+\\sqrt{2}i}{1-\\sqrt{2}i}\\) should be simplified correctly by multiplying the numerator and the denominator by the conjugate of the denominator. The correct approach for such complex fractions is to multiply both the numerator and the denominator by the conjugate to eliminate the imaginary part from the denominator. The mistake occurs when the answer indicates the numerator as \\(3 + 6\\sqrt{2}i\\) instead of the correct simplified form. \n\nFor part (ii), while the calculation seems correct initially, there appears to be an oversight in the final step where the result \\(\\frac{i}{-(-1)}\\) is simplified incorrectly. It should be simplified further to ensure it aligns with standard algebraic rules involving square roots of negative numbers.\n\n**Error:** 1', '**Reasoning:** The answer to part (i) involves a step where it states \\(\\frac{5 + \\sqrt{2}i}{1 - \\sqrt{2}i}\\) equals \\(\\frac{5 + \\sqrt{2}i}{1 - \\sqrt{2}i} \\times \\frac{1 + \\sqrt{2}i}{1 + \\sqrt{2}i}\\). The expression should be simplified by multiplying the numerator and the denominator by the conjugate of the denominator. However, the answer incorrectly multiplies the numerator and the denominator together without simplifying them first. Additionally, the final result is not correctly expressed as \\(3 + 6\\sqrt{2}i\\) divided by 3, but rather as \\(5 + \\sqrt{2}i\\).\n\nThe correct approach for part (i) would be:\n\\[\n\\frac{5 + \\sqrt{2}i}{1 - \\sqrt{2}i} = \\frac{(5 + \\sqrt{2}i)(1 + \\sqrt{2}i)}{(1 - \\sqrt{2}i)(1 + \\sqrt{2}i)}\n\\]\n\nSimplifying the denominator gives:\n\\[\n(1 - \\sqrt{2}i)(1 + \\sqrt{2}i) = 1^2 - (\\sqrt{2}i)^2 = 1 - (-2) = 3\n\\]\n\nFor the numerator:\n\\[\n(5 + \\sqrt{2}i)(1 + \\sqrt{2}i) = 5 + 5\\sqrt{2}i + \\sqrt{2}i + (\\sqrt{2}i)^2 = 5 + 6\\sqrt{2}i - 2 = 3 + 6\\sqrt{2}i\n\\]\n\nThus, the correct expression would be:\n\\[\n\\frac{3 + 6\\sqrt{2}i}{3} = 1 + 2\\sqrt{2}i\n\\]\n\nIn part (ii), the calculation is correct, but the expression is written incorrectly: \\(i^{35}\\) should be simplified to \\((i^4)^8 i^3 = (1)^8 i^3 = i^3 = -i\\), not just \\(i^3\\).\n\n**Error:** 1', '**Reasoning:** \nIn part (i) of the question, the answer incorrectly simplifies the expression \\(\\dfrac{5+\\sqrt{2}i}{1-\\sqrt{2}i}\\). The correct method to rationalize the denominator involves multiplying by the conjugate of the denominator first:\n\\[\n\\dfrac{5+\\sqrt{2}i}{1-\\sqrt{2}i} = \\dfrac{(5 + \\sqrt{2}i)(1 + \\sqrt{2}i)}{(1 - \\sqrt{2}i)(1 + \\sqrt{2}i)}\n\\]\nHowever, further simplification is incorrect by multiplying both numerator and denominator by \\(1 + \\sqrt{2}i\\) directly. The proper step would be to multiply the numerator by the conjugate \\((1 + \\sqrt{2}i)\\) before dividing by \\(1 + \\sqrt{2}i\\).\n\nIn part (ii), the student correctly follows the steps for finding the cube root of \\(i\\):\n\\[\ni^{\\frac{1}{3}} = \\left(\\frac{1}{i^{3/2}}\\right)^{-1} = \\frac{1}{(i^2)^{\\frac{1}{4}}} = \\frac{1}{-i} = i\n\\]\n\n**Error:** 1\n\n', '**Reasoning:** The answer to part (ii) contains an error. When simplifying \\(i^{35}\\), it should be recognized that powers of \\(i\\) repeat every 4 steps: \\(i^1 = i\\), \\(i^2 = -1\\), \\(i^3 = -i\\), and \\(i^4 = 1\\). Therefore, \\(i^{35} = i^{4 \\cdot 8 + 3} = (i^4)^{8} \\cdot i^3 = 1^8 \\cdot (-i) = -i\\). However, the current answer simplifies to \\(i\\), which is incorrect.\n\n**Error:** 1']",5,15,Qwen/Qwen2.5-VL-3B-Instruct,100,0.24493002679463532
"\textbf{Question 8:} The ratio of incomes of two persons is 9 : 7 and the ratio of their expenditures is 4 : 3. If each of them manages to save ₹ 2000 per month, find their monthly incomes.

"," 
Let us denote the incomes of the two persons by ₹ 9x and ₹ 7y and their expenditures by ₹ 4y and ₹ 3y respectively. Then the equations formed in the situation are given by:

\[
9x - 4y = 2000 \quad (1)
\]
\[
7x - 3y = 2000 \quad (2)
\]

\textbf{Step 1:} Multiply Equation (1) by 3 and Equation (2) by 4 to make the coefficients of \( y \) equal. Then we get the equations:

\[
27x - 12y = 6000 \quad (3)
\]
\[
28x - 12y = 8000 \quad (4)
\]

\textbf{Step 2:} Subtract Equation (3) from Equation (4) to eliminate \( y \), because the coefficients of \( y \) are the same. So, we get:

\[
x = 2000
\]

\textbf{Step 3:} Substituting this value of \( x \) in (1), we get:

\[
9(2000) - 4y = 2000
\]
i.e.,
\[
y = 4000
\]

So, the solution of the equations is \( x = 2000 \), \( y = 4000 \). Therefore, the monthly incomes of the persons are ₹ 18,000 and ₹ 14,000, respectively.

",False,True,True,0.2449300267946353,False,0,"['**Reasoning:** The Answer initially multiplies equations (1) and (2) by incorrect coefficients. It should multiply equation (1) by 4 and equation (2) by 3 to make the coefficients of y equal. This results in an incorrect setup for the elimination step.\n\n**Error:** 1', ""**Reasoning:** The answer does not match the problem statement and the steps followed in the problem. The problem states that the ratio of incomes of two persons is 9:7 and their expenditures is 4:3. However, the solution follows a different approach that does not align with these ratios. Instead of using the given ratios directly, the solution applies a different method involving multiplication and subtraction of equations. This approach leads to incorrect results as it doesn't consider the ratio constraints.\n\n**Error:** 1"", '**Reasoning:** The Answer contains two main issues:\n1. In Step 3, the equation \\(9(2000) - 4y = 2000\\) should be simplified to \\(18000 - 4y = 2000\\). However, the answer provided is \\(9(2000) - 4y = 2000\\), which is incorrect.\n2. In Step 4, the value of \\(x\\) is correctly identified as 2000, but the final statement ""Therefore, the monthly incomes of the persons are 18,000 and 14,000"" seems to be written in a way that contradicts the equation derived from the problem.\n\n**Error:** 1', '**Reasoning:** \nIn step 2, the subtraction should be done between equation (3) and equation (4), but it is incorrectly written as subtraction from equation (3) to equation (4). This results in an incorrect coefficient for \\( y \\) in the final equation. \n\n**Error:** 1', '**Reasoning:** The solution steps show a logical progression through solving a system of linear equations. However, at step 3, it appears that ""x = 2000"" was substituted into equation (1) instead of equation (2). This could lead to incorrect results since equation (1) should be used with x from equation (4), which is correct as per the solution steps provided. Additionally, the final result for y seems to be calculated incorrectly; it should be derived by solving the equation correctly after substituting the value of x.\n\n**Error:** 1', '**Reasoning:** The answer does not correctly subtract equation (3) from equation (4) as instructed. Instead, it multiplies equation (3) by 3 and equation (4) by 28, but then incorrectly eliminates y using these modified equations instead of directly comparing coefficients of y.\n\n**Error:** 1', '**Reasoning:** The Answer provided includes a step that seems to be incorrect. In Step 2, the equation is formed by multiplying Equation (1) by 3 and Equation (2) by 4, then subtracting the resulting equations. However, when forming the new equations, it should be done as follows:\n\\[ 27x - 36y = 6000 \\]\n\\[ 28x - 12y = 8000 \\]\nSubtracting these two equations, we get:\n\\[ 27x - 28x - 36y + 12y = 6000 - 8000 \\]\n\\[ -x - 24y = -2000 \\]\nThen, solving for \\(x\\):\n\\[ x = 2000 \\]\n\nThis step-by-step approach shows that there is indeed a calculation error in the provided answer.\n\n**Error:** 1', '**Reasoning:** The answer does not contain any arithmetic errors but has some logical flaws:\n1. In Step 3, it incorrectly states ""we get"" when substituting \\( x = 2000 \\) into equation (1). It should read ""Substituting this value of \\( x \\) in (1), we get"".\n2. In Step 5, it concludes that the incomes of the persons are \\( 18,000 \\) and \\( 14,000 \\) respectively, but the calculation seems incorrect because the values do not seem to satisfy the original conditions given in the problem (the ratio of their incomes is 9:7 and their expenditures are 4:3).\n3. The conclusion about the incomes being 18,000 and 14,000 respectively is not supported by the steps taken in the problem.\n\n**Error:** 1', '**Reasoning:** The steps in the answer show an incorrect approach to solving the system of equations. The coefficients of \\( y \\) in equations (3) and (4) should be equal to eliminate \\( y \\), but instead, it seems the coefficients were used incorrectly. Additionally, the final step does not correctly substitute \\( x = 2000 \\) into equation (1) when calculating \\( y \\). The correct calculation should be \\( 9(2000) - 4y = 2000 \\), leading to \\( y = 8750 \\). Therefore, the provided answer is incorrect.\n\n**Error:** 1', '**Reasoning:** The solution does not account for the ratio of incomes being 9:7. It incorrectly assumes the income ratios to be 18:14 respectively, leading to incorrect values for x and y. The correct value for x should be 2000/2 = 1000, and for y, it should be 2000*9/7 ≈ 2571.43, but the solution provided is not accurate due to these incorrect assumptions.\n\n**Error:** 1', '**Reasoning:** The error lies in Step 2 of the given solution. In Step 2, the equation should be subtracted from itself instead of from Equation (4). Therefore, the correct step should subtract Equation (3) from Equation (4), but the solution incorrectly subtracts Equation (4) from Equation (3), leading to incorrect coefficients of y in the resulting equations. This results in an incorrect final value for x.\n\n**Error:** 1', '**Reasoning:** The Answer does not contain any mathematical errors. Each step in the solution is logically correct and follows the standard methods used to solve systems of linear equations. The substitution and elimination processes are applied correctly, and the final answer is derived from each step without deviation from standard algebraic procedures.\n\n**Error:** 0', '**Reasoning:** The Answer contains a logical error in Step 3. After substituting \\(x = 2000\\) from the equation \\(2x = 2000\\), the next step should be to use this value in equation (1) to find \\(y\\). However, the Answer incorrectly uses \\(9(2000)\\) instead of \\(9x\\) when substituting into equation (1), which leads to incorrect further calculations and results in the incorrect values \\(y = 4000\\). This error affects the correctness of the final solution, leading to an inaccurate result.\n\n**Error:** 1', '**Reasoning:** The mistake occurs in step 3 where the value of x is incorrectly substituted into equation (1) instead of equation (2). According to the question, the correct steps should involve substituting the value of y into equation (1) to find x, not vice versa. Additionally, the incorrect values obtained for x and y need to be multiplied by their respective ratio factors (9x for the first person and 7x for the second person) to get the actual incomes.\n\n**Error:** 1', '**Reasoning:** The problem involves solving a system of linear equations derived from the given ratio of incomes and expenditures. The student correctly formulates the system of equations, but in Step 2, there is a logical mistake. The step should subtract Equation (3) from Equation (4) to eliminate \\( y \\). However, the student mistakenly subtracts Equation (3) from Equation (4) twice instead of once, leading to an incorrect final result. This misunderstanding causes the subsequent calculations to be incorrect.\n\n**Error:** 1']",5,15,Qwen/Qwen2.5-VL-3B-Instruct,100,1.3897154547004784
"Find the smallest square number which is divisible by each of the numbers 6, 9 and 15.

"," This has to be done in two steps. First, find the smallest common multiple and then find the square number needed. The least number divisible by each one of 6, 9 and 15 is their LCM. The LCM of 6, 9 and 15 is \(2 \times 3 \times 3 \times 5 = 90\). 

Prime factorisation of 90 is \(90 = 2 \times 3 \times 3 \times 5\). \textcolor{red}{The number 90 can also be written as \(9 \times 10\), but this form is not useful here.} We see that prime factors 2 and 5 are not in pairs. Therefore, 90 is not a perfect square.

In order to get a perfect square, each factor of 90 must be paired. So we need to make pairs of 2 and 5. Therefore, 90 should be multiplied by \(2 \times 5\), i.e., 10. Hence, the required square number is \(90 \times 10 = 900\).

",False,True,True,0.6730116670092565,False,0,"['**Reasoning:** In the answer, it mentions finding the square number needed. However, finding the smallest square number that is divisible by each of the numbers 6, 9, and 15 involves finding their least common multiple (LCM) first, as stated correctly. Then, determining that the correct square number should be the LCM squared would lead to 36 (since the LCM of 6, 9, and 15 is 90, and 90^2 = 8100). The provided answer incorrectly states that the required square number is 900 instead of 8100.\n\n**Error:** 1', '**Reasoning:** The problem asks for the smallest square number divisible by each of the numbers 6, 9, and 15. The answer provided correctly identifies the least common multiple (LCM) of 6, 9, and 15 as 90, but then proceeds with the incorrect factorization \\(90 = 2 \\times 3 \\times 3 \\times 5\\). Instead, 90 should be factored as \\(90 = 2 \\times 3^2 \\times 5\\). Therefore, the correct pairs of prime factors needed to form a perfect square are \\(2, 3,\\) and \\(5\\), which should result in the square number 900 (since \\(2 \\times 3 \\times 5 = 30\\) and need another 2, resulting in \\(30^2 = 900\\)).\n\n**Error:** 1', '**Reasoning:**\nThe answer to the question ""Find the smallest square number which is divisible by each of the numbers 6, 9, and 15"" is correct in all aspects. The steps taken in the solution are logically sound:\n\n1. **Finding the Least Common Multiple (LCM):** The LCM of 6, 9, and 15 is indeed found correctly as \\(2 \\times 3 \\times 3 \\times 5 = 90\\).\n2. **Prime Factorization of 90:** The prime factorization of 90 is confirmed as \\(2 \\times 3^2 \\times 5\\).\n3. **Making the Factors Pairable:** To form a perfect square, each prime factor must be squared. Since we have one factor of 2 and two factors of 3 and one factor of 5, the missing factor to make all exponents even is another 2.\n4. **Multiplying by the Square Root:** Therefore, multiplying 90 by 2, we get \\(90 \\times 2 = 180\\), which is a perfect square (\\(180\\) is equal to \\(144 \\times 1.25\\)).\n\nThere are no inconsistencies or logical errors in the steps followed.\n\n**Error:** 0', '**Reasoning:** The answer does not contain any errors. The steps to find the smallest square number divisible by each of the numbers 6, 9, and 15 are explained correctly. The LCM calculation is performed correctly, and the prime factorization of 90 is also correct. The process to make pairs of prime factors 2 and 5 to form a perfect square is also explained correctly. There are no mistakes or logical errors in the answer.\n\n**Error:** 0', '**Reasoning:** The Answer incorrectly states that the prime factors 2 and 5 are not in 90, when they actually are because 90 = 2 × 3^2 × 5. The answer then proceeds with the incorrect conclusion that 90 needs to be multiplied by 2 × 5, which would result in 900, but this is not the correct method to find the smallest square number divisible by 6, 9, and 15. The correct approach should involve finding the LCM of 6, 9, and 15, which is 90 again, and then finding the smallest perfect square factorization of 90, which is \\(30^2\\) = 900. The Answer fails to correctly apply these steps.\n\n**Error:** 1', '**Reasoning:** The answer does not contain any logical errors. It correctly describes the process of finding the smallest square number divisible by 6, 9, and 15 by first finding their least common multiple (LCM) and then determining if the LCM is a perfect square. The steps leading to the final answer (900) are logically coherent and correct. Therefore, no errors are found in the answer.\n\n**Error:** 0', '**Reasoning:** The Answer does not contain any mathematical errors. The steps for finding the smallest square number divisible by each of the numbers 6, 9, and 15 are correctly explained, including the calculation of the least common multiple (LCM) of these numbers, factoring 90 into its prime factors, pairing the prime factors, and multiplying by the product of the paired factors to get the required square number. The answer is correct and complete.\n\n**Error:** 0', '**Reasoning:** The answer correctly explains the steps to find the smallest square number divisible by each of the numbers 6, 9, and 15. However, the final step should be multiplied by 2 more to reach the correct square root. The answer states ""go × 10 = 900,"" but the actual calculation should be ""go × 2 × 10 = 900."" Therefore, there is an error in the final multiplication step.\n\n**Error:** 1', ""**Reasoning:** The answer does not correctly calculate the product of the LCM and another factor needed to make the number a perfect square. The correct approach would be to multiply the LCM by the square root of the remaining prime factors raised to powers such that their exponents become even. Since 6's prime factors are 2 and 3, and 9 is already a perfect square (3^2), we need to multiply by \\(2 \\times 5 = 10\\). Therefore, the answer should be \\(90 \\times 10 = 900\\), not 90 as stated.\n\n**Error:** 1"", '**Reasoning:** The answer provides a correct method to find the smallest square number divisible by 6, 9, and 15. However, there is an incorrect statement in the last sentence where it says ""Hence, the required square number is g0×10 = 900."" This statement is incorrect because the correct answer should be g0 × 10 = 900, as stated in the Answer itself.\n\n**Error:** 1', '**Reasoning:**\n- The answer correctly identifies that the smallest common multiple (LCM) of 6, 9, and 15 is 90.\n- However, the next part of the answer incorrectly states that 90 has prime factors 2 and 5. This is incorrect because 90 = 2 × 3² × 5, so it actually has prime factors 2, 3, and 5.\n- Additionally, the instruction to make pairs of 2 and 5 is misleading since the prime factorization already shows that all factors are accounted for with the current factors 2, 3, and 5.\n\n**Error:** 1', '**Reasoning:** The answer mentions finding the smallest common multiple (LCM) of 6, 9, and 15 as \\(2 \\times 3^2 \\times 5 = 90\\). This is incorrect because the LCM of 6, 9, and 15 should be calculated differently. The correct LCM of these numbers is \\(2 \\times 3^2 \\times 5 = 90\\), but the prime factorization provided is also correct for the number 90. However, the question asks for the square number, so the next step would be to find the square root of 90. The answer does not mention this step, which is a necessary part of the process.\n\n**Error:** 0', '**Reasoning:** The answer process appears to be correct except for one point. The writer states ""In order to get a perfect square, each factor of go must be paired,"" but this statement is misleading because they should be multiplied. They then proceed with multiplying 2^3 * 3^2 * 5 by itself, which results in 900, which seems correct. However, upon reevaluation, it\'s crucial to understand that the factorization required for a perfect square is to ensure all prime factors have even exponents. In this case, we need to ensure that the highest exponent of each prime factor is even. After checking, it\'s clear that 900 does indeed have all even exponents: 2^2, 3^2, and 5^2. Therefore, the number 900 is a perfect square.\n\n**Error:** 1', '**Reasoning:** The answer contains correct steps to find the smallest square number divisible by each of the numbers 6, 9, and 15. The calculation of the LCM (Least Common Multiple) is correct (\\(2 \\times 3^2 \\times 5 = 90\\)). However, the prime factorization should be analyzed to ensure it results in a perfect square. The prime factorization \\(90 = 2 \\times 3^2 \\times 5\\) has three prime factors, and to form a perfect square, each exponent must be even. Since the exponent of 5 is 1, we need to multiply 90 by 5 again to make the exponent of 5 even, resulting in \\(90 \\times 5 = 450\\). Therefore, the answer should be 450 instead of 900.\n\n**Error:** 1', '**Reasoning:** The answer does not contain any mathematical errors. It correctly follows the steps outlined in the question to find the smallest square number divisible by 6, 9, and 15. The LCM of 6, 9, and 15 is calculated correctly as 90. The prime factorization of 90 and the requirement to pair factors to form a perfect square are accurately explained. Therefore, there is no error in the answer.\n\n**Error:** 0']",5,15,Qwen/Qwen2.5-VL-3B-Instruct,100,0.48509409130221154
"If with reference to the right handed system of mutually perpendicular unit vectors \( \hat{i}, \hat{j} \) and \( \hat{k} \), \( \vec{\alpha} = 3\hat{i} - \hat{j} \), \( \vec{\beta} = 2\hat{i} + \hat{j} - 3\hat{k} \), then express \( \vec{\beta} \) in the form \( \vec{\beta} = \vec{\beta_1} + \vec{\beta_2} \), where \( \vec{\beta_1} \) is parallel to \( \vec{\alpha} \) and \( \vec{\beta_2} \) is perpendicular to \( \vec{\alpha} \).

"," Let \( \vec{\beta_1} = \lambda \vec{\alpha} \), where \( \lambda \) is a scalar, i.e., \( \vec{\beta_1} = 3\lambda \hat{i} - \lambda \hat{j} \).

Now,
\[
\vec{\beta_2} = \vec{\beta} - \vec{\beta_1} = (2 - 3\lambda) \hat{i} + (1 + \lambda) \hat{j} - 3\hat{k}.
\]

Now, since \( \vec{\beta_2} \) is to be perpendicular to \( \vec{\alpha} \), we should have \( \vec{\alpha} \cdot \vec{\beta_2} = 0 \). Thus,
\[
3(2 - 3\lambda) - (1 + \lambda) = 0.
\]

Solving this gives:
\[
3(2 - 3\lambda) - (1 + \lambda) = 0 \quad \Rightarrow \quad 6 - 9\lambda - 1 - \lambda = 0 \quad \Rightarrow \quad -10\lambda + 5 = 0 \quad \Rightarrow \quad \lambda = \frac{1}{2}.
\]

Therefore,
\[
\vec{\beta_1} = \frac{3}{2} \hat{i} - \frac{1}{2} \hat{j} \quad \text{and} \quad \textcolor{red}{\vec{\beta_2} = \frac{5}{2} \hat{i} + \frac{1}{2} \hat{j} - 3\hat{k}}.
\]

",True,True,True,0.6909233093138181,True,0,"['**Reasoning:** The answer does not contain any arithmetic or logical errors. It provides a correct step-by-step solution to express \\(\\overrightarrow{\\beta}\\) in terms of \\(\\overrightarrow{\\alpha}\\) while ensuring it is perpendicular to \\(\\overrightarrow{\\alpha}\\). The steps involve expressing \\(\\overrightarrow{\\beta_1}\\) as a scalar multiple of \\(\\overrightarrow{\\alpha}\\), finding \\(\\overrightarrow{\\beta_2}\\), and then solving for \\(\\lambda\\) using the dot product condition. All calculations are correct and lead to the final solution.\n\n**Error:** 0', '**Reasoning:** The question asks to express \\(\\overrightarrow{\\beta}\\) in terms of \\(\\overrightarrow{\\alpha}\\). The solution provided correctly expresses \\(\\overrightarrow{\\beta}\\) as a linear combination of \\(\\overrightarrow{\\alpha}\\) and another vector orthogonal to \\(\\overrightarrow{\\alpha}\\). However, the final step where it calculates \\(\\lambda\\) should consider the dot product condition for orthogonality. Specifically, when calculating \\(3(2-3\\lambda)-(1+\\lambda)=0\\), the coefficient of \\(\\lambda\\) should be negative instead of positive, leading to an incorrect value of \\(\\lambda\\). \n\n**Error:** 1', '**Reasoning:** \nThe answer does not contain any mathematical mistakes but follows a different approach than the original question. The question asks how to express \\(\\overrightarrow{\\beta}\\) in terms of parallel \\(\\overrightarrow{\\alpha}\\) and perpendicular \\(\\overrightarrow{\\beta}_2\\). However, the answer starts with expressing \\(\\overrightarrow{\\beta}\\) as a linear combination of \\(\\overrightarrow{\\alpha}\\) and another vector \\(\\overrightarrow{\\beta}_1\\), which is not consistent with the requirement of expressing \\(\\overrightarrow{\\beta}\\) in terms of \\(\\overrightarrow{\\alpha}\\) and \\(\\overrightarrow{\\beta}_2\\). Additionally, the final step of solving for \\(\\lambda\\) seems unrelated to the requirements of the question, as it involves finding a value for \\(\\lambda\\) that satisfies a seemingly unrelated equation.\n\n**Error:** 1', '**Reasoning:** The answer does not follow the correct steps to solve the problem. It incorrectly states that \\(\\overrightarrow{\\beta}\\) is parallel to \\(\\overrightarrow{\\alpha}\\) rather than perpendicular, and it omits the step where the dot product of \\(\\overrightarrow{\\alpha}\\) with \\(\\overrightarrow{\\beta}_2\\) should be set to zero. Instead, the author calculates the value of \\(\\lambda\\) incorrectly by solving for the scalar equation \\(3(2 - 3\\lambda) - (1 + \\lambda) = 0\\) instead of checking the perpendicularity condition.\n\n**Error:** 1', '**Reasoning:** \nThe Answer appears to be correct. The steps taken to solve the problem involve expressing \\(\\overrightarrow{\\beta}\\) in terms of \\(\\overrightarrow{\\alpha}\\) with a scalar \\(\\lambda\\). Then, it calculates \\(\\overrightarrow{\\beta_2}\\) as the difference between \\(\\overrightarrow{\\beta}\\) and \\(\\overrightarrow{\\beta_1}\\). This makes \\(\\overrightarrow{\\beta_2}\\) perpendicular to \\(\\overrightarrow{\\alpha}\\) since their dot product is zero. The algebraic manipulation to find \\(\\lambda\\) is also done correctly.\n\n**Error:** 0\n\n', '**Reasoning:** The answer process seems correct up to finding \\(\\lambda\\). However, the final step in the Answer should be verified as well. The last line should check whether the answer correctly satisfies the conditions of being perpendicular to \\(\\vec{\\alpha}\\). The Answer states that \\(\\vec{\\beta}_{1} = \\frac{3}{2}\\hat{i} - \\frac{1}{2}\\hat{j}\\) and \\(\\vec{\\beta}_{2} = \\frac{5}{2}\\hat{i} + \\frac{1}{2}\\hat{j} - 3\\hat{k}\\). Substituting these into the dot product equation gives:\n\\[ \\vec{\\alpha} \\cdot \\left( \\frac{3}{2}\\hat{i} - \\frac{1}{2}\\hat{j} + \\frac{5}{2}\\hat{i} + \\frac{1}{2}\\hat{j} - 3\\hat{k} \\right) = 0 \\]\n\\[ \\left(3\\hat{i} - 3\\hat{j}\\right) \\cdot \\left(3\\hat{i} - \\lambda\\hat{j} + \\frac{5}{2}\\hat{i} + \\frac{1}{2}\\hat{j} - 3\\hat{k}\\right) = 0 \\]\n\\[ 0 = 0 \\]\nThis confirms that the vectors \\(\\vec{\\beta}_{1}\\) and \\(\\vec{\\beta}_{2}\\) are indeed perpendicular to \\(\\vec{\\alpha}\\), as expected. Therefore, there is no error in the answer.\n\n**Error:** 0', '**Reasoning:** The answer includes a step where it states \\(\\overrightarrow{\\beta}_{1}=3\\hat{i}-\\lambda\\hat{j}\\). This does not align with the given reference vector \\(\\overrightarrow{\\alpha} = 3\\hat{i}-\\hat{j}\\) because the answer introduces a different value for \\(\\lambda\\) compared to the reference vector. The correct form should be \\(\\overrightarrow{\\beta}_{1} = 3\\hat{i}-\\hat{j}\\), which matches the reference vector without introducing a new scalar.\n\n**Error:** 0', '**Reasoning:** \nThe answer provides the expressions for \\(\\overrightarrow{\\beta}_1\\) and \\(\\overrightarrow{\\beta}_2\\) correctly using the method of expressing \\(\\overrightarrow{\\beta}\\) as a sum of two vectors parallel to \\(\\overrightarrow{\\alpha}\\) and perpendicular to \\(\\overrightarrow{\\alpha}\\). The calculations involving the dot product \\(\\overrightarrow{\\alpha} \\cdot \\overrightarrow{\\beta}_2 = 0\\) and solving the equation \\(3(2 - 3\\lambda) - (1 + \\lambda) = 0\\) also seem correct. However, there is an inconsistency in the final expression of \\(\\overrightarrow{\\beta}_2\\). The answer states that \\(\\overrightarrow{\\beta}_2 = \\frac{5}{2} \\hat{i} + \\frac{1}{2} \\hat{j} - 3\\hat{k}\\), but this does not satisfy the condition that \\(\\overrightarrow{\\beta}_2\\) should be perpendicular to \\(\\overrightarrow{\\alpha}\\). The correct value of \\(\\lambda\\) would need to be recalculated to ensure that \\(\\overrightarrow{\\beta}_2\\) is indeed perpendicular to \\(\\overrightarrow{\\alpha}\\). Therefore, there seems to be an error in the final expression of \\(\\overrightarrow{\\beta}_2\\).\n\n**Error:** 1', '**Reasoning:** The final answer step, \\(\\overrightarrow{\\beta}_{2} = \\frac{5}{2}\\hat{i} + \\frac{1}{2}\\hat{j} - 3\\hat{k}\\), appears to be incorrect. The calculation for \\(\\overrightarrow{\\beta}_{2}\\) should involve solving the equation \\(3(2 - 3\\lambda) - (1 + \\lambda) = 0\\) correctly as follows:\n\\[3(2 - 3\\lambda) - (1 + \\lambda) = 6 - 9\\lambda - 1 - \\lambda = 5 - 10\\lambda = 0.\\]\nThis simplifies to \\(-10\\lambda + 5 = 0\\), which would give \\(\\lambda = \\frac{1}{2}\\). Substituting \\(\\lambda = \\frac{1}{2}\\) into the expression for \\(\\overrightarrow{\\beta}_{2}\\), we get:\n\\[\\overrightarrow{\\beta}_{2} = \\frac{3}{2}\\hat{i} + \\frac{1}{2}\\hat{j} - 3\\hat{k}.\\]\n\nThe Answer step does not match this corrected calculation.\n\n**Error:** 1', '**Reasoning:** The answer provided does not contain any obvious errors. The steps taken to solve the problem, including the application of vector operations and solving the resulting equation, appear to be correct and logically consistent.\n\n**Error:** 0', '**Reasoning:** The Analysis shows that the Answer provided does not contain any logical errors within its mathematical computations. The steps taken to solve the problem, such as expressing \\(\\overrightarrow{\\beta}\\) in terms of \\(\\overrightarrow{\\alpha}\\) and solving the resulting equation, are correct according to standard vector algebra rules.\n\n**Error:** 0', ""**Reasoning:** The answer incorrectly states that \\(\\vec{\\beta}_2 = (2 - 3\\lambda)\\hat{i} + (1 + \\lambda)\\hat{j} - 3\\hat{k}\\). However, according to the problem statement, \\(\\vec{\\beta} = 2\\hat{i} + \\hat{j} - 3\\hat{k}\\) and \\(\\vec{\\alpha} = 3\\hat{i} - \\hat{j}\\). Since \\(\\vec{\\beta}_2\\) is perpendicular to \\(\\vec{\\alpha}\\), the dot product \\(\\vec{\\alpha} \\cdot \\vec{\\beta}_2\\) should be zero. Let's verify this:\n  \n   \\[\n   \\vec{\\alpha} \\cdot \\vec{\\beta}_2 = (3\\hat{i} - \\hat{j}) \\cdot (a_1\\hat{i} + b_1\\hat{j} + c_1\\hat{k}) + (1 + \\lambda)\\hat{k}\n   \\]\n   \n   Where \\(a_1\\hat{i} + b_1\\hat{j} + c_1\\hat{k}\\) represents \\(\\vec{\\beta}_2\\).\n   \n   Given that \\(\\vec{\\alpha} \\cdot \\vec{\\beta}_2 = 0\\):\n   \\[\n   3(a_1) - (b_1) = 0 \\Rightarrow 3a_1 - b_1 = 0 \n   \\]\n\n   This implies \\(b_1 = 3a_1\\). Thus,\n\n   \\[\n   \\vec{\\beta}_2 = a_1\\hat{i} + 3a_1\\hat{j} + c_1\\hat{k}\n   \\]\n\nHowever, the initial answer does not satisfy this condition correctly as it was written: \\((2 - 3\\lambda)\\hat{i} + (1 + \\lambda)\\hat{j} - 3\\hat{k}\\).\n\n**Error:** 1"", '**Reasoning:** The question asks if \\(\\overrightarrow{\\beta}\\) can be expressed as the sum of two vectors \\(\\overrightarrow{\\beta_1}\\) parallel to \\(\\overrightarrow{\\alpha}\\) and \\(\\overrightarrow{\\beta_2}\\) perpendicular to \\(\\overrightarrow{\\alpha}\\). The answer correctly states that \\(\\overrightarrow{\\beta}\\) should satisfy this condition. It then derives the conditions for \\(\\overrightarrow{\\beta_1}\\) and \\(\\overrightarrow{\\beta_2}\\) as per the perpendicularity condition to \\(\\overrightarrow{\\alpha}\\). The steps taken to find \\(\\lambda\\) and subsequently the components of \\(\\overrightarrow{\\beta_1}\\) and \\(\\overrightarrow{\\beta_2}\\) are also correct. There is no apparent error in the derivation or the final result presented in the Answer.\n\n**Error:** 0', '**Reasoning:** The answer seems to contain some logical errors. First, while the notation for parallel and perpendicular vectors might be correct in terms of their definitions, the algebraic manipulations appear to have been made with incorrect coefficients. The final solutions for \\(\\overrightarrow{\\beta}_1\\) and \\(\\overrightarrow{\\beta}_2\\) seem to have been calculated correctly based on the equations derived from the dot product condition, but the coefficients used in the calculations should be rechecked to ensure they match the given conditions. \n\n**Error:** 1', ""**Reasoning:** The answer provided does not contain the necessary steps to solve the vector problem correctly. The answer starts with defining \\(\\vec{\\beta}_1\\) and \\(\\vec{\\beta}_2\\) but does not proceed to find the value of \\(\\lambda\\) correctly. The student's approach to solving for \\(\\lambda\\) is incorrect as it leads to \\(\\lambda = -\\frac{1}{2}\\) instead of \\(\\lambda = \\frac{1}{2}\\). The final expression for \\(\\vec{\\beta}_1\\) and \\(\\vec{\\beta}_2\\) should be corrected to match the correct values derived from the equation.\n\n**Error:** 1""]",5,15,Qwen/Qwen2.5-VL-3B-Instruct,100,0.9495936677167384
"Write four more numbers in the following pattern:
\[
-\frac{1}{3}, -\frac{2}{6}, -\frac{3}{9}, -\frac{4}{12}, \ldots
\]

"," We have,
\[
-\frac{2}{6} = \frac{-1 \times 2}{3 \times 2}, \quad -\frac{3}{9} = \frac{-1 \times 3}{3 \times 3}, \quad -\frac{4}{12} = \frac{-1 \times 4}{3 \times 4}
\]
or
\[
\frac{-1 \times 1}{3 \times 1} = \frac{-1}{3}, \quad \frac{-1 \times 2}{6}, \quad \frac{-2 \times 1}{6}, \quad \frac{-3 \times 1}{9}, \quad \frac{-1 \times 4}{12} = \frac{-4}{12}
\]

Thus, we observe a pattern in these numbers.

The other numbers would be
\[
-\frac{5}{15}, \quad -\frac{1 \times 6}{3 \times 6}, \quad -\frac{6}{18}, \quad -\frac{1 \times 7}{3 \times 7} = \textcolor{red}{-\frac{2}{17}}.
\]

",True,True,True,0.6277052571971504,True,1,"['**Reasoning:** The student\'s solution does not directly address the question ""Write four more numbers in the following pattern."" Instead, it derives a general formula for the sequence using factorials, which is not relevant to the original pattern presented in the problem. The pattern seems to be \\(-\\frac{1}{3}, \\frac{2}{6}, \\frac{3}{9}, \\frac{4}{12}, \\ldots\\). The student incorrectly interprets this as \\(\\frac{n(n+1)}{3n}\\) for \\(n = 1, 2, 3, 4\\), but the correct approach would be to observe the pattern \\(\\frac{n}{3n} = \\frac{1}{3} + \\frac{1}{6} + \\frac{1}{9} + \\frac{1}{12} + \\ldots\\), and then find the next four terms by following the same pattern.\n\n**Error:** 1', '**Reasoning:** The answer incorrectly identifies the pattern as starting from \\(\\frac{-2}{6}\\) instead of \\(\\frac{-1}{3}\\). The question specifies that the first term is \\(\\frac{-1}{3}\\), but the answer starts with \\(\\frac{-2}{6}\\), which is incorrect.\n\n**Error:** 1', '**Reasoning:** The answer contains logical errors. For example, it incorrectly states ""-2/6 = -1×2"" when the correct steps should be derived from the pattern observed in the fractions: -1×2/3×2 = -1/3. Another error is shown in the pattern observation section, where the final step should be -1×5/3×5 instead of -1×4/3×4. These mistakes prevent the solution from being correct.\n\n**Error:** 1', ""**Reasoning:** The Answer incorrectly uses the variable 'y' instead of 'n' in the pattern identification. The correct pattern should be \\(-\\frac{1}{3}, -\\frac{2}{6}, -\\frac{3}{9}, -\\frac{4}{12}, ...\\) and then the next numbers would be \\(-\\frac{5}{15}, -\\frac{6}{18}, -\\frac{7}{21}, -\\frac{8}{24}\\). The use of 'y' instead of 'n' introduces an incorrect pattern.\n\n**Error:** 1"", '**Reasoning:** The solutions for the sequence \\(-\\frac{1}{3}, \\frac{2}{6}, \\frac{3}{9}, \\frac{4}{12}, ...\\) are incorrect because it should be \\(-\\frac{1}{3}, -\\frac{2}{6}, -\\frac{3}{9}, -\\frac{4}{12},...\\) The pattern observed in the correct answer is that each term in the sequence is negative and the numerator increases from 1 to 4 while the denominator is always 3 times the number in the numerator. Therefore, the sequence should start with \\(-\\frac{1}{3}, -\\frac{2}{6}, -\\frac{3}{9}, -\\frac{4}{12},...\\) instead of \\(-\\frac{1}{3}, \\frac{2}{6}, \\frac{3}{9}, \\frac{4}{12},...\\)\n\n**Error:** 1', '**Reasoning:** \nThe answer does not contain any numerical errors. However, there is a logical error in the explanation of the pattern. The student incorrectly states that \\(\\frac{-1 \\times x}{3 \\times n}\\) should equal \\(-\\frac{y}{n}\\), which is incorrect as it does not maintain the same form as the original sequence. For example, \\(\\frac{-1 \\times 2}{3 \\times 2}\\) should be \\(\\frac{-2}{6}\\), but the student writes \\(-\\frac{2}{6}\\). Additionally, the sequence \\(\\frac{-5}{15}, \\frac{-1 \\times 6}{3 \\times 6}, \\ldots\\) does not follow the observed pattern \\(\\frac{-1 \\times n}{3 \\times n}\\).\n\n**Error:** 1\n\n', '**Reasoning:** The answer does not provide four more numbers following the pattern. It only provides explanations of how the fractions were derived from the pattern, but it does not list the next four numbers.\n\n**Error:** 1', '**Reasoning:** The answer provides a sequence of fractions that seem to be derived from a pattern but lacks clear justification for each step. The process shown does not clearly demonstrate how the fractions (-2/6, -3/9, -4/12) are derived from the initial number (-1/3). Additionally, the final part of the answer seems to be incorrect as it lists numbers that do not follow the same pattern as the initial fraction series.\n\n**Error:** 1', '**Reasoning:** The answer contains a logical error. In the pattern described in the question, each term should be \\(-\\frac{1}{3n}\\) where \\(n\\) represents the position of the term in the sequence. However, the solution mistakenly provides terms with incorrect denominators (e.g., \\(\\frac{-2}{6}\\) instead of \\(\\frac{-2}{3 \\times 2}\\)), which do not follow the established pattern.\n\n**Error:** 1', '**Reasoning:** The answer provided contains several logical errors:\n1. The pattern is not being correctly identified or applied.\n2. The calculations for each term are incorrect or incomplete.\n3. The observation of the pattern is not clearly supported by the steps taken.\n\n**Error:** 1', '**Reasoning:** The answer provided does not contain any mathematical errors. All calculations and patterns observed in the solution are correct and align with the question asked.\n\n**Error:** 0', '**Reasoning:** The answer contains a logical error. In the last row, the calculation should be \\(-\\frac{5}{3 \\times 6} = -\\frac{5}{18}\\), but the student incorrectly writes it as \\(\\frac{-5}{18}\\). Additionally, the pattern observed does not match the numbers given in the problem, as the sequence should continue as \\(-\\frac{1}{3}, -\\frac{2}{6}, -\\frac{3}{9}, -\\frac{4}{12}, -\\frac{5}{15}, -\\frac{6}{18}, \\ldots\\). The pattern should be \\(-\\frac{n}{3n}\\) instead of \\(-\\frac{1 \\times n}{3 \\times n}\\).\n\n**Error:** 1', '**Reasoning:** The answer does not correctly identify the pattern in the given sequence of numbers. The sequence is actually \\(\\frac{1}{3}, \\frac{2}{6}, \\frac{3}{9}, \\frac{4}{12}\\). It should be \\(\\frac{1}{3}, \\frac{2}{6}, \\frac{3}{9}, \\frac{4}{12}, \\frac{5}{15}, \\frac{6}{18}, \\frac{7}{21}, \\frac{8}{24}\\). The given pattern suggests a pattern involving multiplication of the numerator by n and the denominator by (n+1), but this is incorrect. Instead, it should be a simple increment in the numerator while keeping the denomi', '**Reasoning:** The solution provided contains several errors. The answer starts with writing the pattern as \\(-\\frac{2}{6}\\) = \\(\\frac{-1 \\times 2}{3 \\times 2}\\), \\(-\\frac{3}{9}\\) = \\(\\frac{-1 \\times 3}{3 \\times 3}\\), etc., but this is incorrect because the pattern should be simplified to \\(\\frac{-1}{3}\\) × n instead of \\(\\frac{-1 \\times n}{3^n}\\). Additionally, the pattern is not correctly extended to the next numbers as \\(-\\frac{5}{15}\\), \\(-\\frac{6}{18}\\), etc., rather than \\(-\\frac{5}{15}\\), \\(-\\frac{6}{24}\\), etc. These errors lead to an incorrect sequence of numbers.\n\n**Error:** 1', '**Reasoning:** The answer includes the term \\(\\frac{5}{15}\\) instead of \\(\\frac{5}{15}\\). There appears to be a typo or oversight in the Answer section, as it states ""-\\(\\frac{5}{15}\\)"" but should be ""\\(-\\frac{5}{15}\\)"". This is the only significant error observed.\n\n**Error:** 0']",5,15,Qwen/Qwen2.5-VL-3B-Instruct,100,1.3897154547004784
"Find the value of \( \left( \frac{2}{3} \right)^{-2} \).

"," 
\[
\left( \frac{2}{3} \right)^{-2} = \frac{2^{-2}}{3^{-2}} = \frac{3^{2}}{2^{2}} = \frac{9}{4} = \textcolor{red}{2.25}
\]

",True,True,False,0.4850940913022115,True,1,"['**Reasoning:** The answer incorrectly simplifies \\left(\\frac{2}{3}\\right)^{-2} to \\frac{9}{1} instead of \\frac{3^2}{2^2}, which should be \\frac{9}{4}. The correct simplification would be \\left(\\frac{2}{3}\\right)^{-2} = \\left(\\frac{3}{2}\\right)^{2} = \\frac{3^2}{2^2} = \\frac{9}{4} = 2.25.\n\n**Error:** 1', '**Reasoning:** The answer incorrectly simplifies \\left(\\frac{2}{3}\\right)^{-2} to \\frac{2^{-2}}{3^{-2}} instead of \\frac{3^2}{2^2}. This results in \\frac{9}{4} = 2.25, but since the original expression is \\left(\\frac{2}{3}\\right)^{-2}, it should be simplified as \\frac{3^2}{2^2} = \\frac{9}{4}, which equals 2.25 correctly.\n\n**Error:** 0', '**Reasoning:**\n\nThe answer provided shows an error in the calculation of \\((\\frac{2}{3})^{-2}\\). The mistake occurs when simplifying the expression \\(\\frac{2^{-2}}{3^{-2}}\\). According to the rules of exponents, \\(a^{-n} = \\frac{1}{a^n}\\). Therefore, \\(2^{-2} = \\frac{1}{2^2} = \\frac{1}{4}\\) and \\(3^{-2} = \\frac{1}{3^2} = \\frac{1}{9}\\). Substituting these values into the expression gives \\(\\frac{\\frac{1}{4}}{\\frac{1}{9}}\\). When dividing fractions, we multiply by the reciprocal, so this becomes \\(\\frac{1}{4} \\times \\frac{9}{1} = \\frac{9}{4}\\). \n\nHowever, the given answer incorrectly simplifies back to \\(\\frac{9}{7}\\), which is incorrect given the steps taken.\n\n**Error:** 1', '**Reasoning:** The answer does not correctly apply the exponent rules. The expression \\((\\frac{2}{3})^{-2}\\) can be simplified as follows:\n\\[\n(\\frac{2}{3})^{-2} = (\\frac{3}{2})^2 = \\frac{3^2}{2^2} = \\frac{9}{4} = 2.25\n\\]\nHowever, the step \\((\\frac{2}{3})^{-2} = \\frac{2-2}{3-2}\\) is incorrect because it should be \\((\\frac{2}{3})^{-2} = (\\frac{3}{2})^2\\). \n\n**Error:** 1', '**Reasoning:** The answer incorrectly simplifies \\left(\\frac{2}{3}\\right)^{-2} as \\frac{2^{-2}}{3^{-2}} instead of correctly calculating it as \\frac{3^2}{2^2} = \\frac{9}{4}. Therefore, the solution is incorrect.\n\n**Error:** 1', '**Reasoning:** The answer incorrectly simplifies \\((\\frac{2}{3})^{-2}\\) by changing it to \\(\\frac{2^{-2}}{3^{-2}}\\) instead of \\(\\frac{2^2}{3^2}\\). \n\n**Error:** 1', '**Reasoning:** The answer incorrectly simplifies \\((\\frac{2}{3})^{-2}\\) by taking the reciprocal of the fraction \\(\\frac{2}{3}\\) instead of applying the negative exponent rule properly. Specifically, the correct step would be \\((\\frac{2}{3})^{-2} = (\\frac{3}{2})^2 = \\frac{9}{4} = 2.25\\). Therefore, the answer provided is incorrect because it reverses the exponent operation.\n\n**Error:** 1', '**Reasoning:** The error is present in the Answer. In the last step, the calculation \\(\\frac{3^2}{2^2}\\) should be simplified correctly to \\(\\frac{9}{4}\\), but the answer in the solution is written as \\(\\frac{9}{7}\\). This indicates a mistake in simplifying the fraction.\n\n**Error:** 1', '**Reasoning:** The answer contains a mistake in the calculation of \\left(\\frac{2}{3}\\right)^{-2}. In the given work, it is incorrectly written as \\frac{2^{-2}}{3^{-2}}, but the correct form should be \\frac{(3)^2}{(2)^2} = \\frac{9}{4} = 2.25. The denominator is incorrect in the second step of the solution.\n\n**Error:** 1', '**Reasoning:** The answer provided has two mistakes. First, the exponentiation rule used is incorrect. The correct rule for negative exponents is \\((\\frac{a}{b})^{-n} = \\frac{b^n}{a^n}\\). However, in the answer, it used \\(2^{-2} = \\frac{3^2}{2^2}\\) instead of the correct form. Second, the final step should be \\(\\frac{9}{4} = 2.25\\) instead of simply \\(\\frac{9}{1}\\). Therefore, the answer contains two errors.\n\n**Error:** 1', '**Reasoning:** The answer contains a mistake in the calculation process. The expression \\(\\left( \\frac{2}{3} \\right)^{-2}\\) should be simplified as \\(\\left( \\frac{3}{2} \\right)^2\\), which equals \\(\\frac{9}{4}\\). However, the answer provided incorrectly simplifies this to \\(2.25\\), which is incorrect.\n\n**Error:** 1', '**Reasoning:** The answer presented has a mistake in the exponentiation process. The expression \\((\\frac{2}{3})^{-2}\\) should be interpreted as \\(\\left(\\frac{2}{3}\\right)^{-2} = \\left(\\frac{3}{2}\\right)^{2}\\), not \\(\\frac{2^{-2}}{3^{-2}}\\). The exponent rule for negative exponents states that \\(a^{-n} = \\frac{1}{a^n}\\), so \\((\\frac{2}{3})^{-2} = (\\frac{3}{2})^2\\) would correctly simplify to \\(\\frac{9}{4}\\), which is equal to 2.25, not what was written.\n\n**Answer:** 0', '**Reasoning:** The Answer provided contains an error in the calculation. According to the correct method for finding the value of \\left(\\frac{2}{3}\\right)^{-2}, it should first be simplified as follows:\n\\begin{align*}\n\\left(\\frac{2}{3}\\right)^{-2} &= \\left(\\frac{3}{2}\\right)^2 \\\\\n&= \\frac{3^2}{2^2} \\\\\n&= \\frac{9}{4} \\\\\n&= 2.25\n\\end{align*}\nHowever, the Answer incorrectly calculates it as \\frac{2^2}{3^2} = \\frac{9}{4} = 2.25, which is incorrect because the negative exponent means we take the reciprocal of the base raised to the positive power.\n\nTherefore, there is an error in the Answer.\n\n**Error:** 1', ""**Reasoning:** The answer incorrectly interprets the negative exponent rule. The correct form should be \\( \\left(\\frac{2}{3}\\right)^{-2} = \\left(\\frac{3}{2}\\right)^2 \\), not \\( \\left(\\frac{2}{3}\\right)^{-2} = \\frac{2^{-2}}{3^{-2}} \\). The denominator's exponent should remain inside the fraction.\n\n**Error:** 1"", '**Reasoning:** The answer provided contains an error. In the expression \\(\\left(\\frac{2}{3}\\right)^{-2}\\), the exponent should be subtracted from the denominator, not added to the numerator. The correct calculation should be: \\(\\left(\\frac{2}{3}\\right)^{-2} = \\frac{3^2}{2^2} = \\frac{9}{4}\\). \n\n**Error:** 1']",5,15,Qwen/Qwen2.5-VL-3B-Instruct,100,0.24493002679463532
"The volume of a cube is increasing at a rate of 9 cubic centimetres per second. How fast is the surface area increasing when the length of an edge is 10 centimetres?

"," Let \( x \) be the length of a side, \( V \) be the volume, and \( S \) be the surface area of the cube. Then, \( V = x^3 \) and \( S = 6x^2 \), where \( x \) is a function of time \( t \).

Now,
\[
\frac{dV}{dt} = 9 \, \text{cm}^3/\text{s} \quad \text{(Given)}
\]

Therefore,
\[
9 = \frac{dV}{dt} = \frac{d}{dt}(x^3) = \frac{d(x^3)}{dx} \cdot \frac{dx}{dt} \quad \text{(By Chain Rule)}
\]
\[
= 3x^2 \cdot \frac{dx}{dt}
\]

or
\[
\frac{dx}{dt} = \frac{3}{\textcolor{red}{y}^2} \quad \text{... (1)}
\]

Now,
\[
\frac{dS}{dt} = \frac{d}{dt}(6x^2) = \frac{d(6x^2)}{dx} \cdot \frac{dx}{dt} \quad \text{(By Chain Rule)}
\]
\[
= 12x \cdot \left(\frac{3}{\textcolor{red}{y}^2}\right) = \frac{36}{x} \quad \text{(Using (1))}
\]

Hence, when \( \textcolor{red}{y} = 10 \, \text{cm} \),
\[
\frac{dS}{dt} = \frac{36}{10} = 3.6 \, \text{cm}^2/\text{s}
\]

",True,True,True,0.7298712099831165,True,1,"['**Reasoning:** The mistake appears in the step where the derivative of \\(V\\) with respect to \\(t\\) is calculated from the given rate of change of volume. The incorrect approach should be \\(\\frac{dV}{dt} = g\\), but then using chain rule to find \\(\\frac{dx}{dt}\\) from \\(\\frac{dV}{dt}\\) involves the derivative of \\(v^3\\) with respect to \\(x\\), not just multiplying by \\(2x\\). The correct calculation is \\(\\frac{dV}{dt} = 3x^2 \\cdot \\frac{dx}{dt}\\), not merely \\(3x^2\\), leading to an incorrect expression for \\(\\frac{dx}{dt}\\).\n\n**Error:** 1', '**Reasoning:** The answer correctly calculates the rate of change of surface area with respect to time using the chain rule. However, the final calculation for the surface area change when the edge length is 10 cm is incorrect. The expression for the rate of change of surface area should be:\n\\[\n\\frac{dS}{dt} = \\frac{d(6x^2)}{dx} \\cdot \\frac{dx}{dt} = 12x \\cdot \\left(\\frac{dx}{dt}\\right)\n\\]\nGiven \\( x = 10 \\) cm and \\( \\frac{dx}{dt} = \\frac{3}{12} \\) (from equation ①), we should calculate:\n\\[\n\\frac{dS}{dt} = 12 \\cdot 10 \\cdot \\left(\\frac{3}{12}\\right) = 30 \\text{ cm}^2/\\text{s}\n\\]\nTherefore, the correct answer should be 30 cm²/s, not 3.6 cm²/s as written.\n\n**Error:** 1', '**Reasoning:** The problem involves finding the rate at which the surface area of a cube is changing when its volume is increasing at a rate of \\(9\\) cubic centimeters per second. The solution provided correctly identifies the relationships between the volume \\(V\\), surface area \\(S\\), and side length \\(x\\) of the cube, but it contains a logical error in calculating the rate of change of the surface area relative to time. Specifically, the chain rule is applied incorrectly in the final step where \\(\\frac{ds}{dt}\\) is calculated from \\(\\frac{dV}{dt} = 3x^2 \\cdot \\frac{dx}{dt}\\). This leads to the conclusion that \\(\\frac{ds}{dt} = 36 \\frac{cm^2}{s}\\), which contradicts the expected result. The correct application of the chain rule would be \\(\\frac{ds}{dt} = 12x \\cdot \\frac{dx}{dt}\\), resulting in \\(\\frac{ds}{dt} = 12 \\cdot 10 \\cdot \\frac{3}{10} = 36 \\frac{cm^2}{s}\\), which is indeed the expected result.\n\n**Error:** 1', '**Reasoning:** The answer does not seem to be entirely coherent in terms of notation and mathematical operations used. It appears that the derivative of \\(x^3\\) with respect to \\(x\\) should be \\(3x^2\\), but it is written as \\(d(x^3)/dx = dx/dt\\), which is incorrect because it suggests differentiation with respect to time instead of \\(x\\).\n\n**Error:** 1', ""**Reasoning:** The answer appears to be correct. Let's break it down:\n\n1. The question asks how fast the surface area is increasing when the length of the edge is 10 centimeters.\n2. The answer correctly follows the steps:\n   - It defines \\(x\\) as the length of a side.\n   - It defines \\(v\\) as the volume and \\(s\\) as the surface area of the cube.\n   - It uses the fact that the volume \\(v = x^3\\).\n   - It correctly derives \\(\\frac{dv}{dt} = 9 \\text{ cm}^3/\\text{s}\\) using the chain rule.\n   - It then calculates \\(\\frac{dx}{dt}\\) from \\(\\frac{dv}{dt}\\).\n   - It correctly derives the surface area \\(s = 6x^2\\) and uses the chain rule to find \\(\\frac{ds}{dt}\\).\n   - Finally, it evaluates \\(\\frac{ds}{dt}\\) when \\(x = 10 \\text{ cm}\\).\n\nThe calculations and logic flow logically from the question to the final answer.\n\n**Error:** 0"", ""**Reasoning:**\nThe answer provided includes several steps involving differentiation and substitution. The computation seems correct up to a certain point, but there's a potential mistake in calculating \\(\\frac{ds}{dt}\\) when substituting \\(x = 10\\).\n\nFirstly, in the expression derived for \\(\\frac{dx}{dt}\\), it was correctly calculated as \\(\\frac{3}{12} = \\frac{1}{4}\\). However, when substituting this value into \\(\\frac{ds}{dt} = 12x \\cdot (\\frac{3}{12}) - \\frac{36}{x}\\), the correct calculation should be:\n\\[ \\frac{ds}{dt} = 12 \\cdot 10 \\cdot \\frac{1}{4} - \\frac{36}{10} = 30 - 3.6 = 26.4 \\]\n\nSince the final answer given is 3.6 cm²/s, which does not match the calculated value of 26.4 cm²/s when substituting \\(x = 10\\), there is an error in the answer.\n\n**Error:** 1"", '**Reasoning:** The calculation in the Answer appears to be correct. The volume is increasing at a rate of \\(9 \\text{ cubic centimeters per second}\\) and the edge length is \\(10 \\text{ centimeters}\\). The surface area of a cube with side length \\(x\\) is \\(6x^2\\). Using the chain rule, we can find the rate of change of the surface area with respect to time. The derivative of the surface area with respect to time is \\(12x \\cdot \\frac{dx}{dt} = 12 \\cdot 10 \\cdot 3 = 360 \\text{ square centimeters per second}\\). Therefore, the solution seems to be correct.\n\n**Error:** 0', '**Reasoning:** The answer provided does not contain any mathematical calculation mistakes, but it appears to be missing a step in finding the surface area derivative when the side length is 10 cm. The chain rule applied correctly for the volume derivative, but the surface area derivative should be derived similarly by differentiating the surface area formula with respect to time.\n\n**Error:** 0', '**Reasoning:** The student correctly identifies that the volume \\( V \\) of a cube with side length \\( x \\) is given by \\( V = x^3 \\). They also correctly state that the surface area \\( S \\) of the cube is given by \\( S = 6x^2 \\). However, the student then incorrectly differentiates the volume equation and uses the chain rule to find the rate of change of \\( x \\) with respect to time \\( t \\). Instead, they should differentiate the surface area equation with respect to time \\( t \\) to find the rate of change of the surface area. The correct approach is to differentiate \\( S = 6x^2 \\) with respect to time \\( t \\) using the chain rule, resulting in \\( \\frac{dS}{dt} = 12x \\cdot \\frac{dx}{dt} \\). Substituting \\( \\frac{dx}{dt} = \\frac{3}{4} \\) from step ①, they should correctly compute \\( \\frac{dS}{dt} \\) as \\( 12x \\cdot \\frac{3}{4} \\), leading to the final answer of \\( 36 \\cdot \\frac{1}{4} = 9 \\, \\text{cm}^2/\\text{s} \\).\n\n**Error:** 1', ""**Reasoning:** \nIn the first part of the answer, the expression \\(\\frac{dV}{dt}\\) is correctly written as \\(3x^2\\frac{dx}{dt}\\), but then it uses chain rule incorrectly by writing \\(\\frac{d(x^3)}{dx}\\) instead of \\(\\frac{d(x^3)}{dt}\\). This results in an incorrect derivative involving t.\n\nIn the second part, the calculation of \\(\\frac{ds}{dt}\\) seems correct, but it's important to note that the result should be multiplied by dx/dt. The derivative of x with respect to time should be substituted into the formula. The equation used to find \\(\\frac{ds}{dt}\\) is \\(-12x \\cdot \\frac{3}{y^2}\\), where y should be the derivative of x with respect to t if we use the chain rule correctly.\n\n**Error:** 1"", '**Reasoning:** The student has correctly set up the differential equation for the volume of the cube with respect to time, using the chain rule as shown. However, when finding the rate of change of the surface area \\( \\frac{ds}{dt} \\) with respect to time, the student incorrectly assumes that the volume \\( V \\) is changing at a constant rate of 9 cubic centimeters per second instead of differentiating the volume with respect to time directly. The correct approach should be to differentiate the volume with respect to time, then apply the chain rule to relate it to the surface area.\n\n**Error:** 1', '**Reasoning:** The answer contains correct steps up to the point where it calculates the rate of change of surface area with respect to time when the side length of the cube is 10 cm. However, there seems to be a logical error in the final step. The correct value for the rate of change of surface area should be calculated using the chain rule and the derivative of the surface area function with respect to time. The chain rule was correctly applied earlier, but the value for \\(\\frac{ds}{dt}\\) should be recalculated considering the derivative at \\(x=10\\) cm. The calculation provided does not seem to account for this. \n\n**Error: 1**', '**Reasoning:** The answer contains logical errors. The volume \\( V \\) of a cube is given as \\( V = x^3 \\). When differentiating with respect to time \\( t \\), we should use the chain rule: \\( \\frac{dV}{dt} = 3x^2 \\frac{dx}{dt} \\). The step from \\( 3x^2 \\frac{dx}{dt} \\) to \\( \\frac{dx}{dt} = \\frac{3}{y^2} \\) is incorrect because it should be \\( \\frac{dx}{dt} = \\frac{3}{9} = \\frac{1}{3} \\). The correct value of \\( \\frac{dx}{dt} \\) when \\( y = 9cm \\) is \\( \\frac{1}{3} \\cdot \\frac{1}{10} = \\frac{1}{30} \\). Therefore, the derivative of surface area with respect to time should be \\( 12x \\cdot \\frac{1}{30} \\cdot 9 = 3.6 \\) cm^2/s.\n\n**Error:** 1', '**Reasoning:** The answer provided does not include the final step of substituting x = 10 cm into the equation \\(\\frac{ds}{dt} = 36\\). This is necessary to find the actual rate of change of surface area when the edge length is 10 cm.\n**Error:** 1', '**Reasoning:** In the first step, the answer incorrectly multiplies \\(3x^2\\) by \\(\\frac{dx}{dt}\\) instead of dividing \\(\\frac{dx}{dt}\\) by \\(3x^2\\). The correct approach should be to divide \\(\\frac{dx}{dt}\\) by \\(3x^2\\).\n\n**Error:** 1']",5,15,Qwen/Qwen2.5-VL-3B-Instruct,100,1.3897154547004784
"Find the conjugate of 
\[
\frac{(3-2i)(2+3i)}{(1+2i)(2-i)}.
\]

"," We have, 
\[
\frac{(3-2i)(2+3i)}{(1+2i)(2-i)} = \frac{12 + 5i}{4 + 3i} \times \frac{4 - 3i}{4 - 3i} = \textcolor{red}{\frac{48 - 36i + 20i + 15}{16 + 9}} = \frac{63 - 16i}{25} = \textcolor{red}{\frac{6 + 9i - 4i + 6}{2 - i + 4i + 2}}.
\]
Therefore, the conjugate of 
\[
\frac{(3-2i)(2+3i)}{(1+2i)(2-i)} 
\]
is 
\[
\frac{63}{25} + \frac{16}{25} i.
\]

",True,True,True,0.3926744672275521,True,0,"['**Reasoning:** \n\nThe solution includes some algebraic steps that seem correct but leads to an incorrect final result. Specifically, when simplifying the expression, the product seems to have been calculated incorrectly. The first step involves multiplying the numerators and denominators correctly, resulting in:\n\n\\[\n\\frac{(3 - 2i)(2 + 3i)}{(1 + 2i)(2 - i)} = \\frac{6 + 9i}{4 + 3i} \\times \\frac{4 - 3i}{4 - 3i}\n\\]\n\nMultiplying these fractions correctly should yield:\n\n\\[\n\\frac{(6 + 9i)(4 - 3i)}{(4 + 3i)(4 - 3i)}\n\\]\n\nExpanding this gives \\( 24 - 18i + 36i - 27i^2 \\). Since \\( i^2 = -1 \\), the equation becomes \\( 24 + 18i + 27 \\) because \\( -27(-1) = 27 \\).\n\nHence,\n\n\\[\n= \\frac{51 + 18i}{4 + 3i}\n\\]\n\nHowever, the answer incorrectly multiplies the denominator by its conjugate before simplifying, leading to an erroneous final result.\n\n**Error:** 1', '**Reasoning:** The answer does not include the conjugate of the expression. Instead, it simplifies the expression but does not correctly state the final result as the conjugate. The correct answer should be \\(\\frac{63}{25} + \\frac{16}{25}i\\), which is the conjugate of the simplified form.\n\n**Error:** 1', '**Reasoning:** The answer does not contain any computational errors; however, it appears that the final step should express the conjugate of the simplified fraction directly rather than showing the intermediate step. The Answer shows the intermediate steps but fails to correctly state the final answer as the conjugate of the simplified form.\n\n**Error:** 1', '**Reasoning:** The answer provided does not correctly simplify the expression to find the conjugate. The calculation should focus on simplifying the numerator and denominator separately before finding the conjugate. The provided answer incorrectly combines terms in a way that does not align with standard algebraic operations for complex numbers.\n\n**Error:** 1', '**Reasoning:** The answer provided seems to have some computational mistakes. For example, when simplifying \\(\\frac{(3 - 2i)(2 + 3i)}{(1 + 2i)(2 - i)}\\), it incorrectly states that \\(\\frac{48 - 36i + 20i + 15}{16 + 9}\\) equals \\(\\frac{63 - 16i}{25} = \\frac{6 + 9i - 4i + 6}{2 - i + 4i + 2}\\). These simplifications do not hold true. Additionally, the final result given does not correctly represent the conjugate of the original expression, as it assumes the complex numbers are simplified incorrectly.\n\n**Error:** 1', '**Reasoning:** The answer incorrectly simplifies the complex fraction by multiplying the numerators and denominators separately and then dividing the resulting products. This approach does not yield the correct conjugate of the original complex fraction. The correct approach involves simplifying the fraction first by multiplying the numerator and the denominator by the conjugate of the denominator, then multiplying the numerators and the denominators, and finally dividing the resulting product.\n\n**Error:** 1', '**Reasoning:** \nThe answer provided shows some arithmetic mistakes. First, when calculating the product \\(\\frac{(3-2i)(2+3i)}{(1+2i)(2-i)}\\), the denominator should be simplified correctly. The correct denominator should be \\((1+2i)(2-i)\\), not \\((4+3i)(4-3i)\\). Second, the numerator should be calculated as \\((3-2i)(2+3i) = 6 + 9i - 4i - 6i^2 = 6 + 5i + 6\\) because \\(i^2 = -1\\). Therefore, the numerator is actually \\(12 + 5i\\), not \\(12 + 5i^2\\). The denominator calculation in the second part also has a mistake; it should be \\(\\frac{6i}{2} = 3i\\) instead of \\(2-4i\\).\n\n**Error:** 1', '**Reasoning:**\nIn the Answer, the step involving the multiplication of the complex numbers seems correct. However, there is an error in the simplification of the final expression. The answer provided does not properly simplify the result to a standard form of a complex number with real and imaginary parts.\n\n**Error:** 1', '**Reasoning:** The answer does not appear to be complete or correct in terms of the steps involved in finding the conjugate of a complex fraction. The intermediate steps seem to have been incorrectly performed or omitted, leading to an incorrect final result. Specifically, the multiplication of the numerators and denominators should be done correctly before simplifying, but this step seems to be missing or incorrect.\n\n**Error:** 1', '**Reasoning:** The answer seems correct. The given Answer correctly follows the steps shown in the given image to find the conjugate of the complex fraction. No errors are found in the calculations or the final result.\n\n**Error:** 0', '**Reasoning:** The answer shows a step-by-step calculation but incorrectly factors out the conjugate terms in the denominator. Specifically, the denominator \\((1+2i)(2-i)\\) should remain as it is, not be factored out with the numerator. This results in an incorrect simplification leading to the incorrect final answer.\n\n**Error:** 1', '**Reasoning:** The error lies in the final step of simplifying the expression. The step should be:\n\\[\n\\frac{63}{25} + \\frac{16}{25}i\n\\]\nHowever, the answer provided is incorrect as it simplifies to:\n\\[\n-\\frac{16}{25} - \\frac{9}{25}i\n\\]\nThis is because the conjugate of \\(\\frac{63}{25} + \\frac{16}{25}i\\) is \\(-\\frac{63}{25} - \\frac{16}{25}i\\), not \\(-\\frac{16}{25} - \\frac{9}{25}i\\).\n\n**Error:** 1', '**Reasoning:** The answer process involves finding the conjugate of a complex fraction. According to the rules of complex numbers, the conjugate of a product of two complex numbers {a + bi} and {c + di} is obtained by multiplying each term with its conjugate. The correct approach should include conjugation for both the numerator and the denominator separately before taking their product. However, the answer does not correctly conjugate the terms as expected.\n\n**Error:** 1', '**Reasoning:** The answer provided shows a step-by-step calculation of finding the conjugate of a complex fraction. However, there seems to be a misunderstanding in the final simplification process. The expression \\(\\frac{63-16i}{25} + \\frac{16}{25}i\\) should actually be simplified by combining the real and imaginary parts separately:\n\\[\n\\frac{63}{25} - \\frac{16}{25}i\n\\]\nThis is because the conjugate of a complex number \\(a + bi\\) is \\(a - bi\\). Therefore, the correct answer should simplify to \\(\\frac{63}{25} - \\frac{16}{25}i\\).\n\n**Error:** 1', '**Reasoning:** The Answer provided does not contain any mathematical errors. The steps to find the conjugate of the given complex fraction are correctly executed, including the multiplication and simplification of the numerator and denominator. The final answer is presented without any inconsistencies or mistakes in mathematical operations.\n\n**Error:** 0']",5,15,Qwen/Qwen2.5-VL-3B-Instruct,100,0.48509409130221154
"Find the direction cosines of the line passing through the two points $(-2, 4, -5)$ and $(1, 2, 3)$.

"," We know the direction cosines of the line passing through two points $P(x_1, y_1, z_1)$ and $Q(x_2, y_2, z_2)$ are given by

\[
\frac{x_2 - x_1}{PQ}, \quad \frac{y_2 - y_1}{PQ}, \quad \frac{z_2 - z_1}{PQ}
\]

where 

\[
PQ = \sqrt{(x_2 - x_1)^2 + (y_2 - y_1)^2 + (z_2 - z_1)^2}
\]

Here, $P$ is $(-2, 4, -5)$ and $Q$ is $(1, 2, 3)$. 

So 

\[
PQ = \sqrt{(1 - (-2))^2 + (2 - 4)^2 + (3 - (-5))^2} = \sqrt{77}
\]

Thus, the \textcolor{red}{direction ratios} of the line joining two points is 

\[
\frac{3}{\sqrt{77}}, \quad \frac{-2}{\sqrt{77}}, \quad \frac{8}{\sqrt{77}}.
\]

",True,True,True,0.5799151714181009,True,0,"['**Reasoning:** The student has made a mistake in calculating the magnitude of the vector PQ. In the solution, they should calculate the square root of the sum of the squares of the differences between the coordinates of points P and Q, which is \\(\\sqrt{(1 - (-2))^2 + (2 - 4)^2 + (3 - (-5))^2} = \\sqrt{7^2 + (-2)^2 + 8^2} = \\sqrt{49 + 4 + 64} = \\sqrt{117}\\). However, the answer given is \\(\\sqrt{77}\\), which is incorrect. Therefore, there is an error in the calculation of the magnitude of the vector PQ.\n\n**Error:** 1', '**Reasoning:** There is an apparent mistake in the calculation of \\(PQ\\). The correct calculation should be based on the coordinates of points \\((-2, 4, -5)\\) and \\((1, 2, 3)\\). The correct expression for \\(PQ\\) is \\(\\sqrt{(1 - (-2))^2 + (2 - 4)^2 + (3 - (-5))^2}\\), which simplifies to \\(\\sqrt{9 + 4 + 64} = \\sqrt{77}\\). The answer then should use this value to calculate the direction cosines as \\(\\frac{3}{\\sqrt{77}}, \\frac{-2}{\\sqrt{77}}, \\frac{8}{\\sqrt{77}}\\).\n\n**Error:** 1', '**Reasoning:** The answer provided contains a logical error. In the calculation of the direction cosines, the magnitude of the vector \\(\\overrightarrow{PQ}\\) should be found first before calculating the direction cosines.\n\nThe correct way to find the magnitude of the vector \\(\\overrightarrow{PQ}\\) is:\n\\[\n|\\overrightarrow{PQ}| = \\sqrt{(x_2 - x_1)^2 + (y_2 - y_1)^2 + (z_2 - z_1)^2}\n\\]\nSubstituting the values from the points \\(P(-2, 4, -5)\\) and \\(Q(1, 2, 3)\\):\n\\[\n|\\overrightarrow{PQ}| = \\sqrt{(1 - (-2))^2 + (2 - 4)^2 + (3 - (-5))^2} = \\sqrt{3^2 + (-2)^2 + 8^2} = \\sqrt{9 + 4 + 64} = \\sqrt{77}\n\\]\n\nTherefore, the magnitude of \\(\\overrightarrow{PQ}\\) is \\(\\sqrt{77}\\), not \\(\\sqrt{7}\\).\n\n**Error:** 1', ""**Reasoning:** \nThe answer provided includes a step where it calculates the distance \\(PQ\\) using the formula \\(PQ = \\sqrt{(x_2 - x_1)^2 + (y_2 - y_1)^2 + (z_2 - z_1)^2}\\). However, this formula is incorrect for calculating the direction cosines of a line passing through two points in three-dimensional space. The correct formula for direction cosines involves the unit vector from point P to point Q, which is given by \\(\\frac{\\vec{PQ}}{\\|\\vec{PQ}\\|}\\).\n\nLet's evaluate the steps:\n1. The formula for direction cosines should have been \\(\\frac{x_2 - x_1}{\\sqrt{(x_2 - x_1)^2 + (y_2 - y_1)^2 + (z_2 - z_1)^2}}\\), \\(\\frac{y_2 - y_1}{\\sqrt{(x_2 - x_1)^2 + (y_2 - y_1)^2 + (z_2 - z_1)^2}}\\), and \\(\\frac{z_2 - z_1}{\\sqrt{(x_2 - x_1)^2 + (y_2 - y_1)^2 + (z_2 - z_1)^2}}\\).\n2. The distance calculation for PQ was not done correctly since it should be based on the magnitude of the vector difference between the points P and Q.\n3. The final direction cosines were calculated as \\(\\frac{3}{\\sqrt{77}}\\), \\(\\frac{-2}{\\sqrt{77}}\\), and \\(\\frac{8}{\\sqrt{77}}\\), which are correct if they are normalized vectors.\n\nOverall, while most steps seem correct, the initial distance calculation is incorrect. Therefore, the final result, though correct in terms of the question asked, has an error in the approach used for calculating the distance.\n\n**Error:** 1"", '**Reasoning:** The answer attempts to calculate the direction cosines of the line passing through two points but has made a mistake in the calculation of the magnitude of \\(\\overrightarrow{PQ}\\). The correct formula to find \\(|\\overrightarrow{PQ}|\\) should be \\(\\sqrt{(x_2 - x_1)^2 + (y_2 - y_1)^2 + (z_2 - z_1)^2}\\). However, the answer incorrectly calculates it as \\(\\sqrt{(1 - (-2))^2 + (2 - 4)^2 + 3 - (-5))^2}\\), which simplifies to \\(\\sqrt{3^2 + 2^2 + 8^2}\\) instead of \\(\\sqrt{77}\\). This results in incorrect direction cosines being calculated.\n\n**Error:** 1', '**Reasoning:** The answer has several errors. First, the direction cosines formula should be \\(\\frac{x_2 - x_1}{PQ}, \\frac{y_2 - y_1}{PQ}, \\frac{z_2 - z_1}{PQ}\\) instead of \\(\\frac{z_2 - z_1}{PQ}\\). Second, the calculation of \\(PQ\\) is incorrect. The correct value of \\(PQ\\) is \\(\\sqrt{(x_2 - x_1)^2 + (y_2 - y_1)^2 + (z_2 - z_1)^2}\\) with \\(P = (-2, 4, -5)\\) and \\(Q = (1, 2, 3)\\), resulting in \\(PQ = \\sqrt{(-2 - 1)^2 + (4 - 2)^2 + (-5 - 3)^2} = \\sqrt{9 + 4 + 64} = \\sqrt{77}\\). Third, the final direction ratios should be \\(\\frac{3}{\\sqrt{77}}, \\frac{-2}{\\sqrt{77}}, \\frac{8}{\\sqrt{77}}\\) instead of \\(\\frac{3}{\\sqrt{77}}, \\frac{-2}{\\sqrt{77}}, \\frac{8}{\\sqrt{77}}\\).\n\n**Error:** 1', '**Reasoning:** The answer contains an error in calculating PQ. The formula for PQ should be \\(\\sqrt{(x_2 - x_1)^2 + (y_2 - y_1)^2 + (z_2 - z_1)^2}\\). However, the calculation provided uses \\(PQ = \\sqrt{(1 - (-2))^2 + (2 - 4)^2 + 3 - (-5))^2}\\), which is incorrect because it does not use the correct coordinates from the points P and Q.\n\n**Error:** 1', '**Reasoning:** The Answer does not follow the correct formula for finding direction cosines. The formula should be \\(\\frac{x - x_1}{PQ}, \\frac{y - y_1}{PQ}, \\frac{z - z_1}{PQ}\\) instead of \\(\\frac{x_2 - x_1}{PQ}, \\frac{y_2 - y_1}{PQ}, \\frac{z_2 - z_1}{PQ}\\). Moreover, the calculation of \\(PQ\\) seems incorrect; it should be calculated as \\(\\sqrt{(x_2 - x_1)^2 + (y_2 - y_1)^2 + (z_2 - z_1)^2}\\). The answer also incorrectly states the direction ratios as \\(\\frac{3}{\\sqrt{77}}, \\frac{-2}{\\sqrt{77}}, \\frac{8}{\\sqrt{77}}\\), which do not match the correct direction cosines calculated from the points given.\n\n**Error:** 1', '**Reasoning:** The provided answer starts correctly with the formula for direction cosines of a line passing through two points. However, after calculating PQ, the subsequent part of the explanation appears to be a mistake. The value calculated for PQ should be \\(\\sqrt{77}\\) instead of \\(\\sqrt{77}^2\\). This is because the direction cosines are ratios, not squares of their absolute values. Therefore, the correct formula for the direction cosines should involve the square root of 77, not its square.\n\n**Error:** 1', '**Reasoning:** The answer provides a correct method to calculate the direction cosines of the line joining two points, but there seems to be a logical issue with the interpretation of the coordinates used. The question asks for the direction cosines of the line passing through the points \\((-2,4,-5)\\) and \\((1,2,3)\\). However, the answer starts by using the coordinates \\((x_1, y_1, z_1)\\) and \\((x_2, y_2, z_2)\\), which suggests a misunderstanding or misinterpretation of the given points. The correct interpretation should use the original points as \\((x_1, y_1, z_1)\\) and \\((x_2, y_2, z_2)\\). The answer then correctly calculates \\(PQ\\) and proceeds to find the direction cosines, but this step seems unnecessary since it appears to be applying it to the wrong points.\n\n**Error:** 0', '**Reasoning:** The answer does not contain any obvious mathematical errors. However, it is missing the final step of calculating the direction cosines, which is the ratio of each component to the total distance PQ. The result should be \\(\\left(\\frac{3}{\\sqrt{77}}, \\frac{-2}{\\sqrt{77}}, \\frac{8}{\\sqrt{77}}\\right)\\). The intermediate steps, such as finding the distance PQ, appear correct.\n\n**Error:** 0', '**Reasoning:** The answer provided does not match the standard formula for finding direction cosines of a line passing through two points. The correct formula should be \\(\\frac{x_2 - x_1}{\\sqrt{(x_2 - x_1)^2 + (y_2 - y_1)^2 + (z_2 - z_1)^2}}\\). The denominator in the given answer should be the length of the vector PQ, which is a scalar, not the square root of the sum of squared differences of coordinates. This discrepancy indicates an error in the calculation of the direction cosines.\n\n**Error:** 1', '**Reasoning:** The answer to the question is correct. The direction cosines of the line passing through two points \\((-2, 4, -5)\\) and \\((1, 2, 3)\\) are indeed calculated correctly using the formula:\n\\[\n\\frac{x_{2}-x_{1}}{PQ}, \\frac{y_{2}-y_{1}}{PQ}, \\frac{z_{2}-z_{1}}{PQ}\n\\]\nwhere \\(PQ = \\sqrt{(x_{2}-x_{1})^2 + (y_{2}-y_{1})^2 + (z_{2}-z_{1})^2}\\). Substituting the given points, we get:\n\\[\nPQ = \\sqrt{(1-(-2))^2 + (2-4)^2 + (3-(-5))^2} = \\sqrt{7^2 + (-2)^2 + 8^2} = \\sqrt{49 + 4 + 64} = \\sqrt{117}\n\\]\nThus, the direction cosines are:\n\\[\n\\frac{3}{\\sqrt{117}}, \\frac{-2}{\\sqrt{117}}, \\frac{8}{\\sqrt{117}}\n\\]\nThere are no apparent errors in the calculations or the application of the formula.\n\n**Error:** 0', '**Reasoning:** The answer seems correct in general structure but has some minor issues with formatting and possibly a typo. The direction cosines are correctly calculated as \\(\\frac{3}{\\sqrt{77}}, \\frac{-2}{\\sqrt{77}}, \\frac{8}{\\sqrt{77}}\\). However, the notation of PQ being calculated incorrectly as \\(\\sqrt{(1 - (-2))^2 + (2 - 4)^2 + 3 - (-5))}\\) should be \\(\\sqrt{(1 - (-2))^2 + (2 - 4)^2 + (3 - (-5))^2}\\). The answer ends with the correct direction cosines, so the format is consistent.\n\n**Error:** 1', '**Reasoning:** The calculation of the direction cosines appears to be correct. However, the final answer should be simplified to fractions rather than decimals. The directions cosines should be expressed as fractions with square roots in the denominators, which is done correctly in the answer.\n\n**Error:** 0']",5,15,Qwen/Qwen2.5-VL-3B-Instruct,100,0.7201248812718097
"A and B together have Rs. 1210. If \(\frac{4}{15}\) of A's amount is equal to \(\frac{2}{5}\) of B's amount, how much amount does B have?

"," Option B

\[
\frac{4}{15} A = \frac{2}{5} B
\]

\[
\Rightarrow A = \left(\frac{2}{5} \times \frac{15}{4}\right) B
\]

\[
\Rightarrow A = \textcolor{red}{\frac{8}{4}} B
\]

\[
\Rightarrow \frac{A}{B} = \frac{\textcolor{red}{8}}{4}
\]

\[
\Rightarrow A : B = \textcolor{red}{8} : \textcolor{red}{4}
\]

\[
\therefore B's \text{ share} = \text{Rs. } \left(1210 \times \frac{\textcolor{red}{4}}{\textcolor{red}{12}}\right) = \text{Rs. } \textcolor{red}{403.33}.
\]

",True,True,True,0.5799151714181009,True,0,"[""**Reasoning:** The student's answer shows a calculation that starts with \\(\\frac{8}{4}\\), which simplifies to 2. However, according to the question, A should be \\( \\frac{2}{5} \\) of B, not equal to B. This means the ratio A:B should actually be 8:15, not 8:4. Therefore, the answer given does not correctly represent the relationship between A and B.\n\n**Error:** 1"", ""**Reasoning:** The answer provided does not follow the correct steps to solve the problem. The initial equation should be simplified correctly to find the ratio of A and B's shares. The ratio found should be 8:4, but the student incorrectly simplifies it to 32:36 instead. Therefore, the steps leading to the final answer are incorrect.\n\n**Error:** 1"", ""**Reasoning:** The answer starts with the equation \\(\\frac{4}{15}A = \\frac{2}{5}B\\). This is correct as it represents the relationship between A's and B's amounts. However, the next step involves solving this equation incorrectly. The steps from \\(\\Rightarrow A = ( \\frac{2}{5} \\times \\frac{15}{4} )B\\) to \\(\\Rightarrow A = \\frac{8}{4}B\\) should simplify to \\(A = 3B\\) instead of \\(A = \\frac{8}{4}B\\). Thus, the final step where the ratio \\(A:B = 8:4\\) should be corrected to \\(A:B = 3:1\\) because dividing both sides by 4 gives \\(A:B = 3:1\\), not \\(8:4\\).\n\n**Error:** 1"", ""**Reasoning:** The answer process involves correctly setting up the proportion but then incorrectly computing B's share. The correct computation should be B = Rs. 403.33, but the student makes an arithmetic mistake when multiplying the total amount by the fraction representing A's share relative to their combined amount. \n\n**Error:** 1"", ""**Reasoning:** \nThe answer provided shows several steps that appear correct, but there is a mistake in the final result. In the last step, it calculates \\( B \\)'s share as \\( \\left( 1210 \\times \\frac{4}{12} \\right) = 403.33 \\). However, when calculating \\( A: B = 8:4 \\), the correct value should be simplified from \\( \\frac{8}{4} \\) to \\( 2:1 \\). The result of \\( 1210 \\times \\frac{4}{12} \\) is actually 405, not 403.33. Thus, the final value for \\( B \\)'s share should be 405 instead of 403.33.\n\n**Error:** 1"", '**Reasoning:** The answer provided contains several logical errors. First, in the first step, the equation \\(\\frac{4}{15} A = \\frac{2}{5} B\\) should be solved correctly rather than simply equating them directly. Second, when solving for \\(A\\), the steps involve dividing by fractions, which should result in multiplying by the reciprocal. However, the student appears to have made a mistake in the multiplication process here. Lastly, the final step where the ratio is simplified (\\(A:B = 8:4\\)) is incorrect; it should be \\(A:B = 8:5\\) if we want to maintain consistency with the original fraction setup. \n\n**Error:** 1', ""**Reasoning:** The answer provided does not seem to be directly related to solving the problem. Instead, it seems to be a series of mathematical steps that do not lead to the correct solution for B's amount. The steps appear to be calculating the ratio between A and B but do not solve the problem correctly. Therefore, the answer is incorrect.\n\n**Error:** 1"", ""**Reasoning:** The answer provided does not correctly solve the problem. The steps seem to be incorrect as they do not align with the logic presented in the question. \n\nStep-by-step, the correct approach should be:\n1. Let A = x and B = y.\n2. Given A + B = 1210.\n3. It's also given that \\(\\frac{4}{15}\\) of A's amount is equal to \\(\\frac{2}{5}\\) of B's amount.\n   \\[\n   \\frac{4}{15}x = \\frac{2}{5}y\n   \\]\n4. Solving for x and y:\n   \\[\n   x = \\frac{15}{4} \\times \\frac{2}{5}y = \\frac{15}{4} \\times \\frac{2}{5}y = \\frac{3}{4}y\n   \\]\n5. Substitute x back into the total:\n   \\[\n   \\frac{3}{4}y + y = 1210\n   \\]\n6. Simplify:\n   \\[\n   \\frac{7}{4}y = 1210 \\quad \\Rightarrow \\quad y = \\frac{1210 \\times 4}{7}\n   \\]\n\n**Error:** 1"", ""**Reasoning:** The answer incorrectly simplifies the fraction \\(\\frac{4}{15}\\) to \\(\\frac{2}{5}\\) before multiplying it with B's share. Instead, the correct step should be multiplying the ratio \\(\\frac{2}{5}\\) by \\(\\frac{15}{4}\\) to find out how much A has in relation to B. However, since B's share is \\(\\frac{8}{11}\\) of the total amount \\(1210\\), the correct calculation for B's share should be based on the original ratio, not simplified forms. \n\n**Error:** 1"", ""**Reasoning:** The answer provided for the problem does not contain any mathematical errors. It correctly follows the steps to solve the problem, starting with setting up the equation based on the given conditions and then solving for the ratio of A's share to B's share. The final step calculates B's share correctly as \\( \\text{Rs. } 403.33 \\).\n\n**Error:** 0"", '**Reasoning:** The answer does not contain errors. The steps taken to solve the problem are correct, and the final result matches the expected outcome.\n\n**Error:** 0', '**Reasoning:** In the Answer, the step \\(\\Rightarrow A = \\left( \\frac{2}{5} \\times \\frac{15}{4} \\right) B\\) is incorrect because it does not properly apply the relationship between \\(A\\) and \\(B\\). The correct relationship is derived as follows:\n\\[\n\\frac{4}{15}A = \\frac{2}{5}B \\implies A = \\left( \\frac{2}{5} \\div \\frac{4}{15} \\right) B = \\left( \\frac{2}{5} \\times \\frac{15}{4} \\right) B = \\frac{3}{2}B\n\\]\nThis shows that the correct expression for \\(A\\) should be \\(\\frac{3}{2}B\\), not \\(\\frac{8}{4}B\\).\n\n**Error:** 0', '**Reasoning:** The answer is correct. The steps provided to solve the problem are logically sound and correctly lead to the final result. There are no apparent errors in the calculations or logical steps taken in the answer.\n\n**Error:** 0', ""**Reasoning:** The answer provided does not directly address the question correctly. It leads through algebraic manipulation but ends with B's share calculation using Rs. 403.33 instead of the correct amount derived from the problem statement. The question states the total amount is Rs. 1210 and A's amount is \\(\\frac{4}{15}\\) of B's amount, not 8:9 or any other ratio.\n\n**Error:** 1"", ""**Reasoning:** The answer incorrectly simplifies the fraction \\(\\frac{4}{15}\\) to \\(\\frac{2}{5}\\). The correct simplification should be \\(\\frac{4}{15}\\) as it does not simplify further. Additionally, the final calculation of B's share using \\(1210 \\times \\frac{4}{12}\\) is incorrect because it should be \\(1210 \\times \\frac{4}{9}\\), not \\(\\frac{4}{12}\\). However, the final result is not affected by this mistake.\n\n**Error:** 1""]",5,15,Qwen/Qwen2.5-VL-3B-Instruct,100,1.5990147122062977
"Mayank made a bird-bath for his garden in the shape of a cylinder with a hemispherical depression at one end. The height of the cylinder is 1.45 m and its radius is 30 cm. Find the total surface area of the bird-bath. (Take $\pi = \frac{22}{7}$)

"," Let $h$ be the height of the cylinder, and $r$ the common radius of the cylinder and hemisphere. Then, the total surface area of the bird-bath is:

\[
\text{Total Surface Area} = \text{CSA of cylinder} + \text{CSA of hemisphere} 
\]
\[
= 2\pi rh + 2\pi r^2 = 2\pi (h + r)
\]
\[
= 2 \times \frac{22}{7} \times 30 \times (145 + \textcolor{red}{60}) \, \text{cm}^2 
\]
\[
= 2 \times \frac{22}{7} \times 30 \times \textcolor{red}{205} \, \text{cm}^2 
\]
\[
= \textcolor{red}{56100} \, \text{cm}^2 = \textcolor{red}{5.61} \, \text{m}^2
\]

",True,True,True,0.5004024235381879,True,0,"['**Reasoning:** The answer incorrectly converts the radius from centimeters to meters in the calculation of the surface area of the hemisphere. The radius should remain in centimeters throughout the calculations.\n\n**Error:** 1', '**Reasoning:**\nThe answer provided calculates the total surface area of a bird bath with a cylinder and a hemispherical depression. The calculations seem to be correct until the final step where the units should be converted from centimeters squared to square meters. The conversion factor mentioned is incorrect as it uses cm^2 instead of m^2, which would imply the radius was originally in meters rather than centimeters.\n\n**Error:** 1', '**Reasoning:** The answer includes an incorrect value for the radius \\( r \\). According to the question, the height \\( h \\) of the cylinder is 30 cm, and the radius \\( r \\) of the hemisphere (which is also the radius of the cylinder) is given as 1.45 m. However, the radius was written as 1.45 cm in the calculation step, which is incorrect.\n\n**Error:** 1', ""**Reasoning:** The answer provided is correct, and all calculations follow the standard formulas for calculating the total surface area of a cylinder with a hemispherical depression at one end. The steps leading to the final calculation are logically sound and aligned with the problem's requirements.\n\n**Error:** 0"", ""**Reasoning:** The answer includes a calculation error. When calculating the total surface area of the bird bath, the correct formula should be used for the hemisphere's surface area, which is half the surface area of a full sphere. The hemisphere's radius is the same as the cylinder's radius, r = 1.45m. Therefore, the correct surface area of the hemisphere is \\(\\frac{2}{3}\\pi r^2\\). Substituting the value gives \\(2\\pi\\) times \\(\\frac{2}{3}\\) times \\(1.45^2\\). This calculation will result in a different total surface area than the one provided in the answer.\n\n**Error:** 1"", '**Reasoning:** The answer provided does not seem to be fully completed. It starts with the correct formula for the total surface area of the bird bath, but it abruptly stops before finishing the calculation and finalizing the answer. There is no indication of an error in the initial steps or formulas used, but the lack of completion makes it unclear if there was any error in the problem-solving process.\n\n**Error:** 1', ""**Reasoning:** The Answer incorrectly calculates the Total Surface Area (TSA) of the bird bath. The calculation should consider both the curved surface area of the cylinder and the curved surface area of the hemisphere, excluding the base of the hemisphere since it's submerged. However, the student mistakenly included the full surface area of the hemisphere, which is not correct. The correct formula for TSA of this shape should be: TSA = Curved Surface Area of Cylinder + Curved Surface Area of Hemisphere - Area of Base of Hemisphere. The student's method results in an incorrect calculation.\n\n**Error:** 1"", '**Reasoning:** The calculation for the total surface area of the bird bath involves incorrect units. The height of the cylinder should be converted from meters to centimeters before performing the multiplication. Since 1m = 100cm, the correct height of the cylinder should be 145cm - 30cm = 115cm instead of remaining as 1.45m. Therefore, the calculation should reflect this change, leading to an incorrect final result.\n\n**Error:** 1', '**Reasoning:** The student has incorrectly calculated the total surface area of the bird bath. The formula used to calculate the surface area of the cylinder and hemisphere was incorrect. The correct formula for the total surface area of a cylinder with a hemispherical top is: \\(\\text{Total Surface Area} = \\pi r^2 + 2\\pi rh + 2\\pi r \\times \\frac{r}{\\sqrt{\\frac{h}{2}}}.\\) The student mistakenly applied the formula for the surface area of a cylinder and hemisphere separately and then added them together, neglecting the contribution of the hemispherical top.\n\n**Error:** 1', '**Reasoning:** The answer includes a calculation for the total surface area of the bird bath but does not provide a check for units consistency. Additionally, the numerical result should be converted from cubic centimeters to square meters. The radius should also be converted from centimeters to meters before performing the calculations.\n\n**Error:** 1', '**Reasoning:** The answer provides a correct approach to calculating the total surface area of the bird bath. However, there seems to be a misunderstanding in converting the units from millimeters to centimeters, as the final answer should be expressed in centimeters. The calculation yields 561 cm^2, but this should be converted to millimeters. \n\n**Error:** 1', '**Reasoning:** The answer provided appears to contain an arithmetic error. In the calculation of the total surface area of the bird bath, the value should be derived correctly. However, the given answer suggests a mistake in the calculation steps which leads to an incorrect result.\n\n**Error:** 0', '**Reasoning:** The total surface area calculation includes an incorrect assumption about the radius used in the surface area formula. For a hemisphere, the radius should be half of the diameter of the sphere, not the height of the cylinder. Additionally, it seems there might have been an oversight in the final step where the units do not match (cm^2 vs m^3). However, since the question is for a mid-high school level, this might be a minor oversight that could be corrected with some careful attention to detail.\n\n**Error:** 1', '**Reasoning:** The calculation for the total surface area涉及了两个部分：圆柱体的侧面积和球体的表面积。在计算时，题目中的π值被误用为2/7，而正确应使用3.14或其更精确的值。\n\n**Error:** 1', '**Reasoning:** The solution provided does not correctly calculate the total surface area of the bird bath. \nThe height should be converted from meters to centimeters before calculations.\nThe radius should also be converted from meters to centimeters.\nThe formula used for calculating the CSA of the hemisphere is incorrect. The correct formula for the CSA of a hemisphere is \\(2\\pi r^2\\), not \\(2\\pi r^3\\).\nTherefore, the total surface area should be calculated using the correct formulas and converting units appropriately.\n\n**Error:** 0']",5,15,Qwen/Qwen2.5-VL-3B-Instruct,100,1.5990147122062977
"The volume of a cube is increasing at a rate of 9 cubic centimetres per second. How fast is the surface area increasing when the length of an edge is 10 centimetres?

"," Let \( x \) be the length of a side, \( V \) be the volume, and \( S \) be the surface area of the cube. Then, \( V = x^3 \) and \( S = 6x^2 \), where \( x \) is a function of time \( t \).

Now,
\[
\frac{dV}{dt} = 9 \, \text{cm}^3/\text{s} \quad \text{(Given)}
\]

Therefore,
\[
9 = \frac{dV}{dt} = \frac{d}{dt}(x^3) = \frac{d(x^3)}{dx} \cdot \frac{dx}{dt} \quad \text{(By Chain Rule)}
\]
\[
= 3x^2 \cdot \frac{dx}{dt}
\]

or
\[
\frac{dx}{dt} = \frac{3}{x^2} \quad \textcolor{red}{\text{assuming } x > 0} \quad \text{... (1)}
\]

Now,
\[
\frac{dS}{dt} = \frac{d}{dt}(6x^2) = \frac{d(6x^2)}{dx} \cdot \frac{dx}{dt} \quad \text{(By Chain Rule)}
\]
\[
= 12x \cdot \left(\frac{3}{x^2}\right) = \frac{36}{x} \quad \text{(Using (1))}
\]

Hence, when \( x = 10 \, \text{cm} \),
\[
\frac{dS}{dt} = \frac{36}{10} = 3.6 \, \text{cm}^2/\text{s}
\]

",True,True,True,0.3926744672275521,True,0,"['**Reasoning:** The chain rule application appears correct initially, but it seems to be erroneous later. For example, in the step where \\( \\frac{dV}{dt} = g \\) m³/s is given directly, this should be derived using the Chain Rule properly. Additionally, the expression for \\( \\frac{dx}{dt} \\) should be \\( \\frac{3}{x} \\) instead of \\( \\frac{3}{x^2} \\). This mistake leads to incorrect differentiation results further down in the calculation.\n\n**Error:** 1', '**Reasoning:** The answer contains a logical error. In the step where \\(\\frac{ds}{dt}\\) is calculated, it incorrectly simplifies to \\(\\frac{36}{10}\\) instead of \\(\\frac{36}{10} = 3.6\\). The correct simplification should reflect the fact that \\(x\\) is constant when \\(x=10\\), so the surface area is simply \\(S = 6 \\times 10^2 = 600\\) square centimeters, and the rate of change of surface area with respect to time is \\(\\frac{dS}{dt} = 600 \\cdot \\frac{dx}{dt}\\). Given \\(\\frac{dx}{dt} = \\frac{3}{x^2}\\), substituting \\(x = 10\\) gives \\(\\frac{dx}{dt} = \\frac{3}{100}\\), thus \\(\\frac{dS}{dt} = 600 \\cdot \\frac{3}{100} = 18 \\text{ cm}^2/s\\).\n\n**Error:** 1', '**Reasoning:** The error lies in the application of the chain rule in the differentiation process. Specifically, when differentiating \\( S = 6x^2 \\) with respect to time \\( t \\), the correct application would be to differentiate each component separately, resulting in:\n\\[ \\frac{ds}{dt} = 6 \\cdot 2x \\cdot \\frac{dx}{dt} = 12x \\cdot \\frac{dx}{dt} \\]\nHowever, the student incorrectly differentiated the entire expression as if it were a single function, leading to the incorrect equation \\( \\frac{ds}{dt} = 3 \\cdot x^2 \\cdot \\frac{dx}{dt} \\), which does not account for the coefficient 6 from the original surface area formula.\n\n**Error:** 1', '**Reasoning:** The answer provided does not contain any mathematical errors in terms of arithmetic calculations or algebraic manipulations. However, it lacks proper organization and formatting, which makes it difficult to read and understand the steps clearly.\n\n**Error:** 0', '**Reasoning:** The answer process seems correct up to the point where it calculates \\(\\frac{dy}{dt}\\) using the chain rule but then incorrectly applies this result directly when calculating \\(\\frac{ds}{dt}\\). It should have used the derivative of \\(S\\) with respect to time, which accounts for the rate of change of the surface area with respect to time, considering \\(x\\) changes over time as well. \n\n**Error:** 1', '**Reasoning:** The answer provides a correct sequence of steps to find the rate of change of the surface area with respect to time when the volume of the cube is increasing at a rate of \\( g \\) cubic centimeters per second. At \\( x = 10 \\) cm, the volume is increasing at a rate of \\( g \\) cm³/s. The derivative of the surface area \\( S = 6x^2 \\) with respect to time \\( t \\) is correctly calculated using the chain rule, leading to the correct final result for the rate of increase of the surface area at \\( x = 10 \\) cm. \n\n**Error:** 0', '**Reasoning:** The answer does not directly follow from the given information. The problem states that the volume of a cube is increasing at a rate of 9 cubic centimeters per second. However, the Answer starts by defining \\( V \\) as the volume of the cube but then incorrectly uses \\( x^3 \\) for \\( V \\), which should be \\( x^3 \\) instead of \\( x^6 \\). Additionally, the derivative of \\( S = 6x^2 \\) with respect to time \\( t \\) should be found using the chain rule, which involves differentiating \\( S \\) with respect to \\( x \\) and then multiplying by \\( \\frac{dx}{dt} \\). The answer incorrectly simplifies this process by treating \\( \\frac{ds}{dt} \\) as simply \\( 12x \\cdot \\left(\\frac{3}{x^2}\\right) \\) without considering the dependency between \\( V \\) and \\( x \\).\n\n**Error:** 1', '**Reasoning:** The answer correctly follows the steps to find the rate of change of the surface area with respect to time when the length of an edge is 10 centimeters. However, the step where it simplifies \\(\\frac{dS}{dt}\\) from \\(\\frac{36}{x}\\) to 3.6 cm²/s seems incorrect because the derivative should depend on \\(x\\) which is changing over time. \n\n**Error:** 1', '**Reasoning:** \nIn the solution, the calculation of \\(\\frac{ds}{dt}\\) in the final step seems to be incorrect. The correct value should be \\(36\\) for the surface area per second rather than \\(3\\cdot 6\\). The term ""3. 6"" appears to be incorrectly rounded from \\(36/10\\).\n\n**Error:** 1', '**Reasoning:** The answer starts with a correct substitution of the volume \\( v = x^3 \\) and surface area \\( s = 6x^2 \\). However, in the step where the derivative of the volume is taken with respect to time, the chain rule application is incorrect. The correct form should be:\n\\[\n\\frac{dv}{dt} = \\frac{d(x^3)}{dt} = 3x^2 \\cdot \\frac{dx}{dt}\n\\]\nThen, substituting \\(\\frac{dx}{dt}\\) from equation (1), we get:\n\\[\n\\frac{ds}{dt} = 6x^2 \\cdot \\left( \\frac{3}{x^2} \\right) = 18 \\neq 3.6\n\\]\nTherefore, the final answer \\(\\frac{ds}{dt} = 3.6 \\, \\text{cm}^2/\\text{s}\\) is incorrect because it does not match the correct calculation.\n\n**Error:** 1', '**Reasoning:** The answer provided contains a calculation error. In the last line, the derivative \\(\\frac{ds}{dt}\\) should be calculated as follows: \\(\\frac{ds}{dt} = 6x^2\\) because \\(s = 6x^2\\). Thus, substituting \\(x = 10\\) cm into the expression gives \\(\\frac{ds}{dt} = 6(10)^2 = 600 \\text{ cm}^2/s\\). Therefore, the correct rate of increase of the surface area when the side length is 10 cm is 600 cm²/s, not 3.6 cm²/s as stated in the solution.\n\n**Error:** 1', '**Reasoning:** The answer provided follows a logical sequence of steps but there is an error in the final step. The derivative of ds/dt should be calculated using the chain rule applied correctly to the function S = 6x^2. However, the differentiation of S with respect to x yields dS/dx = 12x, not 3x^2. The correct derivative of S with respect to t (using the chain rule) would be \\(\\frac{dS}{dt} = 12x \\cdot \\frac{dx}{dt}\\). When x = 10 cm, \\(\\frac{dx}{dt} = \\frac{3}{10}\\), so \\(\\frac{dS}{dt} = 12 \\cdot 10 \\cdot \\frac{3}{10} = 36 \\cdot \\frac{1}{10} = 3.6 \\text{ cm}^2/\\text{s}\\). Therefore, the correct answer for ds/dt when x = 10 cm should be 3.6 cm²/s instead of 36 cm²/s.\n\n**Error:** 1', ""**Reasoning:** The answer contains an error in the application of the chain rule when differentiating \\((6x^2)\\). The correct derivative of \\(S = 6x^2\\) with respect to time \\(t\\) should be:\n\n\\[\n\\frac{dS}{dt} = \\frac{d(6x^2)}{dx} \\cdot \\frac{dx}{dt}\n\\]\n\nThis simplifies to:\n\n\\[\n\\frac{dS}{dt} = 12x \\cdot \\frac{dx}{dt}\n\\]\n\nHowever, the student incorrectly applies the chain rule as follows:\n\n\\[\n\\frac{dS}{dt} = \\frac{d(6x^2)}{dx} \\cdot \\frac{dx}{dt} = 6x \\cdot \\frac{dx}{dt}\n\\]\n\nThis results in the incorrect calculation of the surface area's rate of increase when substituting \\(x = 10\\) cm.\n\n**Error:** 1"", '**Reasoning:** The answer provided contains two distinct calculations. First, it correctly derives the derivative of \\( x^3 \\) with respect to time \\( t \\). However, the second calculation appears to be incorrect because it incorrectly uses the value of \\( x = 10 \\) cm instead of using the result from the first step to find \\( \\frac{dx}{dt} \\).\n\n**Error:** 1', '**Reasoning:** The Answer contains a logical mistake in the calculation of \\(\\frac{dx}{dt}\\). According to the chain rule, \\(\\frac{dv}{dt} = \\frac{d(v)}{dt} \\cdot \\frac{dx}{dt}\\). Given \\(v = x^3\\), we have \\(\\frac{dv}{dt} = 3x^2 \\frac{dx}{dt}\\). However, the Answer incorrectly states \\(\\frac{dx}{dt} = \\frac{3}{x^2}\\) assuming \\(x > 0\\), which is incorrect because it does not account for the relationship between \\(x\\) and \\(t\\). Instead, the correct expression should be derived from the volume increase rate equation, which includes \\(t\\).\n\n**Error:** 1']",5,15,Qwen/Qwen2.5-VL-3B-Instruct,100,0.48509409130221154
"\textbf{Question} 
Example 8: Which of the following pairs of sets are equal? Justify your answer.  
(i) \( X \), the set of letters in “ALLOY” and \( B \), the set of letters in “LOYAL”.  
(ii) \( A = \{ n : n \in \mathbb{Z} \text{ and } n^2 < 4 \} \) and \( B = \{ x : x \in \mathbb{R} \text{ and } x^2 - 3x + 2 = 0 \} \).

"," 
(i) We have, \(\textcolor{red}{Y} = \{A, L, O, Y\} \), \( B = \{L, O, Y, A, L\} \). Then \(\textcolor{red}{Y}\) and \( B \) are equal sets as repetition of elements in a set do not change a set. Thus,  
\[
\textcolor{red}{Y} = \{A, L, O, Y\} = B
\]

(ii) \(\textcolor{red}{C} = \{-2, -1, 0, 1, 2\} \), \( B = \{1, 2\} \). Since \( 0 \in \textcolor{red}{C} \) and \( 0 \notin B \), \(\textcolor{red}{C}\) and \( B \) are not equal sets.

",True,True,True,0.5004024235381879,True,0,"['**Reasoning:**\nThe answer provided contains several mathematical errors:\n\n1. In the set \\( Y \\) mentioned in the question, it is stated incorrectly that \\( Y = \\{A, L, O, V\\} \\). However, the correct elements in set \\( Y \\) should be derived from the letters in ""LOYAL"" and their properties. The answer provided does not correctly identify the elements of \\( Y \\).\n2. The quadratic equation \\( x^2 - 3x + 2 = 0 \\) roots are found as \\( x = 2 \\) and \\( x = 1 \\), which are integers but not all the roots listed in \\( B \\). This indicates that the elements in \\( B \\) might not be complete or may have included additional elements not explicitly derived from the original problem statement.\n3. The conclusion about \\( C \\) and \\( B \\) being non-equal sets seems to be incorrect because both sets appear to contain the same elements (excluding \\( 0 \\)), which contradicts the statement \\( 0 \\in c \\).\n\nGiven these points, the answer contains significant mathematical errors.\n\n**Error:** 1', '**Reasoning:** The answer seems to contain logical errors. In part (i), it incorrectly states that ""Then Y and B are equal sets as repetition of elements in a set do not change a set."" This is incorrect because the order of elements in a set does matter, and {A, L, O, Y} ≠ {L, A, O, Y}. Additionally, the quadratic equation A = {n: n ∈ Z and n^2 > 4} is problematic because it includes non-integer values. In part (ii), C and B are described as having different sets but still being equal, which contradicts the statement in the question that pairs of sets are equal if they have the same elements. Therefore, the answer contains multiple errors.\n\n**Error:** 1', '**Reasoning:** \n- In part (i), the answer states that \\( Y = \\{A, L, O, Y\\} \\) and \\( B = \\{L, Y, A, L\\} \\). However, the sets should be repeated in the same order, so the correct representation should be \\( Y = \\{A, L, O, Y\\} \\) and \\( B = \\{L, O, A, Y\\} \\).\n- The sets are not equal because they contain different elements.\n- In part (ii), the answer incorrectly states that since \\( C = \\{-2, -1, 0, 1, 2\\} \\) and \\( B = \\{1, 2\\} \\), \\( C \\) and \\( B \\) are not equal sets. This is incorrect because \\( C \\) and \\( B \\) do have some common elements.\n\nBased on the above explanations, I find two errors in the Answer.\n\n**Error:** 1', '**Reasoning:** The answer contains two parts. In part (i), it states that sets Y and B are equal despite having different elements due to repetition. This is incorrect because set membership does not depend on the number of times an element appears in the set. However, in part (ii), it correctly identifies that C and B are not equal sets since they contain different numbers of elements. The error in part (i) is the assumption that repetition affects the equality of sets.\n\n**Error:** 1', '**Reasoning:** The Answer appears to be correct. It correctly identifies that sets Y and B are equal because they have the same elements (A, L, O, V), even though one element (V) is repeated in set Y. Similarly, it correctly states that sets C and B are not equal because C includes 0, which is not in set B. There is no indication of an error in the provided answer.\n\n**Error:** 0', '**Reasoning:** The Answer provided does indeed contain an error. In part (i), it states that Y and B are equal sets due to the repetition of elements A and L. However, since equality of sets requires all elements to be exactly the same, the answer should emphasize that Y and B must have the same elements without any repetitions. This oversight leads to an incorrect conclusion about the equality of Y and B.\n\n**Error:** 1', '**Reasoning:** \nThe Answer provided has a logical error. In the part of the Answer that discusses pairs of sets being equal, the justification given is insufficient. Specifically, it states ""Then Y and B are equal sets,"" but does not explain how this conclusion was reached or justify why sets Y and B would be equal. This lack of explanation and justification is incorrect because it is not clear how elements of set Y and set B can be equated in terms of their definitions. Additionally, the statement about elements in a set not changing a set is not applicable here as it pertains to changes within one set, not between two distinct sets like Y and B.\n\n**Error:** 1', '**Reasoning:** \nThe answer provided contains several errors:\n1. In part (i), the sets Y and B are incorrectly identified as equal sets. The correct sets should be Y = {A, L, O, V} and B = {L, O, V}. The answer erroneously says they are equal sets.\n2. In part (ii), the set C is incorrect. It is stated as C = {-2, -1, 0, 1, 2}, but the correct set C is C = {-2, 1, 2}. The answer also mentions that C and B are not equal sets, which is true but the identification of C is incorrect.\n\n**Error:** 1', '**Reasoning:** \nIn part (ii) of the solution, the statement ""C = {-2, -1, 0, 1, 2} and B are not equal sets."" is incorrect because C and B do have the same elements {1, 2}. The answer incorrectly states they are not equal sets when they should be considered as the same set since their elements match exactly.\n\n**Error:** 1', '**Reasoning:** \nThe Answer indicates that \\( Y = \\{A, L, O, Y\\} \\) and \\( B = \\{L, O, Y, A\\} \\). However, the set \\( Y \\) should be equal to set \\( B \\) because sets are defined by their elements and repetition does not change the set. The answer incorrectly states that \\( Y \\) and \\( B \\) are not equal sets, which contradicts the fundamental property of sets that they do not have duplicate elements.\n\n**Error:** 1', '**Reasoning:** \nThe answer provided does not contain any errors in terms of mathematical accuracy or logical consistency. The explanation given for each part of the question is clear and follows the steps required to solve the problem.\n\n**Error:** 0', '**Reasoning:** \n(i) The answer incorrectly states that B = {40, Y, A, L}. However, the set B should be {A, L, O, V} because it was previously defined as {L, O, V}. This is an error in determining the elements of set B.\n\n(ii) The statement ""Since 0∈C"" is incorrect. Since C = {-2, -1, 0, 1, 2}, 0 is indeed an element of C. Therefore, the statement about C not being equal to B is correct based on the given elements.\n\n**Error:** 1', '**Reasoning:** The answer provided does not contain any mathematical errors. It correctly identifies the elements of sets Y and B as \\(\\{A, L, O, Y\\}\\) and \\(\\{L, O, V\\}\\), respectively. The justification given for these sets is logically sound and follows the structure of the problem. There are no mistakes or contradictions in the reasoning or calculations presented.\n\n**Error:** 0', '**Reasoning:** The Answer provided does contain errors. In part (ii), it states that the sets C and B are not equal, but this conclusion is incorrect. Set C is defined as \\(\\{ -2, -1, 0, 1, 2 \\}\\) while set B is defined as \\(\\{ 0 \\}\\). Since they have different elements (B includes only one element, 0, whereas C includes -2, -1, 0, 1, and 2), these sets cannot be considered equal.\n\n**Error:** 1', '**Reasoning:** The Answer states that \\( Y = \\{A, L, O, Y\\} \\) and \\( B = \\{L, O, Y, A\\} \\). However, if we consider the sets as unordered, then \\( Y \\) and \\( B \\) should be considered equal because the order of elements does not matter in set theory. Therefore, the Answer incorrectly states that \\( Y \\neq B \\) when they should be treated as equal sets.\n\n**Error:** 1']",5,15,Qwen/Qwen2.5-VL-3B-Instruct,100,1.172993472439513
"A clock is started at noon. By 10 minutes past 5, the hour hand has turned through:
\begin{enumerate}
    \item[A)] 145°
    \item[B)] 150°
    \item[C)] 155°
    \item[D)] 160°
\end{enumerate}

"," \textcolor{red}{Option B}

\textcolor{red}{Angle traced by minute hand in 60 minutes = 360°.}

\textcolor{red}{Angle traced by minute hand in 10 minutes = $\left( \frac{360}{60} \times 10 \right)° = 60°$.}

\textcolor{red}{So the minute hand has moved through 60° by 10 minutes past 5.}


",True,True,True,0.2449300267946353,True,0,"['**Reasoning:** The answer key incorrectly states that ""Option B"" is the correct choice, but it does not actually provide the correct answer for the question. The problem asks for the angle through which the hour hand has turned by 10 minutes past 5, but the solution provides incorrect calculations for the minute hand movement, leading to an incorrect answer selection. Since the correct answer cannot be determined from the given solution, there is an error in the answer selection.\n\n**Error:** 1', '**Reasoning:** The answer key states that ""Option B"" is the correct choice, but the solution incorrectly calculates the angle traced by the minute hand over 10 minutes as 360° instead of 60°. The calculation in the solution should be:\n\\[ \\text{Angle traced by minute hand in 10 minutes} = \\left(\\frac{360}{60} \\times 10\\right) = 60^{\\circ} \\]\nThis indicates that the angle traced by the minute hand is 60°, not 360°. Therefore, the solution contains an error in the calculation of the minute hand\'s movement.\n\n**Error:** 1', '**Reasoning:** The answer provided calculates the angle traced by the minute hand in 60 minutes as 360 degrees, which is correct. However, the calculation for the angle traced in 10 minutes is incorrect. Instead of dividing 360 degrees by 60, it should be divided by 6, resulting in 6 degrees per minute. Therefore, the minute hand should have moved through 6 * 10 = 60 degrees after 10 minutes past 5.\n\n**Error:** 1', '**Reasoning:** The answer provided does not match the question correctly. The question asks about the movement of the hour hand, but the calculations and explanations provided are about the minute hand. Therefore, the answer incorrectly addresses the wrong part of the question.\n\n**Error:** 1', '**Reasoning:** The answer provided states that the minute hand has moved through 60° in 10 minutes past 5. However, the correct calculation should be: The minute hand moves 360° in 60 minutes. Therefore, in 10 minutes, the minute hand moves \\(\\frac{360°}{60} \\times 10 = 60°\\). This means the minute hand has indeed moved 60 degrees in 10 minutes. Thus, the answer correctly identifies the angle traced by the minute hand in 10 minutes past 5.\n\n**Error:** 0', ""**Reasoning:** The answer provided calculates the angle traced by the minute hand in 10 minutes but does not consider the position of the hour hand. The calculation should be corrected to account for the movement of the minute hand while also taking into consideration the position of the hour hand at 10:05. The correct calculation would involve finding the proportion of the hour hand's movement relative to the minute hand's movement over the given period.\n\n**Error:** 1"", '**Reasoning:** The answer key provides the following incorrect calculation: ""Angle traced by minute hand in 60 minutes = 360°"" This is correct, but then it incorrectly states ""Angle traced by minute hand in 10 minutes = (360° × 10)"" as 60°. It should be ""Angle traced by minute hand in 10 minutes = (360° ÷ 60) × 10"", which equals 60°. Therefore, the final calculation is correct but the initial step is wrong due to the incorrect multiplication factor.\n\n**Error:** 1', ""**Reasoning:** The solution incorrectly calculates the angle traced by the minute hand. The correct calculation should be based on the fact that the minute hand moves 36 degrees per minute. Therefore, for 10 minutes past 5 o'clock, the minute hand would have traced an angle of \\(36^\\circ \\times 10 = 360^\\circ\\). This is because each full rotation is equivalent to 360 degrees, not just 36 degrees per minute as the solution suggests.\n\n**Error:** 1"", '**Reasoning:** The answer incorrectly calculates the angle traced by the minute hand. The formula used should be \\( \\frac{360^\\circ}{60} \\times 10 = 60^\\circ \\). The correct calculation shows that the minute hand has moved 60 degrees, but the answer states it has moved through 60 radians. This is incorrect because radians and degrees are different units of measurement for angles, and the conversion factor between them is not being applied correctly in the calculation.\n\n**Error:** 1', ""**Reasoning:**\n\nThe Answer provided shows a calculation to find the angle traced by the minute hand over 10 minutes past 5 o'clock. The correct calculation should be based on the fact that the minute hand completes a full 360-degree rotation in 60 minutes. Therefore, the angle traced per minute is 360/60 = 6 degrees.\n\nHowever, the given calculation mistakenly divides 360 degrees by 60 directly instead of 60 minutes, resulting in an incorrect answer. The correct calculation would be:\n\nAngle traced by minute hand in 10 minutes = (360° / 60 minutes) * 10 = 6°/min * 10 = 60°\n\nSince the Answer is marked as Option B, but the correct value should be 60°, there is an error in the calculation.\n\n**Error:** 1"", '**Reasoning:** The answer provided calculates the angle traced by the minute hand in 10 minutes past 5 as 60 degrees. However, the correct calculation should involve the fact that the minute hand moves 360 degrees in 60 minutes, so in 10 minutes it moves 360/60 × 10 = 60 degrees. The provided calculation does not account for the actual speed at which the minute hand moves per unit time, leading to an incorrect result. Therefore, there is an error in the answer.\n\n**Error:** 1', '**Reasoning:** The answer provided states that the angle traced by the minute hand in 60 minutes is 360°. This is correct because the minute hand completes one full revolution (360 degrees) in 60 minutes. However, the step of calculating the angle traced by the minute hand in 10 minutes as (360/60) * 10 = 60° is incorrect because it does not account for the fact that the minute hand moves continuously, not just in full revolutions. The correct approach would be to calculate the actual angle moved by the minute hand over 10 minutes using the formula: Angle = (360°/60) * (minutes past 5). Since 10 minutes past 5 is 50 minutes, the correct calculation should be (360/60) * 50 = 300°. Therefore, there is an error in the calculation of the angle traced by the minute hand.\n\n**Error:** 1', '**Reasoning:** The answer provided does not correctly calculate the angle traced by the minute hand. The question asks how many degrees the hour hand has turned past 5 minutes. However, the solution calculates the angle traced by the minute hand over a different time period, leading to a different result than what is actually being asked. Additionally, the units (radians) used for the calculation do not align with the standard degree measure expected for clock angles.\n\n**Error:** 1', ""**Reasoning:** The answer process is not correct because it assumes that the hour hand moves according to the minute hand's movement, which is incorrect. The hour hand actually moves slower than the minute hand. To find the angle traced by the hour hand, one should calculate the fraction of an hour that has passed and then convert that fraction into degrees.\n\n**Error:** 1"", '**Reasoning:** The answer calculation for the angle traced by the minute hand in 10 minutes is incorrect. According to the formula, the angle traced by the minute hand in 10 minutes is \\(\\frac{360^\\circ \\times 10}{60} = 60^\\circ\\). However, the given answer states \\((\\frac{360 \\times 10}{60}) = 60\\), which simplifies correctly but does not account for the units being degrees (\\(^{\\circ}\\)). The problem should be restated as \\(60^\\circ\\) rather than just \\(60\\), as the correct interpretation would include the unit.\n\n**Error:** 1']",5,15,Qwen/Qwen2.5-VL-3B-Instruct,100,0.24493002679463532
"If the weight of 12 sheets of thick paper is 40 grams, how many sheets of the same paper would weigh \(2 \frac{1}{2}\) kilograms?

"," 
Let the number of sheets which weigh \(2 \frac{1}{2}\) kg be \(x\). We put the above information in the form of a table as shown below:

\[
\begin{array}{|c|c|}
\hline
\text{Number of sheets} & \text{Weight of sheets (in grams)} \\
\hline
12 & 40 \\
x & 2500 \\
\hline
\end{array}
\]

More the number of sheets, the more would their weight be. So, the number of sheets and their weights are directly proportional to each other.

\[
\frac{12}{40} = \frac{x}{2500}
\]

Cross-multiplying gives:

\[
12 \times 2500 = 40 \times x
\]

\[
75000 = 40x
\]

Dividing both sides by 40:

\[
x = \frac{75000}{40} = 1875
\]

Thus, the required number of sheets of paper is \textcolor{red}{1875 grams}.

",True,False,False,0.4850940913022115,True,1,"['**Reasoning:** The answer incorrectly multiplies the weight instead of dividing it after setting up the proportion. Specifically, the equation \\(\\frac{12}{40} = \\frac{x}{2500}\\) should be interpreted as \\(x\\) being the number of sheets that would weigh 2.5 kg, not the other way around. Dividing both sides by 40 gives \\(x = \\frac{75000}{40} = 1875\\) sheets, not multiplying by 40.\n\n**Error:** 1', '**Reasoning:** The answer contains several logical errors:\n1. The weight conversion from kilograms to grams is incorrect. The correct weight should be 2500 grams.\n2. The equation given does not match the correct proportionality relationship. The correct equation should be \\(\\frac{40}{12} = \\frac{x}{2500}\\).\n3. The steps involved in solving the equation are incorrect. Specifically, the cross-multiplication should be done as follows: \\(12 \\times 2500 = 40 \\times x\\). However, the solution provided incorrectly multiplies them directly.\n\n**Error:** 1', '**Reasoning:** The answer does not correctly solve the problem. The correct approach to solving this problem involves converting kilograms to grams before setting up the proportion. The problem states that 12 sheets weigh 40 grams, and we need to find out how many sheets would weigh 2.5 kg. First, convert 2.5 kg to grams: \\(2.5 \\times 1000 = 2500\\) grams. Then, set up the proportion:\n\n\\[\n\\frac{12}{40} = \\frac{x}{2500}\n\\]\n\nCross-multiplying gives:\n\n\\[\n12 \\times 2500 = 40x\n\\]\n\nSolving for \\(x\\):\n\n\\[\n25000 = 40x\n\\]\n\\[\nx = \\frac{25000}{40} = 625\n\\]\n\nTherefore, the number of sheets that would weigh 2.5 kg is 625.\n\n**Error:** 1', '**Reasoning:** The problem involves converting between units of weight: grams and kilograms. However, in the answer, the number of sheets is converted from grams to kilograms instead of keeping it in grams. This results in a conversion factor that should be applied when calculating the unknown number of sheets. The answer incorrectly converts 2.5 kg to grams (which is approximately 2500 grams) before starting the proportion calculation, leading to an incorrect final result.\n\n**Error:** 1', '**Reasoning:** The answer incorrectly multiplies the number of sheets by 2500 instead of 75000. In the question, it is stated that 12 sheets weigh 40 grams, so each sheet weighs 3\\frac{1}{3} grams. When converting the weight to kilograms, it becomes 3.33 grams per sheet. To find out how many sheets would weigh 2\\frac{1}{2} kg, we divide 2.5 kg by 3.33 grams per sheet: \\(\\frac{2500}{3.33} = 7500\\) sheets. Therefore, the correct calculation should be \\(75000\\) grams divided by \\(3.33\\) grams per sheet, not \\(2500\\) grams.\n\n**Error:** 0', '**Reasoning:** The answer contains several mathematical errors. Firstly, the cross-multiplication of fractions in the equation \\(\\frac{12}{40} = \\frac{x}{2500}\\) should be done with respect to the weights, not the number of sheets. Secondly, when solving for \\(x\\), the correct calculation should be \\(x = \\frac{12 \\times 2500}{40}\\) instead of \\(x = \\frac{12 \\times 2500}{40}\\). Thirdly, after solving \\(x\\), the result should be interpreted as the number of sheets, not grams. Finally, the final step should be to find the actual weight in grams, not just the number of sheets. Additionally, the process of dividing both sides by 40 is correct but needs to be applied correctly to the weights.\n\n**Error:** 1', '**Reasoning:** The answer process appears to be correct up to the point where it concludes with the number of sheets needed to weigh 2 1/2 kg. However, the final step incorrectly states the number of sheets as 1875 grams instead of kilograms. The weight in the problem is given in kilograms, not grams, so the conversion from grams to kilograms should have been applied correctly when determining the number of sheets.\n\n**Error:** 1', '**Reasoning:** The answer process appears correct until the final step. The calculation \\( x = \\frac{75000}{40} = 1875 \\) grams seems to be correct, but it should be interpreted as the number of sheets required to weigh 2 1/2 kg, not the weight itself. Since the problem asks for the number of sheets that would weigh 2 1/2 kg, the final answer should be 2625 sheets instead of 1875 grams.\n\n**Error:** 1', '**Reasoning:** The answer mentions the weight of 2500 grams instead of kilograms as stated in the question. Additionally, it incorrectly states that the number of sheets is 1875 grams instead of kilograms.\n\n**Error:** 1', '**Reasoning:** The answer contains several logical and mathematical errors. First, the weight conversion from kilograms to grams is incorrect. The correct conversion would be \\(2.5 \\text{ kg} = 2500 \\text{ g}\\). However, this mistake does not directly affect the proportionality equation because it is used in the cross-multiplication step. The next mistake is in dividing both sides of the equation by 40 to solve for \\(x\\). The denominator should be 400 (since 400 g equals 1 kg) instead of 40. This results in an incorrect value of \\(x\\). The final step of converting the number of sheets to grams by multiplying by 40 does not apply here since we need to find the number of sheets, not their weight. Therefore, there are multiple errors in the answer.\n\n**Error:** 1', '**Reasoning:** The answer incorrectly converts kilograms to grams in the final step. The correct conversion should be from 2.5 kg to 2500 grams instead of 1875 grams. Therefore, the number of sheets required would actually be more than 1875.\n\n**Error:** 1', '**Reasoning:** \nThe given answer has several potential issues:\n1. The units in the table and the final calculation do not match. The initial weight is given in grams, but in the final step, it is converted to kilograms. This inconsistency should be corrected.\n2. The cross-multiplication equation should have been properly formatted. It appears to be incorrectly split into two separate operations.\n3. The division by 40 at the end should ensure the units remain consistent with those used in the original problem (grams).\n\n**Error: 1**\n\nTo correct the answer:\n1. Convert the final weight from kilograms to grams before performing the division.\n2. Correctly format and execute the cross-multiplication equation.\n3. Ensure the final result matches the units used in the original problem.\n\nHere’s the corrected version of the answer:\n\nNumber of sheets | Weight (in g)\n------------------|--------------\n12                | 40\nx                 | 2500\n\nMore the number of sheets, the more would their weight be. So, the number of sheets and their weights are directly proportional to each other.\n\n\\[\n\\frac{12}{40} = \\frac{x}{2500}\n\\]\n\nCross-multiplying gives:\n12 × 2500 = 40 × x\n75000 = 40x\n\nDividing both sides by 40:\nx = \\frac{75000}{40} = 1875\n\nThus, the required number of sheets of paper is 1875 grams.', '**Reasoning:** The answer does not correctly convert kilograms to grams before setting up the proportion. The weight should be converted from 2 1/2 kg to 2500 grams before using the cross-multiplication method. The conversion factor from kilograms to grams is 1000, so 2 1/2 kg = 2500 grams. The answer then proceeds with the correct setup of proportions but fails to account for this initial conversion.\n\n**Error:** 1', '**Reasoning:** The answer does not correctly convert the weight from kilograms to grams. In the question, it asks for the weight in kilograms, but the answer converts it incorrectly to grams, leading to an incorrect calculation. \n\n**Error:** 1', '**Reasoning:** \nIn the solution, there is an arithmetic error when dividing 75000 by 40. The correct division should be:\n\\[\nx = \\frac{75000}{40} = 1875\n\\]\nHowever, the solution incorrectly states the result as 1875 grams instead of kilograms. Since the question asks about weight in kilograms, this mistake is significant and indicates a calculation error.\n\n**Error:** 1']",5,15,Qwen/Qwen2.5-VL-3B-Instruct,100,0.24493002679463532
"Let \( U = \{1, 2, 3, 4, 5, 6, 7, 8, 9, 10\} \) and \( A = \{1, 3, 5, 7, 9\} \). Find \( A' \).

"," We note that \( 2, 4, \textcolor{red}{5}, 6, 8, 10 \) are the only elements of \( U \) which do not belong to \( A \). Hence, 
\[
A' = \{2, 4, 6, 8, 10\}.
\]

",True,True,True,0.8532361505557784,True,1,"[""**Reasoning:** The answer provided states that \\( A' = \\{2, 4, 6, 8, 10\\} \\). However, the question asks for the complement of set \\( A \\) within set \\( U \\), which should be \\( U - A = \\{2, 4, 6, 8, 10\\} \\). The given answer is correct but the notation used after \\( A' \\) seems inconsistent because typically the complement of a set is denoted by a prime symbol (\\( A' \\)) with the set being defined before it, not after. This minor inconsistency in notation does not affect the correctness of the solution.\n\n**Error:** 0"", ""**Reasoning:** The answer provided states that \\( A' = \\{2, 4, 6, 8, 10\\} \\). However, from the question, we know that the elements of \\( U \\) that do not belong to \\( A \\) should be \\( \\{1, 2, 3, 4, 5, 6, 7, 8, 9, 10\\} \\) minus \\( \\{1, 3, 5, 7, 9\\} \\), which gives \\( \\{2, 4, 6, 8, 10\\} \\). Therefore, the answer is correct.\n\n**Error:** 0"", ""**Reasoning:** The answer does not contain any mathematical errors. The steps to find the complement of set A' are correct: subtracting elements of A from all elements of U results in {2, 4, 6, 8, 10}, which matches the answer provided.\n\n**Error:** 0"", '**Reasoning:** \nThe answer states that 2, 4, 5, 6, 8, and 10 are the only elements of U that do not belong to A, but this statement is incorrect because it omits the element 3 from the set U. According to the question, U = {1, 2, 3, 4, 5, 6, 7, 8, 9, 10}, so 3 must also be included in the elements of U that do not belong to A. Therefore, the correct set should include 3, making the other elements correct.\n\n**Error:** 1', ""**Reasoning:** The answer incorrectly states that A' = {2,4,6,8,10}. According to the question, U = {1,2,3,4,5,6,7,8,9,10} and A = {1,3,5,7,9}. Therefore, the complement of A (A') should be the elements of U that are not in A. So, A' = {2,4,6,8,10}, which matches the correct answer.\n\n**Error:** 0"", ""**Reasoning:** The answer states that \\( A' = \\{2, 4, 6, 8, 10\\} \\). This is incorrect because the set \\( A' \\) should be the complement of \\( A \\) in \\( U \\), which means it should contain all elements of \\( U \\) that are not in \\( A \\). Given \\( U = \\{1, 2, 3, 4, 5, 6, 7, 8, 9, 10\\} \\) and \\( A = \\{1, 3, 5, 7, 9\\} \\), the correct set for \\( A' \\) should be \\( \\{2, 4, 6, 8, 10\\} \\), as these are the elements of \\( U \\) that are not in \\( A \\).\n\n**Error:** 1"", ""**Reasoning:** The Answer states that we note that elements 2, 4, 5, 6, 8, 10 do not belong to A. However, according to the question, 6 and 8 should actually be included in U but excluded from A since they are not listed in A. Therefore, the correct set for A' should include these elements. The answer incorrectly omits 6 and 8 from the set of elements that are not in A.\n\n**Error:** 1"", '**Reasoning:** The answer incorrectly states that the elements of U that do not belong to A are {2, 4, 5, 6, 8, 10}. However, the correct elements of U that do not belong to A are {2, 4, 5, 6, 7, 9, 10}. Therefore, the inclusion of 8 is incorrect.\n\n**Error:** 1', ""**Reasoning:** The answer correctly identifies that the elements of U that do not belong to A are {2, 4, 5, 6, 8, 10}. However, the final statement in the answer should be incorrect because it uses the symbol 'A' instead of 'A^c'. The correct notation for finding the complement of A would be 'A^c', not 'A'.\n\n**Error:** 1"", ""**Reasoning:** The Answer incorrectly states that \\( A' = \\{2, 4, 6, 8, 10\\} \\). According to the question, \\( U = \\{1, 2, 3, 4, 5, 6, 7, 8, 9, 10\\} \\) and \\( A = \\{1, 3, 5, 7, 9\\} \\). The complement of \\( A \\) (denoted as \\( A' \\)) should contain all elements of \\( U \\) that are not in \\( A \\). Therefore, the correct complement should be \\( A' = \\{2, 4, 6, 8, 10\\} \\)."", '**Reasoning:** The student correctly identified the elements of set \\( U \\) that are not in set \\( A \\). However, the answer provided does not include all the elements correctly. The correct answer should be \\( \\{2, 4, 6, 8\\} \\) instead of \\( \\{2, 4, 6, 8, 10\\} \\).\n\n**Error:** 0', ""**Reasoning:** The answer provided states that the elements of U which do not belong to A' are {2,4,6,8,10}, but the correct answer should be {3,4,5,7,9}. The given answer does not include the element '3', which is a part of set U and should also be included in the complement A'.\n\n**Error:** 1"", ""**Reasoning:** The answer provided states that elements 2, 4, 5, 6, 8, and 10 are the only elements of U that do not belong to A. However, this is incorrect because 3 and 7 are also elements of U that are not in A. The correct set A' should include these elements as well.\n\n**Error:** 1"", ""**Reasoning:** The answer provided contains an error. In the question, it is stated that \\( V = \\{1, 2, 3, 4, 5, 6, 7, 8, 9, 10\\} \\) and \\( A = \\{1, 3, 5, 7, 9\\} \\). To find \\( A' \\), we need to identify elements of \\( U \\) that do not belong to \\( A \\). The elements of \\( U \\) that are not in \\( A \\) should be \\( \\{2, 4, 6, 8, 10\\} \\). Therefore, the correct answer should be \\( A' = \\{2, 4, 6, 8, 10\\} \\).\n\n**Error:** 1"", ""**Reasoning:** The student has correctly identified the elements that do not belong to set A. However, the range of elements listed as A' should be {2, 4, 6, 8, 10}, not {2, 4, 6, 9, 10}. This discrepancy in not including the element 9 leads to an error.\n\n**Error:** 1""]",5,15,Qwen/Qwen2.5-VL-3B-Instruct,100,1.172993472439513
"The least perfect square, which is divisible by each of 21, 36 and 66 is:  
\begin{enumerate}
    \item[A)] 213444
    \item[B)] 214344
    \item[C)] 214434
    \item[D)] 231444
\end{enumerate}

"," Option A  
L.C.M. of 21, 36, 66 = 2772.  
Now, \( 2772 = 2 \times 2 \times 3 \times 3 \times 7 \times 11 \)  
To make it a perfect square, it must be multiplied by \( 7 \times 11 \).  
So, required number = \( 2^2 \times 3^2 \times 7^2 \times 11^2 = \textcolor{red}{231444} \)

",True,True,True,0.2449300267946353,True,0,"['**Reasoning:** The answer provided does not correctly calculate the least common multiple (LCM) of 21, 36, and 66. Instead of finding the LCM, the student seems to have multiplied the prime factors raised to their highest powers directly, which is incorrect for determining the LCM. Therefore, the answer should be calculated as follows:\n\nThe prime factorization of each number is:\n- 21 = 3 × 7\n- 36 = 2² × 3²\n- 66 = 2 × 3 × 11\n\nTo find the LCM, take the highest power of each prime factor involved:  \n\\(2^2\\), \\(3^2\\), \\(7\\), and \\(11\\). Multiplying these gives us:  \n\\(2^2 \\times 3^2 \\times 7 \\times 11 = 4 \\times 9 \\times 7 \\times 11 = 3276\\).\n\nTherefore, the correct answer is D) 3276, not 231444.\n\n**Error:** 1', '**Reasoning:** The answer provided contains a logical error. The calculation of the least common multiple (LCM) of 21, 36, and 86 is incorrect. The correct LCM should be calculated by finding the product of all prime factors raised to their highest power present in any of the numbers. However, since 86 is not a prime number and is not a factor of 21 or 36, it does not affect the LCM calculation when considering the prime factors of 21 (3 and 7) and 36 (2 and 3). Therefore, the LCM of 21, 36, and any other number should be multiplied by 7 and 11, not 11 and 12 as shown in the answer.\n\n**Error:** 0', '**Reasoning:** The answer provided does not contain any mathematical errors in terms of calculating the least common multiple (LCM) of 21, 36, and 66 and then determining the correct number to make it a perfect square. However, the question asks for the least perfect square divisible by 21, 36, and 66, whereas the provided answer seems to be about making the LCM into a perfect square.\n\n**Error:** 1', '**Reasoning:** The answer incorrectly states that Option A is incorrect when it should be correct. The L.C.M. of 21, 36, and 66 is indeed 2772, and squaring 2772 gives 2772^2 = 76657444. However, the answer concludes with ""required number = 2^2 x 3^2 x 7^2 x 11^2 = 231444,"" which is incorrect as it does not align with the correct square of 2772. \n\n**Error:** 1', ""**Reasoning:** The answer incorrectly identifies the least common multiple (LCM) as 2772 instead of 876. The LCM of 21, 36, and 66 should be calculated by finding the prime factorization of each number and taking the highest power of each prime that appears in the factorizations.\n\nLet's break down the steps to find the LCM:\n- 21 = 3 × 7\n- 36 = 2² × 3²\n- 66 = 2 × 3 × 11\n\nThe LCM is given by the product of the highest powers of all prime factors involved:\n- Highest power of 2: 2²\n- Highest power of 3: 3²\n- Highest power of 7: 7\n- Highest power of 11: 11\n\nSo, the LCM = 2² × 3² × 7 × 11 = 5616.\n\nTherefore, the correct answer should be 5616, not 2772.\n\n**Error:** 1"", '**Reasoning:** The answer provided does not fully explain the process of finding the least perfect square divisible by 21, 36, and 86. It correctly calculates the LCM of these numbers but fails to show how this LCM can be transformed into a perfect square. The correct approach should involve taking each prime factor to an appropriate power to ensure the number becomes a perfect square. For example, 21 = 3 * 7, 36 = 2^2 * 3^2, and 86 = 2 * 43. To make the product a perfect square, we need to multiply by 7^2 * 2^2 * 43^2. This results in (2^2 * 3^2 * 7^2 * 2^2 * 43^2)^2 = 2^6 * 3^4 * 7^4 * 2^2 * 43^2 = 2^8 * 3^4 * 7^4 * 43^2, which simplifies to 231444 when written out.\n\n**Error:** 1', '**Reasoning:** The answer incorrectly calculates the least common multiple (LCM) of 21, 36, and 66 instead of finding the next perfect square that is divisible by each of these numbers. The LCM calculation should be performed first, then find the smallest perfect square greater than the LCM. \n\n**Error:** 1', '**Reasoning:** The answer provided shows an incorrect approach to finding the least common multiple (LCM) of 21, 36, and 66. Instead of directly calculating the LCM using prime factorization, the student incorrectly multiplied the numbers obtained from their prime factorizations together. This results in an incorrect LCM calculation. Additionally, the student incorrectly determined the required number as 7×11 instead of considering the correct prime factors and squaring them appropriately.\n\n**Error:** 1', '**Reasoning:** The answer provided does not correctly explain how to calculate the least common multiple (LCM) of 21, 36, and 66. It incorrectly states that the LCM of these numbers is 2772, which is not correct because the LCM should be 549120. Additionally, the calculation of multiplying by \\(2^2 \\times 3^2 \\times 7^2 \\times 11^2\\) to make it a perfect square is also incorrect. The correct LCM of 21, 36, and 66 is actually 549120, which means the number must be multiplied by \\(2^2 \\times 3^2 \\times 7^2 \\times 11^2 = 94872\\).\n\n**Error:** 1', ""**Reasoning:** The user's answer does not follow the correct method to find the least common multiple (LCM) of 21, 36, and 66 and then determine the perfect square. Instead, the user calculates the LCM of 21, 36, and 66 directly using prime factorization, but then incorrectly multiplies the result by 7^2 * 11^2 instead of just multiplying it by 7 * 11. This suggests a misunderstanding of how to form a perfect square from the LCM of the given numbers.\n\n**Error:** 1"", ""**Reasoning:** The student's Answer provides a detailed step-by-step solution for finding the least perfect square divisible by 21, 36, and 86. However, there is a calculation mistake in the final step. The correct calculation should be \\(7 \\times 11 = 77\\), not 14349 as indicated in the Answer. Therefore, the answer seems incorrect because it does not match the correct calculation.\n\n**Error:** 1"", ""**Reasoning:** The student's answer incorrectly states that LCM (Least Common Multiple) of 21, 36, and 86 is 2772 instead of calculating it correctly as 2^2 * 3^2 * 7^2 * 11^2 = 2772. The correct approach should be finding the prime factorization of each number and then multiplying the highest power of each prime factor together to get the LCM.\n\n**Error:** 1"", '**Reasoning:** The Answer incorrectly identifies Option A as the least common multiple (LCM) of 21, 36, and 66. While the LCM is correct, the answer process should lead to the final number being the square of this LCM, not multiplying it by itself. Additionally, the calculation of the final number using the prime factorization is incorrect because it multiplies 7 by 11 instead of squaring the LCM. Since the problem asks for the least perfect square divisible by 21, 36, and 66, the correct answer should be the square of the LCM without further multiplication.\n\n**Error:** 1', '**Reasoning:** The Answer incorrectly states that the least perfect square divisible by each of 21, 36, and 66 is Option A) 213444. However, the correct steps should involve finding the LCM of 21, 36, and 66 first, and then squaring it. The LCM of these numbers is calculated as follows:\nLCM(21, 36, 66) = 756.\nThen, we need to find the smallest perfect square greater than or equal to 756. Squaring 27 gives 729, which is not a perfect square. Squaring 28 gives 784, which is also not a perfect square. Finally, squaring 29 gives 841, which is a perfect square. Therefore, the correct answer should be Option D) 841444.\n\n**Error:** 1', '**Reasoning:** \nThe answer provided does not seem to follow the steps correctly to find the least common multiple (LCM) of 21, 36, and 66, nor does it explain how to make the number a perfect square. Instead, it incorrectly multiplies the LCM by 7 and states that the final result is 231444, which does not match any of the options provided.\n\n**Error:** 1']",5,15,Qwen/Qwen2.5-VL-3B-Instruct,100,0.48509409130221154
"39 persons can repair a road in 12 days, working 5 hours a day. In how many days will 30 persons, working 6 hours a day, complete the work? 

\begin{enumerate}[label=\Alph*]
    \item 10
    \item 13
    \item 14
    \item 15
\end{enumerate}

"," Option B

Let the required number of days be \( x \).

\text{Less persons, More days (Indirect Proportion)}

\text{More working hours per day, Less days (Indirect Proportion)}

\[
\text{Persons} \quad 30 : 39 \quad :: \quad 12 : x
\]
\[
\text{Working hours/day} \quad 6 : 5
\]

Thus,

\[
30 \times 6 \times x = 39 \times 5 \times 12
\]

\[
\Rightarrow \quad x = \textcolor{red}{\frac{39 \div 5 \times 12}{30 \times 6}}
\]

\[
\Rightarrow \quad x = 13.
\]

",True,True,True,0.5799151714181009,True,0,"['**Reasoning:** The answer process starts correctly by setting up the proportion for the number of people and working hours per day. However, when solving the equation \\(30 \\times 6 \\times x = 39 \\times 5 \\times 12\\), the steps leading to finding \\(x\\) are correct. The subsequent simplification also appears to be accurate. Therefore, there does not seem to be any logical or arithmetic error in the solution as presented.\n\n**Error:** 0', '**Reasoning:** The answer incorrectly concludes that \\( x = 13 \\). According to the calculations done in the solution, the correct value for \\( x \\) should be 14. \n\n**Error:** 1', '**Reasoning:** The answer provided does not seem to directly solve the problem as written. The question asks how many days it will take for 30 persons working 6 hours a day to complete the work, but the answer does not derive a formula from the information given about the original group. Instead, it appears to be using incorrect proportions and not following through with the step-by-step calculation required to find the number of days for 30 persons working 6 hours a day.\n\n**Error:** 1', '**Reasoning:** The student provided the correct approach to solve the problem but incorrectly labeled their answer as option B when they should have labeled it as option C. The correct label based on the given options (A, B, C, D) would be C.\n\n**Error:** 0', '**Reasoning:** The Answer uses indirect proportion correctly but makes a mistake in setting up the equation. The rate of work should be converted into hours/day before applying the formula. The correct setup should involve the total number of person-hours needed to complete the work divided by the total number of person-hours done per day by the new group. The calculation for x should reflect this adjustment.\n\n**Error:** 1', '**Reasoning:** The answer provided uses the correct method to solve the problem using indirect proportion. However, the final step in the calculation should be simplified correctly before arriving at the final answer. The expression \\(x = \\frac{39 \\times 5 \\times 12}{30 \\times 6}\\) is partially correct but needs to be simplified further to get the right value for \\(x\\). Simplifying this expression, we get:\n\\[ x = \\frac{39 \\times 5 \\times 12}{30 \\times 6} = \\frac{39 \\times 5 \\times 2}{2 \\times 30} = \\frac{39 \\times 5}{6} = 39 \\times \\frac{5}{6} = \\frac{195}{6} = 32.5 \\]\n\nSince the calculated value for \\(x\\) should be a whole number representing the number of days, it seems there might have been a misunderstanding in the simplification process. The answer provided does not correctly handle this step.\n\n**Error:** 1', '**Reasoning:** The answer provided does not correctly apply the concept of inverse proportion for this problem. The correct approach should be to set up two proportions based on the working hours per day and then solve for the number of days required for 30 workers, given that they work 6 hours per day instead of 5 hours. However, the current answer incorrectly uses the wrong ratio for the working hours.\n\n**Error:** 1', '**Reasoning:** The answer does not correctly apply the concept of indirect proportionality. In the question, it states that more people working fewer hours per day would take more days to complete the work. However, the given solution incorrectly uses the concept of direct proportion (Persons : Working Hours/day = 30:6) instead of indirect proportion (Persons : Working Hours/day = 39:5). This incorrect application leads to an incorrect calculation for the number of days required.\n\n**Error:** 1', '**Reasoning:** The answer appears to be correct. The steps taken to solve the problem using indirect proportion are logically sound and yield the correct result. \n\n**Error:** 0', '**Reasoning:** The answer provided uses direct proportions instead of indirect proportions as mentioned in the question. The correct approach should consider that more people can complete work faster, but also working more hours per day requires less time. The given equation \\(30 \\times 6 \\times x = 39 \\times 5 \\times 12\\) incorrectly reflects this relationship.\n\n**Error:** 1', '**Reasoning:** The solution provided does not contain any logical errors. It follows a clear step-by-step approach using the concept of indirect proportionality between the number of persons and working hours per day, leading to the correct calculation of the required number of days. The steps for setting up the proportion and solving it appear to be correctly followed.\n\n**Error:** 0', '**Reasoning:** The answer contains a mathematical error. In the problem, it should be considering the total work done in terms of person-hours. The correct approach would involve converting the total work into person-hours and then determining the number of days required. The solution provided multiplies the number of persons by the number of hours per day directly, which is incorrect. It should multiply the product of persons by the product of hours per day to find the total work. The correct calculation should be:\n\\[ Total\\ Work = Person \\times Hours \\]\nSo, \\( 39 \\times 5 \\times 12 \\) should be multiplied by \\( 6 \\times x \\) to get the total work done by 30 persons in \\( x \\) days.\n\n**Error:** 1', '**Reasoning:**\nThe answer provided uses the correct method of solving a work-rate problem using indirect proportion. However, there seems to be a slight mistake in the cross-multiplication step. The correct equation should be:\n\\[30 \\times 6 \\times x = 39 \\times 5 \\times 12\\]\nThis simplifies to:\n\\[x = \\frac{39 \\times 5 \\times 12}{30 \\times 6}\\]\nSimplifying further:\n\\[x = \\frac{39 \\times 5 \\times 12}{30 \\times 6} = \\frac{39 \\times 5 \\times 2}{30 \\times 2} = \\frac{39 \\times 5}{30} = \\frac{195}{30} = 6.5\\]\n\nHowever, since we need whole days, we should round up to the next whole number because even one extra day will complete the work before reaching exactly 6.5 days. Therefore, the correct number of days is 7.\n\n**Error:** 1', '**Reasoning:** The answer process is correct up to the point where the equation is formed but then incorrectly concludes that \\( x = 13 \\). Based on the provided solution, the steps leading to the conclusion should be reviewed for any calculation errors. Specifically, the final step involves dividing the product of the work rates to find the total number of working hours per day, then calculating the total hours worked in one day and multiplying it by the number of days required to complete the work. This part seems to be correctly done, so the issue might lie in the interpretation of the result. \n\n**Error:** 1', '**Reasoning:** The answer provided does not correctly apply the concept of indirect proportion. In the problem, more persons working fewer hours per day should result in more days taken to complete the work. However, the answer concludes with \\( x = 13 \\) days, which contradicts this logic since it suggests 30 persons working more hours a day would require fewer days. Therefore, the calculation is incorrect.\n\n**Error:** 1']",5,15,Qwen/Qwen2.5-VL-3B-Instruct,100,1.3792922544726758
"Find the 10th and \( n \)th terms of the G.P. \( 5, 25, 125, \ldots \).

"," Here \( a = 5 \) and \( r = 5 \). Thus, 
\[
a_{10} = 5(5)^{10-1} = 5(5)^9 = \textcolor{red}{5^9}
\]
and 
\[
a_n = ar^{n-1} = 5(5)^{n-1} = \textcolor{red}{5^{n-1}}.
\]

",True,True,True,0.8823109245150755,True,1,"['**Reasoning:**\nIn the given answer, there seems to be a mistake in the calculation of \\(a_{10}\\). The formula used for finding the \\((n+1)\\)th term (\\(a_{n+1}\\)) is correct, but it is applied incorrectly to find \\(a_{10}\\). Specifically, the term \\(a\\) should be multiplied by \\(q^{10-1}\\), not \\(q^9\\). \n\n**Error:** 1', ""**Reasoning:** The solution provided seems correct. Let's break it down step-by-step:\n\n1. **Finding the 10th term (\\(a_{10}\\))**:\n   - Given: \\(a = 5\\) and \\(r = \\sqrt{5}\\).\n   - Formula for the \\(n\\)-th term of a geometric progression: \\(a_n = ar^{n-1}\\).\n   - For \\(a_{10}\\): \\(a_{10} = 5(\\sqrt{5})^{10-1} = 5(\\sqrt{5})^9 = 5\\sqrt{5}^9\\).\n   - The calculation is correct up to \\(5\\sqrt{5^9}\\).\n\n2. **Finding the \\(n\\)-th term (\\(a_n\\))**:\n   - Using the same formula: \\(a_n = ar^{n-1}\\).\n   - For \\(a_n\\): \\(a_n = 5(\\sqrt{5})^{n-1} = 5\\sqrt{5}^{n-1}\\).\n   - The formula for \\(a_n\\) is also correct.\n\nThere is no indication of any calculation errors or logical mistakes in the solution provided.\n\n**Error:** 0"", '**Reasoning:** \n1. The sequence \\(\\sqrt{5}, 2\\sqrt{5}, 12\\sqrt{5}, \\cdots\\) suggests it could be an arithmetic progression (A.P.), but it does not appear to be because the differences between successive terms are not constant.\n2. However, if this is intended to be a geometric progression (G.P.), the common ratio \\(q\\) should be calculated as follows:\n   \\[\n   q = \\frac{2\\sqrt{5}}{\\sqrt{5}} = 2\n   \\]\n   For the 10th term (\\(a_{10}\\)):\n   \\[\n   a_{10} = a \\cdot q^{10-1} = \\sqrt{5} \\cdot 2^9 = \\sqrt{5} \\cdot 512 = 512\\sqrt{5}\n   \\]\n   This calculation is correct.\n3. For the \\(n\\)th term (\\(a_n\\)):\n   \\[\n   a_n = a \\cdot q^{n-1} = \\sqrt{5} \\cdot 2^{n-1}\n   \\]\n   This calculation is also correct as long as we are assuming the common ratio is indeed 2.\n\nGiven these points, the calculations for the 10th and \\(n\\)th terms appear correct under the assumption that the provided sequence is a G.P. with a common ratio of 2. The answer itself seems consistent with this assumption.\n\n**Error:** 0', '**Reasoning:** The answer appears to contain errors. In the derivation of \\(a_{10}\\), it incorrectly states \\(a_{10} = 5\\sqrt{5})^{10-1}\\), which should be \\(a_{10} = 5(\\sqrt{5})^{10-1}\\). Similarly, in the calculation for \\(a_n\\), it incorrectly states \\(a_n = 5(\\sqrt{5})^{n-1}\\), which should be \\(a_n = 5(\\sqrt{5})^{n-1}\\). Both expressions are correct but written with a small mistake in notation.\n\n**Error:** 1', '*Reasoning*: In the given answer, there seems to be an error in the representation of the terms of the geometric progression (G.P.). The last term of the G.P. provided is incorrectly written as \\(5\\sqrt{9}\\) instead of \\(5\\). This term should be simplified correctly to \\(5\\) since \\(9\\) is the square of \\(3\\), and therefore \\( \\sqrt{9} = 3 \\). Hence, the correct term \\(a_{10}\\) is \\(5 \\cdot 3^{10-1} = 5 \\cdot 3^9\\), not \\(5 \\cdot 27\\).\n\n*Error*: 1', '**Reasoning:** The answer does not contain any arithmetic or conceptual errors. However, the notation used for the terms of the geometric progression (G.P.) could be clearer. Instead of \\(a_10 = 5(\\sqrt{5})^{10 - 1}\\) and \\(a_n = ar^{n - 1} = 5(\\sqrt{5})^{n - 1}\\), it should be \\(a_{10} = 5(\\sqrt{5})^{9}\\) and \\(a_n = 5(\\sqrt{5})^{n - 1}\\). The exponent calculation for \\(a_{10}\\) is incorrect because it should be \\(9\\) instead of \\(10 - 1\\).\n\n**Error:** 0', '**Reasoning:** The solution provided seems to contain errors. First, it mentions \\(a = \\sqrt{5}\\) and \\(r = \\sqrt{5}\\). However, this contradicts the arithmetic progression given, which starts with \\(\\sqrt{5}, 2\\sqrt{5}, \\sqrt{125}, \\ldots\\). The common ratio should be \\(\\frac{2\\sqrt{5}}{\\sqrt{5}} = \\sqrt{4}\\), not \\(\\sqrt{5}\\). The 10th term calculation also appears incorrect because it uses \\((\\sqrt{5})^{10-1} = (\\sqrt{5})^9\\), but it should use \\((\\sqrt{5})^{10-1}\\), leading to an incorrect result. Additionally, the calculation for the n-th term is incorrect since it assumes \\(n\\) as 9 instead of using the correct formula for the nth term.\n\n**Error:** 1', '**Reasoning:** The term ""u"" should be replaced with ""a_{n}"" in the answer as it typically denotes the nth term of a sequence. However, this is not an issue since \'u\' is used in the text and not explicitly defined as the nth term anywhere else. Therefore, the equation \\( a_{10} = \\sqrt{5}(\\sqrt{5})^{10-1} = \\sqrt{5}(\\sqrt{5})^9 = \\sqrt{5}^9 \\) is correct.\n\n**Error:** 0', '**Reasoning:** \nThe error lies in the calculation of \\(a_{10}\\). The student has calculated it as \\(5 \\times (-5)^{10-1} = 5 \\times (-5)^9\\), but this is incorrect because the common ratio \\(r\\) should be positive. The correct approach is to use the formula for the \\(n\\)-th term of an arithmetic progression: \\(a_n = a_1 + (n-1)d\\), where \\(d\\) is the common difference. Here, the common difference \\(d\\) is \\(\\sqrt{5} - 5\\). Therefore, the correct calculation should be:\n\\[a_{10} = 5 + 9\\left(\\sqrt{5} - 5\\right) = 5 + 9\\sqrt{5} - 45 = 9\\sqrt{5} - 40.\\]\n\nAdditionally, the calculation of \\(a_n\\) is incorrect. It should also be \\(5 + (n-1)\\left(\\sqrt{5} - 5\\right)\\), not \\(5\\left(\\sqrt{5}\\right)^n\\).\n\n**Error:** 1', ""**Reasoning:** The answer includes two steps to find the 10th term and the n-th term of the geometric progression (G.P.). However, the way the terms are being calculated seems incorrect. In a geometric progression, each term is obtained by multiplying the previous term by a common ratio \\( r \\). For the given G.P., the common ratio \\( r \\) should be calculated correctly. Let's verify this step-by-step:\n\n1. **Finding the 10th Term (\\( a_{10} \\)):**\n   - Given: \\( a = 5 \\) (first term),\n   - Common ratio \\( r \\) is not clearly defined in the answer.\n   - The formula for the \\( n \\)-th term of a G.P. is \\( a_n = ar^{n-1} \\).\n   - For the 10th term:\n     - \\( a_{10} = 5r^9 \\)\n     - Without specifying \\( r \\), it’s ambiguous how to proceed.\n\n2. **Finding the n-th Term (\\( a_n \\)):**\n   - Given: \\( a = 5 \\) (first term),\n   - Common ratio \\( r \\) is not clearly defined in the answer.\n   - The same confusion applies here as well:\n     - \\( a_n = 5r^{n-1} \\)\n\nThere seems to be a mistake in calculating the common ratio \\( r \\). The answer suggests \\( r = 5 \\) instead of finding it from the given terms. This leads to the calculation of the 10th term as \\( a_{10} = 5 \\times 5^9 \\), which is incorrect since \\( r \\) needs to be derived from the given terms.\n\nTherefore, the answer appears to be partially correct but lacks the essential calculation of the common ratio \\( r \\).\n\n**Error:** 1"", '**Reasoning:** The calculation for \\(a_{10}\\) should be \\(5(5)^{9} = 5^9\\) instead of \\(\\sqrt{5}^{9}\\). The formula \\(a_n = a r^{n-1}\\) is correctly applied for finding the \\(n\\)-th term, but the exponent calculation for \\(a_{10}\\) is incorrect. The answer for \\(a_{n}\\) is correct as it follows the same pattern.\n\n**Error:** 1', '**Reasoning:** \nThe answer provided contains a mathematical error. In the first part of the answer, it mentions \\(a = \\sqrt{5}\\) and \\(r = 5\\). However, this cannot be correct because if \\(a\\) were \\(\\sqrt{5}\\) and \\(r\\) were 5, then the sequence would not form a geometric progression with integer terms. The given sequence is \\(\\sqrt{5}, 25, 125, \\ldots\\), which can be expressed as \\(a = 5^0\\), \\(a_2 = 5^3\\), \\(a_3 = 5^6\\), etc., meaning each term is a power of 5. Therefore, the common ratio \\(r\\) should be 5, not \\(\\sqrt{5}\\).\n\n**Error:** 1\n\n', '**Reasoning:** The answer provides the 10th term of the arithmetic progression (A.P.) correctly as \\(a_{10} = 5(\\sqrt{5})^{10-1} = 5(\\sqrt{5})^9 = \\sqrt{5}^9\\). However, the 10th term of an A.P. formula should be expressed as \\(a_n = a + (n-1)d\\), where \\(a\\) is the first term and \\(d\\) is the common difference. In this case, the first term \\(a\\) is 5 and the common difference \\(d\\) is also 5 (\\(\\sqrt{5} - 5\\)). Therefore, the correct expression for the 10th term should be \\(a_{10} = 5 + 9(5) = 5 + 45 = 50\\). The current answer does not match the calculation for the 10th term.\n\n**Error:** 1', '**Reasoning:** The answer provided does not contain any errors. The calculations for the 10th term (\\(a_{10}\\)) and the \\(n\\)th term (\\(a_n\\)) are correct according to the given formulae. There were no mistakes made in the application of the geometric sequence formula \\(a_n = ar^{n-1}\\).\n\n**Error:** 0', '**Reasoning:** The answer appears to be correct. The 10th term {a_{10}} and the nth term {a_n} are correctly calculated using the formula for the nth term of an arithmetic sequence. The steps for calculating the nth term are as follows:\n\nFor the 10th term:\n\\[ a_{10} = a \\cdot r^{(n-1)} = 5 \\cdot (\\sqrt{5})^{9} = 5\\sqrt{5}^{9} \\]\n\nFor the nth term:\n\\[ a_n = ar^{(n-1)} = 5 \\cdot (\\sqrt{5})^{n-1} = 5\\sqrt{5}^{n-1} \\]\n\nBoth calculations are correct according to the properties of geometric sequences.\n\n**Error:** 0']",5,15,Qwen/Qwen2.5-VL-3B-Instruct,100,0.7201248812718097
"3 pumps, working 8 hours a day, can empty a tank in 2 days. How many hours a day must 4 pumps work to empty the tank in 1 day? 

\begin{enumerate}
    \item[A)] 9
    \item[B)] 10
    \item[C)] 11
    \item[D)] 12
\end{enumerate}

"," Option \textcolor{red}{C}

Let the required number of working hours per day be \( x \).

\textit{More pumps, Less working hours per day (Indirect Proportion)} \\
\textit{Less days, More working hours per day (Indirect Proportion)} \\

\[
\frac{4}{3} :: \frac{8}{x}
\]

Thus, 

\textcolor{red}{\[
4 \times 1 \times x = 3 \times 2 \times 7
\]}

\textcolor{red}{\[
\Rightarrow x = \frac{3 \times 2 \times 7}{4}
\]}

\[
\Rightarrow x = \textcolor{red}{10.5}.
\]

",True,True,False,0.5799151714181009,True,0,"['**Reasoning:** The answer provides a detailed step-by-step explanation to solve the problem using the concept of indirect proportion. However, the final calculation of \\( x \\) should be correct as it results in \\( x = 10.5 \\). There seems to be no obvious mistake in the calculations.\n\n**Error:** 0', '**Reasoning:** The solution does not seem to be following the correct logic for solving the problem. The formula provided in the answer is incorrect because it uses \\( x \\) as the number of pumps instead of the number of working hours per day. The correct approach should involve using the inverse proportionality between the number of pumps and the working hours required to empty the tank in a given number of days. The answer provided seems to have made an error in calculating the time required, as it incorrectly assumes \\( x \\) is the number of pumps when it should be the number of working hours per day.\n\n**Error:** 1', '**Reasoning:** The answer provided uses a method of solving the problem that involves setting up a proportion to find the number of working hours per day (x). However, the calculation steps are incorrect. The correct approach should involve manipulating the equation correctly to solve for x. Specifically, the steps taken to solve for x are incorrect as they do not match the standard method for solving proportions. The final result for x should be 7.5, not 10.5.\n\n**Error:** 1', '**Reasoning:** The answer appears to be correct. The student correctly applies the concept of indirect proportion to solve the problem. They set up the equation \\(\\frac{h}{3} = \\frac{8}{x}\\) to find \\(x\\). Solving this equation yields \\(x = 10.5\\) hours per day, consistent with the requirements of the problem. Therefore, the solution does not contain any errors.\n\n**Error:** 0', '**Reasoning:** The answer appears to be correct. The student has set up the proportion correctly using the formula for inverse proportionality: \\(\\frac{hours}{pumps} = \\frac{8 hours}{3 pumps}\\). Then, they have solved for \\(x\\) correctly as well, resulting in \\(x = 10.5\\). Since the question asks for the number of hours per day, the answer \\(10.5\\) is valid and matches the typical format expected for such problems.\n\n**Error:** 0', '**Reasoning:** The answer starts with a multi-step proportion equation that seems to be derived correctly from the problem statement. However, the final step of solving the proportion appears to contain an error. In the last line of the solution, the value of \\( x \\) is calculated as \\( x = 10.5 \\), but this should be rounded to the nearest whole number because it represents hours per day, and a non-integer result is not practical in such contexts. The correct value should be 11 hours per day if rounded to the nearest whole number, assuming that the options provided are integers.\n\n**Error:** 1', '**Reasoning:** The answer starts with a correct interpretation of the problem and correctly states the relationship between the number of pumps and the working hours. However, there is an arithmetic error in the calculation steps. Specifically, in the step \\(4 \\times 1 \\times x = 3 \\times 2 \\times 7\\), it should be \\(4 \\times 1 \\times x = 3 \\times 8 \\times 7\\) instead because the factor for 3 pumps working 8 hours per day over 2 days should equal the factor for 4 pumps working \\(x\\) hours per day over 1 day. Therefore, the correct equation should be \\(4 \\times x = 3 \\times 8 \\times 2\\), leading to \\(x = \\frac{3 \\times 8 \\times 2}{4} = 12\\) hours.\n\n**Error:** 1', '**Reasoning:** The answer provided shows an incorrect calculation in the final step. The correct calculation should be \\(x = \\frac{3 \\times 2 \\times 7}{4}\\), which simplifies to \\(x = 10.5\\). However, the given answer states \\(x = 10.5\\), which is correct but comes from a different initial equation. There is no error in the logic or the steps used in the derivation, just a minor difference in notation and presentation.\n\n**Error:** 0', '**Reasoning:** The answer process appears to be correct up to the final result (\\(x = 10.5\\)). However, since the question asks for ""how many hours a day must 4 pumps work to empty the tank in 1 day?"", the answer should be an integer number of hours per day. The value \\(x = 10.5\\) is not an appropriate answer because it does not make sense in the context of working hours. Therefore, there seems to be an error in the interpretation or application of the formula used.\n\n**Error:** 1', '**Reasoning:** The Answer process appears to be correct up to a point. However, the final calculation \\( x = 10.5 \\) should be rounded to the nearest whole number because hours worked must be a whole number. In a practical context, 10.5 hours means 11 hours when rounded up, as pumps cannot work in half an hour. The answer should be 11 hours instead of 10.5.\n\n**Error:** 1', ""**Reasoning:** The answer provided does not correctly solve the problem related to pumps and tank emptying. The method used involves setting up a proportion incorrectly. The correct approach should be to solve for the number of hours per day required to empty the tank with 4 pumps in 1 day. The given calculation seems to be incorrect because it uses rates and proportions in a way that does not align with the question's requirements. \n\n**Error:** 1"", ""**Reasoning:** The student's answer shows a correct calculation process but incorrectly selects option C instead of option D as the final result. The correct calculation should be \\( x = 10.5 \\) hours per day, which corresponds to option D.\n\n**Error:** 1"", '**Reasoning:** The answer provided contains two different formulas for calculating \\( x \\). The first formula uses \\( \\frac{h}{3} = \\frac{8}{x} \\), but then the subsequent steps use \\( 4 \\times 1 \\times x = 3 \\times 2 \\times 7 \\) without showing how these values relate correctly to the initial proportion. Additionally, the final step \\( x = 10.5 \\) is derived from multiplying incorrect values. These issues suggest that the steps leading to the final answer are not logically consistent with the original problem statement.\n\n**Error:** 1', '**Reasoning:** The answer shows an incorrect calculation. According to the problem statement, the number of pumps (4) and the days (1) should be used, but the equation is set up incorrectly with the day variable being squared instead of used directly as a multiplier. The correct setup should be \\( \\frac{8}{3} = \\frac{8x}{4x} \\), which simplifies to \\( \\frac{8}{3} = \\frac{x}{4} \\). Solving this correctly gives \\( x = \\frac{96}{12} = 8 \\) hours per day, not \\( 10.5 \\) hours as shown in the solution.\n\n**Error:** 1', '**Reasoning:** The solution provided involves setting up an equation using inverse proportions but does not correctly account for the number of pumps working together. The formula used to calculate the number of hours worked per day should be adjusted to reflect the correct relationship between the number of pumps and the working hours needed to empty the tank. Specifically, the equation \\(4 \\times 8 = 3 \\times x\\) is incorrect because it assumes each pump works independently for 8 hours, whereas the problem states that 3 pumps work together for 2 days to empty the tank. To solve this correctly, one needs to consider the combined effect of all pumps working in parallel for a fraction of 2 hours to achieve the same work output as 3 pumps working for 2 days.\n\n**Error:** 1']",5,15,Qwen/Qwen2.5-VL-3B-Instruct,100,1.5990147122062977
"Find \( \int \frac{(x^4 - x)^{\frac{1}{4}}}{x^5} \, dx \)

"," We have 

\[
\int \frac{(x^4 - x)^{\frac{1}{4}}}{x^5} \, dx = \int \frac{(1 - \frac{1}{x^3})^{\frac{1}{4}}}{x^4} \, dx
\]

\textcolor{red}{Therefore,}

\textcolor{red}{\[
\int \frac{(x^4 - x)^{\frac{1}{4}}}{x^5} \, dx = \frac{1}{3} \int t^4 \, dt = \frac{1}{3} \times \frac{4}{5} t^5 + C = \frac{4}{15} \left(1 - \frac{1}{x^3}\right)^{\frac{5}{4}} + C
\]}

Put \( 1 - \frac{1}{x^3} = t \), so that \( \frac{3}{x^4} \, dx = dt \).

\textcolor{red}{Therefore,}

\textcolor{red}{\[
\int \frac{(x^4 - x)^{\frac{1}{4}}}{x^5} \, dx = \frac{1}{3} \int t^4 \, dt = \frac{1}{3} \times \frac{4}{5} t^5 + C = \frac{4}{15} \left(1 - \frac{1}{x^3}\right)^{\frac{5}{4}} + C
\]}

",True,True,False,0.5004024235381879,True,0,"['**Reasoning:** \nThe answer process starts correctly by substituting \\( t = 1 - \\frac{1}{x^3} \\). However, in the next step, the answer incorrectly substitutes \\( x \\) with \\( t \\) instead of keeping it as \\( x \\). This results in the incorrect substitution of \\( dx \\) in the integral. \n\n**Error:** 1', '**Reasoning:** The answer contains two different solutions with different substitutions. The first substitution is \\( t = 1 - \\frac{1}{x^3} \\) and the second substitution is \\( t = x^4 - x \\). The first solution is correct but not presented clearly in the answer. The second solution introduces an incorrect variable \\( t \\) and does not match the actual substitution used in the question.\n\n**Error:** 0', '**Reasoning:** The answer contains a mistake in the integration process. The substitution method used should replace \\(\\frac{1}{x^3}\\) with \\(t\\), but it was incorrectly replaced with \\(1 - \\frac{1}{x^3}\\). This results in an incorrect final expression for the integral.\n\n**Error:** 1', '**Reasoning:** The answer does not contain any mathematical errors. The steps taken to solve the integral are correct, including the substitution \\( t = 1 - \\frac{1}{x^3} \\) and the integration process. \n\n**Error:** 0', '**Reasoning:** The student incorrectly calculates the integral. They start with the substitution \\( t = 1 - \\frac{1}{x^3} \\) but then apply integration rules incorrectly. The integral should be solved using the correct method of substitution, which is not demonstrated in the answer.\n\n**Error:** 1', '**Reasoning:** The answer includes a substitution step that seems incorrect. The substitution \\( t = 1 - \\frac{1}{x^3} \\) is made, but it should be \\( t = x - \\frac{1}{x^2} \\). The integral becomes \\( \\int \\frac{t^4}{(t + x)^5} dt \\), which is different from what is shown. Additionally, the differential \\( dx \\) should be replaced with \\( dt \\) after the substitution, but the change of variables is not correctly applied as shown in the solution.\n\n**Error:** 1', '**Reasoning:** The answer contains a logical error in the substitution process. The substitution \\( t = x - \\frac{1}{x^3} \\) does not directly lead to the correct form of the integral. Instead, a correct substitution should be \\( t = x^4 - x \\). This substitution will transform the integral into a more manageable form.\n\n**Error:** 1', '**Reasoning:** The Answer shows a correct substitution \\( t = 1 - \\frac{1}{x^3} \\) and correctly integrates as \\( \\int x^{4/4} dx = \\frac{1}{3} \\times \\frac{4}{5} x^{5} + c \\). However, the final form should be \\( (\\frac{1}{3}) \\times (\\frac{4}{5}) x^{5} + C \\), which simplifies to \\( \\frac{4}{15}(1 - \\frac{1}{x^3})^{\\frac{5}{4}} + C \\). There is a minor arithmetic error in the final expression compared to the correct form.\n\n**Error:** 1', '**Reasoning:** The answer contains a mistake in the application of substitution. In the second step, it incorrectly states \\(\\int t^4 dt = \\frac{1}{3} \\times \\frac{4}{5}t^5\\). It should be \\( \\int t^4 dt = \\frac{1}{5} \\times \\frac{4}{5} t^5\\), as \\(\\frac{d}{dx}(x^5) = 5x^4\\) but since we made the substitution \\( t = x - \\frac{1}{x^3} \\), the differential \\(dt = 4x^{-4} dx\\). Thus, the correct integration should be \\(\\int t^4 dt = \\frac{1}{5} \\times \\frac{4}{5} t^5 + C\\).\n\n**Error:** 1', '**Reasoning:** The answer contains two incorrect steps. First, when substituting \\( t = 1 - \\frac{1}{x^3} \\) and differentiating with respect to \\( x \\), the derivative should be \\( -\\frac{3}{x^4} dx \\) instead of \\( \\frac{3}{x^4} dx \\). Second, the integral of \\( x^4 \\) with respect to \\( t \\) should be \\( \\frac{1}{5} x^5 \\) rather than \\( \\frac{4}{5} x^5 \\). These errors affect the final result, making the answer incorrect.\n\n**Error:** 1', '**Reasoning:** The answer contains two main mistakes:\n\n1. In the first part of the solution, it states \\(\\int \\frac{(x^4 - x)^{\\frac{1}{4}}}{x^5} dx = \\int \\frac{(1 - \\frac{1}{x^3})^{\\frac{1}{4}}}{x^4} dx\\). However, this change should be made by substituting \\( t = 1 - \\frac{1}{x^3} \\) and then using the power rule for integration, but the derivative form used in the substitution was incorrect. The correct derivative would be \\( dt = \\frac{3}{x^4} dx \\), which implies \\( \\frac{dx}{dt} = \\frac{x^4}{3} \\). Therefore, the integral should be rewritten as \\( \\int \\frac{(1 - \\frac{1}{x^3})^{\\frac{1}{4}}}{x^4} dx = \\int \\frac{(1 - \\frac{1}{t})^{\\frac{1}{4}}}{t^2} \\cdot \\frac{3}{x^4} dx \\).\n\n2. In the second part of the solution, the substitution \\( t = 1 - \\frac{1}{x^3} \\) was correctly applied, resulting in \\( \\int \\frac{(1 - \\frac{1}{t})^{\\frac{1}{4}}}{t^2} dt \\). However, the integral was incorrectly integrated with the wrong constant of integration, leading to the final result being incorrect.\n\n**Error:** 1', '**Reasoning:** The answer does not correctly apply the substitution \\( t = 1 - \\frac{1}{x^3} \\). In the substitution step, the derivative of \\( t \\) with respect to \\( x \\) should be \\( dt = \\frac{d}{dx}(1 - \\frac{1}{x^3}) dx = \\frac{3}{x^4} dx \\), which implies that \\( \\frac{1}{x^4} dx = \\frac{1}{3} dt \\). The calculation of the integral using this substitution is also incorrect. The integral should be rewritten as \\( \\int \\frac{(x^4 - x)^{\\frac{1}{4}}}{x^5} dx = \\int \\frac{(t)^{\\frac{1}{4}}}{t^{\\frac{1}{3}}} (-\\frac{3}{10}) dt \\), but the correct substitution was not applied correctly.\n\n**Error:** 1', '**Reasoning:** The answer incorrectly changes the variable of integration from \\(x\\) to \\(t\\) before changing it back to \\(x\\). The correct step should be to replace \\(x\\) with \\(\\frac{x^4 - x}{4}\\) in the integral after applying the substitution \\(1 - \\frac{1}{x^3} = t\\). \n\n**Error:** 1', '**Reasoning:** The student made a mistake in the substitution step. When substituting \\( x - \\frac{1}{x^3} = t \\) into the integral, they should have used the differential \\( dx = \\frac{4}{5} x^5 \\, dt \\) rather than \\( dx = \\frac{1}{3} t^4 \\, dt \\). The substitution is correct if \\( t = x - \\frac{1}{x^3} \\) and \\( dt = \\frac{4}{5} x^5 \\, dx \\), but the student incorrectly integrated \\( t^4 \\, dt \\) instead of \\( dx \\). Instead, integrating with respect to \\( dx \\) gives \\( \\int t^4 \\, dt = \\frac{1}{5} t^5 + C \\).\n\n**Error:** 1', '**Reasoning:** The answer appears correct from the perspective of the steps taken. However, upon closer inspection, it seems there might be a slight confusion between differentiation and integration. The derivative form should indeed be \\(\\frac{d}{dx}\\left( \\frac{(x^4 - x)^{\\frac{1}{4}}}{x^5} \\right)\\), but the provided integration method appears consistent with the question asked. Assuming the derivative approach was intended, the integral form given matches the expected result. There might be a minor typographical error in the notation, but it does not affect the correctness of the solution.\n\n**Error:** 0']",5,15,Qwen/Qwen2.5-VL-3B-Instruct,100,0.7201248812718097
"Find the discriminant of the quadratic equation \(2x^2 - 4x + 3 = 0\), and hence find the nature of its roots.

"," The given equation is of the form \(\textcolor{red}{px^2 + qx + r} = 0\), where \(\textcolor{red}{p = 2}\), \(\textcolor{red}{q = -4}\), and \(\textcolor{red}{r = 3}\). Therefore, the discriminant is calculated as follows:

\[
\textcolor{red}{q^2 - 4pr} = (-4)^2 - (4 \times 2 \times 3) = 16 - 24 = -8 < 0
\]

So, the given equation has no real roots.

",False,True,True,0.5004024235381879,False,0,"['**Reasoning:** The discriminant calculation in the answer is incorrect. According to the quadratic formula, the discriminant \\(D\\) should be calculated as:\n\\[ D = b^2 - 4ac \\]\nwhere \\(a = 2\\), \\(b = -9\\), and \\(c = 3\\). Substituting these values into the formula:\n\\[ D = (-9)^2 - 4(2)(3) = 81 - 24 = 57 \\]\nSince \\(D > 0\\), the equation has two distinct real roots. The discriminant was missed in the original calculation, leading to a different conclusion.\n\n**Error:** 1', '**Reasoning:** The answer provided contains an error. In the step where the discriminant is calculated as \\( q^2 - 4p\\delta \\), it should be \\( 4p\\delta - q^2 \\) since the correct form to calculate the discriminant of a quadratic equation \\( ax^2 + bx + c = 0 \\) is \\( b^2 - 4ac \\). The given expression does not match this correct formula.\n\n**Error:** 1', '**Reasoning:**\nThe Answer provided contains several errors in its calculation and logical steps. \n\n1. In the discriminant formula \\( q^2 - 4pq \\), the values of \\( q \\) and \\( p \\) are correctly identified as \\( q = -4 \\) and \\( p = 2 \\). However, the calculation of the discriminant should be:\n   - \\( q^2 = (-4)^2 = 16 \\)\n   - \\( 4pq = 4 \\times 2 \\times 3 = 24 \\)\n\n   Therefore, the correct discriminant is:\n   - \\( q^2 - 4pq = 16 - 24 = -8 \\)\n\n2. The answer concludes that since the discriminant is less than zero (\\( Δ < 0 \\)), the equation has no real roots. This conclusion is incorrect because the discriminant being negative indicates that the quadratic equation has two complex conjugate roots, not no real roots.\n\n**Error:** 1', '**Reasoning:** The discriminant calculation in the Answer contains a mistake. In the calculation, it should be \\((-4)^2 - (4 \\times 2 \\times 3)\\) rather than \\((-4)^2 - (4 \\times 2 \\times 3)\\). The second part of the expression lacks parentheses around the multiplication.\n\n**Error:** 1', '**Reasoning:** The Answer provides a correct method to find the discriminant of a quadratic equation. However, it does not provide the actual calculation of the discriminant, stating ""Therefore, the discriminant is calculated as follows:"" without performing the necessary computations. The discriminant is correctly identified as \\(q^2 - 4pq\\), but the final step of calculating \\((-4)^2 - (4 \\times 2 \\times 3)\\) is missing from the answer, leading to an incorrect final result of \\(-8 < 0\\). Therefore, the answer does not include the full calculation process, which is a potential error in presenting the entire solution.\n\n**Error:** 1', '**Reasoning:** In the solution provided, there is a logical error in the calculation of the discriminant. The student has correctly identified the coefficients p, q, and r as p = 2, q = -4, and r = 3 respectively. However, when calculating the discriminant (\\(q^2 - 4pr\\)), the student incorrectly uses \\(r\\) instead of \\(p\\) and \\(q\\). The correct calculation should be:\n\\[ (q)^{2} - 4(pr) \\]\nwhere \\( pr = 2(-4) = -8 \\). Thus, the discriminant should be:\n\\[ (-4)^{2} - 4(-8) = 16 + 32 = 48 \\]\nSince the discriminant is positive (\\(48 > 0\\)), the equation has two real roots, not no real roots as stated in the answer.\n\n**Error:** 1', '**Reasoning:** The solution incorrectly calculates the discriminant as \\((-4)^2 - 4 \\times 2 \\times 3\\). According to the correct formula for calculating the discriminant of a quadratic equation \\(ax^2 + bx + c = 0\\), where \\(a = 2\\), \\(b = 4\\), and \\(c = 3\\), the discriminant should be calculated as follows: \\[D = b^2 - 4ac = 4^2 - 4 \\times 2 \\times 3 = 16 - 24 = -8.\\] However, the given solution incorrectly calculates the discriminant as \\(16 - 24\\), resulting in a negative value of 8. This error occurs because the calculation of the discriminant is incorrect due to the difference in the order or placement of operations.\n\n**Error:** 1', '**Reasoning:** The discriminant calculation is correct. However, the statement ""the given equation has no real roots"" should be rephrased as ""the given equation has two complex conjugate roots."" The discriminant being less than zero indicates that the roots are complex. Therefore, the answer partially corrects the interpretation but adds incorrect final statement about roots.\n\n**Error:** 1', '**Reasoning:** The answer contains several errors. First, the discriminant formula used is incorrect. The correct discriminant formula for a quadratic equation \\(ax^2 + bx + c = 0\\) is \\(b^2 - 4ac\\). The answer incorrectly uses \\(4p\\delta\\) instead of \\(4a^2\\delta\\). Second, the calculation of the discriminant step-by-step includes an incorrect number. The calculation should be \\(16 - (-4)^2 = 16 - 16 = 0\\), but the answer incorrectly states it as \\(-8\\). Finally, the conclusion about the nature of the roots being ""no real roots"" is misleading because a discriminant less than zero indicates two complex conjugate roots, not no real roots.\n\n**Error:** 1', ""**Reasoning:** The Answer provides the discriminant calculation as -8, but it should be -32 since it's -4^2 - (4 \\times 2 \\times 3). The correct discriminant value should be -32, not -8.\n\n**Error:** 1"", ""**Reasoning:** The discriminant calculation process and the final conclusion about the nature of the roots seem correct. However, the answer concludes that the equation has no real roots, which may not be entirely accurate depending on the context of the question. The discriminant \\( \\Delta = -8 < 0 \\) indeed indicates no real roots, but it's important to note this might depend on the specific context or conditions under which the quadratic equation was derived.\n\n**Error:** 0"", '**Reasoning:** The Answer does not contain any numerical calculations or logical steps that would introduce errors such as misinterpretation of symbols or arithmetic mistakes. However, it does lack a detailed step-by-step solution to verify the discriminant calculation.\n\n**Error:** 0', '**Reasoning:** The Answer contains a logical error in the calculation of the discriminant. The discriminant should be calculated as \\( q^2 - 4pq \\) where \\( q = 9 \\) and \\( p = 2 \\). However, in the Answer, it incorrectly uses \\((-4)^2\\), which is incorrect since \\( q \\) is actually 9. This mistake leads to an incorrect discriminant value and ultimately results in a wrong conclusion about the nature of the roots.\n\n**Error:** 1', '**Reasoning:** The answer does not match the steps performed by the given student. The discriminant calculation appears to be correct if we verify it step by step: \n1. Identify \\( p = 2 \\)\n2. Identify \\( q = -4 \\)\n3. Calculate \\( \\Delta = q^2 - 4pq \\)\n   - \\( \\Delta = (-4)^2 - (4 \\times 2 \\times 3) \\)\n   - \\( \\Delta = 16 - 24 \\)\n   - \\( \\Delta = -8 \\)\n\nSince \\( \\Delta \\) is less than 0, the equation has no real roots. The answer provided seems to be correct if it follows these steps accurately.\n\n**Error:** 0', '**Reasoning:** The Answer provided seems to contain logical errors in the calculation of the discriminant. The student incorrectly applied the formula for the discriminant \\(\\Delta = b^2 - 4ac\\). The correct steps should be: \\(a = 2\\), \\(b = -4\\), and \\(c = 3\\). Substituting these values into the discriminant formula gives \\(\\Delta = (-4)^2 - 4(2)(3) = 16 - 24 = -8\\). The result is indeed negative, but the student incorrectly concluded that since \\(-8 < 0\\), the equation has no real roots. This is incorrect because the discriminant being less than zero actually indicates two distinct real roots, not no real roots.\n\n**Error:** 1']",5,15,Qwen/Qwen2.5-VL-3B-Instruct,100,0.48509409130221154
"\textbf{Question 21} A group consists of 4 girls and 7 boys. In how many ways can a team of 5 members be selected if the team has (i) no girl? (ii) at least one boy and one girl? (iii) at least 3 girls?

","

(i) Since the team will not include any girl, therefore, only boys are to be selected. 5 boys out of 7 boys can be selected in \( \binom{7}{5} \) ways. Therefore, the required number of ways is:
\[
\binom{7}{5} = \frac{7!}{5! \, 2!} = \frac{6 \times 7}{2} = 21
\]

(ii) Since at least one boy and one girl are to be there in every team, the team can consist of:
\begin{itemize}
    \item (a) 1 boy and 4 girls
    \item (b) 2 boys and 3 girls
    \item (c) 3 boys and 2 girls
    \item (d) 4 boys and 1 girl
\end{itemize}

- 1 boy and 4 girls can be selected in \( \binom{7}{1} \times \binom{4}{4} \) ways.
- 2 boys and 3 girls can be selected in \( \binom{7}{2} \times \binom{4}{3} \) ways.
- 3 boys and 2 girls can be selected in \( \binom{7}{3} \times \binom{4}{2} \) ways.
- 4 boys and 1 girl can be selected in \( \binom{7}{4} \times \binom{4}{1} \) ways.

Therefore, the required number of ways is:
\[
\textcolor{red}{\binom{7}{1} \times \binom{4}{4} + \binom{7}{2} \times \binom{4}{3} + \binom{7}{3} \times \binom{4}{2} + \binom{7}{4} \times \binom{4}{1} + \binom{7}{0} \times \binom{4}{5}} = \textcolor{red}{7 + 84 + 210 + 140 + 1} = \textcolor{red}{442}
\]

(iii) Since the team has to consist of at least 3 girls, the team can consist of:
- (a) 3 girls and 2 boys, or 
- (b) 4 girls and 1 boy.

3 girls and 2 boys can be selected in \( \binom{4}{3} \times \binom{7}{2} \) ways.
4 girls and 1 boy can be selected in \( \binom{4}{4} \times \binom{7}{1} \) ways.

Therefore, the required number of ways is:
\[
\binom{4}{3} \times \binom{7}{2} + \binom{4}{4} \times \binom{7}{1} = 84 + 7 = 91
\]

",True,True,True,0.3926744672275521,True,0,"['**Reasoning:** The answer contains a logical error in the calculation of the number of ways to select teams. Specifically, the incorrect use of combinations and permutations is evident. For example, in question (iii), the calculation for selecting at least 3 girls out of 4 girls should be \\( \\binom{4}{3} + \\binom{4}{4} = 4 + 1 = 5 \\) ways instead of 91 ways as shown in the answer. The same mistake applies to the calculation for selecting at least 2 boys out of 7 boys.\n\n**Error:** 1', '**Reasoning:** The answer does not contain any mathematical errors. Each part of the answer is logically consistent with the question and follows standard methods of combinatorial mathematics.\n\n**Error:** 0', '**Reasoning:** The error is present in the calculation of the number of ways to select a team with at least 3 girls. The answer provided does not correctly account for the different cases of selecting teams with exactly 3, 4, or 5 girls, and then summing them up. Instead, it incorrectly calculates the total as 7 + 84 + 210 + 140 + 1 = 442, which is incorrect as it should be calculated considering all possible combinations of girls and boys that meet the requirement of having at least 3 girls. The correct approach would involve calculating the number of ways to have exactly 3 girls and 2 boys, exactly 4 girls and 1 boy, and exactly 5 girls (since the question asks for ""at least 3 girls"").\n\n**Error:** 1', '**Reasoning:**\n\nLet\'s evaluate each part of the answer step-by-step to identify any errors:\n\n(i) The answer correctly states, ""Since the team will not include any girl, therefore, only boys are to be selected."" However, it seems to have a typo with ""girls"" instead of ""girls,"" which is correct and should not affect the logic.\n\n(ii) The answer provides the number of ways for different cases:\n   (a) 1 boy and 4 girls\n   (b) 2 boys and 3 girls\n   (c) 3 boys and 2 girls\n   (d) 4 boys and 1 girl\n   \n   These calculations are correct and properly broken down.\n\n(iii) The answer calculates the total number of ways as follows:\n   \\[\n   \\binom{7}{1} \\times \\binom{4}{4} + \\binom{2}{2} \\times \\binom{4}{3} + \\binom{3}{3} \\times \\binom{4}{2} + (\\binom{4}{2}) \\times \\binom{7}{3} + \\left(\\frac{\\binom{4}{3}}{\\binom{4}{5}}\\right)\n   \\]\n   However, there is a mistake in the last term. It should be:\n   \\[\n   \\binom{4}{2} \\times \\binom{7}{3}\n   \\]\n   This is because the combination formula \\(\\binom{n}{r}\\) represents the number of ways to choose \\(r\\) elements from \\(n\\) elements, and when dividing by 5, we consider the remaining elements.\n\nGiven this analysis, the error is present in the calculation of the last term.\n\n**Error:** 1', '**Reasoning:** The answer provided contains several logical errors. First, in part (i), the calculation for selecting 5 boys out of 7 is incorrect. The formula \\(\\binom{7}{5} = \\frac{7!}{5!(7-5)!} = \\frac{7 \\times 6}{2 \\times 1} = 21\\) should be correct; however, the final result of 21 is not used in further calculations. Second, in part (ii), the number of ways to form teams with different combinations of boys and girls is calculated incorrectly. The sum \\(7 + 84 + 210 + 420 + 91\\) does not seem to match the expected total number of ways to form teams with at least 3 girls. Instead, it appears to be a summation of individual team formations without considering the requirement for at least 3 girls. Third, the calculation for part (iii) also appears to be incorrect as 84 + 7 does not add up to the correct total for teams with at least 3 girls.\n\n**Error:** 1', '**Reasoning:** \nThe Answer contains several errors in the calculations and explanations. \n\n(i) In part (i), the calculation \\(\\left(\\begin{array}{c}7\\\\5\\end{array}\\right)=\\frac{7!}{5!2!}=21\\) appears to be correct but should be expressed as \\(\\left(\\begin{array}{c}7\\\\5\\end{array}\\right)=\\frac{7!}{2!5!}=21\\). The factorial notation is missing in the denominator.\n\n(ii) In part (ii), the steps for calculating the number of ways are incorrect. The calculation for selecting one boy and three girls is \\(\\left(\\begin{array}{c}7\\\\1\\end{array}\\right)\\times\\left(\\begin{array}{c}4\\\\3\\end{array}\\right)\\), which simplifies to \\(7 \\times 4 = 28\\). This should be corrected to \\(\\left(\\begin{array}{c}7\\\\1\\end{array}\\right)\\times\\left(\\begin{array}{c}4\\\\3\\end{array}\\right)=7 \\times 4=28\\). Similarly, other combinations should be calculated correctly.\n\n(iii) In part (iii), the final result is incorrect. The calculation \\(\\left(\\begin{array}{c}4\\\\3\\end{array}\\right)\\times\\left(\\begin{array}{c}7\\\\1\\end{array}\\right)=84+7=91\\) is wrong because it combines two different combinations incorrectly. The correct result should be the sum of all possible valid selections, which is not covered here fully.\n\n**Error:** 1', 'Reasoning: The answer involves several steps to calculate the number of ways to select teams with different compositions from a group of 4 girls and 7 boys. However, the calculation process appears to be incorrect due to arithmetic mistakes and possible misinterpretation of combinations.\n\nStep 1: For part (i) and part (ii), the calculations are correct.\n- Part (i): The number of ways to select 5 boys out of 7 is calculated as \\(\\binom{7}{5} = \\frac{7!}{2!5!} = 21\\). This is correct.\n- Part (ii): The calculation for selecting 1 boy and 4 girls out of 7 boys and 4 girls is \\(\\binom{7}{1}\\times\\binom{4}{4} + \\binom{7}{2}\\times\\binom{4}{3} + \\binom{7}{3}\\times\\binom{4}{2} + \\binom{7}{4}\\times\\binom{4}{1} = 7 + 84 + 210 + 140 + 1 = 442\\). However, this step is repeated in the process without proper justification.\n\nStep 2: The calculation for part (iii) seems to be missing some steps. The correct way to approach part (iii) would be to consider all cases where the team has 3 girls and 2 boys, or 4 girls and 1 boy. The calculations should be:\n- For 3 girls and 2 boys: \\(\\binom{4}{3}\\times\\binom{7}{2}\\)\n- For 4 girls and 1 boy: \\(\\binom{4}{4}\\times\\binom{7}{1}\\)\n\nThe answer does not correctly apply these steps, leading to incorrect final result.\n\nError: 1\n\n**Error:** 1', ""**Reasoning:** The answer provided does not contain any mathematical errors; it is well-written and follows the instructions correctly. However, it doesn't appear to fully address all parts of the question as presented in the problem statement. \n\n**Error:** 0"", ""**Reasoning:** The answer provided seems to contain errors. \n\nIn part (i), the calculation for selecting no girls is correct using combinations: \\(\\binom{7}{5} = 21\\). However, the explanation incorrectly states that only boys can be selected, which contradicts the problem's statement asking for teams with at least one girl.\n\nIn part (ii), the steps for calculating the number of ways when at least one boy and one girl must be included are missing. The student should consider all possible combinations that meet the criteria, but the calculations are incorrect as they do not include all necessary steps.\n\nIn part (iii), the calculation for teams with at least 3 girls is also incorrect. The problem asks for teams with at least 3 girls, but the student calculates for teams with exactly 3 girls and 2 boys, which does not match the question's requirement.\n\nTherefore, there are errors in all parts of the answer provided.\n\n**Error:** 1"", '**Reasoning:** The answer contains several mathematical errors and logical inconsistencies. Firstly, the calculation for (i) ""Since the team will not include any girl"" should be \\(\\binom{7}{5} = 21\\), but instead, it\'s written as \\(\\binom{7}{5} = \\frac{6×7}{2}\\). This results in incorrect calculations for all subsequent parts. Secondly, the calculation for the number of ways to select teams with at least 3 girls is incorrect. The answer suggests calculating combinations separately for different scenarios but does not account for overlaps correctly. Lastly, the final calculation for the total number of ways is also erroneous due to incorrect division and improper application of combination rules.\n\n**Error:** 1', '**Reasoning:** The solution contains several errors in its calculations and explanations. Firstly, under part (i), the calculation should be \\(\\binom{7}{5} = 7!\\) / \\((7!)\\) instead of \\(\\frac{7!}{(5!2!)}\\). Secondly, under part (ii), the combinations for each scenario should be calculated correctly as shown in the correct solution (\\(21 + 35 + 35 + 42 = 133\\)). Lastly, under part (iii), the combination for ""4 girls and 1 boy"" was incorrectly stated as \\(\\binom{4}{4} \\times \\binom{7}{1}\\) when it should be \\(\\binom{4}{1} \\times \\binom{7}{4}\\). These mistakes significantly affect the correctness of the final answer.\n\n**Error:** 1', '**Reasoning:** The answer contains several calculations that are incorrect. For example, the first part states that ""5 boys out of 7 boys can be selected in (7/3) ways,"" which is incorrect because it should be calculated as \\(\\binom{7}{2}\\) ways to select 2 boys from 7 boys, not 5 boys. Similarly, the calculation for the number of ways to form a team with 1 boy and 4 girls is incorrect; it should be \\(\\binom{4}{4} \\times \\binom{3}{1}\\), not 7 ways as stated. The same mistake occurs in the calculation for the remaining parts of the problem. The answer is completely flawed in its calculations and explanations.\n\n**Error:** 1', '**Reasoning:** \nThe Answer provided has two main sections: one for part (i) and another for parts (ii) and (iii). \n\nFor part (i):\n- The answer states that since the team will not include any girl, only boys can be selected. It then calculates the number of ways to select 5 boys out of 7 in \\(\\binom{7}{5}\\) ways.\n- The calculation is correct because it uses the combination formula \\(\\binom{n}{r} = \\frac{n!}{r!(n-r)!}\\).\n- However, the result is 21, which does not match the expected value of \\(7C4 = 35\\). This discrepancy suggests an error.\n\nFor part (ii):\n- The answer lists different scenarios for selecting teams with at least one boy and one girl, but it does not correctly calculate the total number of ways as stated in the question.\n- The calculations for parts (a), (b), and (c) are incorrect because they do not sum up to the required total number of ways.\n\nFor part (iii):\n- The answer incorrectly states that the team must consist of at least 3 girls, leading to an incorrect calculation for the number of ways.\n- The calculations for parts (a) and (b) are also incorrect and do not sum up to the required total number of ways.\n\n**Error:** 1', '**Reasoning:** \nIn the Answer, the calculations for each part of the question seem to be correct. However, the Answer does not directly compare the total number of ways to select the teams as described in the Question. The Answer calculates the number of ways to select each type of team separately but does not combine them to find the total number of ways. Therefore, it appears there might be a missing step in the Answer to find the total number of ways.\n\n**Error:** 1', '**Reasoning:** \nIn the answer, there is an error in the calculation for part (ii) and part (iii). The calculation for selecting at least one boy and one girl should be considered separately from the total number of ways to select any combination of boys and girls.\n\nPart (ii) - Selecting at least one boy and one girl:\n- One boy and four girls can be selected in C(4,4) * C(3,1) = 1 * 3 = 3 ways.\n- Two boys and three girls can be selected in C(4,2) * C(7,3) = 6 * 35 = 210 ways.\n- Three boys and two girls can be selected in C(4,3) * C(7,2) = 4 * 21 = 84 ways.\n- Four boys and one girl can be selected in C(4,4) * C(7,1) = 1 * 7 = 7 ways.\nTotal ways for part (ii) = 3 + 210 + 84 + 7 = 294.\n\nPart (iii) - Selecting at least three girls:\n- All three girls and two boys can be selected in C(4,3) * C(7,2) = 4 * 21 = 84 ways.\n- Two girls and four boys can be selected in C(4,2) * C(7,4) = 6 * 35 = 210 ways.\nTotal ways for part (iii) = 84 + 210 = 294.\n\nTherefore, the answer is incorrect because it incorrectly sums up the ways for parts (ii) and (iii) without considering their separate calculations.\n\n**Error:** 1']",5,15,Qwen/Qwen2.5-VL-3B-Instruct,100,1.3897154547004784
"In a shower, 5 cm of rain falls. The volume of water that falls on 1.5 hectares of ground is:  
\begin{enumerate}
    \item[A)] 75 cu. m
    \item[B)] 750 cu. m
    \item[C)] 7500 cu. m
    \item[D)] 75000 cu. m
\end{enumerate}

"," Option B  
1 hectare = 10,000 m\textsuperscript{2}  

So, Area = (1.5 × 10,000) m\textsuperscript{2} = 15,000 m\textsuperscript{2}.  

Depth = \(\frac{5}{100}\) m = \(\frac{1}{20}\) m.  

Therefore, Volume = (Area × Depth) = \(15000 \times \frac{1}{20}\) m\textsuperscript{3} = \textcolor{red}{750 cm\textsuperscript{3}}.


",True,True,True,0.0,True,0,"['**Question:** \nIn a shower, 5 cm of rain falls.\nThe volume of water that falls on 1.5 hectares of ground is: \nA) 75 cu. m  \nB) 750 cu. m  \nC) 7500 cu. m  \nD) 75000 cu. m  \n\n**Answer:** \nOption B: 1 hectare = 10,000 m^2  \nSo, Area = (1.5 > 10,000) m^2 = 15,000 m^2.  \nDepth = \\frac{5}{100} m = \\frac{1}{20} m.  \nTherefore, Volume = (Area > Depth) = 15000 \\times \\frac{1}{20} m^3 = 750 cu. m.\n\n**Reasoning:** The answer should be corrected because it incorrectly states that 1 hectare is equal to 10,000 m^2 instead of 10,000 m^2 = 1 hectare. Additionally, the final calculation for the volume seems to have an arithmetic error; it should be 15,000 m^2 \\times \\frac{1}{20} m = 750 m^3.\n\n**Error:** 1', '**Reasoning:** The volume calculation is incorrect. The area should be calculated as follows: \\( 1.5 \\text{ hectares} = 1.5 \\times 10,000 \\text{ m}^2 = 15,000 \\text{ m}^2 \\). The depth is correct as \\( \\frac{5}{100} \\text{ m} = \\frac{1}{20} \\text{ m} \\). Therefore, the volume is calculated as \\( V = 15,000 \\text{ m}^2 \\times \\frac{1}{20} \\text{ m} = 750 \\text{ m}^3 \\), not \\( 7500 \\text{ m}^3 \\) as stated in the answer.\n\n**Error:** 1', '**Reasoning:** The answer incorrectly calculates the volume as 750 cubic meters. According to the correct calculation, the volume should be 7500 cubic meters because the area of 1.5 hectares is converted to square meters and multiplied by the depth of rain.\n\n**Error:** 1', '**Reasoning:** The answer provided calculates the volume incorrectly. The depth of the rain is given as 5 cm (or 0.05 m), but the area is initially calculated as 15,000 square meters. However, the correct calculation should be: Volume = Area x Depth = 15000 m^2 x 0.05 m = 750 m^3. The answer mentions 750 cu.m, which is correct but should be in cubic meters (m^3) instead of cubic centimeters (cm^3). \n\n**Error:** 1', '**Reasoning:** The calculation for the volume is incorrect. The area of 1.5 hectares should be 10,000 m² because 1 hectare = 10,000 m². Therefore, multiplying the area by the depth (which is 5 cm or 0.05 m) gives 750 m³, not 7500 m³. The depth needs to be converted from centimeters to meters before performing the multiplication.\n\n**Error:** 1', '**Reasoning:** The Answer incorrectly calculates the volume of water that falls on 1.5 hectares when it should use the correct formula for calculating volume from area and depth. The formula for volume using area and depth is Area × Depth. However, the calculation involves incorrect values. The value given for Area is incorrect as it should reflect the conversion from hectares to square meters.\n\n**Error:** 1', ""**Reasoning:** The answer incorrectly calculates the volume of water that falls on 1.5 hectares. First, let's correct the calculation. Given that the depth of rain is 5 cm (or 0.05 m), we need to convert the area from hectares to square meters: 1.5 hectares = 15,000 square meters. Then, the volume can be calculated as:\n\\[ \\text{Volume} = \\text{Area} \\times \\text{Depth} = 15,000 \\, \\text{m}^2 \\times 0.05 \\, \\text{m} = 750 \\, \\text{m}^3 \\]\nTherefore, the correct answer should be B) \\( 750 \\, \\text{cu.m} \\).\n\n**Error:** 1"", '**Reasoning:** The answer provided uses a different unit conversion process. In the question, it states ""5 cm of rain falls"", but the answer incorrectly calculates the volume using meters instead of centimeters. The correct formula to convert cubic centimeters (cm³) to cubic meters (m³) should involve converting 5 cm to m first, and then multiplying by the area in square meters. Additionally, the depth calculation seems incorrect because it does not respect the original units of measurement for both area and depth.\n\n**Error:** 1', '**Reasoning:** The given Answer incorrectly calculates the volume of water that falls on 1.5 hectares. According to the problem, the rain depth is 5 cm (or 0.05 m) and the area is 1.5 hectares (15,000 m²). The correct calculation should be: Volume = Area × Depth = 15,000 m² × 0.05 m = 750 m³. The Answer states a depth of 1 m, which would result in a volume of 15,000 m³, not 750 m³.\n\n**Error:** 1', '**Reasoning:** The answer provided contains an error in the final calculation of the volume. The student correctly calculates the area as 15,000 square meters from 1.5 hectares. However, when dividing the depth of rain by 100, they should divide by 1000 instead of 100. This is because the depth is given in centimeters (cm) and needs to be converted to meters (m) before division. The correct calculation of depth should be:\n\\[ \\text{Depth} = \\frac{5}{1000} = \\frac{1}{200} \\]\n\nThen, multiplying this depth by the area gives the volume:\n\\[ \\text{Volume} = 15000 \\times \\frac{1}{200} \\times 1 \\]\n\\[ \\text{Volume} = 75 \\, \\text{cubic meters} \\]\n\nTherefore, the area and depth calculations are correct, but the volume calculation is incorrect due to a mistake in the depth conversion.\n\n**Error:** 1', '**Reasoning:** The calculation in the Answer is incorrect. The volume should be calculated using the formula \\( \\text{Volume} = \\text{Area} \\times \\text{Depth} \\). However, the given Depth is incorrectly expressed as \\(\\frac{5}{100}m\\) instead of \\(0.05m\\). The area is correctly calculated as \\(15000 m^2\\), but the Depth needs to be corrected to \\(0.05m\\) to get the correct volume. The volume should then be recalculated using the correct Depth value.\n\n**Error:** 1', '**Reasoning:** The answer process seems correct up to the point where it calculates the volume of water as 7500 cubic meters (cu.m). However, the key issue lies in the calculation of depth. The depth is calculated incorrectly as $\\frac{5}{100}$ m = $\\frac{1}{20}$ m = 0.05 m, but the question states that rain falls 5 cm (or 0.05 m) per hectare. The area conversion from hectares to square meters also appears incorrect. Since the depth calculation should be directly related to the depth of rainfall mentioned in the question, the error is in the way the depth is interpreted and subsequently used in the volume calculation.\n\n**Error:** 1', '**Reasoning:** The answer provided uses incorrect units for the depth calculation. The depth should be \\(\\frac{5}{100}m\\), but the answer incorrectly states it as \\(\\frac{1}{20}\\) m, which is incorrect for the given depth of 5 cm.\n\n**Error:** 1', '**Reasoning:** The calculation for the volume does not seem correct because it should be calculated as follows:\n1 hectare = 10,000 m²\nTherefore, the area should be 15,000 m².\nDepth = \\(\\frac{5}{100}\\) m = 0.05 m\n\nVolume = Area × Depth = 15,000 m² × 0.05 m = 7,500 m³\n\nThe answer provided is incorrect because it uses 1 hectare instead of 15,000 m² for the area.\n\n**Error:** 1', '**Reasoning:** The answer contains an error in the calculation of the volume of water falling on the ground. The correct calculation should be:\nVolume = Area × Depth\nGiven:\nArea = 15,000 m² (corrected from 15,000 m²)\nDepth = 0.05 m (since 5 cm = 0.05 m)\n\nTherefore, Volume = 15,000 m² × 0.05 m = 750 m³\n\nInstead, the answer incorrectly multiplies the depth directly with the area, resulting in 7500 m³.\n\n**Error:** 1']",5,15,Qwen/Qwen2.5-VL-3B-Instruct,100,0.0
"Show that the points \( (1, 7), (4, 2), (-1, -1) \) and \( (-4, 4) \) are the vertices of a square.

"," Let \textcolor{red}{P(1, 7)}, \textcolor{red}{Q(4, 2)}, \textcolor{red}{R(-1, -1)} and \textcolor{red}{S(-4, 4)} be the given points. One way of showing that \textcolor{red}{PQRS} is a square is to use the property that all its sides should be equal and both its diagonals should also be equal. Now,

\[
\textcolor{red}{PQ} = \sqrt{(1 - 4)^2 + (7 - 2)^2} = \sqrt{9 + 25} = \sqrt{34}
\]

\[
\textcolor{red}{QR} = \sqrt{(4 + 1)^2 + (2 + 1)^2} = \sqrt{25 + 9} = \sqrt{34}
\]

\[
\textcolor{red}{RS} = \sqrt{(-1 + 4)^2 + (-1 - 4)^2} = \sqrt{9 + 25} = \sqrt{34}
\]

\[
\textcolor{red}{SP} = \sqrt{(1 + 4)^2 + (7 - 4)^2} = \sqrt{25 + 9} = \sqrt{34}
\]

\[
\textcolor{red}{PR} = \sqrt{(1 + 1)^2 + (7 - 1)^2} = \sqrt{4 + 64} = \sqrt{68}
\]

\[
\textcolor{red}{QS} = \sqrt{(4 + 4)^2 + (2 - 4)^2} = \sqrt{64 + 4} = \sqrt{68}
\]

Since \textcolor{red}{PQ = QR = RS = SP} and \textcolor{red}{PR = QS}, all the four sides of the quadrilateral \textcolor{red}{PQRS} are equal and its diagonals \textcolor{red}{PR} and \textcolor{red}{QS} are also equal. Therefore, \textcolor{red}{PQRS} is a square.

",False,True,True,0.0,False,0,"['**Reasoning:** The answer contains calculation errors. For example, in the first step, PQ is calculated as \\(\\sqrt{(1-4)^2+(7-2)^2}\\) but it should be \\(\\sqrt{(1+4)^2+(7-2)^2}\\). Similarly, QR, RS, SP, PR, and QS are also incorrectly calculated as \\(\\sqrt{(4+1)^2+(2-1)^2}\\), \\(\\sqrt{(-1+4)^2+(-1-4)^2}\\), \\(\\sqrt{(1+4)^2+(7-4)^2}\\), \\(\\sqrt{(1+1)^2+(7-1)^2}\\), and \\(\\sqrt{(4+4)^2+(2-4)^2}\\). The calculations should match the coordinates of the points given in the problem.\n\n**Error:** 1', '**Reasoning:** The answer does not show any calculations for determining if the quadrilateral PQRS is a square. Instead, it directly states that since all sides and diagonals are equal, the quadrilateral PQRS will be a square. However, the students should have shown their calculations for verifying the equality of sides and diagonals.\n\n**Error:** 1', '**Reasoning:** The question asks to show that the points \\( P(1,7) \\), \\( Q(4,2) \\), \\( R(-1,-1) \\), and \\( S(-4,4) \\) form a square. The answer computes the distances between these points. Calculating the distances PQ, QR, RS, SP, PR, and QS shows that all sides are equal, but it does not address the diagonals PR and QS. Since the diagonals must be equal in length to confirm the quadrilateral as a square, this step is missing in the answer. However, if the diagonals are also equal, then the quadrilateral would indeed be a square. Therefore, the answer concludes correctly that PQRS is a square based on the side lengths being equal.\n\n**Error:** 1', ""**Reasoning:** The student's answer does not include the calculation of the diagonals PR and QS. Since all sides are calculated correctly, the student's conclusion that PQRS is a square relies on these missing diagonal calculations. However, since the diagonals are equal, the triangle inequality theorem implies that PR = QS must also be true, but this was not explicitly stated in the calculation process.\n\n**Error:** 1"", '**Reasoning:** The answer incorrectly concludes that PQ = QR = RS = SP = PR = QS because all sides are equal. However, this does not necessarily mean that PQRS forms a square. A square must also have equal diagonals. Since PR and QS are calculated as √68, they are indeed equal. The error lies in assuming that equality of sides alone proves the quadrilateral is a square without considering the equal diagonals.\n\n**Error:** 1', '**Reasoning:** The problem states that points P(1,7), Q(4,2), R(-1,-1) and S(-4,4) form a square. The given answer calculates the lengths of the sides PQ, QR, RS, and SP, and diagonals PR and QS. It then concludes that since all sides and diagonals are equal, the quadrilateral formed is a square. However, by comparing the side lengths, we notice that PQ = 3\\sqrt{2}, QR = \\sqrt{25+9} = \\sqrt{34}, RS = \\sqrt{9+25} = \\sqrt{34}, SP = \\sqrt{25+9} = \\sqrt{34} but PR = \\sqrt{68} and QS = \\sqrt{68}. Since the side lengths do not match, it indicates that the points do not form a square as stated. Therefore, there is an error in the conclusion that PQRS forms a square.\n\n**Error:** 1', '**Reasoning:** The provided answer correctly calculates the lengths of all sides of the quadrilateral PQRS. However, it does not explicitly state that since all sides are equal, the quadrilateral is a square. Additionally, the diagonals PR and QS should also be calculated to show they are equal, but these calculations are not shown in the provided answer.\n\n**Error:** 1', '**Reasoning:** The solution provided incorrectly calculates the lengths of the diagonals from P(1,7) to Q(4,2) and from R(-1,-1) to S(-4,4). The calculation presented for PR should be \\(\\sqrt{(1+4)^2 + (7-1)^2}\\), which simplifies to \\(\\sqrt{5^2 + 6^2} = \\sqrt{25 + 36} = \\sqrt{61}\\), not \\(\\sqrt{68}\\). Similarly, QS should be calculated as \\(\\sqrt{(4+4)^2 + (2-4)^2}\\), which simplifies to \\(\\sqrt{8^2 + (-2)^2} = \\sqrt{64 + 4} = \\sqrt{68}\\). Therefore, both sides PQ, QR, RS, SP, PR, and QS have been incorrectly calculated.\n\n**Error:** 1', '**Reasoning:** The answer provided includes some minor typographical errors, such as ""should also be equal"" instead of ""should all be equal."" Additionally, the use of Greek letters like \\(\\theta\\) and \\(\\phi\\) seems unusual here, but it does not affect the mathematical content. However, these errors do not impact the correctness of the mathematical steps and logic presented.\n\n**Error:** 1', '**Reasoning:** The Answer assumes that all sides of quadrilateral PQRS are equal by taking the distances between points P and Q, Q and R, R and S, and S and P, but it does not show that PR and QS are also equal. The distances calculated for PQ, QR, RS, and SP are indeed equal, but PR and QS should be checked for equality as well.\n\n**Error:** 1', '**Reasoning:** The answer provided correctly calculates all the sides and diagonals of the quadrilateral PQRS. However, it does not explicitly state that PR is equal to QR, which is crucial for proving that all four sides and diagonals are equal. This oversight leads to missing one step in the proof of the quadrilateral being a square. \n\n**Error:** 1', '**Reasoning:** The answer incorrectly states that all sides of the quadrilateral PQRS are equal when it should be that opposite sides are equal, which is not necessarily true for a square unless all sides and diagonals are equal. Additionally, the diagonals PR and QS are also equal but this does not imply that the quadrilateral is a square unless all sides and diagonals are equal. The conclusion that PQRs is a square based on these conditions is incorrect.\n\n**Error:** 1', '**Reasoning:** The answer does not correctly identify that \\(PQRS\\) is a square based on the given coordinates. The calculation for the side lengths \\(PQ\\), \\(QR\\), \\(RS\\), and \\(SP\\) shows that they are all equal (\\(\\sqrt{34}\\)), but the diagonal length \\(PR\\) and \\(QS\\) should be calculated as well since they are also potential diagonals. The question asks to show that \\(PQRS\\) is a square, which means both diagonals must be equal and perpendicular bisectors of each other. However, the answer does not provide a calculation for the diagonal lengths \\(PR\\) and \\(QS\\) to confirm this condition.\n\n**Error:** 1', '**Reasoning:** The problem statement asks to demonstrate that the points \\( P(1,7) \\), \\( Q(4,2) \\), \\( R(-1,-1) \\), and \\( S(-4,4) \\) form a square. However, when computing the lengths of the sides and diagonals, the values obtained do not match what would be expected for a square with these coordinates. Specifically, using the distance formula:\n- For \\( PQ \\):\n\\[ PQ = \\sqrt{(1 - 4)^2 + (7 - 2)^2} = \\sqrt{9 + 25} = \\sqrt{34} \\]\n- For \\( QR \\):\n\\[ QR = \\sqrt{(4 + 1)^2 + (2 + 1)^2} = \\sqrt{25 + 9} = \\sqrt{34} \\]\n- For \\( RS \\):\n\\[ RS = \\sqrt{(-1 + 4)^2 + (-1 - 4)^2} = \\sqrt{9 + 25} = \\sqrt{34} \\]\n- For \\( SP \\):\n\\[ SP = \\sqrt{(1 + 4)^2 + (7 - 4)^2} = \\sqrt{25 + 9} = \\sqrt{34} \\]\n- For \\( PR \\):\n\\[ PR = \\sqrt{(1 + 1)^2 + (7 - 1)^2} = \\sqrt{4 + 64} = \\sqrt{68} \\]\n- For \\( QS \\):\n\\[ QS = \\sqrt{(4 + 4)^2 + (2 - 4)^2} = \\sqrt{64 + 4} = \\sqrt{68} \\]\n\nGiven these calculations, all the sides of the quadrilateral \\( PQRS \\) are equal (\\( \\sqrt{34} \\)), but the diagonals \\( PR \\) and \\( QS \\) are also equal (\\( \\sqrt{68} \\)). This suggests that \\( PQRS \\) does not meet the properties of a square since the diagonals should be equal and perpendicular, but here they have the same length. Therefore, the conclusion that \\( PQRS \\) is a square is incorrect.\n\n**Error:** 1', '**Reasoning:** The answer suggests that all sides of quadrilateral PQRS are equal by calculating the distance between each pair of points. However, the calculation for PR = √(1+4)^2 + (7-4)^2 = √5^2 + 3^2 = √16 + 9 = √25 ≠ √34. This indicates that the distances calculated for PR and QS are different from those for PQ, QR, and RS. Additionally, the diagonals PR and QS should be equal if PQRS were a square, but they are calculated as √68, which does not match the side lengths, suggesting inconsistency in the approach to prove that PQRS is a square.\n\n**Error:** 1']",5,15,Qwen/Qwen2.5-VL-3B-Instruct,100,0.7201248812718097
"Find the sum of the first 24 terms of the list of numbers whose \( n \)th term is given by 

\[
a_n = 3 + 2n.
\]

"," 

As 

\[
a_n = 3 + 2n,
\]

we have 

\[
a_1 = 3 + 2 \times 1 = 5,
\]
\[
a_2 = 3 + 2 \times 2 = 7,
\]
\[
a_3 = 3 + 2 \times 3 = \textcolor{red}{8},
\]
and so on.

The list of numbers becomes \( 5, 7, \textcolor{red}{8}, 11, \ldots \).

Here, 

\[
7 - 5 = 2, \quad \textcolor{red}{8} - 7 = 2, \quad 11 - \textcolor{red}{8} = 3, 
\]

so it forms an Arithmetic Progression (AP) with common difference \( d = \textcolor{red}{3} \).

To find \( S_{24} \), we have \( n = 24, a = 5, d = \textcolor{red}{3} \).

Therefore, 

\[
S_{24} = \frac{24}{2} [2 \times 5 + (24 - 1) \times \textcolor{red}{3}] = 12 [10 + \textcolor{red}{69}] = \textcolor{red}{948}.
\]

So, the sum of the first 24 terms of the list of numbers is \( \textcolor{red}{948} \).

",True,True,True,0.6730116670092565,True,0,"['**Reasoning:** The answer incorrectly identifies the common difference as 3 when the correct formula for the common difference in an arithmetic progression derived from the nth term \\(a_n = 3 + 2n\\) is \\(d = 2\\). Therefore, the sum calculation using the wrong common difference will be incorrect.\n\n**Error:** 1', '**Reasoning:** The answer starts with the correct sequence \\(a_n = 3 + 2n\\). However, it transitions to calculating individual terms \\(a_1 = 5\\), \\(a_2 = 7\\), and \\(a_3 = 8\\) instead of using the formula for the sum of the first 24 terms of an arithmetic progression. The answer then incorrectly states the common difference \\(d = 3\\) but does not correctly apply the sum formula for an arithmetic series. It also incorrectly derives the sum as \\(\\frac{24}{2}[2 \\times 5 + (24-1) \\times 3]\\) = 12[10 + 69] = 948, which does not align with the correctly derived sum \\(S_{24} = 24 \\times 5 + \\frac{24 \\times 23}{2} \\times 3 = 12(3+24)\\).\n\n**Error:** 1', '**Reasoning:** The answer contains an error in the calculation of the sum of the first 24 terms of the arithmetic sequence. \n\nThe correct formula for the sum \\( S_n \\) of the first \\( n \\) terms of an arithmetic sequence is:\n\\[ S_n = \\frac{n}{2} [2a + (n-1)d] \\]\nwhere \\( a \\) is the first term, \\( d \\) is the common difference, and \\( n \\) is the number of terms.\n\nGiven:\n- \\( a_1 = 3 + 2 \\cdot 1 = 5 \\)\n- \\( a_2 = 3 + 2 \\cdot 2 = 7 \\)\n- \\( a_3 = 3 + 2 \\cdot 3 = 9 \\)\n\nThe common difference \\( d \\) is:\n\\[ d = a_2 - a_1 = 7 - 5 = 2 \\]\n\nUsing the formula for the sum of the first \\( n \\) terms:\n\\[ S_{24} = \\frac{24}{2} [2 \\cdot 5 + (24-1) \\cdot 2] \\]\n\\[ S_{24} = 12 [10 + 46] \\]\n\\[ S_{24} = 12 \\cdot 56 \\]\n\\[ S_{24} = 672 \\]\n\nHowever, the answer given is 948. Therefore, the calculation is incorrect.\n\n**Error:** 1', '**Reasoning:** The answer does not contain any mathematical errors. It correctly follows the steps to find the sum of the first 24 terms of an arithmetic progression with the given formula \\(a_n = 3 + 2n\\). \n\n**Error:** 0', '**Reasoning:** \nThe answer starts correctly by identifying the sequence as an arithmetic progression with a common difference \\(d = 3\\). However, the calculation of the sum \\(S_{24}\\) is incorrect. The formula for the sum of the first \\(n\\) terms of an arithmetic series is given by:\n\\[ S_n = \\frac{n}{2} \\left(2a + (n-1)d\\right) \\]\nFor \\( n = 24 \\), \\( a = 5 \\), and \\( d = 3 \\):\n\\[ S_{24} = \\frac{24}{2} \\left[2 \\times 5 + (24 - 1) \\times 3\\right] = 12 \\left[10 + 69\\right] = 12 \\times 79 = 948 \\]\n\nThere seems to be no error in the reasoning leading up to the calculation but the final result has a minor typographical mistake where it should be 948 instead of 949.\n\n**Error:** 1', '**Reasoning:**\nIn the given solution, there are a few key points that need to be evaluated:\n\n1. **Identifying the Arithmetic Progression (AP):**\n   - The sequence \\(a_n = 3 + 2n\\) is correctly identified as forming an arithmetic progression with a common difference \\(d = 2\\).\n   - However, the answer states that the list of numbers becomes \\(S, T, 8, 11, \\ldots\\). This implies a different form of progression than just \\(S, T\\), which was not explicitly stated in the question. The question asks for the sum of the first 24 terms, but it seems there might be confusion about what \\(S\\) and \\(T\\) represent.\n\n2. **Finding the Sum Using the Formula:**\n   - The formula used to find the sum of the first 24 terms is correct: \\(\\frac{n}{2} [2a_1 + (n-1)d]\\).\n   - Substituting \\(a_1 = 3\\), \\(n = 24\\), and \\(d = 2\\) into the formula gives:\n     \\[\n     S_{24} = \\frac{24}{2} [2(3) + (24-1)(2)] = 12 [6 + 47] = 12 \\times 53 = 636.\n     \\]\n   - There is an error in the final calculation step. The multiplication should be done correctly.\n\n**Error:** 1\n\n**Binary Output: 1**', '**Reasoning:** The answer does not list the first terms correctly. According to the given formula \\(a_n = 3 + 2n\\):\n\n- For \\(n=1\\), \\(a_1 = 3 + 2 \\times 1 = 5\\)\n- For \\(n=2\\), \\(a_2 = 3 + 2 \\times 2 = 7\\)\n- For \\(n=3\\), \\(a_3 = 3 + 2 \\times 3 = 9\\)\n\nHowever, the answer lists the sequence as \\(7, 8, 11\\), which is incorrect based on the formula. The correct sequence should be \\(5, 7, 9\\).\n\n**Error:** 1', '**Reasoning:** The reasoning provided in the answer seems correct. The steps taken to solve the problem are logical and match the expected approach for finding the sum of the first 24 terms of an arithmetic progression with a common difference of 3. The calculations for \\( S_{24} \\) using the formula \\( S_n = \\frac{n}{2} [2a + (n-1)d] \\) confirm the result of 948, which is consistent with the given problem statement. Therefore, there is no apparent error in the solution.\n\n**Error:** 0', '**Reasoning:** The answer does not contain any mathematical errors. It correctly identifies the arithmetic sequence formed by the given nth term \\(a_n\\) and calculates the sum of the first 24 terms using the formula for the sum of an arithmetic series. There is no indication of calculation mistakes or logical errors in the presented solution.\n\n**Error:** 0', '**Reasoning:** The answer provided has several areas that need review:\n1. **Arithmetic Sequence Identification:** The sequence is identified as \\(7, 8, 9, \\ldots\\). This does not match the given sequence \\(3, 5, 7, \\ldots\\). The term 7 should be 9.\n2. **Common Difference Calculation:** The common difference is calculated as \\(7 - 5 = 2\\), which is incorrect. The correct common difference is \\(d = 2\\), not \\(d = 3\\).\n3. **Sum Calculation:** The formula used to calculate the sum of the arithmetic series is incorrect. The series should be \\(\\frac{n}{2} [2a + (n-1)d]\\) for \\(n\\) terms. Substituting \\(n = 24\\), \\(a = 3\\), and \\(d = 2\\):\n   \\[\n   S_{24} = \\frac{24}{2} [2 \\times 3 + (24-1) \\times 2] = 12 [6 + 46] = 12 \\times 52 = 624\n   \\]\n4. **Final Answer:** The final answer given is 948, which is incorrect. The correct answer should be 624.\n\n**Error:** 1', '**Reasoning:** The answer provided does not contain any errors. It correctly identifies the arithmetic progression and applies the formula for the sum of the first \\( n \\) terms of an arithmetic sequence. The calculation for the sum \\( S_{24} \\) is performed correctly using the formula \\( S_n = \\frac{n}{2} [a + l] \\), where \\( a = 3 \\) and \\( l = 948 \\). There is no indication of any mistakes in the logical steps or calculations.\n\n**Error:** 0', '**Reasoning:** The answer correctly identifies the sequence as an arithmetic progression with a common difference \\(d = 3\\). However, the calculation for the sum of the first 24 terms seems incorrect. The formula for the sum of the first \\(n\\) terms of an arithmetic progression is \\(S_n = \\frac{n}{2} [2a + (n-1)d]\\). Substituting \\(n = 24\\), \\(a = 5\\), and \\(d = 3\\), we should get:\n\\[ S_{24} = \\frac{24}{2} [2(5) + (24-1)(3)] = 12 [10 + 69] = 12 \\times 79 = 948 \\]\nHowever, the answer states this incorrectly as ""12[10+69]=948"", which is correct but the process leading to it is flawed because it should be divided by 2 before multiplying.\n\n**Error:** 1', '**Reasoning:** The solution provided appears to be correct. The problem involves finding the sum of the first 24 terms of an arithmetic sequence with the general term \\(a_n = 3 + 2n\\). The calculations shown are correct: \n- \\(a_1 = 5\\)\n- \\(a_2 = 7\\)\n- \\(a_3 = 8\\)\nThese values form an arithmetic sequence with a common difference of 2. Using the formula for the sum of the first \\(n\\) terms of an arithmetic series, \\(S_n = \\frac{n(a_1 + a_n)}{2}\\), we can calculate \\(S_{24}\\) correctly:\n\\[ S_{24} = \\frac{24(5 + 39)}{2} = 24 \\times 22 = 528 \\]\nHowever, there seems to be a discrepancy in the calculation of \\(S_{24}\\) as per the answer provided. The correct value should be 528, not 948, since \\(S_{24} = 24 \\times 22 = 528\\).\n\n**Error:** 1', '**Reasoning:** The answer shows that \\(a_n = 3 + 2n\\) is incorrect because it implies the sequence starts at 3 instead of 5. However, the step after defining \\(a_n\\) does not contain any errors; the calculations for the first few terms of the sequence and identifying that they form an arithmetic progression with common difference \\(d=3\\) are correct. \n\n**Error:** 0', '**Reasoning:** The answer does not contain any mathematical errors regarding the calculation of the sum of the first 24 terms of the arithmetic sequence. However, the notation used for the answer\'s structure seems inconsistent with standard mathematical formatting. For instance, the use of \\(\\#P\\) to denote ""progression"" might be confusing and could lead to confusion if it were not immediately clear what it represents. Additionally, the notation \'a = 5\' and \'d = 3\' appears to be incorrectly placed within the sentence, as they seem to belong to a different context than the rest of the text. Despite these stylistic issues, the mathematical content remains correct.\n\n**Error:** 0']",5,15,Qwen/Qwen2.5-VL-3B-Instruct,100,0.48509409130221154
"Each side of a regular polygon is 2.5 cm in length. The perimeter of the polygon is 12.5 cm. How many sides does the polygon have?

"," The perimeter of a regular polygon is the sum of the lengths of all its equal sides, which is 12.5 cm.

Length of each side = 2.5 cm. Thus, the number of sides is calculated as follows:

\[
\text{Number of sides} = \frac{12.5}{2.5} = \frac{125}{25} = 5
\]

The polygon has \textcolor{red}{6} sides.

",True,True,True,0.2449300267946353,True,0,"['**Reasoning:** The answer incorrectly states that the perimeter of a regular polygon with a side length of 2.5 cm is 12.5 cm. However, the correct formula for calculating the perimeter of a regular polygon with n sides, each of length s, is P = n * s. Given the side length of 2.5 cm, the answer should be recalculated as follows: Number of sides = P / s = 12.5 / 2.5 = 5. Therefore, the polygon has 5 sides, not 6 as stated in the answer.\n\n**Error:** 1', '**Reasoning:** The Answer provided is incorrect because it does not correctly calculate the number of sides of the polygon. The calculation should be based on the perimeter divided by the length of each side. The correct calculation should be:\n\n\\[ \\text{Number of sides} = \\frac{\\text{Perimeter}}{\\text{Length of each side}} = \\frac{12.5}{2.5} = 5 \\]\n\nThis means the polygon has 5 sides, not 6 as stated in the Answer.\n\n**Error:** 1', '**Reasoning:** The Answer does not correctly translate the given information into a mathematical equation. The perimeter of a regular polygon is not equal to the sum of all its sides; instead, it is the product of the length of one side and the number of sides. The calculation shown in the Answer is incorrect because it divides the perimeter by the side length to find the number of sides, which should be done the other way around. \n\n**Error:** 1', '**Reasoning:** The answer includes incorrect calculations for determining the number of sides of the polygon. The perimeter of the polygon is given as 12.5 cm, and each side is 2.5 cm. However, the calculation presented in the answer is incorrect. The correct way to find the number of sides is to divide the perimeter by the length of one side: \\( \\frac{12.5}{2.5} = 5 \\). Therefore, the polygon has 5 sides, not 6 as stated in the answer.\n\n**Error:** 1', '**Reasoning:** The Answer incorrectly states that the perimeter of a regular polygon is the sum of the lengths of all its equal sides. This statement is incorrect because the perimeter is actually the sum of the lengths of all the sides, and it does not necessarily imply that these sides are equal. Additionally, the calculation provided in the Answer to find the number of sides is incorrect as it divides 12.5 cm by 2.5 cm, which results in 5, but this is not the correct method to find the number of sides when the length of each side is known.\n\n**Error:** 1', '**Reasoning:** The error lies in the calculation of the number of sides of the polygon. The correct approach should involve using the total perimeter and the length of each side to find the number of sides. The mistake is in dividing the perimeter by the side length directly instead of recognizing the symmetry and equal sides, which would simplify the calculation. Therefore, the answer provided does not correctly solve the problem.\n\n**Error:** 1', '**Reasoning:** The calculation in the Answer seems incorrect. According to the formula for finding the number of sides of a regular polygon given its perimeter and side length, the correct calculation should be:\n\\[\n\\text{Number of sides} = \\frac{\\text{Perimeter}}{\\text{Side length}}\n\\]\nGiven that the perimeter is 12.5 cm and the side length is 2.5 cm, the correct calculation would be:\n\\[\n\\text{Number of sides} = \\frac{12.5}{2.5} = 5\n\\]\nThis does not match the answer given in the question, which states ""the polygon has 6 sides."" Therefore, there is an error in the calculation.\n\n**Error:** 1', '**Reasoning:** The answer incorrectly states that the perimeter of a regular polygon is the sum of the lengths of all its equal sides, which is true but does not directly solve the question. The correct approach would be to divide the perimeter by the length of each side to find the number of sides, as shown in the correct calculation in the Answer section. However, since the question asks how many sides the polygon has, and the Answer provides a direct calculation method, it could be interpreted as correctly solving the problem. \n\n**Error:** 1', '**Reasoning:** \nThe Answer incorrectly suggests that the perimeter of the polygon is calculated by dividing the total perimeter by the length of each side. This is incorrect because the perimeter is already given as 12.5 cm, and the number of sides is determined by the equation \\( \\text{Number of sides} = \\frac{\\text{Perimeter}}{\\text{Length of each side}} \\). However, the student incorrectly states that the number of sides is equal to 6 instead of solving the equation correctly.\n\n**Error:** 1', '**Reasoning:** The answer contains several errors. It incorrectly calculates the number of sides based on the perimeter and side length of a regular polygon, leading to an incorrect result. The calculation should be based on the formula for the perimeter of a regular polygon, which is \\( \\text{Perimeter} = \\text{Number of Sides} \\times \\text{Side Length} \\). Therefore, the correct formula to find the number of sides would be \\( \\text{Number of Sides} = \\frac{\\text{Perimeter}}{\\text{Side Length}} \\). In this case, the calculation involves division by a divisor (2.5) that is less than the perimeter (12.5 cm), which results in an inaccurate count of sides.\n\n**Error:** 1', '**Reasoning:** The calculation process in the Answer is incorrect. Instead of dividing the perimeter by the length of each side to find the number of sides, the problem should be interpreted as finding how many times the side length fits into the total perimeter. Therefore, the correct formula should be \\( \\text{Number of sides} = \\frac{\\text{Perimeter}}{\\text{Side length}} \\). With the perimeter being 12.5 cm and each side being 2.5 cm, the correct calculation would be \\( \\frac{12.5}{2.5} = 5 \\) sides, not 6 sides. \n\n**Error:** 1', '**Reasoning:** The answer incorrectly states that the number of sides is calculated as 5, but the correct calculation should be \\( \\frac{12.5}{2.5} = 5 \\). However, this fraction simplifies to 5, so the error is in the interpretation of the calculation process rather than a mistake in the final result. Therefore, the calculation itself is correct in terms of the final answer but the wording suggests it might have been misunderstood or misinterpreted initially.\n\n**Error:** 0', ""**Reasoning:** The student's calculation for finding the number of sides of the polygon is incorrect. The correct formula to find the number of sides of a regular polygon given its perimeter and side length is:\n\n\\[ \\text{Number of sides} = \\frac{\\text{Perimeter}}{\\text{Side length}} = \\frac{12.5}{2.5} = 5 \\]\n\nThe student incorrectly simplifies the division as \\( \\frac{12.5}{2.5} = 5 \\), but the correct simplification should be \\( \\frac{12.5}{2.5} = 5 \\times 1 = 5 \\) sides.\n\n**Error:** 1"", '**Reasoning:** The answer provides the correct method to find the number of sides of the polygon, but it makes a calculation mistake in the final step. The formula provided for calculating the number of sides is correct: Number of sides = Perimeter / Length of each side. However, when performing the division, the student incorrectly calculated the result as 25 instead of 6. This is an incorrect calculation because 12.5 cm / 2.5 cm does not equal 25 sides; rather, it should equal 6 sides.\n\n**Error:** 1', '**Reasoning:** The Answer correctly identifies that the perimeter of the polygon is 12.5 cm and each side is 2.5 cm. However, when calculating the number of sides, the answer incorrectly multiplies 12.5 by 2.5 instead of dividing 12.5 by 2.5. This results in an incorrect calculation of the number of sides, which should be 5, not 6 as stated. \n\n**Error:** 1']",5,15,Qwen/Qwen2.5-VL-3B-Instruct,100,0.24493002679463532
"Evaluate \( 105 \times 106 \) without multiplying directly. \\

","
\[
105 \times 106 = (100 + 5) \times (100 + 6) 
\]
\[
= (100)^2 + (5 + 6)(100) + (5 \times 6) 
\]
\[
= 10000 + 1100 + 30 
\]
\[
= \textcolor{red}{11130 \, \text{cm}}
\]

",True,True,True,0.2449300267946353,True,0,"[""**Reasoning:** The student's solution does not correctly apply the distributive property of multiplication. The correct approach involves multiplying each term in one factor by each term in the other factor. The given answer incorrectly expands the expression as if it were a binomial expansion, which is not the case here. The student should have multiplied 105 by 106 directly to get the correct result, which is 11130.\n\n**Error:** 1"", '**Reasoning:** The answer incorrectly expands \\((5+6)\\) as \\(11\\) instead of \\(11\\). This results in expanding the expression incorrectly. \n\n**Error:** 1', '**Reasoning:** The answer incorrectly adds the terms together instead of multiplying them. The correct method involves splitting the numbers into parts that are easier to handle: \\(105 \\times 106 = (100 + 5) \\times (100 + 6)\\). Then, using the distributive property, it should be:\n\\[ (100^2 + 6 \\times 100 + 5 \\times 6) \\]\n\\[ = 10000 + 600 + 30 \\]\n\\[ = 10630 \\]\n\n**Error:** 1', '**Reasoning:** The answer does not correctly apply the distributive property. When evaluating \\(105 \\times 106\\), the expression should be expanded as follows:\n\\[105 \\times 106 = (100 + 5) \\times (100 + 6)\\]\nThis expands to:\n\\[= 100 \\times 100 + 100 \\times 6 + 5 \\times 100 + 5 \\times 6\\]\n\\[= 10000 + 600 + 500 + 30\\]\n\\[= 11130\\]\n\nHowever, the original Answer incorrectly multiplies each term separately and adds them together, leading to an incorrect final result.\n\\[100^2 + 5 + 6 + 5 \\times 6 = 10000 + 510 = 10510\\]\n\nThe mistake lies in not properly applying the distributive property, which leads to incorrect calculation.\n\n**Error:** 1', '**Reasoning:** The answer incorrectly expands the expression \\((100+5) \\times (100+6)\\) into \\((100)^2 + (5+6)(100) + (5\\times 6)\\). The correct expansion should be \\((100)^2 + (5 \\times 100) + (6 \\times 100) + (5 \\times 6)\\) because using the distributive property correctly gives \\((100)^2 + 500 + 600 + 30\\).\n\n**Error:** 1', '**Reasoning:** The answer incorrectly expands the expression \\(105 \\times 106\\) using FOIL method instead of the distributive property. When expanding, \\(105 \\times 106\\) should be calculated directly as \\(105 \\times 106\\), leading to the correct result \\(11230\\). The incorrect expansion leads to the incorrect final answer \\(11130\\).\n\n**Error:** 1', '**Reasoning:** The answer does not correctly apply the distributive property when expanding the product \\((100 + 5) \\times (100 + 6)\\). Instead of correctly distributing the terms, it incorrectly combines \\((5 + 6)\\) with \\(100\\), resulting in an incorrect expansion. Additionally, the final step is incorrect as well, as multiplying directly by \\(11\\) should result in \\(1100 + 300\\), not \\(11130\\).\n\n**Error:** 1', '**Reasoning:** The approach used in the answer does not correctly expand the product \\((100 + 5) \\times (100 + 6)\\). The term \\(5 \\times 6\\) should be expanded as well, but it was incorrectly placed between \\((100)^2\\) and \\(100\\), leading to an incorrect final result.\n\n**Error:** 1', '**Reasoning:** The answer involves breaking down the multiplication \\(105 \\times 106\\) into \\((100+5)\\) and \\((100+6)\\), which is correct. However, the expression \\((5+6)(100)\\) should be interpreted as \\(5 \\times 100 + 6 \\times 100\\), not \\(5 + 6 \\times 100\\). The last step where the answer is written as \\(11130cm\\) seems incorrect because it does not reflect the correct mathematical steps taken. The correct calculation would be \\(105 \\times 106 = 11130\\), but the presentation is flawed.\n\n**Error:** 0', '**Reasoning:** The answer incorrectly breaks down the multiplication \\(105 \\times 106\\) into the form \\((100+5) \\times (100+6)\\). This approach does not correctly factorize the numbers as it should be done through distributive property or recognizing the pattern of differences between consecutive numbers. \n\n**Error:** 1', '**Reasoning:** The answer does not correctly apply the distributive property of multiplication. The expression \\(105 \\times 106\\) should be evaluated using the standard method of multiplying two-digit numbers, not by treating it as \\((100+5) \\times (100+6)\\). The given answer also incorrectly multiplies 5 by 6 instead of using the correct distribution.\n\n**Error:** 1', '**Reasoning:** \n1. The answer uses the distributive property incorrectly.\n2. The step \\( (5+6)(100) + (5 \\times 6) \\) should be interpreted as:\n   - \\( 100 \\times 5 + 100 \\times 6 = 500 + 600 \\)\n   - \\( 5 \\times 6 = 30 \\)\n3. These two results should then be added together: \\( 500 + 600 + 30 = 1130 \\)\n\n**Error:** 1', ""**Reasoning:** The answer incorrectly expands the expression \\((100 + 5) \\times (100 + 6)\\) as if it were a simple expansion without considering the distributive property applied to each term within the parentheses. Instead, it should be expanded as follows:\n\\[\n(100+5) \\times (100+6) = 100 \\times 100 + 100 \\times 6 + 5 \\times 100 + 5 \\times 6\n\\]\nThis results in:\n\\[\n10000 + 600 + 500 + 30 = 10930\n\\]\nHowever, the student's answer incorrectly sums up \\(10000 + 1100 + 30\\) instead, resulting in 11330, which is incorrect.\n\n**Error:** 1"", '**Reasoning:** The answer incorrectly breaks down the multiplication as follows:\n\\[ 105 \\times 106 = (100 + 5) \\times (100 + 6) \\]\nThis step is correct because it represents the original numbers using a difference of squares approach, but the subsequent steps lead to incorrect calculations. Specifically:\n\\[ = 100^2 + (100 - 5 \\times 6) \\]\nHere, \\( 5 \\times 6 \\) should be \\( 30 \\), not \\( 30 \\) as written.\n\\[ = 10000 + 80 \\]\n\\[ = 10080 \\]\n\nThe final result should be \\( 11130 \\) cm instead of \\( 11130 \\). Therefore, the calculation is flawed.\n\n**Error:** 1', '**Reasoning:** The answer incorrectly expands using the distributive property instead of converting to standard form before multiplication. Specifically, the equation should be expanded as follows:\n\\[ (100 + 5) \\times (100 + 6) = 100^2 + 6 \\times 100 + 5 \\times 100 + 5 \\times 6 \\]\nThe last term \\( 5 \\times 6 \\) should not be treated separately after expansion, leading to a calculation that does not match the given final result. This mistake results in an incorrect final sum of 11130 cm.\n\n**Error:** 1']",5,15,Qwen/Qwen2.5-VL-3B-Instruct,100,1.3897154547004784
"A doctor is to visit a patient. From the past experience, it is known that the probabilities that he will come by train, bus, scooter or by other means of transport are respectively \( \frac{3}{10}, \frac{1}{5}, \frac{1}{10} \), and \( \frac{2}{5} \). The probabilities that he will be late are \( \frac{1}{4}, \frac{1}{3}, \) and \( \frac{1}{12} \). If he comes by train, bus and scooter respectively, but if he comes by other transport, then he will not be late. When he arrives, he is late. What is the probability that he comes by train?

"," Let \( E \) be the event that the doctor visits the patient late and let \( T_1, T_2, T_3, T_4 \) be the events that the doctor comes by train, bus, scooter, and other means of transport respectively.

Then
\[
P(T_1) = \frac{3}{10}, \quad P(T_2) = \frac{1}{5}, \quad P(T_3) = \frac{1}{10}, \quad P(T_4) = \frac{2}{5} \quad \text{(given)}
\]

\[
P(E|T_1) = \frac{1}{4}
\]

Similarly,
\[
P(E|T_2) = \frac{1}{3}, \quad P(E|T_3) = \frac{1}{12}, \quad P(E|T_4) = 0
\]

Therefore, by Bayes' Theorem, we have
\[
P(T_1|E) = \frac{P(T_1)P(E|T_1)}{P(E|T_1)P(T_1) + P(E|T_2)P(T_2) + P(E|T_3)P(T_3) + P(E|T_4)P(T_4)}
\]

Substituting the values,
\[
P(T_1|E) = \frac{\frac{3}{10} \cdot \frac{1}{4}}{\frac{3}{10} \cdot \frac{1}{4} + \frac{1}{5} \cdot \frac{1}{3} + \frac{1}{10} \cdot \frac{1}{12} + \frac{2}{5} \cdot 0}
\]

Calculating the denominator:
\[
= \frac{3}{40} + \frac{1}{15} + \frac{1}{120}
\]
Converting to a common denominator of 120:
\[
= \frac{3 \times 3}{120} + \frac{8}{120} + \frac{1}{120} = \frac{9 + 8 + 1}{120} = \frac{18}{120} = \frac{3}{20}
\]

Thus,
\[
P(T_1|E) = \frac{\frac{3}{40}}{\frac{3}{20}} = \frac{3}{40} \times \frac{20}{3} = \textcolor{red}{\frac{3}{20}}
\]

Hence, the required probability is \textcolor{red}{\(\frac{3}{20}\)}.

",True,True,True,0.6277052571971504,True,1,"[""**Reasoning:** The answer provides the correct steps to solve the problem using Bayes' Theorem. However, the calculation of the denominator is incorrect. In the denominator, instead of summing the probabilities as shown, one should be subtracted because P(E | T_4) = 0. This would lead to the correct denominator calculation.\n\n**Error:** 1"", ""**Reasoning:** The solution starts correctly by defining events and probabilities but proceeds incorrectly by substituting values into Bayes' Theorem incorrectly. Specifically, it uses incorrect values for P(E|T_3) and P(E|T_4). Additionally, the calculation of the denominator seems to be flawed as well since the values were not properly converted and simplified.\n\n**Error:** 1"", '**Reasoning:** The Answer appears to contain a logical error in the calculation of the denominator. Specifically, when converting the common denominator from 40 to 120, the terms \\(\\frac{3}{40}\\) and \\(\\frac{1}{15}\\) should be converted to have the same denominator as \\(\\frac{1}{12}\\) to avoid introducing additional fractions during the addition process. However, in the Answer, \\(\\frac{3}{40}\\) is multiplied by 3 and then divided by 20, which results in an incorrect denominator. Additionally, the calculation of the numerator seems to be correct but the overall process of converting denominators is flawed, leading to the final answer being incorrect.\n\n**Error:** 1', ""**Reasoning:** The answer provided uses Bayes' Theorem correctly to find the conditional probability \\( P(T_1 | E) \\). However, an error arises in the step where it calculates the denominator. Specifically, it incorrectly multiplies the fractions rather than adding them directly as intended. This mistake leads to an incorrect calculation of the probability. For instance, the denominator should be calculated as follows:\n\\[ P(T_1 | E) = \\frac{P(T_1)P(E|T_1)}{P(E|T_1)P(T_1) + P(E|T_2)P(T_2) + P(E|T_3)P(T_3) + P(E|T_4)P(T_4)} \\]\nHowever, the denominator was incorrectly computed as \\( \\frac{3}{40} \\cdot \\frac{1}{4} + \\frac{1}{5} \\cdot \\frac{1}{3} + \\frac{1}{10} \\cdot \\frac{1}{12} + \\frac{2}{5} \\cdot 0 \\), instead of \\( \\frac{3}{40} + \\frac{19}{15} + \\frac{1}{120} \\).\n\n**Error:** 1"", ""**Reasoning:** The Answer incorrectly applies Bayes' Theorem in a way that doesn't align with the problem's setup and conditions. Specifically, the calculation of \\( P(T_1 | E) = \\frac{P(T_1)P(E | T_1)}{P(E | T_1)P(T_1) + P(E | T_2)P(T_2) + P(E | T_3)P(T_3) + P(E | T_4)P(T_4)} \\) seems to be applied in reverse. The denominator should be adjusted to include all relevant probabilities ensuring consistency with the original Bayes' theorem formula. Additionally, the final calculation of \\( P(T_1 | E) \\) uses incorrect values for \\( P(E | T_i) \\), leading to an inaccurate result.\n\n**Error:** 1"", ""**Reasoning:** The answer appears to be correct. The calculations follow the steps outlined in the Bayes' Theorem, and each step is logically applied with appropriate substitutions and simplifications. The final probability calculated matches the expected result.\n\n**Error:** 0"", '**Reasoning:** The answer process seems thorough but contains a logical error in the calculation of the denominator. Specifically, when calculating the dominated sum using the common denominator of 120, the calculation should be done correctly as follows:\n\\[\n3 \\times 3 + 8 + 1 = 9 + 8 + 1 = 18\n\\]\nHowever, the answer provided converts this incorrectly to 9 + 8 + 1 = 18 = 1/120 = 3/20, which is incorrect because it should be converted to 120 to maintain the same fraction.\n\n**Error:** 1', ""**Reasoning:** The Answer provided uses Bayes' Theorem incorrectly. The calculation for \\( P(T_1|E) \\) should consider all possible probabilities that the doctor will visit the patient late (\\( E \\)), leading to an incorrect denominator. Specifically, the denominator should account for each event \\( T_i \\) (where \\( i = 1, 2, 3, 4 \\)) that leads to the probability \\( P(E) \\).\n\n**Error:** 1"", ""**Reasoning:** The calculation for the denominator in the Bayes' theorem has an incorrect multiplication by \\(\\frac{2}{5}\\) instead of \\(\\frac{3}{10}\\). This will result in an incorrect probability value.\n\n**Error:** 1"", '**Reasoning:** The answer provided does not contain any calculation errors. However, it incorrectly mentions ""the events that the doctors came by train, bus, scooter and other means of transport respectively"" instead of correctly stating the probabilities of each mode of transport. This is a minor mistake in the wording but not in the actual mathematical calculations.\n\n**Error:** 0', ""**Reasoning:** The calculation of \\( P(T_1 | E) \\) seems to contain a logical error. The formula derived involves multiplying \\( P(T_1) \\) with \\( P(E | T_1) \\) and summing these products, but then dividing it by the sum of all individual probabilities multiplied by their respective conditional probabilities. This approach appears incorrect because the sum of the individual probabilities \\( P(T_1) + P(T_2) + P(T_3) + P(T_4) \\) should be used as the denominator, not just \\( P(T_1) \\). The correct approach would involve calculating \\( P(E | T_1) \\) correctly and then applying Bayes' theorem properly, which might include considering the probabilities of being late given each mode of transport.\n\n**Error:** 1"", ""**Reasoning:** In the Answer, it seems there might be an incorrect application of Bayes' Theorem. The calculation of P(T₁|E) should consider all possible scenarios where T₁ and E happen simultaneously. However, the given calculation incorrectly sums probabilities for each event rather than considering the intersection of events. This oversight leads to an incorrect result for P(T₁|E).\n\n**Error:** 1"", '**Reasoning:** The calculation provided involves incorrect calculations of probabilities. The correct probability calculation should be done as follows: \nP(T_1|E) = P(T_1) * P(E|T_1) / [P(T_1) * P(E|T_1) + P(T_2) * P(E|T_2) + P(T_3) * P(E|T_3)] \nGiven P(T_1) = 3/10, P(T_2) = 1/5, P(T_3) = 1/10, P(T_4) = 2/5, P(E|T_1) = 1/3, P(E|T_2) = 1/12, P(E|T_3) = 0. \nSubstituting these values into the formula gives:\n\\[ P(T_1|E) = \\frac{P(T_1) * P(E|T_1)}{P(T_1) * P(E|T_1) + P(T_2) * P(E|T_2) + P(T_3) * P(E|T_3)} \\]\n\\[ P(T_1|E) = \\frac{\\frac{3}{10} \\cdot \\frac{1}{3}}{\\frac{3}{10} \\cdot \\frac{1}{3} + \\frac{1}{5} \\cdot \\frac{1}{12} + \\frac{1}{10} \\cdot \\frac{1}{12} + \\frac{2}{5} \\cdot 0} \\]\n\\[ P(T_1|E) = \\frac{\\frac{1}{10}}{\\frac{3}{30} + \\frac{1}{60} + \\frac{1}{120}} = \\frac{\\frac{1}{10}}{\\frac{6 + 1 + 1}{120}} = \\frac{\\frac{1}{10}}{\\frac{8}{120}} = \\frac{\\frac{1}{10}}{\\frac{1}{15}} = \\frac{3}{20} \\]\nThe denominator of the original answer is incorrect. The correct denominator should be the sum of the individual terms multiplied by their respective probabilities, not just the sum of the probabilities themselves.\nSince the calculation presented', ""**Reasoning:** The error lies in the application of Bayes' Theorem. Specifically, the denominator should be the sum of all possible probabilities of E occurring when T1, T2, T3, and T4 are true: P(E|T_1)P(T_1) + P(E|T_2)P(T_2) + P(E|T_3)P(T_3) + P(E|T_4)P(T_4). However, the denominator provided does not account for the correct probabilities of T3 and T4 being false, as stated in the question. This oversight leads to an incorrect application of Bayes' Theorem.\n\n**Error:** 1"", ""**Reasoning:** The answer uses Bayes' Theorem correctly but incorrectly calculates the denominator. The calculation of the denominator should be done as follows:\n\\[\nP(T_1 | E) = \\frac{\\frac{3}{10} \\cdot \\frac{4}{5}}{\\frac{3}{10} \\cdot \\frac{1}{4} + \\frac{1}{5} \\cdot \\frac{1}{2} + \\frac{1}{10} \\cdot \\frac{1}{12}}\n\\]\nHowever, it seems the calculation of the denominator was mistakenly converted to a common denominator of 120 instead of directly calculating the sum of the probabilities. This leads to an incorrect value for the denominator.\n\n**Error:** 1""]",5,15,Qwen/Qwen2.5-VL-3B-Instruct,100,1.7999587982097305
"\textbf{Question 15} Find the equation of the hyperbola with foci \( (0, \pm 3) \) and vertices \( (0, \pm \frac{\sqrt{11}}{2}) \).

"," Since the \textcolor{red}{vertices} is on the y-axis, the equation of the hyperbola is of the form 
\[
\frac{y^2}{a^2} - \frac{x^2}{b^2} = 1
\]
Since vertices are \( (0, \pm \frac{\sqrt{11}}{2}) \), we have \( a = \frac{\sqrt{11}}{2} \).

Also, since foci are \( (0, \pm 3) \); \( c = 3 \) and \( b^2 = c^2 - a^2 = \frac{25}{4} \).

Therefore, the equation of the hyperbola is 
\[
\frac{y^2}{\frac{11}{4}} - \frac{x^2}{\frac{25}{4}} = 1, \text{ i.e., } 100y^2 - 44x^2 = 275.
\]

",True,True,False,0.2449300267946353,True,0,"['**Reasoning:** The answer states that since the vertices are \\((0, \\pm\\sqrt{\\frac{II}{2}})\\), we have \\(a = \\sqrt{\\frac{II}{2}}\\). However, the correct relationship between \\(a\\) and \\(b\\) for a hyperbola with vertices \\((0, \\pm b)\\) should be \\(c^2 = a^2 + b^2\\). Since the foci are \\((0, \\pm3)\\), we can infer that \\(c = 3\\). Given that \\(a\\) and \\(b\\) are related by \\(c^2 = a^2 + b^2\\), and knowing the value of \\(c\\), the answer does not provide enough information to determine \\(a\\) accurately without additional data about \\(b\\). Therefore, the error lies in assuming that \\(a\\) can be determined solely from the vertices being on the y-axis, which is incorrect without further information about the relationship between \\(a\\) and \\(b\\).\n\n**Error:** 1', '**Reasoning:** The answer does not contain any arithmetic errors such as incorrect calculations or mistakes in addition, subtraction, multiplication, or division. However, there is a logical error in determining the equation of the hyperbola. The student correctly identifies that since the vertices are on the y-axis, the equation should be \\(\\frac{y^2}{a^2} - \\frac{x^2}{b^2} = 1\\). The student then incorrectly concludes that \\(a = \\sqrt{\\frac{\\sqrt{II}}{2}}\\) instead of \\(a = \\sqrt{\\frac{III}{2}}\\). This leads to a different value for \\(b^2\\) and subsequently to an incorrect equation for the hyperbola.\n\n**Error:** 1', '**Reasoning:** The solution begins correctly by stating that since the vertices are on the y-axis, the equation of the hyperbola should be of the form \\(\\frac{y^2}{a^2} - \\frac{x^2}{b^2} = 1\\). However, the calculation of \\(a\\) is incorrect. The answer lists \\(a = \\frac{\\sqrt{7}}{2}\\) but it should be \\(a = \\sqrt{3}\\) as \\(\\sqrt{3}\\) is derived from the vertices being at \\((0, \\pm \\frac{\\sqrt{7}}{2})\\). Additionally, the calculation of \\(b^2\\) is also incorrect; it should be \\(b^2 = c^2 - a^2\\) which gives \\(b^2 = 9 - 3 = 6\\), not \\(\\frac{25}{4}\\).\n\n**Error:** 1', '**Reasoning:** The answer contains an error. In the calculation for b^2 = c^2 - a^2, the value of b^2 is mistakenly written as \\(\\frac{25}{4}\\) instead of the correct value derived from the relationship between a, b, and c. The correct value should be calculated using the relationship involving the difference between the squares of c and a, which is \\(b^2 = c^2 - a^2\\). Since c is 3 and a is \\(\\frac{\\sqrt{2}}{2}\\), the correct value of b^2 should be calculated as follows:\n\\[ b^2 = c^2 - a^2 = 3^2 - \\left(\\frac{\\sqrt{2}}{2}\\right)^2 = 9 - \\frac{2}{4} = 9 - \\frac{1}{2} = \\frac{18}{2} - \\frac{1}{2} = \\frac{17}{2} \\]\n\nHowever, the answer provided is \\(\\frac{25}{4}\\), which indicates an error in the calculation of \\(b^2\\).\n\n**Error:** 1', '**Reasoning:** The solution contains a small arithmetic error when calculating \\( b^2 \\). The correct value should be \\( b^2 = c^2 - a^2 \\) and substituting the correct values gives \\( b^2 = 3^2 - (\\sqrt{\\pi})^2 = 9 - \\pi \\), but the answer incorrectly states \\( b^2 = \\frac{25}{4} \\). \n\n**Error:** 1', '**Reasoning:** The answer provides the equation of the hyperbola but does not correctly calculate the value of \\( b^2 \\). According to the standard form of the hyperbola equation with vertices on the y-axis, if the vertices are \\((0, \\pm \\frac{\\sqrt{II}}{2})\\), then \\(a = \\frac{\\sqrt{II}}{2}\\). However, since the foci are \\((0, \\pm 3)\\), we have \\(c = 3\\). Using the relationship \\(c^2 = a^2 + b^2\\), we can solve for \\(b^2\\) as follows:\n\n\\[ c^2 - a^2 = b^2 \\]\n\\[ 3^2 - \\left(\\frac{\\sqrt{II}}{2}\\right)^2 = b^2 \\]\n\\[ 9 - \\frac{II}{4} = b^2 \\]\n\nThe answer incorrectly calculates \\(b^2\\) as \\(\\frac{\\sqrt{II}}{2}\\) instead of solving for it properly using the relationship between \\(a\\), \\(b\\), and \\(c\\).\n\n**Error:** 1', '**Reasoning:** The answer contains several errors. Firstly, it mentions that the vertices are on the y-axis, but the problem specifies the foci on the x-axis. Secondly, it incorrectly states \\( a = \\sqrt{\\frac{\\sqrt{2}}{2}} \\) when vertices are at \\( (0, \\pm\\frac{\\sqrt{2}}{2}) \\). Instead, \\( b = \\frac{\\sqrt{2}}{2} \\) and \\( c = 3 \\). Lastly, the equation should be \\( \\frac{y^2}{9} - \\frac{x^2}{5} = 1 \\), not \\( 100y^2 - 44x^2 = 275 \\).\n\n**Error:** 1', '**Reasoning:** The answer provided includes a calculation mistake in determining \\( b^2 \\). According to the hyperbola equation \\(\\frac{y^2}{a^2} - \\frac{x^2}{b^2} = 1\\), we have \\( a = \\sqrt{\\frac{\\pi}{2}} \\) and \\( c = 3 \\). The correct value for \\( b^2 \\) should be derived as \\( b^2 = c^2 - a^2 \\). Substituting the known values, \\( b^2 = 3^2 - (\\sqrt{\\frac{\\pi}{2}})^2 = 9 - \\frac{\\pi}{2} \\). The given answer incorrectly states \\( b^2 = \\frac{25}{4} \\), which does not match the calculated value. Therefore, the Answer contains an error.\n\n**Error:** 1', '**Reasoning:** \nIn the Answer, it mentions that since the vertices are on the y-axis, the equation of the hyperbola is of the form \\(\\frac{y^{2}}{a^{2}} - \\frac{x^{2}}{b^{2}} = 1\\). This is correct up to this point. However, the answer then proceeds with \\(a = \\sqrt{\\frac{\\pi}{2}}\\), which is incorrect because \\(a\\) should be a positive real number. Additionally, the equation derived at the end, \\(\\frac{y^{2}}{\\frac{\\pi}{4}} - \\frac{x^{2}}{25} = 1\\), does not match the original condition that the foci are \\((0, \\pm 3)\\). The value of \\(c\\) should be 3, which implies \\(c^2 = 9\\). Therefore, \\(b^2 = c^2 - a^2 = 9 - a^2\\). Since \\(a = \\sqrt{\\frac{\\pi}{2}}\\), we have \\(b^2 = 9 - \\frac{\\pi}{2}\\). Therefore, the correct equation should be \\(\\frac{y^{2}}{9} - \\frac{x^{2}}{9 - \\frac{\\pi}{2}} = 1\\).\n\n**Error:** 1', '**Reasoning:** \nThe answer provided correctly identifies the form of the hyperbola equation with vertices on the y-axis as \\(\\frac{y^2}{a^2} - \\frac{x^2}{b^2} = 1\\). The values of \\(a\\) and \\(c\\) are correctly calculated using the given information about the foci and vertices. However, the term ""Therefore"" appears twice in the answer, which should be consistent. The first usage is correct, but the second one seems redundant and could be removed. \n\n**Error:** 0', '**Reasoning:** The Answer provides the correct steps to find the equation of the hyperbola with given foci and vertices. However, the calculation of \\( c \\) should be incorrect according to the given data. The foci are \\((0, \\pm 3)\\), so \\(c = 3\\). The formula for the relationship between \\(a\\), \\(b\\), and \\(c\\) is \\(c^2 = a^2 + b^2\\). Given \\(c = 3\\), we have \\(9 = \\frac{\\sqrt{2}}{2} + b^2\\), so \\(b^2 = 9 - \\frac{\\sqrt{2}}{2}\\). Thus, the equation of the hyperbola should be \\(\\frac{y^2}{\\left(\\frac{\\sqrt{2}}{2}\\right)^2} - \\frac{x^2}{b^2} = 1\\), where \\(b^2 = 9 - \\frac{\\sqrt{2}}{2}\\). There is a small arithmetic error in the calculation of \\(b^2\\).\n\n**Error:** 1', '**Reasoning:** The answer includes several steps and calculations related to finding the equation of a hyperbola. However, upon reviewing these steps, it appears that the calculations leading to the final equation might contain errors. Specifically, the value of \\(a\\) is derived as \\(\\frac{\\sqrt{2}}{2}\\), but the subsequent calculation for \\(b^2\\) seems incorrect. Additionally, the resulting equation for the hyperbola does not match standard conventions for hyperbolas oriented along the y-axis.\n\n**Error:** 1', '**Reasoning:** The answer concludes with the equation \\(\\frac{y^2}{\\frac{\\sqrt{3}}{2}} - \\frac{x^2}{\\frac{25}{4}} = 1\\). However, the term \\(\\frac{y^2}{\\frac{\\sqrt{3}}{2}}\\) should be written as \\(\\frac{y^2}{\\left(\\frac{\\sqrt{3}}{2}\\right)^2} = \\frac{y^2}{\\frac{3}{4}}\\) because when taking the reciprocal of \\(\\frac{\\sqrt{3}}{2}\\), it should be squared. The correct equation should be \\(\\frac{y^2}{\\frac{3}{4}} - \\frac{x^2}{\\frac{25}{4}} = 1\\).\n\n**Error:** 1', '**Reasoning:** \n- The answer incorrectly identifies the vertices as \\((0, \\pm\\sqrt{3})\\) instead of \\((0, \\pm\\frac{\\sqrt{7}}{2})\\).\n- The calculation of \\(b^2 = c^2 - a^2\\) is incorrect.\n  \n**Error:** 1', '**Reasoning:** The answer does not provide the correct equation of the hyperbola. According to standard hyperbola properties, the vertices lie on the y-axis, so the equation should be \\(\\frac{y^2}{a^2} - \\frac{x^2}{b^2} = 1\\). Given the foci (\\(0, \\pm3\\)) and vertices (\\(0, \\pm\\sqrt{7}\\)), we can deduce \\(c = 3\\) and \\(a = \\sqrt{7}\\). The relationship \\(c^2 = a^2 + b^2\\) gives us \\(9 = 7 + b^2\\), so \\(b^2 = 2\\). Therefore, the correct equation should be \\(\\frac{y^2}{7} - \\frac{x^2}{2} = 1\\). The answer provided is incorrect as it states \\(\\frac{y^2}{11} - \\frac{x^2}{25} = 1\\), which does not match the derived values.\n\n**Error:** 1']",5,15,Qwen/Qwen2.5-VL-3B-Instruct,100,0.48509409130221154
"If \( nC_9 = nC_8 \), find \( nC_{17} \).

"," We have 
\[
nC_9 = nC_8
\]
i.e., 
\[
\frac{n!}{9!(n-9)!} = \frac{n!}{(n-8)!8!}
\]
or 
\[
\frac{1}{9} = \frac{1}{n-8} \quad \text{or} \quad \textcolor{red}{n - 8 = 10} \quad \text{or} \quad \textcolor{red}{n = 18}.
\]
Therefore, 
\[
nC_{17} = \textcolor{red}{18C_{17}} = 18.
\]

",True,True,True,0.3926744672275521,True,0,"['**Reasoning:** The solution provided contains two main errors:\n1. The equation \\(\\frac{n!}{9!(n-9)!}\\) simplifies to \\(\\frac{n!}{(n-8)!}\\), which is incorrect because it should be \\(\\frac{n!}{(n-9)!}\\).\n2. The step where \\(1 = \\frac{1}{n-8}\\) implies \\(n-8 = 1\\), which leads to \\(n = 9\\). This is incorrect because the original equation \\(\\frac{n!}{9!(n-9)!} = \\frac{n!}{(n-8)!}\\) should simplify to \\(\\frac{1}{n-9}\\), not \\(\\frac{1}{n-8}\\).\n\n**Error:** 1', '**Reasoning:** The question states ""find nC8"" but the answer appears to be solving for ""nC9"". This discrepancy is incorrect because the question specifies finding combination nC8, while the answer provides the combination as nC9. Additionally, the step involving n-8 = 10 or n=18 is incorrect because it should be n-8 = 7, leading to n=15 instead of 18.\n\n**Error:** 1', '**Reasoning:** \nThe given answer contains several logical errors or misinterpretations of the combinatorial notation. The initial step of equating \\(\\binom{n}{g}\\) to \\(\\binom{n}{8}\\) is incorrect because it does not take into account the relationship between \\(n\\) and \\(g\\). Additionally, the step where \\(\\frac{n!}{g!(n-g)!} = \\frac{n!}{(n-8)!(8)!}\\) is not valid unless we know that \\(g = 10\\). The final step asserting that \\(\\binom{n}{17} = 18\\) does not logically follow from the given information. \n\n**Error:** 1', '**Reasoning:** The answer contains a mistake. In the final step, it states ""Therefore nC17 = 18C17 = 18,"" but this is incorrect because nC17 (n choose 17) should be zero for n=17 as there are zero ways to choose 17 items from 17. Since the question does not specify n ≥ 9, we cannot assume that n=17 is valid, thus making the result zero. The correct approach would involve considering all possible values of n that satisfy the given condition nC9=nC8.\n\n**Error:** 1', '**Reasoning:** The solution incorrectly simplifies the equation \\(\\frac{n!}{9!(n-9)!} = \\frac{n!}{(n-8)!(n-8)!}\\). The correct approach should be comparing the ratios directly by cross-multiplying:\n\n\\[\n\\frac{1}{9} = \\frac{1}{n-8}\n\\]\n\nThis implies \\( n - 8 = 9 \\), which simplifies to \\( n = 17 \\). However, the solution incorrectly states that \\( n = 18 \\).\n\n**Error:** 1', '**Reasoning:** The answer contains two separate steps: \n\n1. The first equation is correct.\n2. However, the second step is incorrect because it suggests \\( \\frac{1}{9} = \\frac{1}{n-8} \\) implies \\( n - 8 = 10 \\), which is incorrect. The correct conclusion from the equation should be that \\( n = 17 \\).\n\n**Error:** 1', ""**Reasoning:** The answer incorrectly states that \\( \\frac{n!}{8!(n-9)!} = \\frac{n!}{(n-8)!8!} \\). The correct simplification should be \\( \\frac{n!}{8!(n-8)!} = \\frac{n!}{(n-8)!8!} \\) because multiplying the numerator and denominator by \\( (n-8)! \\) cancels out the factorial in the denominator. However, the student's answer does not simplify correctly, suggesting an error in the algebraic manipulation.\n\n**Error:** 1"", '**Reasoning:** The answer contains two steps where it appears to simplify the combination formula incorrectly. In the first step, it equates \\(\\frac{n!}{9!(n-9)!}\\) to \\(\\frac{n!}{(n-8)!18!}\\), which simplifies to \\(\\frac{1}{9}\\). This step seems incorrect because the correct relationship between combinations \\(nCg\\) and \\(nC8\\) should be derived from the factorial expressions directly, rather than equating them in such an unsimplified form. Additionally, the second part of the answer suggests setting \\(\\frac{1}{9} = \\frac{1}{n-8}\\), which implies \\(n - 8 = 9\\), leading to \\(n = 17\\), not 18 as stated in the final equation. Therefore, the entire derivation is flawed.\n\n**Error:** 1', '**Reasoning:** The answer contains a logical error in the final step. The conclusion that \\( nC_7 = 18C_7 = 18 \\) is incorrect because \\( nC_7 \\) should be evaluated as \\( \\frac{n!}{7!(n-7)!} \\) and it should equal \\( \\binom{18}{7} \\). The provided solution incorrectly equates \\( \\frac{1}{9} = \\frac{1}{n-8} \\) to \\( n = 18 \\), which is not the correct approach to solve for \\( n \\). Instead, the correct approach involves solving for \\( n \\) using the ratio derived from the binomial coefficients.\n\n**Error:** 1', '**Reasoning:** The answer does not correctly solve the problem. It incorrectly simplifies the equation \\(\\frac{n!}{9!(n-9)!} = \\frac{n!}{(n-8)!(8)!}\\) to \\(\\frac{1}{9} = \\frac{1}{n-8}\\). This is incorrect because the simplification should lead to \\(n-9=8\\) or \\(n=17\\), not \\(n-8=8\\) or \\(n=16\\).\n\n**Error:** 1', '**Reasoning:**\nThe question states ""if \\(\\binom{n}{9} = \\binom{n}{8}\\) find \\(nC_{17}\\)."" The answer provided does not directly address this question. Instead, it derives \\(\\binom{18}{17}\\) from the given condition \\(\\binom{n}{9} = \\binom{n}{8}\\). However, the problem asks for \\(nC_{17}\\), which seems to be a different calculation step. The answer does not solve the original problem but instead provides a step towards solving another related combinatorial problem.\n\n**Error:** 1', '**Reasoning:** The answer contains a logical error. In the expression \\(\\frac{n!}{9!(n-9)!} = \\frac{n!}{(n-8)!(n-8)!}\\), it should be \\(\\frac{n!}{9!(n-9)!} = \\frac{n!}{(n-9)!(n-8)!}\\), not \\(\\frac{n!}{(n-8)!(n-8)!}\\). This leads to incorrect simplification of the factorials, and as a result, the final solution \\(nC_{17} = 18\\) is incorrect because it does not correctly solve for \\(n\\).\n\n**Error:** 1', '**Reasoning:** \nThe answer correctly identifies \\( nC_9 = nC_8 \\) from the given condition \\( nC_9 = nC_8 \\). The answer then proceeds to solve the equation by equating the two expressions for combinations:\n\\[ \\frac{n!}{9!(n-9)!} = \\frac{n!}{(n-8)!(n-8)!} \\]\nThis equality is correct because it represents the fact that the combinations are equal. However, the next step involves solving for \\( n \\). The answer correctly states that dividing both sides by \\( n-9 \\) results in:\n\\[ \\frac{1}{n-9} = \\frac{1}{n-8} \\]\nSolving this equation yields \\( n = 18 \\). The final step concludes with the result \\( nC_{17} = 18C_{17} = 18 \\), which is also correct as \\( C(18, 17) = 18 \\).\n\n**Error:** 0', ""**Reasoning:** The answer contains two different interpretations of the question but does not provide clear justification for either interpretation. The first part of the answer seems to assume \\( nC9 = nC8 \\) directly from the given condition \\( nC9 = nC8 \\), which does not align with standard combinatorial principles. The second part attempts to solve the problem using \\( \\frac{1}{9} = \\frac{1}{n-8} \\), leading to \\( n = 18 \\). However, this equation does not correctly represent the relationship between combinations and the given condition. The interpretation that \\( nC9 = nC8 \\) implies \\( n = 9 \\) is incorrect because it doesn't account for the nature of combinations properly.\n\n**Error:** 0"", '**Reasoning:** The answer provided contains logical errors. In the second step, it is incorrect to equate \\( \\frac{1}{8} \\) to \\( \\frac{1}{n-8} \\). Instead, the correct approach would be to consider the ratio of combinations, which should directly lead to the conclusion that \\( n = 18 \\). Therefore, the step involving the fraction does not match the given question and answer.\n\n**Error:** 1']",5,15,Qwen/Qwen2.5-VL-3B-Instruct,100,0.7201248812718097
"Write \( (3a + 4b + 5c)^2 \) in expanded form.

"," Comparing the given expression with \( (x + y + z)^2 \), we find that 
\[
x = 3a, \quad y = 4b, \quad z = 5c.
\]
Thus,
\[
(3a + 4b + 5c)^2 = (3a)^2 + (4b)^2 + (5c)^2 + 2(3a)(4b) + 2(4b)(5c) + 2(5c)(3a)
\]
which simplifies to
\[
9a^2 + 16b^2 + \textcolor{red}{24}c^2 + 24ab + 40bc + 30ac.
\]

",True,True,True,0.3926744672275521,True,0,"['**Reasoning:** The answer provided does not match the expected expanded form of the expression \\((3a + 4b + 5c)^2\\). According to algebraic expansion, \\((3a + 4b + 5c)^2\\) should be expanded as follows:\n\n\\[\n(3a + 4b + 5c)^2 = (3a)^2 + (4b)^2 + (5c)^2 + 2 \\cdot 3a \\cdot 4b + 2 \\cdot 3a \\cdot 5c + 2 \\cdot 4b \\cdot 5c\n\\]\n\nThis expands to:\n\\[\n9a^2 + 16b^2 + 25c^2 + 24ab + 30ac + 40abc\n\\]\n\nHowever, the given answer simplifies to \\(9a^2 + 16b^2 + 25c^2 + 24ab + 40abc + 30ac\\), which is incorrect because it omits the term \\(30ac\\).\n\n**Error:** 1', '**Reasoning:** The answer provided does not correctly expand the expression \\((3a + 4b + 5c)^2\\). The expanded form should be \\(9a^2 + 24ab + 25c^2 + 24ac + 16b^2\\), but instead, it incorrectly states \\(9a^2 + 16b^2 + 24c^2 + 24ab + 16bc + 30ac\\).\n\n**Error:** 1', '**Reasoning:** In the Answer, there seems to be a minor typographical error in the last term of the expanded form. The correct term should be \\(9a^2 + 16b^2 + 24c^2 + 24ab + 48bc + 30ac\\). The answer provided has a missing factor of 2 in each term compared to the correct expanded form.\n\n**Error:** 1', ""**Reasoning:** The answer incorrectly states that \\( x = 3a \\), \\( y = 4b \\), and \\( z = 5c \\). However, when expanding \\((3a + 4b + 5c)^2\\), we should be comparing it with \\((x+y+z)^2\\) where \\( x = 3a \\), \\( y = 4b \\), and \\( z = 5c \\) directly. The expanded form should be \\((3a+y+z)^2\\) which simplifies to \\((3a+4b+5c)^2 = (3a)^2 + (4b)^2 + (5c)^2 + 2(3a)(4b) + 2(3a)(5c) + 2(4b)(5c)\\), as shown in the correct solution. The student's comparison was incorrect because they compared the expression directly with \\((x+y+z)^2\\) instead of the expanded form.\n\n**Error:** 1"", '**Reasoning:** The answer correctly expands the expression \\((3a + 4b + 5c)^2\\) using the formula \\((x + y + z)^2 = x^2 + y^2 + z^2 + 2xy + 2xz + 2yz\\). However, the simplification step should be correct up to the point where \\(9a^2 + 16b^2 + 25c^2\\) is obtained. The issue arises because the term involving \\(ab\\) in the expanded form should include \\(2 \\cdot 3a \\cdot 4b = 24ab\\), but the answer provided includes \\(24ab\\). This suggests a potential error in the final terms of the expansion where the coefficient of \\(ab\\) is incorrect.\n\n**Error:** 1', '**Reasoning:** The Answer contains a logical error. In the expanded form of \\((3a + 4b + 5c)^2\\), the term involving \\(ab\\) should be squared, but the answer incorrectly simplifies it as \\(-24bc\\). This indicates an error in the expansion step.\n\n**Error:** 1', '**Reasoning:** The answer provided does not match the question asked. The question asks to write \\((3a + 4b + 5c)^2\\) in expanded form, but the answer provides a different expression involving \\(x\\), \\(y\\), and \\(z\\) instead of \\(a\\), \\(b\\), and \\(c\\). There is also a discrepancy in the variables used (\\(x\\), \\(y\\), \\(z\\)) compared to the original expression (\\(a\\), \\(b\\), \\(c\\)). Additionally, the expanded form derived seems to be incorrect as it includes terms like \\(9a^2 + 16b^2 + 24c^2 + 24ab + 48bc + 30ac\\), which do not match the expected result from expanding \\((3a + 4b + 5c)^2\\).\n\n**Error:** 1', '**Reasoning:** The answer incorrectly multiplies \\((3a)\\) and \\((4b)\\) instead of multiplying \\(a\\) and \\(b\\). The expanded form should be simplified as follows: \n\\[\n(3a + 4b + 5c)^2 = (3a)^2 + (4b)^2 + (5c)^2 + 2(3a)(4b) + 2(3a)(5c) + 2(4b)(5c)\n\\]\nThis results in:\n\\[\n9a^2 + 16b^2 + 25c^2 + 24ab + 30ac + 40bc\n\\]\nThere is indeed an error in the multiplication step, leading to the incorrect expanded form.\n  \n**Error:** 1', '**Reasoning:** The answer does not contain any errors. It correctly expands the expression \\((3a + 4b + 5c)^2\\) by following the binomial expansion formula for three terms: \\((x + y + z)^2 = x^2 + y^2 + z^2 + 2(xy) + 2(yz) + 2(xz)\\). The result is correctly simplified to \\(9a^2 + 16b^2 + 25c^2 + 24ab + 40bc + 30ac\\).\n\n**Error:** 0', '**Reasoning:** The answer contains a calculation error. In the original question, it was asked to expand \\((3a + 4b + 5c)^2\\) in expanded form. However, the answer incorrectly simplifies the expression to \\(9a^2 + 16b^2 + 24c^2 + 24ab + 40bc + 30ac\\), which is incorrect because this does not match the expansion of \\((3a + 4b + 5c)^2\\). The correct expansion should be \\(9a^2 + 16b^2 + 25c^2 + 24ab + 30ac + 40bc\\), but the answer provided has additional terms that do not appear in the original expression.\n\n**Error:** 1', '**Reasoning:** The answer provided contains a logical error in the final expression. According to the standard expansion of \\((3a + 4b + 5c)^2\\), it should simplify to \\(9a^2 + 16b^2 + 25c^2 + 2(3a)(4b) + 2(3a)(5c) + 2(4b)(5c)\\).\n\nOn the other hand, the given answer simplifies to \\(9a^2 + 16b^2 + 25c^2 + 24ab + 40bc + 30ac\\). This result includes an incorrect pairwise combination of terms. Specifically, the term \\(24ab\\) is incorrect because the correct pairing would be from \\((3a) \\times (4b)\\) and \\((4b) \\times (3a)\\), totaling \\(12ab\\).\n\nThus, the answer has two errors: 1. It incorrectly combines \\(2(3a)(4b)\\) with \\(2(4b)(3a)\\) instead of \\(2 \\times 24ab\\).\n2. It incorrectly combines \\(2(3a)(5c)\\) and \\(2(5c)(3a)\\) as \\(24ab\\) instead of \\(12ab\\).\n\nTherefore, the answer contains two errors.\n\n**Error:** 1', '**Reasoning:** The answer incorrectly simplifies the expression \\((3a + 4b + 5c)^2\\) instead of using binomial expansion to expand it correctly. The correct expansion should be:\n\\[\n(3a + 4b + 5c)^2 = 9a^2 + 16b^2 + 25c^2 + 2(3a)(4b) + 2(3a)(5c) + 2(4b)(5c)\n\\]\nHowever, the given answer simplifies incorrectly to \\(9a^2 + 16b^2 + 24c^2 + 24ab + 40bc + 30ac\\). This indicates an error in the simplification process.\n\n**Error:** 1', '**Reasoning:** The answer correctly expands the expression \\((3a + 4b + 5c)^2\\) using the binomial theorem. However, when simplifying \\(2(3a)(4b)\\), it should be simplified as \\(24ab\\), not \\(2(3a)(4b)\\). The term ""2"" in front of the parentheses indicates that the correct calculation should be \\(2 \\times 12ab = 24ab\\), so the term should be squared according to the binomial expansion formula.\n\n**Error:** 1', '**Reasoning:** The answer includes a term with \\(9a^2\\) in its expanded form, which does not match the correct expanded form of \\((3a + 4b + 5c)^2\\). The correct expanded form should be \\(9a^2 + 16b^2 + 24ac + 24bc + 25c^2\\). The term \\(9a^2\\) is incorrect as it should be derived from \\((3a)^2 = 9a^2\\), but \\(9a^2\\) is missing a factor of \\(4\\) due to the incorrect distribution of terms.\n\n**Error:** 1', '**Reasoning:** The answer provided appears to be correct. The expression \\((3a + 4b + 5c)^2\\) is expanded correctly using the binomial theorem. The steps taken match the expected method of expanding a trinomial squared, resulting in:\n\\[9a^2 + 24ab + 16b^2 + 20ac + 60bc + 25c^2\\]\n\nThere are no apparent errors in the expansion process shown in the answer.\n\n**Error:** 0']",5,15,Qwen/Qwen2.5-VL-3B-Instruct,100,0.39267446722755217
"Two players, Sangeeta and Reshma, play a tennis match. It is known that the probability of Sangeeta winning the match is 0.62. What is the probability of Reshma winning the match?

"," Let \( S \) and \( R \) denote the events that Sangeeta wins the match and Reshma wins the match, respectively.

The probability of Sangeeta's winning is \( P(S) = 0.62 \) (given).

The probability of Reshma's winning is \( P(R) \).

\[
P(R) = 0.38
\]

",False,True,False,0.5799151714181009,False,0,"[""**Reasoning:** The Answer provided does not completely address the question. It mentions that the probability of Sangeeta winning the match is 0.62, which is correct. However, it does not explain how to find the probability of Reshma winning the match. It correctly states that Sangeeta's winning probability is P(S) = 0.62 and Reshma's winning probability is P(R) = 0.38. However, since the question asks for the probability of Reshma winning the match, the Answer should have included a calculation or formula demonstrating this, but it does not provide one.\n\n**Error:** 1"", '**Reasoning:** The Answer states that P(S) = 0.62 (given) and P(R) = 0.38, assuming the events S and R are mutually exclusive. However, if Dangeeta wins the match, it implies Reshma cannot win the match. Therefore, the two events are not independent but rather mutually exclusive, meaning the probabilities sum up to 1. Thus, the probabilities should add up to 1, not be equal. \nThe given answer does not account for this fact, hence there is an error.\n\n**Error:** 1', '**Reasoning:** The Answer incorrectly states that P(R) = 0.38 when it should be - since the sum of probabilities of all possible outcomes must equal 1. \n\nSince Reshma winning the match implies Rangeeta not winning, P(R) must be 1 - P(S). If P(S) = 0.62, then P(R) = 1 - 0.62 = 0.38. However, this contradicts the logic as P(R) should be less than 1 and more than P(S) here. Therefore, the probability calculation is incorrect.\n\n**Error:** 1', '**Reasoning:** The answer incorrectly states that the probability of Reshma winning the match is 0.38 instead of 0.4. According to the question, if the probability of Dangeeta winning the match is 0.62, then the probability of Reshma winning the match can be calculated as 1 - 0.62 = 0.38.\n\n**Error:** 0', ""**Reasoning:** The Answer states that the probability of Reshma winning the match (P(R)) is 0.38, but the question mentions that it is known that Dangeeta's probability of winning the match is 0.62. Since these two probabilities must add up to 1 (as one player must win the match), the sum of the probabilities should be 1. Therefore, Reshma's probability of winning should be calculated as 1 - 0.62 = 0.38. Thus, the given answer matches the expected result.\n\n**Error:** 0"", ""**Reasoning:** The answer correctly identifies the events S (Sangeeta winning) and R (Reshma winning). However, it incorrectly states the probability P(S) as 0.62, which contradicts the question's statement that the probability of Sangeeta winning is 0.62. The correct calculation should be P(R) = 1 - P(S) = 1 - 0.62 = 0.38. Therefore, the answer contains an error because it states an incorrect probability for the second event.\n\n**Error:** 1"", ""**Reasoning:** The answer contains a logical error. In a tennis match between Dangeeta and Rashma, if Dangeeta has a probability of 0.62 to win the match, then it implies that Rashma's probability to win the match must be 1 - 0.62 = 0.38, which matches the provided solution. However, the original question asks for the probability of Rashma winning the match, not Dangeeta's probability to lose. Therefore, the answer should state the probability of Rashma winning instead of Dangeeta winning, because the problem states that the probability of Dangeeta winning is 0.62. \n\n**Error:** 1"", ""**Reasoning:** The problem asks for the probability of Reshma winning the match. However, the answer does not contain this information. Instead, it provides probabilities for Sangeeta winning and Reshma winning. Since the question asks for Reshma's probability of winning, the answer is missing this crucial piece of information. Therefore, there is an error in the answer as it does not correctly address the question asked.\n\n**Error:** 1"", '**Reasoning:** \nThe answer incorrectly states that P(s) = 0.62 (given). However, the question asks for the probability of Reshma winning the match, which should be P(R). The given probability P(S) is actually the probability of Dangeeta winning, and since the sum of probabilities must equal 1, P(R) = 1 - P(S) = 1 - 0.62 = 0.38. Therefore, the given value for P(s) is incorrect.\n\n**Error:** 1', '**Reasoning:** The question states that the probability of Dangeeta winning the match is 0.62, which means the probability of Reshma winning the match is 1 - 0.62 = 0.38. However, the Answer incorrectly states that P(R) = 0.38 when it should be P(R) = 1 - 0.62 = 0.38.\n\n**Error:** 1', ""**Reasoning:** The answer provides the correct probabilities for Dangeeta's and Reshma's winning the match. However, it incorrectly states that the probability of Reshma winning the match is 0.38 instead of 0.46.\n\n**Error:** 1"", '**Reasoning:** The Answer does not contain any computational errors. The probabilities of Sangeeta (S) and Reshma (R) winning the match have been correctly stated as P(S) = 0.62 and P(R) = 0.38, respectively. Both values are consistent with the initial probability of Sangeeta winning being 0.62, as the total probability must sum to 1. There is no indication of incorrect calculations or mistakes in the given answer.\n\n**Error:** 0', ""**Reasoning:** The answer incorrectly states that Reshma's probability of winning the match is 0.38 instead of 0.38 (since the sum of probabilities must equal 1). Therefore, the probability of Reshma winning is actually 0.68 - 0.62 = 0.38.\n\n**Error:** 1"", '**Reasoning:** The Answer does not contain any mathematical errors. Both the probability calculations are correct. The given probability of Dangeeta winning is 0.62, and the probability of Reshma winning is calculated correctly as 0.38. \n\n**Error:** 0', '**Reasoning:** The answer to the question does not accurately represent the probability of Reshma winning the match. In probability, the sum of the probabilities of all possible outcomes must equal 1. Here, the sum of the probabilities of Sangeeta winning and Reshma winning is 0.62 + 0.38 = 1.00, but the correct interpretation should be that the sum of the probabilities of Sangeeta winning and Reshma winning plus the probability of a tie should equal 1. Since the problem does not mention a tie, it is incorrect to assume that 1 has been represented as a probability of a tie. Therefore, the answer incorrectly concludes with ""P(R) = 0.38,"" which should be interpreted as the probability of Reshma winning the match, not the probability of a tie.\n\n**Error:** 1']",5,15,Qwen/Qwen2.5-VL-3B-Instruct,100,0.0
"The total revenue in Rupees received from the sale of \( x \) units of a product is given by \( R(x) = 3x^2 + 36x + 5 \). Find the marginal revenue when \( x = 5 \), where by marginal revenue we mean the rate of change of total revenue with respect to the number of items sold at an instant.

"," Since marginal revenue is the rate of change of total revenue with respect to the number of units sold, we have

\[
\text{Marginal Revenue} \quad (MR) = \frac{dR}{dx} = \textcolor{red}{6^x} + 36
\]

When \( x = 5 \),

\[
MR = \textcolor{red}{6^5} + 36 = 7776
\]

Hence, the required marginal revenue is \( \text{₹} \, 7776 \).

",True,True,True,0.0,True,0,"['**Reasoning:** The answer contains two main errors. First, it calculates the marginal revenue incorrectly. The given function \\( R(x) = 3x^2 + 36x + 5 \\) represents total revenue, not marginal revenue. Marginal revenue is the derivative of the total revenue with respect to the number of units sold. The correct calculation should be differentiating \\( R(x) \\) to find \\( MR \\). Second, when substituting \\( x = 5 \\) into the marginal revenue function, the result is incorrectly computed as \\( 7776 \\), which is not the expected value based on the differentiation of \\( R(x) \\).\n\n**Error:** 1', ""**Reasoning:** The answer incorrectly calculates the marginal revenue for the given total revenue function \\( R(x) = 3x^2 + 36x + 5 \\). To find the marginal revenue, we need to compute the derivative of \\( R(x) \\) with respect to \\( x \\), which is \\( R'(x) \\). The correct calculation is as follows:\n\\[ R'(x) = \\frac{dR}{dx} = 6x + 36. \\]\nWhen \\( x = 5 \\):\n\\[ R'(5) = 6(5) + 36 = 30 + 36 = 66. \\]\nThus, the correct marginal revenue when \\( x = 5 \\) is 66, not 7776 as stated in the answer.\n\n**Error:** 1"", '**Reasoning:** The answer incorrectly calculates the marginal revenue by substituting x = 5 into the expression MR = dR/dx instead of using the given R(x) equation. The correct calculation should be done directly using the R(x) function, but since the derivative dR/dx is already known from the problem statement, substituting x = 5 into dR/dx is not necessary.\n\n**Error:** 1', '**Reasoning:** The answer provided calculates the marginal revenue (MR) by finding the derivative of the total revenue function R(x) and then substituting x = 5. However, the calculation in the Answer appears to be incorrect. The correct marginal revenue (MR) when x = 5 should be found by differentiating R(x) = 3x^2 + 36x + 5 with respect to x, which results in MR = dR/dx = 6x + 36. Substituting x = 5 into this expression gives MR = 6(5) + 36 = 76. The Answer incorrectly states that MR = 6^5 + 36 = 7776, which is incorrect.\n\n**Error:** 1', '**Reasoning:** The answer incorrectly calculates the marginal revenue by substituting x = 5 into MR(x) instead of finding the derivative of R(x) and then evaluating it at x = 5. The derivative of R(x) is MR\'(x) = dR/dx = 6x + 36, and when x = 5, MR\' = 6*5 + 36 = 76, not 776 as stated. Additionally, the use of ""x"" instead of ""X"" is a minor formatting issue but does not affect the calculation or the final answer.\n\n**Error:** 1', '**Reasoning:** The answer provided is incorrect because it evaluates the marginal revenue incorrectly. The marginal revenue \\( MR \\) is calculated by taking the derivative of the total revenue function \\( R(x) = 3x^2 + 36x + 5 \\) with respect to \\( x \\), which gives \\( MR(x) = 6x + 36 \\). To find the marginal revenue when \\( x = 5 \\), we substitute \\( x = 5 \\) into the derivative: \\( MR(5) = 6(5) + 36 = 30 + 36 = 66 \\). Therefore, the correct marginal revenue when \\( x = 5 \\) is 66, not 776 as stated.\n\n**Error:** 1', '**Reasoning:** The marginal revenue is calculated as the derivative of the revenue function \\( R(x) \\). Given \\( R(x) = 3x^2 + 36x + 5 \\), the correct derivative is \\( \\frac{dR}{dx} = 6x + 36 \\). When \\( x = 5 \\), substituting into the derivative gives \\( MR = 6(5) + 36 = 78 \\). However, the answer incorrectly states that \\( MR = 6^5 + 36 = 7776 \\), which is incorrect because it involves raising 6 to the power of 5 instead of multiplying 6 by 5.\n\n**Error:** 1', ""**Reasoning:** The answer provided incorrectly applies the marginal revenue formula. The correct formula should use the derivative of R(x) with respect to x, not divide R(x) by dx. The derivative of \\( R(x) = 3x^2 + 36x + 5 \\) is \\( R'(x) = 6x + 36 \\). Substituting \\( x = 5 \\) into this derivative gives \\( MR(5) = 6(5) + 36 = 78 \\), not 7776 as stated in the answer.\n\n**Error:** 1"", '**Reasoning:** The answer provided contains two main mistakes. First, it incorrectly states that marginal revenue is the rate of change of total revenue with respect to the number of items sold. This is true, but the correct expression for marginal revenue should be the derivative of the revenue function with respect to x. Second, the calculation of the marginal revenue when x = 5 is incorrect. When we take the derivative of R(x) = 3x^2 + 36x + 5, we get dR/dx = 6x + 36. Evaluating this at x = 5 gives MR = 6(5) + 36 = 72, not 776 as stated in the answer. Therefore, the answer contains two errors: the definition of marginal revenue and the calculation of marginal revenue.\n\n**Error:** 1', '**Reasoning:** The answer incorrectly states that when \\( x = 5 \\), the marginal revenue \\( MR = 6^x + 36 \\). The correct expression for marginal revenue should be calculated from the derivative of the total revenue function \\( R(x) = 3x^2 + 36x + 5 \\), which gives \\( MR = \\frac{dR}{dx} = 6x + 36 \\). Substituting \\( x = 5 \\) into this equation yields the correct value of the marginal revenue.\n\n**Error:** 1', '**Reasoning:** \nThe answer provides the marginal revenue (MR) as a function of x, which is correct. However, it incorrectly calculates the value of MR when x = 5. According to the given function R(x) = 3x² + 36x + 5, the marginal revenue MR is the derivative of R(x) with respect to x, which is MR = dR/dx = 6x + 36. When x = 5, MR should be calculated as follows:\n\\[ MR = 6 \\times 5 + 36 = 30 + 36 = 66 \\]\nThe answer provided states the result as 7776, which is incorrect. Therefore, there is an error in the solution.\n\n**Error:** 1', '**Reasoning:** The marginal revenue (MR) is calculated incorrectly. The correct formula for marginal revenue is MR = dR/dx, which requires differentiating the revenue function R(x) first. In this case, the derivative of R(x) = 3x^2 + 36x + 5 should be calculated as MR = 6x + 36. When x = 5, substituting into the marginal revenue function gives MR = 6(5) + 36 = 76, not 7776. The answer provided in the question is incorrect.\n\n**Error:** 1', '**Reasoning:** The answer incorrectly calculates the marginal revenue. The marginal revenue is found by taking the derivative of the total revenue function \\( R(x) = 3x^2 + 36x + 5 \\), which is \\( MR = \\frac{dR}{dx} = 6x + 36 \\). To find the marginal revenue when \\( x = 5 \\), we substitute \\( x = 5 \\) into the derivative: \\( MR = 6(5) + 36 = 30 + 36 = 66 \\). The correct calculation should be MR = 66, not 776 as stated in the answer.\n\n**Error:** 1', '**Reasoning:** The answer incorrectly states that the marginal revenue when x = 5 is MR = 6^x + 36. However, the correct marginal revenue should be calculated by taking the derivative of the revenue function R(x) and then substituting x = 5. The derivative of R(x) = 3x^2 + 36x + 5 is MR = dR/dx = 6x + 36. Substituting x = 5 into this equation gives MR = 6(5) + 36 = 76. Therefore, the answer incorrectly calculates the marginal revenue as 6^5 + 36 instead of 76.\n\n**Error:** 1', '**Reasoning:** The answer provided correctly defines the marginal revenue as the rate of change of total revenue with respect to the number of items sold. However, there is an arithmetic mistake in calculating the marginal revenue when x = 5. The correct marginal revenue should be found by differentiating R(x) = 3x² + 36x + 5 and then evaluating it at x = 5. The derivative of R(x) is MR = dR/dx = 6x + 36. When x = 5, MR = 6(5) + 36 = 76, not 7776 as given in the answer.\n\n**Error:** 1']",5,15,Qwen/Qwen2.5-VL-3B-Instruct,100,0.24493002679463532
"Let \(\vec{a}, \vec{b}\) and \(\vec{c}\) be three vectors such that \(|\vec{a}|=3, |\vec{b}|=4, |\vec{c}|=5\) and each one of them being perpendicular to the sum of the other two. Find \(|\vec{a} + \vec{b} + \vec{c}|\).

"," 

Given \(\vec{a} \cdot (\vec{b} + \vec{c}) = 0\), \(\vec{b} \cdot (\vec{c} + \vec{a}) = 0\), \(\vec{c} \cdot (\vec{a} + \vec{b}) = 0\).

Now, 

\[
|\vec{a} + \vec{b} + \vec{c}|^2 = (\vec{a} + \vec{b} + \vec{c}) \cdot (\vec{a} + \vec{b} + \vec{c}) 
\]

\[
= \vec{a} \cdot \vec{a} + \vec{a} \cdot (\vec{b} + \vec{c}) + \vec{b} \cdot (\vec{a} + \vec{c}) + \vec{c} \cdot (\vec{a} + \vec{b}) 
\]

\[
= |\vec{a}|^2 + |\vec{b}|^2 + |\vec{c}|^2 
\]

\[
= 9 + 16 + \textcolor{red}{52} = \textcolor{red}{77}
\]

Therefore,

\[
|\vec{a} + \vec{b} + \vec{c}| = \sqrt{\textcolor{red}{77}} = \textcolor{red}{\sqrt{77}}
\]

",True,True,True,0.8823109245150755,True,1,"['**Reasoning:** The answer provided includes a step where it incorrectly multiplies the lengths squared instead of using the dot product and the magnitudes of the vectors directly. Specifically, the expression \\(|\\vec{a} + \\vec{b} + \\vec{c}|^2 = (\\vec{a} + \\vec{b} + \\vec{c}) \\cdot (\\vec{a} + \\vec{b} + \\vec{c})\\) should be simplified using the fact that each vector is perpendicular to the sum of the other two, leading to \\((|\\vec{a}|^2 + |\\vec{b}|^2 + |\\vec{c}|^2) - 2(\\vec{a} \\cdot \\vec{b} + \\vec{b} \\cdot \\vec{c} + \\vec{c} \\cdot \\vec{a})\\). This further simplifies to \\(9 + 16 + 52 - 2(0) = 77\\). However, the step involving the dot product was incorrectly used, as the vectors being perpendicular implies \\(\\vec{a} \\cdot (\\vec{b} + \\vec{c}) = 0\\), etc., but the expression was not correctly applied to simplify the modulus as shown.\n\n**Error:** 1', '**Reasoning:** The answer incorrectly concludes that \\(|\\overrightarrow{a} + \\overrightarrow{b} + \\overrightarrow{c}| = \\sqrt{77}\\). The steps taken in the solution imply that the sum of the squares of the magnitudes of the vectors, 9 + 16 + 52, should equal the square of the magnitude of their sum. However, it does this by squaring each individual magnitude instead of using the correct formula for the square of the magnitude of the sum of three vectors, which involves the dot product properties. The step should be: \\(|\\overrightarrow{a} + \\overrightarrow{b} + \\overrightarrow{c}|^2 = (\\overrightarrow{a} + \\overrightarrow{b} + \\overrightarrow{c}) \\cdot (\\overrightarrow{a} + \\overrightarrow{b} + \\overrightarrow{c})\\).\n\n**Error:** 0', '**Reasoning:** The answer provided does not explicitly state the value of \\(\\overrightarrow{a}\\cdot\\overrightarrow{b}+\\overrightarrow{b}\\cdot\\overrightarrow{c}+\\overrightarrow{c}\\cdot\\overrightarrow{a}\\) before concluding the expression \\(\\overrightarrow{a}+\\overrightarrow{b}+\\overrightarrow{c}\\). The question provides that each vector is perpendicular to the sum of the other two, implying that their dot products with the sum of the others should be zero. However, the use of these dots implies there might have been an oversight in showing how to find this dot product, leading to a potential misstep in deriving the magnitude of \\(\\overrightarrow{a}+\\overrightarrow{b}+\\overrightarrow{c}\\).\n\n**Error:** 1', '**Reasoning:** The answer does not contain any logical or mathematical errors. It follows all the necessary steps to find the magnitude of the vector sum |a + b + c| using the properties of dot products and magnitudes of vectors. Each step is correctly applied: \n\n1. Given conditions that each vector is perpendicular to the sum of the other two vectors.\n2. Using these conditions to set up the equation |a + b + c|^2 = (a + b + c) · (a + b + c).\n3. Expanding the dot product and substituting the magnitudes |a| = 3, |b| = 4, |c| = 5 into the equation.\n4. Solving the equation to get |a + b + c|^2 = 9 + 16 + 52.\n5. Taking the square root of 77 to get |a + b + c| = √77.\n\nNo mistakes are evident in the mathematical operations or logic applied here.\n\n**Error:** 0', '**Reasoning:** The answer correctly uses the properties of vector dot products and magnitudes to solve the problem. However, there seems to be a small arithmetic error in the final step. The expression for \\(| \\vec{a} + \\vec{b} + \\vec{c} |^2\\) should be simplified as follows:\n\\[| \\vec{a} + \\vec{b} + \\vec{c} |^2 = (\\vec{a} + \\vec{b} + \\vec{c}) \\cdot (\\vec{a} + \\vec{b} + \\vec{c}) = \\vec{a} \\cdot \\vec{a} + \\vec{b} \\cdot \\vec{b} + \\vec{c} \\cdot \\vec{c} + 2(\\vec{a} \\cdot \\vec{b} + \\vec{b} \\cdot \\vec{c} + \\vec{c} \\cdot \\vec{a}).\\]\nGiven that each vector is perpendicular to the sum of the other two, we have \\(\\vec{a} \\cdot (\\vec{b} + \\vec{c}) = 0\\), \\(\\vec{b} \\cdot (\\vec{c} + \\vec{a}) = 0\\), and \\(\\vec{c} \\cdot (\\vec{a} + \\vec{b}) = 0\\). Thus,\n\\[| \\vec{a} + \\vec{b} + \\vec{c} |^2 = 9 + 16 + 25 = 50.\\]\nTherefore, \\(| \\vec{a} + \\vec{b} + \\vec{c} | = \\sqrt{50}\\), which simplifies to \\(| \\vec{a} + \\vec{b} + \\vec{c} | = \\sqrt{50} = 5\\sqrt{2}\\).\nThe answer is incorrect because it does not simplify properly in the final calculation.\n\n**Error: 1**', '**Reasoning:** The answer includes a step-by-step calculation to find the magnitude of the sum of the vectors \\(\\overrightarrow{a} + \\overrightarrow{b} + \\overrightarrow{c}\\). The steps leading to the final result involve squaring the vector magnitudes and using the dot product properties correctly. However, the interpretation of the equation \\(|\\overrightarrow{a} + \\overrightarrow{b} + \\overrightarrow{c}|^2 = |\\overrightarrow{a}|^2 + |\\overrightarrow{b}|^2 + |\\overrightarrow{c}|^2 + 2(\\overrightarrow{a} \\cdot (\\overrightarrow{b} + \\overrightarrow{c}) + \\overrightarrow{b} \\cdot (\\overrightarrow{c} + \\overrightarrow{a}) + \\overrightarrow{c} \\cdot (\\overrightarrow{a} + \\overrightarrow{b}))\\) is incorrect because it should be included in the final step as \\((\\overrightarrow{a} + \\overrightarrow{b} + \\overrightarrow{c}) \\cdot (\\overrightarrow{a} + \\overrightarrow{b} + \\overrightarrow{c})\\), not just the individual magnitudes squared. This results in including the cross product terms which are not relevant for this problem since we are dealing with perpendicular vectors.\n\n**Error:** 1', '**Reasoning:** The answer provided does not contain any calculation mistakes. The steps taken align with the logic of the problem and the derived equation. Each step seems correct and logically follows from the previous one, ensuring that all necessary conditions are met to solve the problem correctly.\n\n**Error:** 0', '**Reasoning:** The answer does not contain any mathematical errors. It correctly applies vector properties and algebraic manipulations as described in the question. Therefore, there is no indication of an error in the answer.\n\n**Error:** 0', ""**Reasoning:** The solution process appears to be correct. The steps taken to find the magnitude \\(|\\vec{a} + \\vec{b} + \\vec{c}|\\) are logically aligned with vector dot products and magnitudes. The calculations involving dot products and magnitudes are presented accurately. The final result obtained is \\(\\sqrt{77}\\), which matches the expected value derived from the given magnitudes of the vectors when they are perpendicular to each other's sum.\n\n**Error:** 0"", '**Reasoning:** The answer provided does not contain any arithmetic mistakes or logical errors; it follows the correct steps to solve the vector problem. The calculations and steps used are all valid, including the application of the dot product property and the calculation of the magnitude of the sum of the vectors.\n\n**Error:** 0', '**Reasoning:** The answer starts with the correct equations derived from the conditions that $\\vec{a} \\cdot (\\vec{b} + \\vec{c}) = 0$, $\\vec{b} \\cdot (\\vec{c} + \\vec{a}) = 0$, and $\\vec{c} \\cdot (\\vec{a} + \\vec{b}) = 0$. However, the subsequent steps for calculating the magnitude of $\\vec{a} + \\vec{b} + \\vec{c}$ involve squaring the magnitude and then summing the squares of the magnitudes of individual vectors, which is incorrect. The magnitude squared should be calculated using the formula involving dot products as follows: $|\\vec{a} + \\vec{b} + \\vec{c}|^2 = \\vec{a} \\cdot \\vec{a} + \\vec{b} \\cdot \\vec{b} + \\vec{c} \\cdot \\vec{c} + 2\\vec{a} \\cdot \\vec{b} + 2\\vec{b} \\cdot \\vec{c} + 2\\vec{c} \\cdot \\vec{a}$. Since $\\vec{a} \\cdot (\\vec{b} + \\vec{c}) = 0$, $\\vec{b} \\cdot (\\vec{c} + \\vec{a}) = 0$, and $\\vec{c} \\cdot (\\vec{a} + \\vec{b}) = 0$, we can see that the cross terms involving dot products of pairs will add up to zero, simplifying the expression to $9 + 16 + 25 = 50$.\n\n**Error:** 1', ""**Reasoning:** The mistake lies in the calculation of \\( |\\overrightarrow{a} + \\overrightarrow{b} + \\overrightarrow{c}|^2 \\). In the step where it's said \\( |\\overrightarrow{a}|^2 + |\\overrightarrow{b}|^2 + |\\overrightarrow{c}|^2 = 9 + 16 + 52 = 77 \\), it should be \\( |\\overrightarrow{a}|^2 + |\\overrightarrow{b}|^2 + |\\overrightarrow{c}|^2 = 3^2 + 4^2 + 5^2 = 9 + 16 + 25 = 50 \\). Therefore, the expression \\( |\\overrightarrow{a} + \\overrightarrow{b} + \\overrightarrow{c}|^2 = 50 \\) should be squared root of 50 instead of 77.\n\n**Error:** 1"", '**Reasoning:** The calculation in the Answer involves multiplying the magnitudes squared directly instead of using the dot product property correctly. The Answer suggests that |a + b + c|^2 = |a|^2 + |b|^2 + |c|^2, but this is incorrect because it does not take into account the dot products. The correct approach should involve using the properties of dot products and the fact that each vector is perpendicular to the sum of the other two vectors. \n\n**Error:** 1', '**Reasoning:** The error lies in the application of the dot product property when calculating the magnitude squared of the sum of vectors. Specifically, the step where the expression is simplified incorrectly as follows:\nGiven \\(\\vec{a} \\cdot (\\vec{b} + \\vec{c}) = 0\\), \\(\\vec{b} \\cdot (\\vec{c} + \\vec{a}) = 0\\), \\(\\vec{c} \\cdot (\\vec{a} + \\vec{b}) = 0\\)\nNow,\n\\[|\\vec{a} + \\vec{b} + \\vec{c}|^2 = (\\vec{a} + \\vec{b} + \\vec{c}) \\cdot (\\vec{a} + \\vec{b} + \\vec{c})\\]\nThis should be expanded correctly to:\n\\[= \\vec{a} \\cdot \\vec{a} + \\vec{b} \\cdot \\vec{a} + \\vec{c} \\cdot \\vec{a} + \\vec{a} \\cdot \\vec{b} + \\vec{b} \\cdot \\vec{b} + \\vec{c} \\cdot \\vec{b} + \\vec{a} \\cdot \\vec{c} + \\vec{b} \\cdot \\vec{c} + \\vec{c} \\cdot \\vec{c}\\]\nThus, the square of the magnitude should involve additional terms due to the dot products between different pairings of vectors, not just squares of individual magnitudes.\n\n**Error:** 1', '**Reasoning:** The error lies in the step where the magnitude of the sum of the vectors is calculated using the formula \\(|\\vec{a} + \\vec{b} + \\vec{c}|^2 = (\\vec{a} + \\vec{b} + \\vec{c}) \\cdot (\\vec{a} + \\vec{b} + \\vec{c})\\). The expansion of this dot product should not include the dot products involving the same vector more than once. Specifically, the correct expansion should be:\n\\[|\\vec{a} + \\vec{b} + \\vec{c}|^2 = \\vec{a} \\cdot \\vec{a} + \\vec{b} \\cdot \\vec{b} + \\vec{c} \\cdot \\vec{c} + 2(\\vec{a} \\cdot \\vec{b} + \\vec{b} \\cdot \\vec{c} + \\vec{c} \\cdot \\vec{a})\\]\nHowever, the given answer incorrectly includes the dot products involving the same vector twice, leading to an incorrect result. The correct calculation should simplify to:\n\\[|\\vec{a} + \\vec{b} + \\vec{c}|^2 = |\\vec{a}|^2 + |\\vec{b}|^2 + |\\vec{c}|^2\\]\n\\[|\\vec{a} + \\vec{b} + \\vec{c}|^2 = 3^2 + 4^2 + 5^2 = 9 + 16 + 25 = 50\\]\n\n**Error:** 1']",5,15,Qwen/Qwen2.5-VL-3B-Instruct,100,0.24493002679463532
"Let \( f: \{2, 3, 4, 5\} \to \{3, 4, 5, 9\} \) and \( g: \{3, 4, 5, 9\} \to \{7, 11, 15\} \) be functions defined as \( f(2) = 3, f(3) = 4, f(4) = f(5) = 5 \) and \( g(5) = g(9) = 11 \). Find \( g \circ f \).

"," We have 
\[
g \circ f(2) = g(f(2)) = \textcolor{red}{g(3 = 7},
\]
\[
g \circ f(3) = g(f(3)) = \textcolor{red}{g(4 = 7},
\]
\[
g \circ f(4) = g(f(4)) = g(5) = 11,
\]
\[
g \circ f(5) = g(f(5)) = g(5) = 11.
\]

",True,True,True,0.6909233093138181,False,0,"['**Reasoning:** The Answer correctly computes the composition \\( g \\circ f \\) for each element in the domain \\( \\{2, 3, 4, 5\\} \\). However, the Answer incorrectly states that \\( g(9) = 11 \\) instead of \\( g(9) \\). This is because the function \\( g \\) is defined as \\( g: \\{3, 4, 5, 9\\} \\to \\{7, 11, 15\\} \\), and since \\( 9 \\notin \\{3, 4, 5\\} \\), \\( g(9) \\) does not have a value according to the given function definition. Therefore, the correct answer should be \\( g(9) \\) undefined or skipped, but the current Answer includes it.\n\n**Error:** 1', '**Reasoning:** The answer provided seems to be correct according to the question asked. The function composition \\(g \\circ f\\) is defined as applying the function \\(g\\) to the result of applying the function \\(f\\). Given that \\(f(2) = 3\\), \\(f(3) = 4\\), \\(f(4) = 5\\), and \\(f(5) = 5\\), and knowing that \\(g(7) = 9\\), \\(g(9) = 15\\), \\(g(11) = 11\\), we can correctly compute:\n\\[ g(f(2)) = g(3) = 9 \\]\n\\[ g(f(3)) = g(4) = 15 \\]\n\\[ g(f(4)) = g(5) = 11 \\]\n\\[ g(f(5)) = g(5) = 11 \\]\nThus, the answer provided is logically correct and free from any errors.\n\n**Error:** 0', '**Reasoning:** The answer provided appears to be correctly computed according to the given functions \\( f \\) and \\( g \\). Each step follows the process of applying \\( g \\) to \\( f(x) \\) for each value in the domain of \\( f \\). Since the values of \\( f(2) = 3 \\), \\( f(3) = 4 \\), \\( f(4) = 5 \\), and \\( f(5) = 5 \\) are correctly identified and substituted into the function \\( g \\), resulting in \\( g(3) = 7 \\), \\( g(4) = 7 \\), \\( g(5) = 11 \\), and \\( g(5) = 11 \\), which matches the problem statement, the calculation is correct.\n\n**Error:** 0', '**Reasoning:** The answer provided does not correctly apply the definition of function composition \\( g \\circ f \\). According to the definition, \\( (g \\circ f)(x) = g(f(x)) \\). For each input value from set \\(\\{2,3,4,5\\}\\), the corresponding output values should be \\(g(f(2)), g(f(3)), g(f(4)),\\) and \\(g(f(5))\\) respectively. However, the answer incorrectly writes \\(g(f(2)) = g(7)\\), \\(g(f(3)) = g(7)\\), \\(g(f(4)) = g(11)\\), and \\(g(f(5)) = g(11)\\). This suggests a misunderstanding in applying the function composition rule.\n\n**Error:** 1', '**Reasoning:** The answer provided includes the correct calculations for finding \\( g \\circ f \\) using the definitions of functions \\( f \\) and \\( g \\). However, the notation used for the composition of functions seems incorrect. The standard notation for function composition is \\( (g \\circ f)(x) = g(f(x)) \\). In this case, the calculations appear to be correct but the notation should be corrected to match the standard.\n\n**Error:** 0', '**Reasoning:** The answer provided does not contain errors. It correctly computes \\( g \\circ f \\) for each element in the domain of \\( f \\), confirming the definition of function composition. \n\n**Error:** 0', '**Reasoning:** The answer provided seems to be correct. For each value f(x) assigned to x, g(x) is correctly determined according to the function definitions given in the question. The answer sequence matches the expected outputs derived from the functions f and g.\n\n**Error:** 0', '**Reasoning:** The Answer does not correctly apply the function composition \\( g \\circ f \\) to the elements of the set. According to the definition of function composition, \\( g \\circ f(x) = g(f(x)) \\). The answer incorrectly calculates the individual values instead of applying \\( g \\) to each result of \\( f(x) \\). For example, for \\( x = 2 \\), the correct calculation should be \\( g(f(2)) = g(3) = 7 \\), but the answer mistakenly writes \\( g(f(2)) = g(9) = 11 \\). This error applies similarly to the other elements of the set as well.\n\n**Error:** 1', '**Reasoning:** The answer provided does not correctly apply the function composition g o f. In the question, we need to find g o f which means applying function g after function f. However, in the given answer, it seems like a misunderstanding because it appears to be calculating something else (possibly f o g). This misinterpretation leads to incorrect results in the calculations shown. For instance, when evaluating g o f(2), it should calculate as g(f(2)) instead of the given steps. Similarly, some evaluations seem off by not following the correct sequence required for function composition.\n\n**Error:** 1', '**Reasoning:** The answer provided does not correctly apply the function composition \\( g \\circ f \\). According to the definition of composition, \\( g \\circ f \\) should take an input from the domain of \\( f \\), apply \\( f \\) to it, and then apply \\( g \\) to the result. However, the provided solution seems to incorrectly identify each element as a separate operation rather than applying \\( f \\) first and then \\( g \\) afterward. Specifically, the notation \\( g(f(2)) \\) should be written as \\( g(f(2)) = g(3) = 7 \\), not \\( g(3) = 7 \\).\n\n**Error:** 0', '**Reasoning:** The answer provided correctly computes \\( g \\circ f \\) for each element in the domain of \\( f \\). It applies the function \\( g \\) to the images of each element under \\( f \\). Since the mapping from \\( f \\) to \\( g \\circ f \\) is done correctly according to the definitions given (i.e., \\( f(2) = 3 \\), \\( f(3) = 4 \\), \\( f(4) = 5 \\), and \\( f(5) = 5 \\)), all elements have their corresponding values computed as shown. Therefore, the answer is correct.\n\n**Error:** 0', '**Reasoning:** The answer provided is correct except for a minor typographical error in the notation. Specifically, in the first line ""g@f(2)"" should be written as ""g(f(2))"". In the same way, subsequent lines ""g@f(3)"", ""g@f(4)"" and ""g@f(s)"" should be ""g(f(3))"", ""g(f(4))"" and ""g(f(s))"" respectively. This correction would make the answer entirely correct because it adheres to standard function composition notation.\n\n**Error:** 0', '**Reasoning:** The answer incorrectly writes the result as \\( g(f(2)) = 7 \\) instead of \\( g(3) = 7 \\). In the function definition, it states \\( f(2) = 3 \\), so applying \\( g \\) should give \\( g(3) \\), not \\( g(7) \\).\n\n**Error:** 1', '**Reasoning:** The Answer does not correctly compute the composition of the functions \\( g \\circ f \\). According to the definition of function composition, if \\( f: A \\to B \\) and \\( g: B \\to C \\), then \\( (g \\circ f)(x) = g(f(x)) \\). However, the Answer incorrectly applies \\( g \\) directly to each element in the domain of \\( f \\) rather than computing \\( f(x) \\) first. This leads to incorrect results for \\( g(f(2)) \\), \\( g(f(3)) \\), \\( g(f(4)) \\), and \\( g(f(5)) \\), as they all result in 7 instead of the correct values from the set \\( \\{7, 11, 15\\} \\).\n\n**Error:** 1', '**Reasoning:** The answer provided correctly computes the composition \\(g \\circ f\\) for each element in the domain of \\(f\\). However, the notation in the answer is incorrect. Specifically, instead of using parentheses correctly around \\(g(f(x))\\) as \\(g(f(x))\\) should be interpreted as applying function \\(f\\) first and then applying function \\(g\\), the provided answer incorrectly uses \\(g(f(2)) = g(3)\\) and so on. This change in parentheses usage does not affect the mathematical computation but changes how the functions are applied, making it an error in the interpretation of the problem statement.\n\n**Error:** 1']",5,15,Qwen/Qwen2.5-VL-3B-Instruct,100,0.9495936677167384
"The price of 10 chairs is equal to that of 4 tables. The price of 15 chairs and 2 tables together is Rs. 4000. The total price of 12 chairs and 3 tables is:

\begin{enumerate}
    \item Rs. 3500
    \item Rs. 3750
    \item Rs. 3840
    \item Rs. 3900
\end{enumerate}

"," Option D

Let the cost of a chair and that of a table be Rs. \( x \) and Rs. \( y \) respectively.

Then, 
\[
10x = 4y \quad \text{or} \quad y = \frac{5}{2}x.
\]

Thus, 
\[
15x + 2y = 4000 
\]
implies 
\[
15x + 2 \times \frac{5}{2}x = 4000 
\]
which simplifies to 
\[
20x = 4000.
\]
Therefore, 
\[
x = 200.
\]

Now, substituting for \( y \):
\[
y = \frac{5}{2} \times 200 = 500.
\]

Hence, the cost of 12 chairs and 3 tables is:
\[
12x + 3y = 12 \times 200 + 3 \times \textcolor{red}{500} 
= 2400 + \textcolor{red}{1600} 
= \textcolor{red}{4000}.
\]

",True,True,False,0.6730116670092565,True,0,"['**Reasoning:** The answer provided does not correctly solve the system of equations derived from the problem statement. It starts with setting up the equations but incorrectly simplifies them. After finding \\( x = 200 \\) and substituting back, it calculates \\( y = 500 \\). However, when calculating the total cost for 12 chairs and 3 tables using the incorrect equation \\( 12x + 3y = 2400 + 1600 \\), it results in \\( 12 \\times 200 + 3 \\times 500 = 2400 + 1500 = 3900 \\), which is one of the options listed but not the correct calculation for step 4 as shown in the question. \n\n**Error:** 1', '**Reasoning:** The solution appears correct from the given steps. The algebraic manipulations and substitutions align with the problem setup and lead logically to the final answer. There are no signs of incorrect calculations or logical errors in the solution provided.\n\n**Error:** 0', '**Reasoning:** The solution process appears to be correct up until the substitution step. However, it seems that during the final calculation, the steps leading to the final cost of 12 chairs and 3 tables being Rs. 4000 are not clearly shown. The result of substituting \\(x = 200\\) and \\(y = 500\\) is calculated correctly, but the final summing of the costs is missing.\n\n**Error:** 0', '**Reasoning:** There is an arithmetic error in the calculation of the cost. The correct value for \\( x \\) should be determined as follows: \n1. From the equation \\( 15x + 2y = 4000 \\) and substituting \\( y = \\frac{5}{2}x \\), we get:\n   \\[\n   15x + 2\\left(\\frac{5}{2}x\\right) = 4000\n   \\]\n   Simplifying this gives:\n   \\[\n   15x + 5x = 4000 \\implies 20x = 4000 \\implies x = 200\n   \\]\n   This means \\( x = 200 \\) and \\( y = 500 \\). Substituting these values into the expression for the total cost of 12 chairs and 3 tables:\n   \\[\n   12x + 3y = 12(200) + 3(500) = 2400 + 1500 = 3900\n   \\]\n\n**Error:** 1', '**Reasoning:** The solution provided does not contain any fundamental errors in its mathematical steps. It correctly sets up the equations based on the problem statement and proceeds through substitution and simplification. Therefore, it adheres to standard algebraic procedures.\n\n**Error:** 0', '**Reasoning:** The answer contains an arithmetic error when calculating the total cost of 12 chairs and 3 tables. The step where it calculates \\( 3y \\) as \\( 3 \\times 500 = 1500 \\) is incorrect. Since \\( y = \\frac{5}{2}x \\) and \\( x = 200 \\), substituting \\( y \\) correctly should be \\( y = \\frac{5}{2} \\times 200 = 500 \\). Therefore, the correct calculation for the total cost should be \\( 12x + 3y = 12 \\times 200 + 3 \\times 500 = 2400 + 1500 = 3900 \\).\n\n**Error:** 1', '**Reasoning:** The answer shows a correct substitution into the equation but incorrectly concludes the final result as 2400 + 1600 = 4000, which is incorrect. The correct calculation should be 12x + 3y = 12*200 + 3*500 = 2400 + 1500 = 3900, not 4000.\n\n**Error:** 1', '**Reasoning:** The calculation in the answer seems to contain a small arithmetic mistake. The step where it simplifies to \\(20x = 4000\\) should be corrected to simplify correctly as follows:\n\\[ 15x + 2y = 4000 \\]\nSubstituting \\( y = \\frac{5}{2}x \\):\n\\[ 15x + 2\\left(\\frac{5}{2}x\\right) = 4000 \\]\n\\[ 15x + 5x = 4000 \\]\n\\[ 20x = 4000 \\]\nThis simplification is correct, so the arithmetic in this part does not contain an error.\n\nHowever, after substituting \\( y = \\frac{5}{2}x \\) correctly into the equation \\( 12x + 3y \\):\n\\[ 12x + 3\\left(\\frac{5}{2}x\\right) \\]\n\\[ 12x + \\frac{15}{2}x \\]\n\\[ 12x + 7.5x = 19.5x \\]\nThen calculating:\n\\[ 19.5x = 19.5 \\times 200 = 3900 \\]\n\nSo, the total cost should be \\( 3900 \\) rupees, not \\( 4000 \\) as stated in the answer.\n\n**Error:** 1', '**Reasoning:** The process of solving the equation \\(15x + 2y = 4000\\) first simplifies correctly to \\(20x = 4000\\), yielding \\(x = 200\\). However, when substituting \\(x = 200\\) into the derived formula for \\(y\\), there seems to be a discrepancy. The formula given for \\(y\\) is \\(y = \\frac{5}{2} \\times 200 = 500\\). While this calculation appears correct, it should have been adjusted according to the equation \\(10x = 4y\\), which would give \\(y = \\frac{10x}{4} = 2.5x\\). Therefore, substituting \\(x = 200\\) into this formula gives \\(y = 2.5 \\times 200 = 500\\), which is consistent with the given answer but should have been \\(y = \\frac{10 \\times 200}{4} = 500\\).\n\n**Error:** 0', '**Reasoning:** The solution does not show a mistake in the algebraic manipulation. The steps from substituting \\( y = \\frac{5}{2}x \\) into the equation \\( 15x + 2y = 4000 \\) and simplifying correctly to得到 \\( 20x = 4000 \\) leading to \\( x = 200 \\) is correct. The subsequent substitution of \\( y \\) with \\( \\frac{5}{2}x \\) also results in a valid solution. There is no indication of any algebraic or arithmetic mistakes.\n\n**Error:** 0', '**Reasoning:** The solution does not show any clear calculation steps and appears to skip intermediate steps while solving the system of equations. The substitution method seems to be applied correctly but the intermediate steps required for the solution are missing. For example, the solution should first calculate the value of \\(x\\) by substituting \\(y = \\frac{5}{2}x\\) into one of the equations after isolating \\(y\\). However, this step is not shown, leading to potential misunderstanding or possible mistakes in subsequent calculations.\n\n**Error:** 1', '**Reasoning:** The solution has two fundamental mistakes. First, when solving for \\(y\\), it should be calculated as \\(\\frac{5}{2}x\\) from the relationship derived earlier, not \\(15x + 2y = 4000\\). Second, substituting back into \\(12x + 3y = 4000\\) using the incorrect value of \\(y = \\frac{5}{2}x\\) leads to the wrong result. Instead, substituting \\(x = 200\\) and \\(y = 500\\) correctly gives \\(12x + 3y = 12(200) + 3(500) = 2400 + 1500 = 3900\\), but the question asks for the total price of 12 chairs and 3 tables, not just the individual costs.\n\n**Error:** 1', ""**Reasoning:** The solution process is written correctly and logically, but a small arithmetic mistake is present in the final calculation. Specifically, after calculating \\(20x = 4000\\), the next step should be solving for \\(x\\) and then substituting back to find \\(y\\). However, it seems like there's a misunderstanding in the subsequent steps as the final equation \\(12x + 3y\\) is not properly simplified from the intermediate steps. Therefore, the final calculation results are incorrect due to this oversight.\n\n**Error:** 1"", '**Reasoning:** There is a logical error in the solution. The substitution step is incorrect because it does not account for the correct equation derived from the problem statement. The correct approach should be:\n\\[ 15x + 2y = 4000 \\]\nSubstituting \\( y = \\frac{5}{2}x \\) into this equation results in:\n\\[ 15x + 2\\left(\\frac{5}{2}x\\right) = 4000 \\]\n\\[ 15x + 5x = 4000 \\]\n\\[ 20x = 4000 \\]\n\\[ x = 200 \\]\nThen substituting \\( x = 200 \\) back into \\( y = \\frac{5}{2}x \\):\n\\[ y = \\frac{5}{2} \\times 200 \\]\n\\[ y = 500 \\]\nTherefore, the total cost of 12 chairs and 3 tables is:\n\\[ 12x + 3y = 12 \\times 200 + 3 \\times 500 = 2400 + 1500 = 3900 \\]\n\n**Error:** 1', '**Reasoning:**\nThe solution involves solving a system of equations derived from the problem statement. The steps taken by the student to solve the equations correctly are as follows:\n1. Correctly identifying the equations from the problem.\n2. Solving one equation for one variable in terms of the other.\n3. Substituting this expression into the other equation.\n4. Solving for one variable.\n5. Substituting back to find the value of the other variable.\n6. Verifying the values by substituting them into the original equations.\n\nAll these steps are done accurately, leading to the correct solutions for \\(x\\) and \\(y\\).\n\n**Error:** 0']",5,15,Qwen/Qwen2.5-VL-3B-Instruct,100,0.24493002679463532
"Evaluate \( 105 \times 106 \) without multiplying directly. \\

"," 
\[
105 \times 106 = (100 + 5) \times (100 + 6) 
\]
\[
= (100)^2 + (5 + 6)(100) + (5 \times 6) 
\]
\[
= 10000 + 1100 + 30 
\]
\[
= \textcolor{red}{11310} 
\]

",True,False,False,0.0,True,0,"['**Reasoning:** The answer provided shows an incorrect expansion of the binomial product \\((100+5)(100+6)\\). According to the binomial theorem, we should expand it as follows:\n\\[\n(100+5)(100+6) = 100^2 + 100 \\cdot 6 + 5 \\cdot 100 + 5 \\cdot 6\n\\]\nHowever, the student incorrectly expanded it as \\((100)^2 + (5+6)(100) + 5 \\times 6\\), which is not correct. Therefore, there is an error in the expansion process.\n\n**Error:** 1', '**Reasoning:** The given answer uses a method to solve multiplication that is incorrect for evaluating $105 \\times 106$ without directly multiplying. The expression $(100 + 5) \\times (100 + 6)$ expands to $100^2 + 5 \\times 6 + 100 \\times 6$, which simplifies to $10000 + 30 + 600 = 10630$. Thus, the final result is $10630$, not $11310$ as given.\n\n**Error:** 1', '**Reasoning:** The answer does not correctly apply the distributive property when expanding the product \\((100+5) \\times (100+6)\\). Instead of distributing \\(100\\) over both \\(100+6\\) and \\(5\\), it incorrectly adds \\(5 \\times 6\\) separately. Additionally, the final answer should be simplified to match the correct mathematical result.\n\n**Error:** 1', '**Reasoning:** The answer incorrectly expands \\((100 + 5) \\times (100 + 6)\\) as \\((100)^2 + (5+6)(100) + 5 \\times 6\\). The correct expansion should be \\((100)^2 + 2 \\times 100 \\times 6 + (5 \\times 6)\\).\n\n**Error:** 1', '**Reasoning:** The answer provided is incorrect because it does not correctly apply the distributive property of multiplication. The correct approach should use the fact that \\(105 \\times 106 = (100+5) \\times (100+6)\\) and expand it as follows:\n\\[\n(100+5)(100+6) = 100^2 + 5 \\cdot 100 + 6 \\cdot 100 + 5 \\cdot 6\n\\]\nThis simplifies to:\n\\[\n10000 + 500 + 600 + 30 = 11130\n\\]\nHowever, the answer provided does not match this calculation correctly.\n\n**Error:** 1', '**Reasoning:** The answer provided does not correctly apply the distributive property to break down the multiplication. Specifically, it should be ((100)² + (5×100) + (6×100) + (5×6)), but instead, it incorrectly decomposes it as (100 + 5)(100 + 6), which does not lead to the correct result of 11310.\n\n**Error:** 1', '**Reasoning:** The answer does not correctly apply the distributive property to simplify the multiplication. Instead of directly multiplying \\(105 \\times 106\\), the student incorrectly expanded it into \\((100 + 5) \\times (100 + 6)\\) and then attempted to calculate the result using binomial expansion, which is incorrect because it fails to account for the correct distribution of terms.\n\n**Error:** 1', '**Reasoning:** The answer incorrectly expands the expression \\((100 + 5) \\times (100 + 6)\\) into \\((100)^2 + (5+6)(100) + 5 \\times 6\\). The correct expansion should be \\((100)^2 + 2(100)(5+6) + (5+6)^2\\), which simplifies to \\(10000 + 2(100)(11) + 121\\). The given answer does not match this expansion.\n\n**Error:** 1', ""**Reasoning:** The student's approach to solving \\(105 \\times 106\\) by splitting it into \\((100 + 5) \\times (100 + 6)\\) and then adding \\((5 \\times 6)\\) to \\((100)^2\\) is incorrect. This method does not correctly apply the distributive property and will result in an incorrect answer. For example, using the distributive property correctly would involve \\((100 \\times 100) + (100 \\times 6) + (5 \\times 100) + (5 \\times 6)\\), which equals \\(10306\\), not \\(11310\\). The student's method fails to account for the intermediate terms correctly when expanding the expression.\n\n**Error:** 1"", '**Reasoning:** The solution does not correctly apply the distributive property to expand the expression \\((100+5) \\times (100+6)\\). Instead of distributing \\(100\\) and \\(6\\) across \\(5\\), it incorrectly adds \\(100 + 6\\) instead of multiplying \\(5 \\times 6\\).\n\n**Error:** 1', '**Reasoning:** The answer incorrectly expands the multiplication as \\((100)^2 + (5+6)(100) + 5 \\times 6\\) instead of expanding it correctly using the distributive property: \\(105 \\times 106 = (100+5) \\times (100+6) = 100^2 + 100(5+6) + 5 \\times 6\\). The step \\((100)^2 + (5+6)(100) + 5 \\times 6\\) does not represent the correct expansion of \\(105 \\times 106\\). Therefore, there is an error in the distribution of the terms.\n\n**Error:** 1', '**Reasoning:** The answer uses the distributive property incorrectly. Instead of expanding \\((100 + 5) \\times (100 + 6)\\) correctly, it adds terms that do not follow the proper steps of polynomial multiplication. Specifically, it should be \\((100)^2 + (5 \\times 6 + 100 \\times 6)\\), but instead, it incorrectly expands \\(100^2\\), which does not reflect the actual calculation for \\(105 \\times 106\\).\n\n**Error:** 1', '**Reasoning:** The solution does not correctly apply the distributive property for this expression. When expanding \\((100+5)(100+6)\\), it should be expanded as follows:\n\\[\n(100+5)(100+6) = 100^2 + 6 \\cdot 100 + 5 \\cdot 100 + 5 \\cdot 6 = 10000 + 600 + 500 + 30 = 11330\n\\]\nHowever, the solution incorrectly places the term \\(5 \\times 6\\) outside the parentheses, resulting in an incorrect final sum.\n\n**Error:** 1', '**Reasoning:** The student incorrectly used the formula \\((a+b)^2 = a^2 + 2ab + b^2\\) instead of \\((a+b)(a+b) = a^2 + ab + ab + b^2 = a^2 + 2ab + b^2\\). The correct expansion should be \\( (100 + 5)(100 + 6) = 100^2 + 5\\cdot100 + 5\\cdot6 + 100\\cdot6 \\).\n\n**Error:** 1', '**Reasoning:** The solution provided is incorrect because it does not correctly apply the distributive property when expanding the expression. Instead of directly multiplying \\(105 \\times 106\\), the student incorrectly expanded it as \\((100+5) \\times (100+6)\\). This expansion results in a different expression than the original one, specifically: \\(100^2 + 500 + 600 + 30 = 10000 + 1100 + 30 = 11130\\), which is not equal to \\(105 \\times 106\\). \n\n**Error:** 1']",5,15,Qwen/Qwen2.5-VL-3B-Instruct,100,0.24493002679463532
"Find a vector in the direction of vector \( \vec{a} = \hat{i} - 2\hat{j} \) that has magnitude 7 units.

"," The unit vector in the direction of the given vector \( \vec{a} \) is 
\[
\hat{a} = \frac{1}{|\vec{a}|} \vec{a} = \frac{1}{\sqrt{5}} (\hat{i} - 2\hat{j}) = \frac{1}{\sqrt{5}} \hat{i} - \frac{2}{\sqrt{5}} \hat{j}.
\]
Therefore, the vector having magnitude equal to 7 and in the direction of \( \vec{a} \) is 
\[
7\hat{a} = 7 \left( \frac{1}{\sqrt{5}} \hat{i} - \frac{2}{\sqrt{5}} \hat{j} \right) = \frac{7}{\sqrt{5}} \hat{i} - \frac{14}{\sqrt{5}} \hat{j} \textcolor{red}{\text{ cm}}.
\]

",True,True,True,0.3926744672275521,True,0,"['**Reasoning:** The answer incorrectly calculates the unit vector \\(\\hat{a}\\). The correct unit vector should be \\(\\frac{\\hat{i} - 2\\hat{j}}{\\sqrt{5}}\\), but the answer provides \\(\\frac{\\hat{i} - 2\\hat{j}}{\\sqrt{5}}\\), which is incorrect because the magnitude of this vector is 2, not 7. Therefore, the answer does not correctly represent the unit vector with a magnitude of 7 units.\n\n**Error:** 1', '**Reasoning:** The answer incorrectly calculates the unit vector within the direction of \\(\\overrightarrow{a}\\). The given unit vector should be \\(\\frac{\\overrightarrow{a}}{|\\overrightarrow{a}|}\\), which simplifies to \\(\\frac{1}{\\sqrt{5}}(2\\hat{i} - \\hat{j})\\). However, the answer mistakenly multiplies this unit vector by 7 instead of dividing by its magnitude. The correct form would be \\(7 \\times \\frac{1}{\\sqrt{5}}(2\\hat{i} - \\hat{j})\\) rather than \\(7 \\times (2\\hat{i} - \\hat{j})\\).\n\n**Error:** 1', '**Reasoning:** The solution provided does not seem to be correct. The expression \\(7\\hat{a} = \\frac{7}{\\sqrt{5}}\\hat{i} - \\frac{14}{\\sqrt{5}}\\hat{j}\\) should simplify further. The term \\(\\frac{14}{\\sqrt{5}}\\hat{j}\\) can be rewritten as \\(\\frac{14}{\\sqrt{5}}\\cdot\\frac{\\sqrt{5}}{\\sqrt{5}}\\hat{j} = \\frac{14\\sqrt{5}}{5}\\hat{j}\\). However, this indicates an incorrect simplification. Instead, it should result in \\(\\frac{7\\sqrt{5}}{5}\\hat{i} + \\frac{7\\sqrt{5}}{5}\\hat{j}\\).\n\n**Error:** 0', '**Reasoning:** The Answer incorrectly simplifies the vector magnitude calculation. The correct approach should involve dividing each component of \\(\\vec{a}\\) by its magnitude \\(|\\vec{a}|\\) instead of multiplying the entire vector by the scalar 7. Additionally, the components of \\(\\vec{a}\\) need to be divided by the square root of the sum of their squares, not the individual squared terms.\n\n**Error:** 1', '**Reasoning:** The solution is incorrect because it incorrectly simplifies the vector division. In the given vector \\(\\overrightarrow{a} = \\hat{i} - 2\\hat{j}\\), the unit vector direction should be calculated as \\(\\frac{\\hat{i} - 2\\hat{j}}{\\sqrt{5}}\\) instead of \\(\\frac{\\hat{i}}{\\sqrt{5}} - \\frac{2\\hat{j}}{\\sqrt{5}}\\). The magnitude calculation is correct but the direction calculation is flawed.\n\n**Error:** 1', '**Reasoning:** The answer contains an incorrect simplification of the vector components. Specifically, it incorrectly simplifies the expression \\(\\overrightarrow{a}\\) to \\(\\frac{1}{\\sqrt{5}}\\hat{i} - \\frac{2}{\\sqrt{5}}\\hat{j}\\), when the correct simplification should be \\(\\left( \\frac{1}{\\sqrt{5}}\\hat{i} - \\frac{2}{\\sqrt{5}}\\hat{j} \\right)\\). The next step involves multiplying this unit vector by 7, but the simplification is incorrect.\n\n**Error:** 1', '**Reasoning:** The answer incorrectly simplifies the vector to \\(\\hat{i} - \\frac{2}{\\sqrt{5}}\\hat{j}\\) instead of correctly scaling the original direction vector \\(\\overrightarrow{a} = \\hat{i} - 2\\hat{j}\\) to have a magnitude of 7 units. The correct approach should involve finding the unit vector of \\(\\overrightarrow{a}\\) first and then scaling it by the factor needed to attain the magnitude of 7.\n\n**Error:** 1', '**Reasoning:** The answer incorrectly simplifies the vector \\( \\hat{a} \\) before scaling it by 7. Instead of directly multiplying each component by 7 and then finding the unit vector, the answer first correctly computes the magnitude of the given vector \\( \\hat{a} \\) as \\( \\frac{1}{\\sqrt{5}} \\). However, when scaling by 7, the correct approach should be to multiply each component by 7 and then find the unit vector of the resulting vector. The answer does not follow this correct sequence.\n\n**Error:** 1', '**Reasoning:** The answer incorrectly calculates the unit vector of \\(\\overrightarrow{a} = \\hat{i} - 2\\hat{j}\\). The correct unit vector is found by dividing \\(\\overrightarrow{a}\\) by its magnitude, but the solution mistakenly divides \\(\\overrightarrow{a}\\) by \\(|\\overrightarrow{a}|\\) instead of the magnitude of \\(\\overrightarrow{a}\\). The magnitude of \\(\\overrightarrow{a}\\) should be calculated as \\(\\sqrt{1^2 + (-2)^2} = \\sqrt{5}\\), not 1.\n\n**Error:** 1', '**Reasoning:** The Answer incorrectly calculates the unit vector. The unit vector \\(\\vec{a}^{\\prime}\\) should be determined by dividing each component of \\(\\vec{a}\\) by its magnitude, which is \\(\\sqrt{1^2 + (-2)^2} = \\sqrt{5}\\). However, the denominator in the Answer is the magnitude of \\(\\vec{a}\\), which is incorrect. The correct unit vector should be \\(\\frac{\\hat{i}}{\\sqrt{5}} - \\frac{2\\hat{j}}{\\sqrt{5}}\\).\n\n**Error:** 1', ""**Reasoning:** The Answer incorrectly calculates the unit vector direction by dividing \\(\\widehat{a^{'}}\\) by its magnitude, but it should be divided by the magnitude of the original vector \\(\\overrightarrow{a}\\). Additionally, the calculation of \\(\\widehat{a^{'}}\\) itself was incorrect as it should have been \\(\\widehat{a} = \\frac{\\widehat{i}-2\\widehat{j}}{\\sqrt{5}}\\).\n\n**Error:** 1"", '**Reasoning:** The calculation in the answer seems to be correct but there is an inconsistency in the notation used. In the final step, it appears that the vector should be expressed as a sum of two vectors: \\(\\overrightarrow{a}\\) and a unit vector in the direction of \\(\\overrightarrow{a} + 7\\hat{a}\\). However, the expression for the unit vector seems to have an incorrect sign. It should be \\(\\frac{\\hat{i} - 2\\hat{j}}{\\sqrt{5}}\\) rather than \\(\\frac{\\hat{i} - 2\\hat{j}}{\\sqrt{5}}\\).\n\n**Error:** 1', '**Question:** Find the vector in the direction of vector \\(\\overrightarrow{a} = \\hat{i} - 2\\hat{j}\\) that has magnitude 7 units.\n\n**Answer:** The unit vector in the direction of the given vector \\(\\overrightarrow{a}\\) is \\(\\dfrac{\\hat{i} - 2\\hat{j}}{| \\hat{i} - 2\\hat{j} |} = \\dfrac{1}{\\sqrt{5}}\\hat{i} - \\dfrac{2}{\\sqrt{5}}\\hat{j}\\). Therefore, the vector having magnitude equal to 7 and in the direction of \\(\\overrightarrow{a}\\) is \\(7(\\dfrac{1}{\\sqrt{5}}\\hat{i} - \\dfrac{2}{\\sqrt{5}}\\hat{j}) = \\dfrac{7}{\\sqrt{5}}\\hat{i} - \\dfrac{14}{\\sqrt{5}}\\hat{j}\\).\n\n**Reasoning:** \nThere is an error in the answer provided. In the Answer section, it states that the unit vector in the direction of \\(\\overrightarrow{a}\\) is \\(\\dfrac{\\hat{i} - 2\\hat{j}}{| \\hat{i} - 2\\hat{j} |}\\), but this is not accurate. The correct unit vector should be normalized, meaning we must divide the vector itself by its magnitude, not use the magnitude and normalize within the unit vector.\n\n**Error:** 1', '**Question:** Find the vector in the direction of vector \\(\\vec{a}\\) = \\(\\hat{i}\\) - 2\\(\\hat{j}\\) that has magnitude 7 units.\n\n**Answer:** The unit vector in the direction of the given vector \\(\\vec{a}\\) is:\n\\[\n\\vec{a} = \\frac{1}{\\sqrt{5}} (\\hat{i} - 2\\hat{j}) = \\frac{1}{\\sqrt{5}} \\hat{i} - \\frac{2}{\\sqrt{5}} \\hat{j}\n\\]\nTherefore, the vector having magnitude equal to 7 and in the direction of \\(\\vec{a}\\) is:\n\\[\n7\\vec{a} = 7 \\left( \\frac{1}{\\sqrt{5}} \\hat{i} - \\frac{2}{\\sqrt{5}} \\hat{j} \\right) = \\frac{7}{\\sqrt{5}} \\hat{i} - \\frac{14}{\\sqrt{5}} \\hat{j}\n\\]\n\n**Reasoning:** The answer correctly computes the unit vector in the direction of \\(\\vec{a}\\). However, the final step to find the vector with magnitude 7 in the same direction involves multiplying the unit vector by 7, which is correct. However, the calculation should be:\n\\[7\\vec{a} = 7 \\left( \\frac{1}{\\sqrt{5}} \\hat{i} - \\frac{2}{\\sqrt{5}} \\hat{j} \\right) = \\frac{7}{\\sqrt{5}} \\hat{i} - \\frac{14}{\\sqrt{5}} \\hat{j}\\]\nBut the answer given is $\\frac{7}{\\sqrt{5}} \\hat{i} - \\frac{14}{\\sqrt{5}} \\hat{j}$, which simplifies to $\\frac{7}{\\sqrt{5}} \\hat{i} - \\frac{14}{\\sqrt{5}} \\hat{j}$, so it is correct.\n\n**Error:** 0', '**Reasoning:** The Answer incorrectly applies the unit vector calculation. It starts with \\(\\vec{a} = \\hat{i} - 2\\hat{j}\\) but then incorrectly calculates the magnitude as \\(|\\vec{a}| = \\frac{1}{\\sqrt{5}}\\) instead of using the correct formula \\(\\sqrt{(\\infty)^2 + (-2)^2} = \\sqrt{5}\\). This results in the unit vector being incorrect.\n\n**Error:** 1']",5,15,Qwen/Qwen2.5-VL-3B-Instruct,100,0.48509409130221154
"The total cost \( C(x) \) in Rupees, associated with the production of \( x \) units of an item is given by

\[
C(x) = 0.005 x^3 - 0.02 x^2 + 30x + 5000
\]

Find the marginal cost when 3 units are produced, where by marginal cost we mean the instantaneous rate of change of total cost at any level of output.

"," Since marginal cost is the rate of change of total cost with respect to the output, we have

\[
\text{Marginal cost (MC)} = \frac{dC}{dx} = 0.005(3x^2) - 0.02(2x) + 30
\]

When \( x = 3 \),

\[
MC = 0.005(3^2) - \textcolor{red}{0.02(3 \cdot 3)} + 30 = 0.135 - \textcolor{red}{0.18} + 30 = 0.135 - 0.12 + 30 = 30.015
\]

Hence, the required marginal cost is ₹30.02 (nearly).

",True,True,True,0.0,True,0,"['**Reasoning:** The answer provided contains an arithmetic error in calculating the marginal cost when x = 3. Specifically, it states that MC = 0.005(3^2) - 0.02(3+1) + 30, but this simplification is incorrect. The correct simplification should be 0.005(9) - 0.02(4) + 30, which equals 0.045 - 0.08 + 30 = 30.065. The answer then incorrectly rounds it to 30.02, which is not accurate according to the calculation.\n\n**Error:** 1', ""**Reasoning:** The student's answer has a logical error in calculating the marginal cost. The correct marginal cost function should be taken as the derivative of the total cost function \\(C(x)\\) with respect to \\(x\\). However, in the student's calculation, they incorrectly substitute \\(x = 3\\) into the marginal cost function instead of taking the derivative and then evaluating it at \\(x = 3\\). This results in an incorrect value for the marginal cost.\n\n**Error:** 1"", '**Reasoning:** The marginal cost is calculated correctly as the derivative of the total cost function C(x). However, when substituting x = 3 into the marginal cost formula, the calculation seems incorrect. The derivative of \\( C(x) \\) should be evaluated first before substitution. The correct approach would be to differentiate \\( C(x) \\) with respect to x, then evaluate it at x = 3. Since the differentiation step was done incorrectly, this results in an error in the final calculation.\n\n**Error:** 1', '**Reasoning:** In the answer, there is an arithmetic mistake when calculating the marginal cost at x = 3. The result should be 50.075, not 30.015. \n\n**Error:** 1', '**Reasoning:** The Answer contains a logical error in the calculation of the marginal cost when \\( x = 3 \\). Specifically, the expression \\( 0.005(3^2) - 0.02(3^2) + 30 \\) should be evaluated correctly as follows:\n- First term: \\( 0.005(9) = 0.045 \\)\n- Second term: \\( 0.02(9) = 0.18 \\)\nThus, the expression simplifies to \\( 0.045 - 0.18 + 30 \\), which results in a negative value (-0.135) due to incorrect prioritization of terms. This suggests a procedural mistake in the calculation method.\n\n**Error:** 1', '**Reasoning:**\nThe answer provided contains a mistake in the calculation of the marginal cost.\n\nThe marginal cost \\( MC \\) should be calculated as the derivative of the total cost function \\( C(x) \\), which is given by:\n\\[ C(x) = 0.005x^3 - 0.02x^2 + 30x + 5000 \\]\n\nTo find the marginal cost, we need to take the derivative of \\( C(x) \\) with respect to \\( x \\):\n\\[ MC = \\frac{dC}{dx} = \\frac{d}{dx}(0.005x^3 - 0.02x^2 + 30x + 5000) \\]\n\nPerforming the differentiation:\n\\[ MC = (0.005 \\cdot 3x^2) - (0.02 \\cdot 2x) + 30 \\]\n\\[ MC = 0.015x^2 - 0.04x + 30 \\]\n\nWhen \\( x = 3 \\):\n\\[ MC = 0.015(3)^2 - 0.04(3) + 30 \\]\n\\[ MC = 0.015 \\cdot 9 - 0.04 \\cdot 3 + 30 \\]\n\\[ MC = 0.135 - 0.12 + 30 \\]\n\\[ MC = 0.015 + 30 \\]\n\\[ MC = 30.015 \\]\n\nThe correct value for the marginal cost when \\( x = 3 \\) is 30.015, not 30.015.\n\n**Error:** 1', '**Reasoning:** The answer provided contains an error in the calculation of the marginal cost when \\( x = 3 \\). According to the marginal cost formula:\n\\[ MC = \\frac{dC}{dx} = 0.005(3x^2) - 0.02(3x) + 30 \\]\nWhen substituting \\( x = 3 \\):\n\\[ MC = 0.005(3^2) - 0.02(3 \\cdot 3) + 30 \\]\n\\[ MC = 0.005(9) - 0.02(9) + 30 \\]\n\\[ MC = 0.045 - 0.18 + 30 \\]\n\\[ MC = 0.045 - 0.18 = -0.135 \\]\nThen, adding 30:\n\\[ MC = -0.135 + 30 = 29.865 \\]\nThus, the correct marginal cost when \\( x = 3 \\) is approximately 29.87.\n\n**Error:** 1', '**Reasoning:** The answer contains a calculation error. When differentiating the cost function \\( C(x) = 0.005x^3 - 0.02x^2 + 30x + 5000 \\) with respect to \\( x \\), it should be:\n\\[ MC = \\frac{dC}{dx} = 0.005 \\cdot 3x^2 - 0.02 \\cdot 2x + 30 = 0.015x^2 - 0.04x + 30 \\]\nWhen \\( x = 3 \\),\n\\[ MC = 0.015(3^2) - 0.04(3) + 30 = 0.135 - 0.12 + 30 = 30.015 \\]\nTherefore, the correctly calculated marginal cost when \\( x = 3 \\) is 30.015, not 30.02 as stated in the answer.\n\n**Error:** 1', '**Reasoning:** \nThe answer has two mistakes:\n1. In the calculation of MC when x = 3, it is incorrect to square x directly. The correct equation should be \\( \\frac{dC}{dx} = 0.005(3x^2) - 0.02(3x) + 30 \\). By squaring x instead of substituting x = 3 into the derivative, an incorrect value is obtained.\n2. In the final step, the result of the calculation is incorrect. The correct value should be \\( 0.135 - 0.12 + 30 = 30.015 \\), which rounds to 30.02 as stated but with proper rounding and accuracy.\n\n**Error:** 1', ""**Reasoning:** \nThe answer has a few errors. First, the derivative of \\( C(x) = 0.005x^3 - 0.02x^2 + 30x + 5000 \\) should be found first before calculating the marginal cost. The correct derivative is \\( M(x) = C'(x) = 0.015x^2 - 0.04x + 30 \\). The next step is to evaluate this derivative at \\( x = 3 \\): \n\\[ M(3) = 0.015(3)^2 - 0.04(3) + 30 = 0.135 - 0.12 + 30 = 30.015 \\]\nThe answer should have used the correct derivative to calculate the marginal cost correctly.\n\n**Error:** 1"", ""**Reasoning:** The marginal cost calculation is correct as it follows the standard steps for finding the derivative of the total cost function \\( C(x) \\). However, the answer provided does not correctly calculate the marginal cost at \\( x = 3 \\). The derivative of \\( C(x) \\) is calculated correctly, but when substituting \\( x = 3 \\) into \\( MC = C'(x) \\), the calculation should be \\( MC = 0.135 - 0.12 + 30 \\), which simplifies to \\( MC = 30.015 \\). However, the answer given \\( MC = 30.02 \\) seems to be an incorrect rounding or miscalculation, leading to an error.\n\n**Error:** 1"", '**Reasoning:** The answer has a logical error in calculating the marginal cost when \\( x = 3 \\). The correct step should involve substituting \\( x = 3 \\) into the derivative of the cost function \\( C(x) \\) and then computing the value. However, the answer mistakenly uses the original function \\( C(x) \\) instead of differentiating it first. \n\n**Error:** 1', '**Reasoning:** \nThe error is present in the calculation of the marginal cost when \\( x = 3 \\). The correct expression for the marginal cost should be:\n\\[ MC = \\frac{dC}{dx} = 0.005(3x^2) - 0.02(3x) + 30 \\]\nEvaluating this at \\( x = 3 \\):\n\\[ MC = 0.005(3 \\cdot 3^2) - 0.02(3 \\cdot 3) + 30 \\]\n\\[ MC = 0.005 \\cdot 27 - 0.02 \\cdot 9 + 30 \\]\n\\[ MC = 0.135 - 0.18 + 30 \\]\n\\[ MC = 29.95 \\]\n\nThe calculated result of \\( 30.015 \\) is incorrect because it should be rounded to two decimal places as per standard rounding rules.\n\n**Error:** 1', ""**Reasoning:** The student's answer contains a few mistakes. First, the marginal cost equation should have been derived correctly from the total cost function \\(C(x)\\). The derivative of \\(C(x)\\) with respect to \\(x\\) should be taken instead of \\(\\frac{d}{dx}\\) as shown in the answer. Second, when calculating the marginal cost at \\(x = 3\\), the calculation of the derivative of \\(C(x)\\) at \\(x = 3\\) is incorrect because the correct expression for the derivative of \\(C(x)\\) is \\(0.005(3^2) - 0.02(3) + 30\\). This results in \\(0.45 - 0.06 + 30 = 30.39\\), not \\(0.135 - 0.18 + 30 = 30.15\\). Additionally, the marginally cost is calculated incorrectly; it should be the difference between the total cost at \\(x+1\\) and \\(x\\), not simply substituting \\(3\\) into the derivative.\n\nTherefore, the answer contains significant errors in both the derivation of the marginal cost equation and the calculation of the marginal cost at \\(x = 3\\).\n\n**Error:** 1"", '**Reasoning:** The calculation of the marginal cost is incorrect. The derivative of the total cost function \\( C(x) = 0.005x^3 - 0.02x^2 + 30x + 5000 \\) should be found first before substituting \\( x = 3 \\). The correct marginal cost function is \\( MC(x) = 0.015x^2 - 0.04x + 30 \\). Substituting \\( x = 3 \\) into this function gives \\( MC(3) = 0.015(3)^2 - 0.04(3) + 30 = 0.135 - 0.12 + 30 = 30.015 \\). The result should be rounded to 30.02, as specified in the problem statement.\n\n**Error:** 1']",5,15,Qwen/Qwen2.5-VL-3B-Instruct,100,0.24493002679463532
"Consider the numbers \( 4^n \), where \( n \) is a natural number. Check whether there is any value of \( n \) for which \( 4^n \) ends with the digit zero.

"," If the number \( 4^n \), for any \( n \), were to end with the digit zero, then it would be divisible by 5. That is, the prime factorisation of \( 4^n \) would contain the prime 5. This is not possible because \( 4^n = (2^2)^n = 2^{2n} \), so the only prime in the factorisation of \( 4^n \) is 2. So, the uniqueness of the Fundamental Theorem of Arithmetic guarantees that there are no other primes in the factorisation of \( 4^n \). Thus, there is no \textcolor{red}{integer} \( n \) for which \( 4^n \) ends with the digit zero.

",True,True,True,0.6730116670092565,False,0,"['**Reasoning:** The Answer correctly identifies that for \\(4^n\\) to end with the digit zero, it must be divisible by 5. Since the prime factorization of \\(4^n\\) would contain the prime 2 to the power of \\(n\\), it cannot include the prime 5. This is consistent with the Fundamental Theorem of Arithmetic, which states that every natural number greater than 1 can be expressed as a unique product of prime numbers. Therefore, there is no integer value of \\(n\\) for which \\(4^n\\) ends with the digit zero.\n\n**Error:** 0', ""**Reasoning:** The answer given discusses the divisibility rules for 4^n and concludes with the uniqueness of the prime factorization of 4^n. However, the conclusion about the uniqueness of the prime factors based on Fermat's Little Theorem is not directly addressed in the question. Therefore, the answer does not fully respond to the question posed, despite providing some relevant mathematical insight.\n\n**Error:** 0"", '**Reasoning:** \nThe answer does not contain any logical errors. The steps are clear and follow the fundamental theorem of arithmetic correctly. Each step is logically connected and adheres to mathematical principles.\n\n**Error:** 0', '**Reasoning:** The Answer contains a logical error. It states that the number \\(4^n\\) ends with the digit zero if and only if it is divisible by 5. However, this is incorrect because \\(4^n = (2^2)^n = 2^{2n}\\). Since the factorization of \\(4^n\\) is just \\(2^{2n}\\) and does not include the prime 5, it cannot be divisible by 5. Therefore, the statement that \\(4^n\\) ends with zero is false because it contradicts the fundamental theorem of arithmetic which guarantees that every integer has a unique prime factorization. \n\n**Error:** 1', '**Reasoning:** The Answer contains an incorrect statement. The answer claims that the prime factorization of \\(4^n\\) would contain the prime 5. However, since \\(4 = 2^2\\), it follows that \\(4^n = (2^2)^n = 2^{2n}\\). Therefore, the only prime factor in the factorization of \\(4^n\\) is 2. This is not consistent with the incorrect statement made in the Answer, leading to a potential error.\n\n**Error:** 1', '**Reasoning:** The Answer does not correctly address the question. It discusses divisibility by 5, but the question asks about the last digit. Divisibility by 5 would imply that 4^n is divisible by 5, which it cannot be because 4^n = 2^(2n) and 2 is not divisible by 5. However, the text states that the prime factorization of 4^n must contain the prime 5, which is incorrect because the prime factorization of 4^n is entirely composed of the prime number 2. Therefore, the conclusion about uniqueness of primes in the factorization is flawed and should be corrected to indicate that there are no other primes besides 2 in the factorization of 4^n.\n\n**Error:** 1', '**Reasoning:** The Answer does not contain any mathematical errors. The argument logically follows from the definitions of prime factorization and divisibility, with no contradictions or illogical steps presented.\n\n**Error:** 0', '**Reasoning:** The Answer incorrectly concludes that the prime factorization of \\(4^n\\) would contain the prime number 5. However, it states that the factorization must contain only two as \\(4^n = (2^2)^n = 2^{2n}\\). Therefore, the prime factorization should only include the prime number 2, not 5. This conclusion contradicts the given information about the prime factorization of \\(4^n\\).\n\n**Error:** 1', '**Reasoning:** The Answer correctly applies the concept of divisibility by 5 to determine if \\(4^n\\) can end with zero. For \\(4^n\\) to end with zero, it must be divisible by 10, which means it must be divisible by both 2 and 5. However, the prime factorization of \\(4^n = (2^2)^n = 2^{2n}\\) shows that the only prime factor is 2, not 5. This implies that \\(4^n\\) cannot be divisible by 5, and thus cannot end with zero. The conclusion that there is no integer \\(n\\) for which \\(4^n\\) ends with the digit zero is correct. There seems to be a mistake in the initial part of the Answer where it suggests that the prime factorization would contain the prime 5, which is incorrect.\n\n**Error:** 0', '**Reasoning:** The answer correctly explains that \\(4^n\\) cannot end with zero because if it did, then \\(4^n\\) would be divisible by 5. However, the answer incorrectly concludes that this is because the prime factorization of \\(4^n\\) would contain the prime 5, while it actually states that the prime factorization of \\(4^n = 2^{2n}\\) does not contain the prime 5. This misunderstanding leads to the incorrect conclusion that there is no other prime in the factorization of \\(4^n\\), which is not true.\n\n**Error:** 1', '**Reasoning:** The answer correctly explains that for \\(4^n\\) to end with the digit zero, it must be divisible by 5. However, the factorization of \\(4^n\\) as \\((2^2)^n = 2^{2n}\\) indicates that the only prime factor is 2, meaning \\(4^n\\) cannot be divisible by 5 and thus cannot end with the digit zero. The answer concludes that because no other primes can be factors of \\(4^n\\), there is no integer \\(n\\) for which \\(4^n\\) ends with the digit zero.\n\n**Error:** 0', '**Reasoning:** The Answer does not seem to contain any mathematical errors. It correctly explains the logic behind why \\(4^n\\) never ends with the digit zero for any natural number \\(n\\). The explanation follows a logical sequence of steps, starting from divisibility rules and concluding with the uniqueness of prime factors, all consistent with mathematical principles.\n\n**Error:** 0', '**Reasoning:** The answer should be evaluated based on the logic provided by the question. In the question, it is asked if there exists any value of n such that \\(4^n\\) ends with the digit zero. However, the answer implies that \\(4^n\\) can end with the digit zero for any natural number n, which contradicts the fundamental theorem that states the prime factorization of \\(4^n\\) consists solely of the prime \\(2\\), and thus cannot terminate in zero. This suggests that the answer might contain an error in its logical conclusion about the uniqueness of primes in the factorization of \\(4^n\\).\n\n**Error:** 0', '**Reasoning:** The Answer does not mention the number 4^n ends with digit zero. It only states that if the number 4^n ends with digit zero, it would be divisible by 5. This is incorrect because the prime factorization of 4^n would contain the prime 2, not 5. Since the prime factorization of 4^n = (2^2)^n = 2^(2n) only has the prime 2, the number 4^n will never end with the digit zero.\n\n**Error:** 1', '**Reasoning:** The Answer correctly identifies that \\(4^n\\) ends with the digit zero if and only if \\(n\\) is a natural number. It then proceeds correctly by stating that \\(4^n = (2^2)^n = 2^{2n}\\), which means \\(4^n\\) can be factored into \\(2^{2n}\\). Since \\(2\\) is the only prime factor, and it appears only once in the factorization of \\(4^n\\), it confirms that there is no other prime factor. Therefore, according to the Fundamental Theorem of Arithmetic, there cannot be another prime factor in \\(4^n\\). Thus, the statement that there is no integer \\(n\\) for which \\(4^n\\) ends with the digit zero is correct based on the Factorization Theorem alone. The reasoning aligns perfectly with the mathematical concept discussed.\n\n**Error:** 0']",5,15,Qwen/Qwen2.5-VL-3B-Instruct,100,0.48509409130221154
"\textbf{Example 8: Multiply}

\textbf{(i)} \quad \((x - 4)\) and \((2x + 3)\)

","
\[
\begin{align*}
(x - 4) \times (2x + 3) &= x \times (2x + 3) - 4 \times (2x + 3) \\
&= (x \times 2x) + (x \times 3) - (4 \times 2) - (4 \times 3) \\
&= 2x^2 + 3x - 8x - 12 \\
&= 2x^2 - 5x - 12 \quad \text{(Adding like terms)}
\end{align*}
\]

\textbf{(ii)} \quad \((x - y)\) and \((3x + 5y)\)

",True,True,False,0.3926744672275521,True,0,"['**Reasoning:**\n\nIn the given solution, there is a logical error in the second part of the problem. For the problem \\((x-y) \\times (3x+5y)\\):\n\nThe solution correctly calculates the product as:\n\\[ x \\times (3x + 5y) - y \\times (3x + 5y) \\]\nThis should result in:\n\\[ 3x^2 + 5xy - 3xy - 5y^2 \\]\nHowever, it was mistakenly simplified incorrectly to \\(3x^2 - 5y^2\\). This is incorrect because the terms involving \\(xy\\) were not combined properly.\n\n**Error:** 1', '**Reasoning:** The answer contains two separate examples (i) and (ii). For example (i), the solution incorrectly multiplies \\((x - 4)\\) and \\((2x + 3)\\), but then incorrectly distributes these terms as \\(x x (2x + 3) - 4 x (2x + 3)\\), which leads to a wrong distribution of terms. Additionally, the second part should be distributed correctly as \\((x - 2x) + (x x 3) - (4 x 2) - (4 x 3)\\), which results in incorrect terms being combined. The second example in the given solution follows similar mistakes. Therefore, both parts have errors.\n\n**Error:** 1', ""**Reasoning:** The solution provided for Example 8 contains several logical errors. For part (i), the expansion of \\((x-4)(2x+3)\\) should be:\n\\[\n(x-4)(2x+3) = x(2x+3) - 4(2x+3)\n\\]\nwhich simplifies to:\n\\[\n2x^2 + 3x - 8x - 12 = 2x^2 - 5x - 12\n\\]\nHowever, the solution incorrectly writes it as:\n\\[\nx(2x+3) - 4x(2x+3)\n\\]\nInstead of:\n\\[\nx(2x+3) - 4x(2x+3)\n\\]\nThis is incorrect because it should be:\n\\[\nx(2x+3) - 4(2x+3)\n\\]\n\nFor part (ii), the addition of like terms is correct but expressed differently. Here's the corrected version:\n\\[\n(x-y)(3x+5y) = x(3x+5y) - y(3x+5y)\n\\]\nwhich simplifies to:\n\\[\n3x^2 + 5xy - 3xy - 5y^2\n\\]\nThis is correctly simplified as:\n\\[\n3x^2 + 2xy - 5y^2\n\\]\n\nTherefore, the error is only found in part (i) of the solution.\n\n**Error:** 1"", '**Question:** Example 8: Multiply (i) (x - 4) and (2x + 3)\n\n**Solution:**\n(x - 4)(2x + 3) = x(2x + 3) - 4(2x + 3)\n= (x - 2x) + (x × 3) - (4 × 2) - (4 × 3)\n= 2x^2 + 3x - 8x - 12\n\n**Reasoning:**\nThe solution contains an arithmetic error. The correct calculation should be:\n(x - 4)(2x + 3) = x(2x + 3) - 4(2x + 3)\n= (2x^2 + 3x) - (8x + 12)\n= 2x^2 + 3x - 8x - 12\n= 2x^2 - 5x - 12\n\n**Error:** 1', '**Reasoning:** \nIn the solution provided, the calculations for Example 8 are correct according to the standard method of expanding brackets. The process involves distributing each term within one bracket to all terms within the other bracket, which is done correctly in both parts of the solution. There are no apparent arithmetic mistakes or logical errors in the calculation steps.\n\n**Error:** 0', ""**Reasoning:** The solution provided contains two parts. For part (i), there is a small arithmetic error in the simplification step. The factor '2x^2' should be correctly multiplied as \\( x \\times 2x + x \\times 3 - 4 \\times 2 - 4 \\times 3 \\) instead of \\( 2x^2 - 5x - 12 \\). \n\nFor part (ii), the multiplication followed by the simplification seems correct. However, the final step should include distributing the terms properly: \\( 3x^2 + 5xy - 3xy - 5y^2 \\).\n\n**Error:** 1"", '**Reasoning:** In the solution provided for Example 8, the calculation in the second step has been done incorrectly. The correct way to distribute \\(x\\) across \\((2x + 3)\\) and \\(-4\\) across \\((2x + 3)\\) should be:\n\\[\nx(2x + 3) - 4(2x + 3)\n= 2x^2 + 3x - 8x - 12\n\\]\nHowever, the solution mistakenly adds the terms without distributing correctly, resulting in:\n\\[\n(x - 2x) + (x \\times 3) - (4 \\times 2) - (4 \\times 3)\n\\]\nThis results in an incorrect expression.\n\n**Error:** 1', ""**Reasoning:** The student has made a mistake in their computation. For part (i), the expression \\((x - 4) \\times (2x + 3)\\) should be expanded correctly as follows:\n\\[\n(x - 4)(2x + 3) = x(2x) + x(3) - 4(2x) - 4(3)\n\\]\nThis simplifies to:\n\\[\n= 2x^2 + 3x - 8x - 12\n\\]\nThe student's result, \\(2x^2 + 3x - 8x - 12\\), is correct but does not simplify further since it is already in its simplest form.\n\nFor part (ii), the student's expansion is also incorrect when they write:\n\\[\n(x - y)(3x + 5y) = x(3x + 5y) - y(3x + 5y)\n\\]\nThis should be:\n\\[\n=x(3x) + x(5y) - y(3x) - y(5y)\n\\]\nSimplifying this gives:\n\\[\n=3x^2 + 5xy - 3xy - 5y^2\n\\]\nThe student's final simplified expression, \\(3x^2 + 5xy - 3xy - 5y^2\\), is incorrect due to a missing negative sign in the term \\(-3xy\\).\n\nTherefore, the answer contains two errors: one in part (i) and another in part (ii).\n\n**Error:** 1"", '**Reasoning:** The solution provided contains an error in the multiplication part of the second example. In the second solution, the term \\(-5y^2\\) should be \\(-3xy\\) because the original expression was \\((x - y)(3x + 5y)\\) and when expanded correctly, it should be \\(3x^2 + 5xy - 3xy - 5y^2\\), simplifying to \\(3x^2 + 5xy - 5y^2\\). However, the given answer has \\(-5y^2\\) instead of the correct \\(-3xy\\).\n\n**Error:** 1', '**Reasoning:** The error occurs in the solution to part (ii). The student incorrectly simplified the expression \\(3x^2 + 5xy - 3xy\\) as \\(3x^2 + 5y^2\\). The correct simplification should be \\(3x^2 + 2xy\\) because the \\(3xy\\) term from the multiplication of the first terms \\((x \\cdot 3x)\\) and second terms \\((y \\cdot 5y)\\) were combined with the coefficients, resulting in \\(3x^2\\) and \\(5y^2\\), respectively. Additionally, the subtraction between the like terms \\(3xy\\) and \\(-3xy\\) should be represented as \\(0\\), but it was omitted in the answer.\n\n**Error:** 1', '**Reasoning:** The solution provided is correct for the first example. However, for the second example, there seems to be a mistake in the distribution of the terms. Specifically, the term ""-3xy"" should be correctly distributed as ""3x^2y - 5xy^2"". The solution provided does not seem to have this correction.\n\n**Error:** 1', '**Reasoning:** The solution provided for Example 8 involves a mistake when expanding the product \\((x - 4)(2x + 3)\\). Specifically, in the second line of the solution, the terms \\(4 \\times 2\\) and \\(4 \\times 3\\) should be distributed correctly as \\(-4 \\times 2\\) and \\(-4 \\times 3\\). However, the solution incorrectly writes them as \\(4 \\times 2\\) and \\(4 \\times 3\\), leading to an incorrect final result.\n\n**Error:** 1', '**Reasoning:** The student wrote ""Adding like teams"" twice in the answer, which seems to be a typo and does not actually change the mathematical content. Both solutions use the distributive property correctly and perform the same operations. There is no actual error in the solutions presented.\n\n**Error:** 0', '**Reasoning:** In the second part of the solution, the student incorrectly combines the terms \\(5x\\) and \\(-3xy\\) with the terms \\(-5y^2\\). The correct simplification should be \\(3x^2 + 5xy - 3xy - 5y^2\\). This shows an error in combining like terms. \n\n**Error:** 1', '**Reasoning:** The first part of the solution for multiplying \\((x - 4)\\) and \\((2x + 3)\\) is correct up to \\( = x(2x + 3) - 4(2x + 3) \\). However, the second line should be \\( = (x - 2x) + (x \\times 3) - (4 \\times 2) - (4 \\times 3) \\). Instead, it was simplified incorrectly as \\( = 2x^2 + 3x - 8x - 12 \\). The third line should correctly combine like terms but with the correct coefficients and signs. Additionally, the final step suggests adding like terms, but this is incorrect because polynomial multiplication results in multiplying each term of one polynomial by each term of the other, not adding like terms. Therefore, the solution contains two major errors: incorrect simplification and incorrect explanation of addition of like terms.\n\n**Error:** 1']",5,15,Qwen/Qwen2.5-VL-3B-Instruct,100,0.6277052571971504
"Show that the points \( P (-2, 3, 5) \), \( Q (1, 2, 3) \) and \( R (7, 0, -1) \) are collinear.

"," We know that points are said to be collinear if they lie on a line.

Now, 
\[
\textcolor{red}{AB} = \sqrt{(1+2)^2 + (2-3)^2 + (3-5)^2} = \sqrt{9 + 1 + 4} = \sqrt{14}
\]

\[
\textcolor{red}{BC} = \sqrt{(7-1)^2 + (0-2)^2 + (-1-3)^2} = \sqrt{36 + 4 + 16} = \sqrt{56} = 2\sqrt{14}
\]

and 

\[
\textcolor{red}{AC} = \sqrt{(7+2)^2 + (0-3)^2 + (-1-5)^2} = \sqrt{81 + 9 + 36} = \sqrt{126} = 3\sqrt{14}
\]

Thus, \(\textcolor{red}{AB} + \textcolor{red}{BC} = \textcolor{red}{AC}\). Hence, \( P \), \( Q \), and \( R \) are collinear.

",False,True,False,0.5004024235381879,False,0,"['**Reasoning:** The answer calculates the distances \\(AB\\), \\(BC\\), and \\(AC\\) using the distance formula. However, there seems to be a mistake in the calculation of the distances. Specifically, when calculating \\(AB\\) and \\(BC\\), the values should be squared before adding them together. Also, the value of \\(\\sqrt{56}\\) should be simplified correctly. Additionally, the final equation for \\(AC\\) should be corrected by squaring the entire term under the square root.\n\n**Error:** 1', '**Reasoning:** In the solution, the calculation for AB is incorrect. The correct expression should be:\n\\[ AB = \\sqrt{(1 + 2)^2 + (2 - 3)^2 + (3 - 5)^2} = \\sqrt{9 + 1 + 4} = \\sqrt{14} \\]\nHowever, the formula used in the answer is missing one term inside the square root, which should be \\(a^2\\) instead of \\(a\\). This changes the value of \\(AB\\) from \\(\\sqrt{14}\\) to \\(\\sqrt{a} + 1 + 4\\).\n\n**Error:** 1', '**Reasoning:** The Answer incorrectly computes the lengths of \\( AB \\) and \\( BC \\). The expressions used for these lengths are incorrect because they do not match the general formula for calculating distances between two points in three-dimensional space.\n\n**Error:** 1', '**Reasoning:** The solution provided contains a logical error in the calculation of distances. Specifically, it seems that the student incorrectly applied the distance formula for collinearity. The steps for calculating the distances between points should involve subtracting coordinates instead of addition, as shown in the correct method: \\(\\sqrt{(7 - (-2))^2 + (0 - 3)^2 + (-1 - 5)^2} = \\sqrt{81 + 9 + 36}\\). However, the student mistakenly adds the coordinates, leading to incorrect calculations for \\(AB\\) and \\(BC\\).\n\n**Error:** 1', '**Reasoning:** The answer incorrectly states that \\(\\sqrt{AB} = \\sqrt{9+1+4}\\). This calculation should be simplified as follows: AB = \\(\\sqrt{(1+2)^2 + (2-3)^2 + (3-5)^2}\\) = \\(\\sqrt{3^2 + (-1)^2 + (-2)^2}\\) = \\(\\sqrt{9 + 1 + 4}\\) = \\(\\sqrt{14}\\). When comparing \\(\\sqrt{14}\\) with \\(\\sqrt{9+1+4}\\), it appears that the calculation results in 4 instead of 14, which is incorrect.\n\n**Error:** 1', '**Reasoning:** The answer to the question ""Show that the points P(-2,3,5), Q(1,2,3) and R(7,0,-1) are collinear"" seems to be correct. The steps taken to prove that the points are collinear using vector lengths and the property that if the sum of two vectors equals the third vector, they are collinear are as follows:\n1. Calculate the vector \\(\\overrightarrow{PQ}\\): \\(\\sqrt{(1 - (-2))^2 + (2 - 3)^2 + (3 - 5)^2} = \\sqrt{9 + 1 + 4} = \\sqrt{14}\\)\n2. Calculate the vector \\(\\overrightarrow{QR}\\): \\(\\sqrt{(7 - 1)^2 + (0 - 2)^2 + (-1 - 3)^2} = \\sqrt{36 + 4 + 16} = \\sqrt{56}\\)\n3. Calculate the vector \\(\\overrightarrow{PR}\\): \\(\\sqrt{(7 - (-2))^2 + (0 - 3)^2 + (-1 - 5)^2} = \\sqrt{81 + 9 + 36} = \\sqrt{126}\\)\n4. Verify the collinearity: \\(\\overrightarrow{PQ} + \\overrightarrow{QR} = \\overrightarrow{PR}\\)\n\nGiven these calculations, the answer provided is correct and does not contain any errors.\n\n**Error:** 0', '**Reasoning:** The solution incorrectly applies the distance formula to determine if the points \\( P(-2,3,5) \\), \\( Q(1,2,3) \\), and \\( R(7,0,-1) \\) are collinear. The formula should compare the sum of distances between each pair of points, but instead, it calculates the direct lengths as if they were collinear immediately. The correct approach would involve calculating the distance between each pair of points using the distance formula and then checking if the sum of these distances equals the direct distance between the first two points, which is incorrect as it assumes all three points lie on a line without verifying the collinearity condition properly.\n\n**Error:** 1', '**Reasoning:** The answer does not contain any arithmetic or logical errors. All calculations appear correct according to the given formula for the distance between two points in three-dimensional space.\n\n**Error:** 0', '**Reasoning:** The answer incorrectly calculates the distances between points P, Q, and R. Specifically, the calculations for |PQ| and |PR| are incorrect due to a mathematical mistake in simplifying the square root terms. For instance, the correct calculation for |PQ| should be \\(\\sqrt{(1 + 2)^2 + (2 - 3)^2 + (3 - 5)^2}\\) = \\(\\sqrt{9 + 1 + 4}\\) = \\(\\sqrt{14}\\). Similarly, for |PR|, it should be \\(\\sqrt{(-2 + 7)^2 + (3 - 0)^2 + (5 - (-1))^2}\\) = \\(\\sqrt{25 + 9 + 36}\\) = \\(\\sqrt{70}\\). Also, the calculation for AC should be \\(\\sqrt{(7 + 2)^2 + (0 - 3)^2 + (-1 - 5)^2}\\) = \\(\\sqrt{81 + 9 + 36}\\) = \\(\\sqrt{126}\\), not 3\\(\\sqrt{14}\\).\n\n**Error:** 1', '**Reasoning:** In the Answer, the calculation for AB is incorrect. The correct steps should be:\n\\[ AB = \\sqrt{(1 + 2)^2 + (2 - 3)^2 + (3 - 5)^2} = \\sqrt{3^2 + (-1)^2 + (-2)^2} = \\sqrt{9 + 1 + 4} = \\sqrt{14} \\]\nThe answer appears to be correct for BC and AC calculations.\n\\[ BC = \\sqrt{(7 - 1)^2 + (0 - 2)^2 + (-1 - 3)^2} = \\sqrt{6^2 + (-2)^2 + (-4)^2} = \\sqrt{36 + 4 + 16} = \\sqrt{56} = 2\\sqrt{14} \\]\n\\[ AC = \\sqrt{(7 + 2)^2 + (0 - 3)^2 + (-1 - 5)^2} = \\sqrt{9^2 + (-3)^2 + (-6)^2} = \\sqrt{81 + 9 + 36} = \\sqrt{126} = 3\\sqrt{14} \\]\nThus, AB + BC does not equal AC, but rather:\n\\[ AB + BC = \\sqrt{14} + \\sqrt{56} = \\sqrt{14} + 2\\sqrt{14} = 3\\sqrt{14} = AC \\]\n\n**Error:** 0', '**Reasoning:** The answer contains several errors. Firstly, the distances \\( AB \\) and \\( AC \\) should be calculated using the distance formula correctly as follows:\n\\[ AB = \\sqrt{(1 - (-2))^2 + (2 - 3)^2 + (3 - 5)^2} = \\sqrt{9 + 1 + 4} = \\sqrt{14} \\]\n\\[ AC = \\sqrt{(7 - (-2))^2 + (0 - 2)^2 + (-1 - 3)^2} = \\sqrt{81 + 4 + 16} = \\sqrt{101} \\]\nThen, the statement \\( AB + BC = AC \\) is incorrect because \\( AB \\neq AC \\). The correct calculation should show that \\( AB + BC \\neq AC \\), suggesting collinearity is not necessarily true based on the distances alone.\n  \n**Error:** 1', '**Reasoning:** In the Answer, there is a calculation error in the step where AC is calculated. The correct calculation should be: \n\\[\nAC = \\sqrt{(7+2)^2 + (0-3)^2 + (-1-5)^2} = \\sqrt{81 + 9 + 36} = \\sqrt{126}\n\\]\nHowever, the provided answer states \\( \\sqrt{14} \\). This indicates that the student made an arithmetic mistake, substituting 14 instead of 126. Hence, the calculation for AC is incorrect.\n\n**Error:** 1', '**Reasoning:** The answer incorrectly calculates the lengths AB and AC. Instead of √(4+1+4) = √9 = 3 and √(81+9+25) = √115, it should have calculated as √(9+9+9) = √27 = 3√3 and √(81+9+25) = √115, respectively.\n\n**Error:** 1', '**Reasoning:** The calculation for \\(\\overline{AB}\\) is incorrect. The terms inside the square root should be computed as follows:\n\\[\n\\sqrt{(1+2)^2 + (2-3)^2 + (3-5)^2} = \\sqrt{3^2 + (-1)^2 + (-2)^2} = \\sqrt{9 + 1 + 4} = \\sqrt{14}\n\\]\nHowever, the answer provided calculates it as:\n\\[\n\\sqrt{a+1+4} = \\sqrt{14}\n\\]\nThis suggests that \\(a\\) is likely meant to be 1, but this assumption could lead to errors if \\(a\\) has a different value. Therefore, the calculation for \\(\\overline{AB}\\) is incorrect due to an unnecessary assumption about \\(a\\).\n\n**Error:** 1', '**Reasoning:** The solution contains a mistake in the calculation of \\( AB \\). The expression for \\( AB \\) should be simplified correctly as follows:\n\\[ AB = \\sqrt{(1 - (-2))^2 + (2 - 3)^2 + (3 - (-5))^2} = \\sqrt{3^2 + (-1)^2 + 8^2} = \\sqrt{9 + 1 + 64} = \\sqrt{74} \\]\nHowever, the answer provided is \\( \\sqrt{14} \\), which is incorrect because it subtracted the correct values but squared them incorrectly.\n\n**Error:** 1']",5,15,Qwen/Qwen2.5-VL-3B-Instruct,100,0.48509409130221154
"Find the general solution of the differential equation 
\[
\frac{dy}{dx} = \frac{1+y^2}{1+x^2}.
\]

"," Since \(1 + y^2 \neq 0\), we can separate the variables. The given differential equation can be written as
\[
\frac{dy}{1+y^2} = \frac{dx}{1+x^2} \quad \cdots (1)
\]
Integrating both sides of equation (1), we get
\[
\int \frac{dy}{1+y^2} = \int \frac{dx}{1+x^2}
\]
which results in 
\[
\tan^{-1} y = \textcolor{red}{x^{-1}} + C,
\]
where \(C\) is the constant of integration. This is the general solution of equation (1).

",True,True,True,0.6730116670092565,False,0,"['**Reasoning:** In the given answer, it states that since \\(1 + y^2 \\neq 0\\), we can separate the variables. However, this step is unnecessary because the differential equation \\(\\frac{dy}{dx} = \\frac{1+y^2}{1+x^2}\\) does not involve an explicit separation of variables. Instead, it presents an equation where \\(y\\) and \\(x\\) terms are already separated. The integration process from integrating both sides of equation (1) results in \\(\\tan^{-1} y = x^{-1} + c\\), which is correct.\n\n**Error:** 0', '**Reasoning:** The Answer does not contain any apparent errors in the mathematical steps taken to solve the differential equation. The separation of variables, the integration process, and the final general solution formula are all correctly applied according to standard methods for solving separable differential equations.\n\n**Error:** 0', '**Reasoning:** The answer does not contain any errors. The steps taken to solve the differential equation are correct. The question asks to find the general solution of the given differential equation, and the solution provided correctly follows through with the separation of variables, integration, and substitution to arrive at the final result. There are no apparent mistakes or omissions in the solution.\n\n**Error:** 0', '**Reasoning:** The answer does not contain any mathematical errors. The steps taken to solve the differential equation are correct: separating variables, integrating both sides, and expressing the solution in terms of the inverse tangent function. There is no indication that the process was incorrectly applied or that any calculation was incorrect.\n\n**Error:** 0', '**Reasoning:** The answer does not contain any errors. The steps taken to solve the differential equation are logically correct and free from mistakes. The separation of variables, integration, and the final expression for the general solution are all presented accurately.\n\n**Error:** 0', ""**Reasoning:** The answer correctly separates the variables by dividing the differential equation $\\frac{dy}{dx} = \\frac{1 + y^2}{1 + x^2}$ into two integrals: $\\int \\frac{dy}{1 + y^2} = \\int \\frac{dx}{1 + x^2}$. The step of integrating both sides is also correct as long as $y$ and $x$ are treated separately. However, the substitution used in the integration part might be incorrect since it does not seem to align with standard procedures for these types of equations. However, this might be a misinterpretation of the problem's intent rather than an error in calculation.\n\n**Error:** 0"", '**Reasoning:** The error is present. In the answer, there is a small typographical mistake in the second line when integrating. The correct form should be \\(\\int \\dfrac{dy}{1+y^2} = \\int \\dfrac{dx}{1+x^2}\\), as the exponent of \\(x\\) should be 1 instead of -1 after integration. This suggests that the second integral is incorrectly written as \\(\\int x^{-1} dx\\). \n\n**Error:** 1', '**Reasoning:** The answer correctly identifies that \\(1 + y^2 \\neq 0\\) and thus can separate variables. However, the integration step should be applied to both sides of the equation rather than just one side as shown in the answer. The correct integration should result in \\(\\tan^{-1} y = x^{-1} + C\\), not \\(\\tan^{-1} y = x^{-1}\\). This is because the integral of \\(\\frac{dx}{1+x^2}\\) is \\(\\tan^{-1} x\\) and the integral of \\(\\frac{dy}{1+y^2}\\) is \\(\\tan^{-1} y\\). Therefore, integrating both sides of the equation results in \\(\\tan^{-1} y = \\tan^{-1} x + C\\), which simplifies to \\(\\tan^{-1} y = \\frac{\\pi}{4} + C\\) after recognizing that \\(\\tan^{-1} x\\) is only a function of \\(x\\) and not directly related to \\(y\\).\n\n**Error:** 0', '**Reasoning:** The answer starts with the correct identification that since \\(1 + y^2 \\neq 0\\), the differential equation can be separated into two separable equations: \n\n\\[\n\\frac{dy}{1+y^2} = \\frac{dx}{1+x^2}\n\\]\n\nHowever, the next step involves integrating both sides of this equation, but it should be integrated with respect to \\(y\\) rather than \\(x\\). This means the integral on the left side should be taken as:\n\n\\[\n\\int \\frac{dy}{1+y^2}\n\\]\n\nIf the integration is done correctly from \\(y\\) to some bounds, the result would indeed be \\(\\arctan(y) + C\\), not \\(\\arctan(x) + C\\), because we are integrating with respect to \\(y\\). \n\n**Error:** 1', '**Reasoning:** The answer does not contain any mathematical errors. The differential equation is correctly rewritten, separated variables correctly, integrating steps are applied appropriately, and the general solution is derived accurately using arctan.\n\n**Error:** 0', '**Reasoning:** The answer process appears correct up until the integration step. The equation \\(\\int \\frac{dy}{1 + y^2} = \\int \\frac{dx}{1 + x^2}\\) is correctly integrated using the substitution method for the integral of \\(\\frac{1}{1 + y^2}\\), resulting in \\(\\tan^{-1}y = x - C\\). There seems to be a small typographical error in the Answer where it states ""c"" instead of ""C"" as the constant of integration. However, this minor error does not impact the correctness of the final general solution.\n\n**Error:** 1', '**Reasoning:** The answer does not contain any errors. The steps provided in the answer follow the correct method to solve the differential equation. First, the equation is separated into two parts, integrating each part separately. The integration correctly results in the form involving \\( \\tan^{-1} y = x^{-1} + C \\), where \\( C \\) is the constant of integration. Thus, the solution to the differential equation is correctly presented as ""which results in"" followed by the final form of the general solution.\n\n**Error:** 0', '**Reasoning:** The answer does not contain any typographical errors related to mathematics. However, there seems to be a logical error in the interpretation of the problem. In the question, it states ""Find the general solution of the differential equation."" But in the answer, it incorrectly claims that the equation can be written as \\(\\frac{dy}{1+y^{2}} = \\frac{dx}{1+x^{2}}\\). This is incorrect because the correct form should be \\(\\frac{dy}{1+y^2} = \\frac{dx}{1+x^2}\\), which is the same as the original equation given in the problem.\n\n**Error:** 1\n\n```', '**Reasoning:** The answer correctly identifies the need to separate variables and integrate both sides of the equation. However, there is a small mistake in the final step. The derivative of \\(\\tan^{-1} y\\) with respect to \\(x\\) should be treated as \\(\\frac{d}{dx} (\\tan^{-1} y)\\). But since \\(y\\) is a function of \\(x\\), the correct integration should be performed considering this relationship. The step \\(\\int \\frac{dy}{1 + y^2} = \\int \\frac{dx}{1 + x^2}\\) is correct but the subsequent step, which incorrectly assumes that \\(\\frac{dy}{(1+y^2)^{-1}} = dx\\), is incorrect.\n\n**Error:** 1', '**Reasoning:** The answer provided correctly identifies that since \\(1 + y^2 \\neq 0\\), we can separate the variables. However, the error lies in the integration step. The correct integration of \\(\\int \\frac{dy}{1+y^2}\\) should result in \\(\\arctan(y)\\), not \\(\\tan^{-1}y = x^{-1} + C\\). This suggests a misunderstanding in the form of the antiderivative.\n\n**Error:** 1']",5,15,Qwen/Qwen2.5-VL-3B-Instruct,100,1.172993472439513
"Write the equation of the lines for which \( \tan \theta = \frac{1}{2} \), where \( \theta \) is the inclination of the line and (i) \( y \)-intercept is \( -\frac{3}{2} \) (ii) \( x \)-intercept is 4.

","

(i) Here, slope of the line is \( m = \tan \theta = \frac{1}{2} \) and \( y \)-intercept \( c = -\frac{3}{2} \). 
Therefore, by slope-intercept form, the equation of the line is 
\[
y = \frac{1}{2} x - \frac{3}{2} 
\]
or 
\[
2y - x + 3 = 0,
\]
which is the required equation.

(ii) Here, we have \( m = \tan \theta = \frac{1}{2} \) and \( d = 4 \). 
Therefore, by slope-intercept form, the equation of the line is 
\[
y = \frac{1}{2} (x - 4) 
\]
or 
\[
\textcolor{red}{2y - x + 8 = 0},
\]
which is the required equation.

",True,False,False,0.5004024235381879,True,0,"['**Reasoning:** \nIn the Answer, the second equation derived from the slope-intercept form is incorrect. The correct equation should be \\( y = \\frac{1}{2}(x - 4) \\) because when substituting the y-intercept \\(-\\frac{3}{2}\\) into this form, it results in the equation \\( y = \\frac{1}{2}x + \\frac{3}{2} \\). However, the problem states the x-intercept is 4, so the correct form is indeed \\( y = \\frac{1}{2}(x - 4) \\).\n\n**Error:** 0', '**Reasoning:** The answer contains two parts. In the first part, the equation derived is correct given the slope \\(m = \\tan\\theta = \\frac{1}{2}\\) and y-intercept \\(c = -\\frac{3}{2}\\). However, in the second part, the equation given as the required equation is incorrect. The correct equation should be \\(y = \\frac{1}{2}(x - 4)\\), but it is written as \\(y = \\frac{1}{2}(x + 4)\\), which is not the same.\n\n**Error:** 1', '**Reasoning:** The answer provides two equations for the line with the same conditions but with different interpretations. For part (i), the equation given should be \\( y = \\frac{1}{2}x - \\frac{3}{2} \\) because the slope \\( m = \\tan \\theta = \\frac{1}{2} \\) and the y-intercept \\( c = -\\frac{3}{2} \\). However, the answer incorrectly writes \\( y = \\frac{1}{2}x + \\frac{3}{2} \\), which would have been correct if the y-intercept was \\( \\frac{3}{2} \\). For part (ii), the answer correctly states the slope \\( m = \\tan \\theta = \\frac{1}{2} \\) and gives the x-intercept as \\( d = 4 \\), resulting in the equation \\( 2y - x + 8 = 0 \\). There is no error in interpreting the x-intercept, so the first part has an error.\n\n**Error:** 1', '**Reasoning:** The answer provided for part (i) of the question seems correct as it correctly applies the slope-intercept form of a line equation using the given slope \\( m = \\tan\\theta = \\frac{1}{2} \\) and y-intercept \\( c = -\\frac{3}{2} \\), resulting in the equation \\( y = \\frac{1}{2}x - \\frac{3}{2} \\). However, the answer should also include the y-intercept value as \\( c = -\\frac{3}{2} \\), which is missing in the corrected equation. For clarity, the complete equation after including the y-intercept should be \\( y = \\frac{1}{2}x - \\frac{3}{2} \\). Part (ii) of the question asks for the x-intercept when the y-intercept is 4. The answer describes how to find the x-intercept but does not provide the final equation. Since the problem asks for the equation of the line with x-intercept 4, it should include the point-slope form or rearrange the given equation to solve for x.\n\n**Error:** 1', ""**Reasoning:** The student's solution has two parts:\n(i) The equation derived for the y-intercept should be checked against the given conditions. The slope \\( m = \\tan \\theta = \\frac{1}{2} \\) is correct, but the intercept \\( c = -\\frac{3}{2} \\) does not match the given y-intercept of -3/2. Therefore, the equation \\( y = \\frac{1}{2}x - \\frac{3}{2} \\) is incorrect as it does not fit the condition \\( c = -\\frac{3}{2} \\).\n(ii) In part (ii), the slope is correctly stated as \\( m = \\tan \\theta = \\frac{1}{2} \\), but the x-intercept \\( d = -4 \\) is given, while the equation derived is \\( y = \\frac{1}{2}(x - 4) \\). This does not match the given y-intercept of -3/2, making the answer incorrect.\nThe student's reasoning is clear but the equations derived from the slope-intercept form do not match the requirements of the problem.\n\n**Error:** 1"", '**Reasoning:** \nThe answer provided has two parts corresponding to the different conditions mentioned in the question: i) when the y-intercept is -3/2 and ii) when the x-intercept is 4.\n\nFor part i):\nThe slope is correctly stated as m = tan θ = 1/2, but the equation obtained is incorrect. The correct form should be \\(y = \\frac{1}{2}x - \\frac{3}{2}\\). However, the given equation is \\(2y - x + 9 = 0\\), which simplifies to \\(y = \\frac{1}{2}x + \\frac{9}{2}\\). The given equation also does not match the slope condition derived from tan θ = 1/2.\n\nFor part ii):\nThe slope of the line is indeed m = tan θ = 1/2, but the equation derived is incorrect. The correct form should be \\(y = \\frac{1}{2}(x - 4)\\), which simplifies to \\(2y - x + 8 = 0\\). Again, the given equation \\(2y - x + 8 = 0\\) is correct but it’s derived directly from the slope and intercept.\n\n**Error:** 1', '**Reasoning:** There seems to be a misunderstanding in the calculations of the slopes and intercepts. The tangent of \\(\\theta\\) is given as \\(\\frac{1}{2}\\). For part (i), the slope \\(m\\) is correctly calculated as \\(\\frac{1}{2}\\), but the y-intercept calculation appears incorrect. The y-intercept should be \\(-\\frac{3}{2}\\) based on the correct slope calculation. For part (ii), the slope calculation is correct, but the x-intercept should be 4, not 1. Therefore, the correct equation for the line with an x-intercept of 4 would be \\(y = \\frac{1}{2}x - 1\\).\n\n**Error:** 1', '**Reasoning:** The Answer does not contain any errors. The calculations for the equations of the lines are correct using the given conditions: \\(\\tan\\theta = \\frac{1}{2}\\) for the first line and \\(m = \\tan\\theta = \\frac{1}{2}\\) with a y-intercept of -3 for the second line.\n\n**Error:** 0', ""**Reasoning:** The answer provided contains two parts, but there seems to be a mistake in the slope calculation. For part (i), the slope \\( m \\) should be \\( \\tan{\\theta} = \\frac{1}{2} \\), not \\( \\frac{3}{2} \\). This suggests an arithmetic error. However, for part (ii), the slope \\( m \\) should indeed be \\( \\frac{1}{2} \\) since it matches the definition of the line's slant when the y-intercept is given as -3/2. Therefore, both equations derived from this information lead to the correct final form of the equation of the line.\n\nThe notation used ( \\(y = \\frac{1}{2}(x+3)\\) ) should have been kept as a separate step from the equation derived directly using the given values for \\(m\\) and \\(b\\).\n\n**Error:** 0\n\nThe error was identified through careful review of the slope calculation in part (i)."", '**Reasoning:** \nThe answer provided has an error in the slope calculation for the first line. The slope should be \\(\\frac{1}{2}\\) (as it is given that \\(\\tan \\theta = \\frac{1}{2}\\)), but the answer mistakenly states the slope as \\(-\\frac{3}{2}\\). Additionally, the equation of the second line seems to be correct, but the student mistakenly writes the equation as \\(2y - x + 8 = 0\\) instead of \\(2y - x + 8 = 0\\), which simplifies to \\(2y - x - 8 = 0\\).\n\n**Error:** 1', '**Reasoning:** The Answer contains an error. In part (i), the equation derived for the line with y-intercept -\\(\\frac{3}{2}\\) is written as \\(y = \\frac{1}{2}x - \\frac{3}{2}\\). However, this should be rewritten in slope-intercept form, which is \\(y = mx + b\\). The correct equation for part (i) should be \\(y = \\frac{1}{2}x - \\frac{3}{2}\\). But when writing the final equation, it should be in the general form, i.e., \\(2y - x + 3 = 0\\), corresponding to the slope-intercept form \\(y = \\frac{1}{2}x - \\frac{3}{2}\\). The Answer should correctly transform the slope-intercept form into the general form.\n\n**Error:** 1', '**Reasoning:** \nIn the answer, the equation for the line when the y-intercept is -\\(\\frac{3}{2}\\) should be derived from the slope-intercept form \\(y = mx + b\\). However, the calculation in the answer step is incorrect. The slope \\(m\\) is \\(\\tan\\theta = \\frac{1}{2}\\), and the y-intercept \\(b\\) is \\(-\\frac{3}{2}\\), so the correct equation should be:\n\\[ y = \\frac{1}{2}x - \\frac{3}{2} \\]\nwhich simplifies to:\n\\[ 2y - x + 3 = 0 \\]\nThis matches the equation given in the question. Additionally, the answer gives the equation using the slope-intercept form \\(y = \\frac{1}{2}(x - 4)\\) which also matches the problem statement if we consider the x-intercept as -4 (though this is not provided in the problem statement, it could be inferred), but this does not change the validity of the equation found earlier. Thus, the main error is in the initial derivation step.\n\n**Error:** 1', '**Reasoning:**\nThe answer provided contains a few logical errors. \n\n1. For the first part of the question, the slope \\( m \\) should be calculated as \\( m = \\tan\\theta = \\frac{1}{2} \\). However, the answer states it as \\( m = \\tan\\theta = \\frac{1}{3} \\). This is incorrect.\n2. For the second part of the question, the y-intercept should be -3/2, while the answer incorrectly states it as -3/4. Therefore, the equation derived from the slope-intercept form should be different.\n3. The final equation derived from the second part of the question, \\( y = \\frac{1}{2}(x - 4) \\), does not match the correct form of the line equation when using the y-intercept method.\n\n**Error:** 1', '**Reasoning:** The answer provided contains two equations derived from the slope-intercept form (y = m*x + c) and point-slope form (y - y1 = m*(x - x1)). While the slope (m) is correctly calculated as 1/2, the y-intercept (c) should be -3/2 according to the question statement. However, the solution uses 0 for the y-intercept, which is incorrect. \n\nTherefore, there is an error in the equation for the y-intercept.\n\n**Error:** 1', ""**Reasoning:** In the given answer, the equation derived for the y-intercept case appears incorrect. The equation should be \\( y = \\frac{1}{2}x - \\frac{3}{2} \\) or \\( 2y - x + 3 = 0 \\). However, the given answer incorrectly writes it as \\( 2y - x + 8 = 0 \\). This is a misunderstanding of the problem's requirements since the correct y-intercept must be \\(-\\frac{3}{2}\\).\n\n**Error:** 1""]",5,15,Qwen/Qwen2.5-VL-3B-Instruct,100,0.48509409130221154
"Convert \( 40^\circ 20' \) into radian measure.

"," We know that \( 180^\circ = \pi \) radian.

Hence, 
\[
40^\circ 20' = \textcolor{red}{\frac{\pi}{180} \times \frac{121}{3} \text{ radian}} = \textcolor{red}{40 \frac{1}{3} \text{ degree}} = \frac{121\pi}{540} \text{ radian}.
\]

Therefore, 
\[
40^\circ 20' = \frac{121\pi}{540} \text{ radian}.
\]

",True,True,True,0.2449300267946353,True,0,"[""**Reasoning:** The Answer incorrectly calculates the conversion from degrees to radians. It multiplies 40°20' by \\(\\frac{\\pi}{180}\\) instead of using the correct conversion factor. Additionally, the final step should be to multiply by \\(\\frac{121}{3}\\) after converting to degrees first, which was not done correctly.\n\n**Error:** 1"", '**Reasoning:** The answer incorrectly converts the angle from degrees and minutes directly into radians instead of first converting it to a decimal degree measure. The conversion from degrees and minutes to decimal degrees should be done before converting to radians.\n\n**Error:** 1', ""**Reasoning:** The Answer incorrectly simplifies the conversion from degrees to radians. The correct conversion should involve multiplying the degree measure by π/180. However, the answer provided seems to multiply by 2π instead of just π, leading to an incorrect final result. Specifically, the degrees to radians conversion should be:\n\\[40^\\circ20' \\times \\frac{\\pi}{180}\\]\nwhich simplifies to:\n\\[\\frac{40 \\cdot 1 + 20 \\cdot \\frac{1}{60}}{180} \\times \\frac{\\pi}{180} = \\left(\\frac{40}{180} + \\frac{20}{180 \\cdot 60}\\right) \\pi = \\frac{121 \\pi}{540}\\]\nThus, the answer provided does not correctly convert degrees to radians.\n\n**Error:** 1"", ""**Reasoning:** The error is in the conversion from degrees to radians. In the answer, it states that \\(\\frac{\\pi}{180} \\times 40^\\circ20'\\) should equal \\(\\frac{40\\pi}{3}\\) radians. However, the correct conversion factor from degrees to radians is \\(\\frac{\\pi}{180}\\) per degree, but it should be applied correctly to the total degrees considering the minute part as well. The initial step should involve converting the minutes into degrees first before multiplying with the conversion factor. The mistake is in subtracting off the minutes instead of adding them to the full degrees.\n\n**Error:** 1"", ""**Reasoning:** The Answer contains an error. \n\nIn the Answer, the conversion from degrees to radians should be correct as follows:\n- \\(40^\\circ20'\\) can be converted to radians using the formula: \n\\[ \\text{Radian} = \\frac{\\pi}{180} \\times \\text{Degrees} + \\frac{\\pi}{3600} \\times \\text{Minutes} \\]\nHowever, the answer provided incorrectly multiplies by \\(\\frac{180}{\\pi}\\) instead of \\(\\frac{\\pi}{180}\\).\n\n**Error:** 1"", ""**Reasoning:** \nThe answer provided contains a few mathematical errors. First, when converting degrees into radians, we should use the conversion factor \\( \\frac{\\pi}{180} \\) for each degree. However, the answer incorrectly multiplies the degrees by \\( \\frac{21}{3} \\). Second, when substituting the correct number of minutes (20'), the numerator should be \\( 40 \\times 21 \\) rather than \\( 40 \\times \\frac{1}{3} \\). The denominator should also be corrected to \\( 540 \\) instead of \\( 360 \\).\n\n**Error:** 1"", ""**Reasoning:** The Answer includes two incorrect steps:\n1. The conversion factor from degrees to radians should be \\(\\frac{π}{180}\\) rather than \\(\\frac{7}{180}\\). This is incorrect.\n2. The calculation for the radian measure should be \\(\\frac{40^\\circ 20'}{\\frac{180}{\\pi}} = \\frac{40 \\cdot \\frac{1}{3} \\pi + 20 \\pi}{180} = \\frac{(40 + 60) \\pi}{540} = \\frac{100 \\pi}{540} = \\frac{5 \\pi}{27}\\) radians, not \\(\\frac{121 \\pi}{540}\\) radians as stated.\n\n**Error:** 1"", ""**Reasoning:** \nThe answer provided has a logical error in converting degrees and their decimal parts into radians. The formula used to convert degrees to radians is \\(\\frac{\\pi}{180} \\times\\) degrees. However, it seems there was a mistake in the calculation of the final simplified form of the converted degrees.\n\nThe correct conversion should be:\n\\[40^\\circ20' = 40^\\circ + \\frac{20}{60}^{\\prime} = 40^\\circ + \\frac{1}{3}^{\\prime}.\\]\nMultiplying this by \\(\\frac{\\pi}{180}\\):\n\\[\\left(40^\\circ + \\frac{1}{3}\\right) \\times \\frac{\\pi}{180} = 40 \\times \\frac{\\pi}{180} + \\frac{1}{3} \\times \\frac{\\pi}{180} = \\frac{40\\pi}{180} + \\frac{\\pi}{540}.\\]\nSimplifying further:\n\\[\\frac{40\\pi}{180} = \\frac{2\\pi}{9},\\]\nso the final expression becomes:\n\\[\\frac{2\\pi}{9} + \\frac{\\pi}{540} = \\frac{2\\pi \\cdot 60 + \\pi}{540} = \\frac{121\\pi}{540}.\\]\n\nThus, the answer should be:\n\\[40^\\circ20' = \\frac{121\\pi}{540}\\] radians.\n\nThe provided answer states \\(\\frac{121\\pi}{540}\\) radians, which is correct, but there seems to be an error in the initial steps of the calculation leading up to this result.\n\n**Error:** 0\n\n"", '**Reasoning:** The answer contains arithmetic errors. First, it incorrectly states that \\(\\pi^{0} = \\frac{121}{3}\\) radians, which should be \\(\\pi\\) radians. Additionally, when converting degrees to radians, the conversion factor from degrees to radians is \\(\\frac{\\pi}{180}\\), not \\(\\frac{121}{3}\\). Therefore, the final result should be \\(\\frac{121\\pi}{540}\\) radians, not \\(\\frac{121}{540}\\) radians.\n\n**Error:** 1', ""**Reasoning:** The answer provided converts 40°20' into radians using the formula π/180 × (angle in degrees + minutes). However, the minutes should be divided by 60 before this conversion. In the given answer, the minutes are multiplied directly by 1/3 instead of dividing by 60. This discrepancy leads to an incorrect result since it does not properly account for the minutes in the conversion from degrees to radians.\n\n**Error:** 1"", ""**Reasoning:** The answer has a mistake in the conversion process. The correct way to convert degrees into radians is to use the formula \\(\\frac{\\pi}{180} \\times\\) degrees. In the given solution, the value \\(\\frac{121}{540}\\) is incorrectly calculated as \\(121\\pi/540\\). The correct calculation should be:\n\\[ 40^\\circ 20' = 40^\\circ + \\frac{20}{60}^\\circ = 40.3333^\\circ \\]\nConverting this to radians:\n\\[ 40.3333^\\circ \\times \\frac{\\pi}{180} = \\frac{40.3333\\pi}{180} \\approx 0.737 \\text{ radians} \\]\nTherefore, the answer should be \\(0.737\\) approximately, not \\(\\frac{121\\pi}{540}\\).\n\n**Error:** 1"", '**Reasoning:** The answer contains a few errors. First, it incorrectly states that \\(\\frac{121\\pi}{540}\\) is the radian measure of \\(40^\\circ 20\'\\). This is incorrect because the conversion factor should be \\(\\frac{\\pi}{180}\\), not \\(\\frac{121\\pi}{540}\\). Second, the answer suggests converting \\(40^\\circ 20\'\\) directly into radians as ""121\\pi/540,"" which is also incorrect. The correct conversion would be \\(\\frac{40.33\\pi}{180}\\), approximately equal to \\(0.73\\) radians. Therefore, the answer is not correct.\n\n**Error:** 1', ""**Reasoning:** The answer begins with converting degrees to radians using the conversion factor \\(\\frac{\\pi}{180}\\). However, the calculation should be correct as follows: \\(40^\\circ 20' = 40^\\circ + \\frac{20}{60}^\\circ = 40^\\frac{1}{3}\\) degrees. Then, \\((40^\\frac{1}{3}) \\times \\frac{\\pi}{180} = \\frac{121\\pi}{540}\\) radians. The answer seems to contain an arithmetic mistake in calculating the total degrees, resulting in \\(40^\\frac{1}{3}\\) instead of \\(40^\\frac{1}{3}\\) degrees.\n\n**Error:** 1"", '**Reasoning:** The answer provided is incorrect. The conversion from degrees to radians should be done correctly by multiplying the degrees by \\(\\frac{\\pi}{180}\\) and then converting the minutes into seconds if necessary. However, the given answer uses a different approach: it first converts the degrees to seconds and then multiplies by \\(\\frac{7}{180}\\), which leads to an incorrect final result.\n\n**Error:** 1', ""**Reasoning:** The student has made a mistake in the final step of the calculation. In the second to last line, the expression should be converted from degrees to radians correctly using the formula \\( \\frac{\\pi}{180} \\). However, the student has multiplied 40°20' by \\( \\frac{121}{3} \\) instead of converting it directly into radians. Additionally, the factor of \\(\\frac{7}{18}\\) should also be applied to the degree measure before the conversion to radians, though this seems to be a typo as well. \n\n**Error:** 1""]",5,15,Qwen/Qwen2.5-VL-3B-Instruct,100,0.0
"The internal measures of a cuboidal room are \(12 \, \text{m} \times 8 \, \text{m} \times 4 \, \text{m}\). Find the total cost of whitewashing all four walls of a room, if the cost of whitewashing is \(\text{₹} 5 \, \text{per m}^2\). What will be the cost of whitewashing if the ceiling of the room is also whitewashed?

"," 
Let the length of the room \( l = 12 \, \text{m} \) \\
Width of the room \( b = 8 \, \text{m} \) \\
Height of the room \( h = 4 \, \text{m} \) \\

Area of the four walls of the room = Perimeter of the base \(\times\) Height of the room
\[
= 2(l + b) \times h = 2(12 + 8) \times 4 = \textcolor{red}{2 \times 10 \times 4} = \textcolor{red}{80} \, \text{m}^2
\]
\[
= 2 \times 20 \times 4 = 160 \, \text{m}^2
\]

Cost of whitewashing per \( \text{m}^2 = \text{₹} 5 \) \\
Hence the total cost of whitewashing four walls of the room 
\[
= \text{₹}(160 \times 5) = \text{₹} 800
\]

Area of ceiling is \( 12 \times 8 = 96 \, \text{m}^2 \) \\
Cost of whitewashing the ceiling 
\[
= \text{₹}(96 \times 5) = \text{₹} 480
\]

So the total cost of whitewashing 
\[
= \text{₹}(800 + 480) = \text{₹} 1280
\]

",True,True,True,0.3926744672275521,True,0,"['**Reasoning:** The Answer correctly calculates the area of the four walls of the room. However, it seems to have made a mistake when calculating the total cost of whitewashing the ceiling. The Answer states ""Cost of whitewashing the ceiling = (96 × 5) = 480,"" but this should be divided by 2 because the ceiling\'s area is counted twice in the initial calculation. Therefore, the correct calculation for the ceiling cost should be (96 ÷ 2) × 5 = 240. Since the ceiling cost was incorrectly included in the total cost of whitewashing the four walls, there is a logical error in the Answer.\n\n**Error:** 1', ""**Reasoning:** The area calculation for the four walls is correct with a mistake in the final summing up of costs. The room's area calculation involves multiplying the length times the individual wall areas.\n\n**Error:** 1"", '**Reasoning:** In the calculation, the area of the four walls was calculated as \\(2(l + b) \\times h\\). However, since the ceiling is also being whitewashed, the formula should be adjusted to include the ceiling area. The correct formula for the total area to be whitewashed would be \\(2(lh + bh)\\). Additionally, the cost per square meter for whitewashing is given as $5, but in the answer, it is stated as $5 per \\(m^2\\). There might be a typo in the notation used for the cost per square meter. \n\n**Error:** 0', ""**Reasoning:** The Answer does not seem to follow the standard method used for calculating the total cost of whitewashing all the walls of a room. Instead of directly using the formula for total area of the four walls (which should be \\(2(lw + lh + wh)\\)), it appears to have used a more complex formula involving perimeter and height, leading to incorrect calculations. Additionally, the calculation of the cost for the ceiling area seems to have been included as part of the total cost, but this is not typically done unless specified otherwise in the problem. There is also an inconsistency in writing '4 m' after 'Height of the room' which might be intended to correct the dimension '8 m'.\n\n**Error:** 1"", '**Reasoning:** The calculation for the area of the ceiling was incorrect. The formula used is \\(2(l+b)h\\), but it should be \\((l+b)\\times h\\) because we need to find the height of the room for the area calculation, not the perimeter of the base. Therefore, the correct calculation for the area of the ceiling should be \\(2(12+8) \\times 4 = 2 \\times 20 \\times 4 = 160 \\text{ m}^2\\).\n  \n**Error:** 0', '**Reasoning:** The Answer provided for the question about the cost of whitewashing the room does not follow the standard mathematical steps for calculating the total cost. The initial part of the Answer correctly identifies the measurements and areas but does not accurately compute the total cost. The calculation of the area of the ceiling is done incorrectly as it multiplies height by width instead of considering the perimeter as stated in the problem. This results in an incorrect total area calculation for the ceiling. Additionally, the cost calculation seems to mix up the units and values, leading to an incorrect final total cost.\n\n**Error:** 1', '**Reasoning:** The calculation for the total cost of whitewashing the ceiling is incorrect. The area of the ceiling is calculated as \\(12 \\times 8 = 96\\) square meters, but the cost of whitewashing the ceiling is calculated as \\((96 \\times 5) = 480\\), which is incorrect because it should be \\((12 \\times 8 \\times 5)\\). This results in an incorrect total cost of whitewashing, as the answer provided is also incorrect.\n\n**Error:** 1', '**Reasoning:** The answer contains an arithmetic error in calculating the area of the ceiling. The formula used to calculate the area of the ceiling is incorrect. The correct area should be calculated as \\( 12 \\times 8 \\) instead of \\( 12 \\times 4 \\). Therefore, the total cost of whitewashing the ceiling should be calculated as \\( (96 \\times 5) = 480 \\) rather than 96m².\n\n**Error:** 1', '**Reasoning:** The calculation for the area of the four walls appears incorrect. The formula used for calculating the area of the four walls should be \\(2(l + b) \\times h\\), but the answer mistakenly calculates \\(4 \\times 10\\) instead of \\(2 \\times 10\\). Additionally, the cost calculation for whitewashing the ceiling does not match the given cost per square meter.\n\n**Error:** 1', '**Reasoning:** \nIn the answer provided, it appears that the calculation for the area of the ceiling was incorrect. The formula used to calculate the area of the ceiling is incorrect; it should be \\( \\text{Area of ceiling} = \\text{length} \\times \\text{width} \\). However, the answer uses the correct dimensions but incorrectly applies the cost per square meter to this area calculation when calculating the total cost of whitewashing the ceiling.\n\n**Error:** 1', '**Reasoning:** The solution provided does not mention the cost of whitewashing the ceiling separately after calculating the total area. Since the question asks for the total cost including the ceiling, it seems like the answer should include the cost for whitewashing the ceiling as well.\n\n**Error:** 1', '**Reasoning:** The area calculation for the ceiling was incorrectly computed. The formula used for the ceiling area should be \\( l \\times b \\) instead of \\( l \\times h \\). Therefore, the correct area for the ceiling is \\( 12 \\times 8 = 96 \\, m^2 \\), not \\( 12 \\times 4 = 48 \\, m^2 \\).\n\n**Error:** 1', '**Reasoning:** The calculation for the area of the ceiling is incorrect. The area of the ceiling should be calculated as \\(12 \\times 8 = 96\\) square meters, not \\(12 \\times 4\\). This results in a total cost of whitewashing the ceiling being \\((96 \\times 5) = 480\\) instead of the given \\(320\\). Therefore, the total cost of whitewashing should be \\(800 + 320 = 1120\\), not \\(1280\\).\n\n**Error:** 1', ""**Reasoning:** The calculation for the area of the ceiling is incorrect. The ceiling's area should be calculated as the length times the width, but it is being calculated incorrectly as \\(12 \\times 8 = 96 \\text{ m}^2\\). The correct area should be \\(12 \\times 4 = 48 \\text{ m}^2\\). Thus, the cost for whitewashing the ceiling should also be recalculated accordingly.\n\n**Error:** 1"", '**Reasoning:** The calculation for the cost of whitewashing the ceiling is incorrect. The area of the ceiling should be \\(12 \\times 8 = 96 \\text{ m}^2\\), but the calculation states it as \\(96 \\times 5 = 480\\). This is incorrect because the cost per square meter is only applied once to find the total cost for the entire ceiling.\n\n**Error:** 1']",5,15,Qwen/Qwen2.5-VL-3B-Instruct,100,1.3897154547004784
"A boat running upstream takes 8 hours 48 minutes to cover a certain distance, while it takes 4 hours to cover the same distance running downstream. What is the ratio between the speed of the boat and speed of the water current respectively?  
\begin{itemize}
    \item[A)] 2 : 1
    \item[B)] 3 : 2
    \item[C)] 8 : 3
    \item[D)] Cannot be determined
    \item[E)] None of these
\end{itemize}

"," Option C  
Let the man's rate upstream be \( x \) kmph and that downstream be \( y \) kmph.  
Then, distance covered upstream in 8 hrs 48 min = Distance covered downstream in 4 hrs.  
\[
\Rightarrow \left( x \times \frac{48}{60} \right) = (y \times 4)
\]
\[
\Rightarrow \frac{44}{5} x = 4y
\]
\[
\Rightarrow y = \frac{11}{5} x
\]

\(\therefore\) Required ratio = \( \frac{y + x}{2} : \frac{y - x}{2} \)  
\[
= \left( \frac{16x}{5} \times \frac{1}{2} \right) : \left( \frac{6x}{5} \times \frac{1}{2} \right)
\]
\textcolor{red}{Additionally, note that \( x \) and \( y \) must be positive real numbers as they represent speeds. This confirms that the ratio calculation reflects realistic values.}
\[
= \frac{8}{5} : \frac{3}{5} = 8 : 3
\]

",False,False,False,0.6730116670092565,False,0,"[""**Reasoning:** The student's work shows a step-by-step solution for determining the ratio between the speed of the boat and the speed of the water current. Initially, the student correctly sets up the equations for the distance covered upstream and downstream using the given times and speeds. However, when calculating the required ratio, the student incorrectly simplifies the equation:\n\\[ \\frac{y + x}{2} : \\frac{y - x}{2} = \\left( \\frac{6x}{5} \\times \\frac{1}{2} \\right) : \\left( \\frac{6x}{5} \\times \\frac{1}{2} \\right) \\]\n\nThis step should be \\( \\frac{y + x}{2} : \\frac{y - x}{2} = \\left( \\frac{4x}{5} \\right) : \\left( \\frac{4x}{5} \\right) \\), as this would suggest that the speed of the boat remains the same regardless of direction, which is not consistent with the typical scenario where the speed of the current affects the direction. The correct simplification should lead to a ratio of \\(8:3\\), confirming Option C.\n\n**Error:** 1"", '**Reasoning:** The given answer incorrectly calculates the ratio between the speed of the boat and the speed of the water. It starts by setting up equations correctly but then incorrectly simplifies the final expression for the ratio. The correct ratio should be derived from the setup but instead is simplified incorrectly in the final step leading to the conclusion that the ratio is 8:3, which is incorrect.\n\n**Error:** 1', ""**Reasoning:** The answer provided does not correctly solve the problem. The question asks for the ratio between the speed of the boat and the speed of the water current. However, the answer focuses on finding the ratio of the speeds of the boat and the water, which is not what the question requires. Additionally, the student's work appears to be incorrect in the final calculation, leading to an incorrect ratio of 8:3 instead of the correct ratio of 5:3.\n\n**Error:** 1"", '**Reasoning:** The solution includes some minor errors in the algebraic manipulations. Specifically, when simplifying \\(\\frac{44}{5}x = 4y\\), it should be \\(\\frac{44}{5}x = \\frac{22}{5}x\\) and when calculating the ratio, the steps leading to \\(8:3\\) are correct but the final step seems incorrect as it should be \\(8:3\\) since the speed \\(x\\) cancels out correctly. However, the main method and logic used in the solution appear to be sound.\n\n**Error:** 0', '**Reasoning:** The answer provided correctly follows the steps to solve the problem. The calculations and logic align with the problem statement and the reference solution. There are no obvious logical errors or arithmetic mistakes in the given solution.\n\n**Error:** 0', '**Reasoning:** The error is present. In the answer, the final step should be:\n\\[ \\frac{8}{2} : \\frac{3}{5} = 4: \\frac{3}{5} \\]\nHowever, it is written as \\( \\frac{8}{5}: \\frac{3}{5} \\). This indicates a mistake in simplifying the ratio correctly.\n\n**Error:** 1', '**Reasoning:** The reasoning provided in the answer does not directly address the mathematical steps taken to solve the problem. It only mentions that \\( y = \\frac{11}{5}x \\) and then proceeds with the calculation of the ratio. However, the actual steps to find the ratio between the speed of the boat and the speed of the water current are missing from the reasoning section. Additionally, the calculation for the ratio is presented as a separate step after the distance calculations, suggesting that the steps leading to the ratio are not clearly explained in the reasoning provided.\n\n**Error:** 1', '**Reasoning:** The answer provided does not contain any mathematical errors. It correctly solves the problem using standard algebraic methods for dealing with two rates and a time difference, ultimately leading to the correct ratio between the boat speed and the water current speed. There is no indication of incorrect calculations or misunderstandings in the given solution.\n\n**Error:** 0', '**Reasoning:** The answer provided does not contain any mathematical errors. It correctly derives the ratio between the speed of the boat and the speed of the water current by setting up a system of equations and solving for the desired ratio.\n\n**Error:** 0', ""**Reasoning:** The answer process appears to be correct up to the point of calculating the ratio between the boat's speed and the speed of the current. However, there seems to be a minor error in the final calculation. The steps to find the ratio are correct, but the final result should be simplified correctly. The numerator and denominator should be simplified by dividing both by their greatest common divisor, which is 5. Thus, the correct simplified ratio should be \\( \\frac{8}{5} : \\frac{3}{5} \\) which simplifies to \\( \\frac{8}{3} \\). The answer should be 1.\n\n**Error:** 1"", '**Reasoning:** The answer does not correctly solve the problem. The distance covered upstream is 4 hours and 48 minutes, which is equivalent to \\( \\frac{4 \\times 60 + 48}{60} = \\frac{288}{60} = 4.8 \\) hours. Therefore, the time taken for the boat to cover the same distance downstream should be 4 hours. However, the answer incorrectly states that the time taken for the boat to travel downstream is 6 hours, leading to an incorrect ratio calculation.\n\n**Error:** 1', '**Reasoning:** The given answer correctly solves the problem by setting up equations based on the given conditions and then finding the ratio between the speed of the boat and the speed of the current. However, the answer does not explain how to derive the final ratio \\(\\frac{8}{5} : \\frac{3}{5}\\) from the equations. This omission suggests that part of the step-by-step process might be missing or misunderstood by the author.\n\n**Error:** 1', '**Reasoning:** The answer provided does not contain any mathematical errors. The steps and calculations for solving the problem are correct. The question involves determining the ratio between the speed of the boat and the speed of the water current when traveling upstream and downstream. The given steps lead to the correct solution of 8:3.\n\n**Error:** 0', ""**Reasoning:** The answer provided does not correctly solve the problem. The steps provided are incorrect because they do not account for the time taken to cover the distance downstream. Let's correct this:\n\n1. Let \\( x \\) be the speed of the boat in still water.\n2. Let \\( y \\) be the speed of the current.\n3. When the boat is traveling upstream, its effective speed is \\( x - y \\).\n4. When traveling downstream, its effective speed is \\( x + y \\).\n\nGiven:\n- Time taken upstream: 8 hours and 48 minutes = 8.8 hours.\n- Time taken downstream: 6 hours.\n\nUsing the formula \\( \\text{Time} = \\frac{\\text{Distance}}{\\text{Speed}} \\):\n\nFor upstream: \n\\[ 8.8 = \\frac{D}{x - y} \\]\n\nFor downstream:\n\\[ 6 = \\frac{D}{x + y} \\]\n\nWhere \\( D \\) is the distance covered in both cases. Solving these equations simultaneously:\n\nFrom the first equation:\n\\[ D = 8.8(x - y) \\]\n\nSubstitute this into the second equation:\n\\[ 6 = \\frac{8.8(x - y)}{x + y} \\]\n\nSolving for the ratio \\( \\frac{x}{y} \\):\n\\[ 6(x + y) = 8.8(x - y) \\]\n\\[ 6x + 6y = 8.8x - 8.8y \\]\n\\[ 6y + 8.8y = 8.8x - 6x \\]\n\\[ 14.8y = 2.8x \\]\n\\[ \\frac{x}{y} = \\frac{14.8}{2.8} \\approx 5.3 \\]\n\nThis indicates that the ratio of the speed of the boat to the speed of the current is approximately 5.3, which is not one of the options provided.\n\n**Error:** 1"", ""**Reasoning:** The answer process appears correct up until the final step. The ratio calculation seems logically sound. However, since the question asks for the ratio between the speed of the boat and the speed of the water, the calculation should result in the ratio \\( \\frac{8}{3} \\) rather than the numerical values themselves. This means the solution needs to be expressed as \\( \\frac{\\text{speed of the boat}}{\\text{speed of the water}} = \\frac{8}{3} \\). Since the solution provided does not explicitly state this, it might be inferred that the student intended to write out the full explanation for what they calculated but did not do so here. Given that the student's intention is clear from the context and the method used to calculate it, the primary objective is not flawed.\n\n**Error:** 0""]",5,15,Qwen/Qwen2.5-VL-3B-Instruct,100,1.9867316488081912
"Differentiate \( a^x \) w.r.t. \( x \), where \( a \) is a positive constant.

"," Let \( y = a^x \). Then 

\[
\log y = x \log a
\]

Differentiating both sides w.r.t. \( x \), we have

\[
\frac{1}{y} \frac{dy}{dx} = \textcolor{red}{x \log a}
\]

or

\[
\frac{dy}{dx} = y \textcolor{red}{x \log a}
\]

Thus 

\[
\frac{d}{dx}(a^x) = a^x \textcolor{red}{x \log a}
\]

",True,True,False,0.6730116670092565,False,0,"['**Reasoning:** The differentiation process presented in the answer is correct in principle. The steps taken to differentiate \\(a^x\\) with respect to \\(x\\) involve taking the logarithm of both sides after setting \\(y = a^x\\), then differentiating both sides with respect to \\(x\\). The resulting expression \\(\\frac{d}{dx}(a^x) = a^x \\ln(a)\\) aligns with the standard derivative formula for exponential functions. The logical flow and mathematical correctness of the derivation are preserved up to this point. However, the final step should be simplified to match standard notation for the derivative of an exponential function, which is commonly written as \\(\\frac{d}{dx}(a^x) = a^x \\ln(a)\\). This is a minor issue related to notation but does not affect the accuracy of the differentiation itself.\n  \n**Error:** 0', '**Reasoning:** The answer correctly differentiates \\(a^x\\) with respect to \\(x\\). The steps taken to differentiate the equation by taking the natural logarithm of both sides and then differentiating are correct. The final step also correctly substitutes back \\(y = a^x\\) and simplifies to \\(a^x \\cdot x \\log(a)\\).\n\n**Error:** 0', '**Reasoning:** The answer provided contains no logical errors in its steps. Each step in the differentiation process is correctly followed. \n\nFor instance:\n1. The initial assumption \\( y = a^x \\) is valid.\n2. Taking the natural logarithm of both sides leads to \\( \\ln(y) = x \\ln(a) \\).\n3. Differentiating both sides with respect to \\( x \\) yields \\( \\frac{1}{y} \\frac{dy}{dx} = x \\ln(a) \\).\n4. Multiplying both sides by \\( y \\) results in \\( \\frac{dy}{dx} (a^x) = a^x \\ln(a) \\).\n\nAll operations and steps are consistent with standard mathematical differentiation rules.\n\n**Error:** 0', '**Reasoning:** The answer provided seems to include correct steps for differentiating \\( a^x \\) with respect to \\( x \\). However, upon closer inspection, it appears that there might be a small mistake in the final step. The differentiation should yield \\( \\frac{d}{dx}(a^x) = a^x \\cdot \\ln(a) \\), not \\( a^x \\cdot \\log(a) \\). The use of \\( \\ln(a) \\) instead of \\( \\log(a) \\) is correct because \\( \\log(a) \\) represents the natural logarithm of \\( a \\), whereas \\( \\log_{10}(a) \\) would be used if base 10 logarithm was required.\n\n**Error:** 0', '**Reasoning:** The derivative of \\(a^x\\) with respect to \\(x\\) should be \\(a^x \\log(a)\\), not \\(a^x x \\log(a)\\). In the answer, it incorrectly states that the derivative is \\(a^x x \\log(a)\\), which is incorrect because the variable \\(x\\) is inside the exponentiation, so the correct expression should involve the derivative of \\(a^x\\).\n\n**Error:** 1', '**Reasoning:** The answer provided correctly differentiates \\(a^{x}\\) with respect to \\(x\\) using logarithmic differentiation. The steps outlined are correct: \n\n1. Let \\(y = a^x\\).\n2. Taking the natural logarithm of both sides gives \\(\\ln y = x \\ln a\\).\n3. Differentiating both sides with respect to \\(x\\) yields \\(\\frac{1}{y} \\cdot \\frac{dy}{dx} = \\ln a\\).\n4. Therefore, \\(\\frac{dy}{dx} = y \\cdot \\ln a\\).\n5. Substituting back \\(y = a^x\\), we get \\(\\frac{d}{dx}(a^x) = a^x \\cdot \\ln a\\).\n\nThere are no mistakes in the solution or logic presented in the answer.\n\n**Error:** 0', '**Reasoning:** The answer provided does not contain any arithmetic or logical errors. It correctly differentiates the function \\(a^x\\) with respect to \\(x\\). The steps taken to solve the problem are correct, including taking the natural logarithm (log) of both sides, differentiating using the chain rule, and expressing the derivative in terms of \\(a\\) and \\(x\\). The solution follows the standard method for differentiating exponential functions.\n\n**Error:** 0', '**Reasoning:** The answer provided starts with differentiating \\(a^x\\) with respect to \\(x\\). The initial step involves taking the natural logarithm of both sides, leading to \\(\\log(y) = x \\log(a)\\). Then, the derivative of both sides with respect to \\(x\\) should be considered, but the differentiation process seems to be incorrect. Instead, it seems to directly differentiate \\(y^x\\) instead of \\(a^x\\). This results in an unnecessary change of variable from \\(y\\) back to \\(x\\), which is not typically required when dealing with \\(a^x\\). Additionally, the final step where \\(a^x\\) is differentiated correctly leads us to the correct result, but the initial steps seem logically flawed due to the incorrect differentiation approach.\n\n**Error:** 1', '**Reasoning:** The answer provided appears to be correct according to standard differentiation techniques. The process involves using logarithmic differentiation to find the derivative of \\(a^x\\). The steps involve taking the natural logarithm of both sides and then differentiating implicitly with respect to \\(x\\). This approach is consistent with the theory of differentiation for exponential functions.\n\n**Error:** 0', '**Reasoning:** The answer provides a correct method to differentiate \\(a^x\\) with respect to \\(x\\). First, it correctly states that differentiating \\(y = a^x\\) gives \\(\\log y = x \\log a\\). Then, it correctly differentiates both sides with respect to \\(x\\), yielding \\(\\frac{1}{y} \\cdot \\frac{d y}{d x} = x \\log a\\). Finally, multiplying both sides by \\(y\\) gives the derivative as \\(y^x \\log a\\). All steps are logically consistent and there are no apparent errors in the calculation or logic presented.\n\n**Error:** 0', '**Reasoning:** The answer does not provide a consistent chain of thought from the initial assumption to the final result. It starts with assuming \\( y = ax^k \\) but then incorrectly differentiates it to get \\( x\\log(a) \\). This is incorrect since the correct differentiation of \\( y = ax^x \\) using logarithmic differentiation gives \\( \\frac{1}{y} \\frac{dy}{dx} = x y^{x-1} \\log(a) \\), not simply \\( x\\log(a) \\).\n\n**Error:** 1', '**Reasoning:** The answer does not follow the standard procedure for differentiating \\(a^x\\) with respect to \\(x\\). The derivative should be \\(a^x \\ln(a)\\), not \\(a^x \\log(a)\\).\n\n**Error:** 1', '**Reasoning:** The answer contains several logical errors. First, it incorrectly states that \\(\\frac{d}{dx} (a^x) = x \\log a\\). The correct derivative of \\(a^x\\) with respect to \\(x\\) is actually \\(a^x \\cdot \\ln(a)\\). Additionally, at the end, the final expression should be \\(\\frac{d}{dx}(a^x) = a^x \\ln(a)\\), not \\(a^x \\cdot \\log(a)\\). The use of ""x log a"" instead of ""x ln(a)"" is incorrect.\n\n**Error:** 1', '**Reasoning:** The answer does not correctly differentiate the function \\( y = a^x \\). It incorrectly differentiates \\( y = x \\log a \\) instead of \\( y = a^x \\). The correct differentiation should be \\( \\frac{d}{dx}(a^x) = a^x \\ln(a) \\). The solution provided does not match this expected derivative.\n\n**Error:** 1', '**Reasoning:** The given answer correctly differentiates \\(a^x\\) with respect to \\(x\\). Let\'s break it down step-by-step:\n\n1. **Given**: We have \\(y = a^x\\).\n2. **Differentiate**: To differentiate \\(a^x\\) with respect to \\(x\\), we can use logarithmic differentiation.\n3. **Logarithmic Differentiation**: Take the natural logarithm of both sides:\n   \\[\n   \\ln(y) = \\ln(a^x)\n   \\]\n   Using the property of logarithms, \\(\\ln(a^x) = x \\ln(a)\\):\n   \\[\n   \\ln(y) = x \\ln(a)\n   \\]\n4. **Differentiate**: Differentiate both sides with respect to \\(x\\):\n   \\[\n   \\frac{1}{y} \\cdot \\frac{dy}{dx} = \\ln(a)\n   \\]\n5. **Solve for \\(\\frac{dy}{dx}\\)**: Multiply both sides by \\(y\\) to isolate \\(\\frac{dy}{dx}\\):\n   \\[\n   \\frac{dy}{dx} = y \\ln(a)\n   \\]\n6. **Substitute \\(y = a^x\\)**: Replace \\(y\\) with \\(a^x\\):\n   \\[\n   \\frac{dy}{dx} = a^x \\ln(a)\n   \\]\n\nThe answer provided matches this result exactly, except for a minor typographical error in the notation. The answer includes ""w.r.t"" instead of ""with respect to,"" but this does not affect the correctness of the mathematical outcome. Therefore, the answer is correct.\n\n**Error:** 0']",5,15,Qwen/Qwen2.5-VL-3B-Instruct,100,0.7201248812718097
"A trader owes a merchant Rs. 10,028 due 1 year hence. The trader wants to settle the account after 3 months. If the rate of interest is 12\% per annum, how much cash should he pay?

\begin{enumerate}
    \item Rs. 9025.20
    \item Rs. 9200
    \item Rs. 9600
    \item Rs. 9560
\end{enumerate}

"," Option B

Required money = P.W. of Rs. 10028 due 9 months hence

\[
\text{Required money} = \frac{10028 \times 100}{100 + \left(12 \times \frac{9}{12}\right)}
\]

\[
= \textcolor{red}{\text{Rs. } 9200 \text{ cents}}
\]

",True,True,True,0.0,True,0,"['**Reasoning:** The answer incorrectly calculates the required money as if it were due 9 months hence instead of 3 months when the trader wants to settle the account after 3 months. The formula used should be for the interest due in 3 months with a rate of 12% per annum.\n\n**Error:** 1', '**Reasoning:** The answer provided does not correctly address the question. The question asks how much cash should be paid after settling the account after 3 months, considering a 12% annual interest rate. However, the answer mistakenly calculates the present value (P.W.) based on a 9-month period, which is incorrect. The correct approach would involve calculating the future value with the given period of 3 months (which is 1/4 of a year) instead of using the 9-month period.\n\n**Error:** 1', '**Reasoning:** The question asks how much cash should he pay if the trader wants to settle the account after 3 months instead of 9 months as mentioned in the answer. The calculation in the answer assumes the settlement is due 9 months hence, but the actual settlement period is 3 months. This assumption impacts the interest calculation, leading to an incorrect result.\n\n**Error:** 1', '**Reasoning:** The calculation of required money is incorrect because the trader wants to settle the account after 3 months, not 9 months. After 3 months, the remaining interest needs to be calculated using the simple interest formula: \\( \\text{Interest} = P \\times r \\times t \\). However, there was a mistake in the time period used in the calculation. The correct time period should be 9 months minus 3 months, which is 6 months. The rate of interest should also be adjusted accordingly.\n\n**Error:** 1', '**Reasoning:** The calculation presented in the answer is incorrect. The formula used to calculate the required money is incorrect. The correct formula should be:\n\\[ \\text{Required Money} = \\frac{\\text{Principal} \\times (1 + \\text{Rate})^{\\text{Time}}}{(1 + \\text{Rate})^{\\text{Time}} - 1} \\]\nBut instead, the given formula uses simple interest, which is not correct for the given scenario. This results in an incorrect calculation.\n\n**Error:** 1', ""**Reasoning:** The user has provided an incorrect approach to solving the problem. The question asks for the amount of money the trader should pay after 3 months with an interest rate of 12% per annum. However, the user incorrectly calculates the amount by considering the loan period as 9 months instead of 6 months (3/12). The correct calculation should be based on the actual time period, which is 6 months. The user's approach is flawed because it does not account for the correct time period.\n\n**Error:** 1"", ""**Reasoning:** The question asks how much cash should be paid one year from now, but the answer calculates the amount due in 9 months due to the interest rate being per annum. This calculation for 9 months instead of a year is incorrect because it assumes 3/4th of a year's interest is due, while the correct formula would calculate the total amount after 12 months.\n\n**Error:** 1"", '**Reasoning:** The problem states that the trader owes Rs. 10,028 due in one year. After three months, the trader should settle the account. However, the answer calculates the required money using the formula for simple interest, which assumes the money is borrowed for the entire year instead of just nine months. This is incorrect because the interest is calculated based on the time period from the original due date to the settlement date, which is nine months.\n\n**Error:** 1', '**Reasoning:** The error lies in the calculation of the required money. The formula used to calculate the present worth (PW) should be adjusted according to the time period between the due date and the settlement date. The correct formula should account for the interest in the period from one year until three months. The given answer incorrectly uses 9025.20 as the required money, which is not consistent with the standard method of calculating present worth considering the discounting of interest over a certain period.\n\n**Error:** 1', '**Reasoning:** The answer provided is incorrect. The question asks how much cash should be paid one year hence after three months have passed. The time period mentioned is three months, not one year. Therefore, the calculation provided is for a different time period than what is asked in the question.\n\n**Error:** 1', '**Reasoning:** The calculation presented in the answer is incorrect. The formula for calculating the required money considering interest should be adjusted properly. The correct formula for compound interest is \\( A = P \\left(1 + \\frac{r}{n}\\right)^{nt} \\) where \\( r \\) is the annual interest rate, \\( n \\) is the number of times interest is compounded per year, and \\( t \\) is the time the money is invested for in years. Here, the interest rate is 12% per annum, compounded quarterly (since the question implies monthly payments every three months), and the time period is 9 months. \n\nFor 9 months, the number of periods would be \\( \\frac{9}{3} = 3 \\) periods. Thus, the correct calculation should be:\n\\[ A = 10028 \\times \\left(1 + \\frac{12\\%}{4}\\right)^{3} \\]\n\nHowever, the given answer directly calculates the amount as 9200 cents without accounting for the compounding effect correctly.\n\n**Error:** 1', '**Reasoning:** The answer provided uses the formula for simple interest incorrectly. The question specifies that the trader wants to settle the account after 3 months, but the calculation assumes it as 9 months due. This leads to an incorrect result since the correct monthly interest rate should be applied for 3 months instead of 9 months. Additionally, the conversion from cents to rupees is done in the wrong step.\n\n**Error:** 1', '**Reasoning:** The answer incorrectly calculates the required money by using the incorrect interest calculation formula and the incorrect number of months. The correct approach should be to calculate the interest for the remaining time until the account can be settled after 3 months. The interest should be calculated on the original amount for the remaining time, which is 9 months instead of 1 year.\n\n**Error:** 1', '**Reasoning:** The Solution incorrectly calculates the required money as if it needs to be paid within 9 months instead of 3 months. The correct approach should consider the interest rate only for the period of 3 months, which is half a year (since 12% per annum is equivalent to 6% per half a year). \n\n**Error:** 1', '**Reasoning:** The answer provided does not correctly address the problem. The question asks how much cash should be paid after 3 months, with a rate of interest of 12% per annum. The provided formula calculates the present value (PV) of Rs. 10,028 due in 9 months (which is incorrect for the 3-month payment). The correct formula for the present value of a future sum of money with interest is:\n\\[ PV = \\frac{FV}{1 + r \\times t} \\]\nWhere \\( FV = 10,028 \\) (future value), \\( r = 0.12 \\) (rate of interest), and \\( t = \\frac{3}{12} \\) (time in years).\nPlugging in these values, we get:\n\\[ PV = \\frac{10,028}{1 + 0.12 \\times \\frac{3}{12}} = \\frac{10,028}{1 + 0.03} = \\frac{10,028}{1.03} = 9756.31 \\]\nHowever, since the options provided do not include this amount, it seems there might have been a mistake in the reference materials or the problem statement itself.\n\n**Error:** 1']",5,15,Qwen/Qwen2.5-VL-3B-Instruct,100,0.24493002679463532
"Express the following in the form \( a + ib \) 

(i) \(\frac{5 + \sqrt{2}i}{1 - \sqrt{2}i}\) \quad (ii) \(i^{-35}\)

"," 

(i) We have,
\[
\textcolor{red}{= \frac{3 + 6\sqrt{2}i}{1 + 2}}
\]
\[
\frac{5 + \sqrt{2}i}{1 - \sqrt{2}i} = \frac{5 + \sqrt{2}i}{1 - \sqrt{2}i} \times \frac{1 + \sqrt{2}i}{1 + \sqrt{2}i}
\]
\[
\textcolor{red}{= \frac{3(1 + 2\sqrt{2}i)}{3} = 1 + 2\sqrt{2}i.}
\]

(ii) 
\[
i^{-35} = \frac{1}{i^{35}} = \frac{1}{(i^2)^{17}i} = \frac{1 \times i}{-i} = \textcolor{red}{i.}
\]
\[
\textcolor{red}{= \frac{i}{-(-1)}}
\]

",True,True,True,0.3926744672275521,True,0,"['**Reasoning:** The answer to question ① has an error in the simplification process. The step from \\(\\frac{5+\\sqrt{2}i}{1-\\sqrt{2}i} = \\frac{3(1+2\\sqrt{2}i)}{3}\\) should be \\(\\frac{5+\\sqrt{2}i}{1-\\sqrt{2}i} \\cdot \\frac{1+\\sqrt{2}i}{1+\\sqrt{2}i} = \\frac{(5+\\sqrt{2}i)(1+\\sqrt{2}i)}{1-2}\\). The denominator was incorrectly simplified to 3 instead of -1, which introduces an error in the subsequent steps.\n\n**Error:** 1', '**Reasoning:** The solution provided for question ① contains an arithmetic mistake. After rationalizing the denominator of the fraction \\(\\frac{5+\\sqrt{2}i}{1-\\sqrt{2}i}\\), the numerator should be multiplied correctly: \\(5 + \\sqrt{2}i\\) gets multiplied by \\(\\frac{1 + \\sqrt{2}i}{1 + \\sqrt{2}i}\\) instead of \\(\\frac{1 + 2\\sqrt{2}i}{3}\\). Thus, the correct expression should be:\n\nOriginal expression: \\(\\frac{5 + \\sqrt{2}i}{1 - \\sqrt{2}i}\\)\n\nCorrected expression: \\(\\frac{(5 + \\sqrt{2}i)(1 + \\sqrt{2}i)}{(1 - \\sqrt{2}i)(1 + \\sqrt{2}i)}\\)\n\nExpanding the numerator and denominator gives:\n\\[ = \\frac{5(1 + \\sqrt{2}i) + \\sqrt{2}i(1 + \\sqrt{2}i)}{1^2 - (\\sqrt{2}i)^2}\\]\n\\[ = \\frac{5 + 5\\sqrt{2}i + \\sqrt{2}i + 2i^2}{1 - (-2)}\\]\n\\[ = \\frac{5 + 6\\sqrt{2}i - 2}{3}\\]\n\\[ = \\frac{3 + 6\\sqrt{2}i}{3}\\]\n\\[ = 1 + 2\\sqrt{2}i\\]\n\nThe answer provided does not account for this correction. Therefore, there is an error in the solution.\n\n**Error:** 1\n\n', '**Reasoning:** \nIn the answer for part (ii), the simplification of \\( i^{-35} = \\frac{1}{i^{35}} = \\frac{1}{(i^2)^{17}} = \\frac{1 \\times i}{-i} = i \\) is correct. However, in part (i), the answer incorrectly transforms \\(\\frac{5 + 2\\sqrt{2}i}{1 - \\sqrt{2}i}\\) into \\(\\frac{3 + 6\\sqrt{2}i}{1 + 2}\\). This step involves multiplying by the conjugate of the denominator, but the intermediate steps are incorrect. The correct intermediate step should be \\(\\frac{5 + \\sqrt{2}i}{1 - \\sqrt{2}i} = \\frac{(5 + \\sqrt{2}i)(1 + \\sqrt{2}i)}{(1 - \\sqrt{2}i)(1 + \\sqrt{2}i)} = \\frac{5 + \\sqrt{2}i + 4i + 2i^2}{1 - 2i^2} = \\frac{3 + 4i - 2}{1 + 2} = \\frac{1 + 4i}{3}\\), which does not lead directly to the incorrect result as stated.\n\n**Error:** 1', '**Reasoning:** The answer to question ① has a mistake in the calculation of the product of conjugates. The correct form should be:\n\n\\[\n\\frac{5 + \\sqrt{2}i}{1 - \\sqrt{2}i} = \\frac{(5 + \\sqrt{2}i)(1 + \\sqrt{2}i)}{(1 - \\sqrt{2}i)(1 + \\sqrt{2}i)}\n\\]\n\nMultiplying the numerators and denominators separately, we get:\n\n\\[\n\\frac{5 + 5\\sqrt{2}i + \\sqrt{2}i + (\\sqrt{2})^2 i^2}{1 - (\\sqrt{2})^2 i^2} = \\frac{5 + 5\\sqrt{2}i + \\sqrt{2}i - 2}{1 + 2}\n\\]\n\nSimplifying further:\n\n\\[\n\\frac{3 + 6\\sqrt{2}i}{3} = 1 + 2\\sqrt{2}i\n\\]\n\nTherefore, the answer should be \\(1 + 2\\sqrt{2}i\\) instead of \\(1 + 2\\sqrt{2}\\).\n\n**Error:** 1', '**Reasoning:** The answer provided for question ① is incorrect. The numerator 5 + 2√2i should be multiplied by the conjugate of the denominator (1 - √2i) to eliminate the imaginary part inside the fraction before simplification. The correct form of the expression should be:\n\\[ \\frac{5 + 2\\sqrt{2}i}{1 - \\sqrt{2}i} = \\frac{(5 + 2\\sqrt{2}i)(1 + \\sqrt{2}i)}{(1 - \\sqrt{2}i)(1 + \\sqrt{2}i)} = \\frac{5 + 5\\sqrt{2}i + 2\\sqrt{2}i + 4}{1 - 2} = \\frac{9 + 7\\sqrt{2}i}{-1} = -9 - 7\\sqrt{2}i \\]\n\nFor question ②, the answer correctly simplifies j^35 by reducing the exponent modulo 4, recognizing that i^4k = 1 for integer k, leading to i^(35) = i^(4*8 + 3) = i^3 = -i.\n\n**Error:** 0', '**Reasoning:** The answer for the first part of the question has several issues:\n1. The expression should be simplified correctly.\n2. The multiplication between the two fractions is incorrect.\n3. The final result should be simplified properly to match the form \\(a + bi\\).\n\nFor the second part of the question, the answer seems correct as it simplifies \\(i^{-35}\\) correctly using the properties of exponents and imaginary numbers.\n\n**Error:** 1', '**Reasoning:** \nIn the Answer, the expression for the number \\( j - 85 \\) is simplified incorrectly. The correct simplification should involve recognizing that \\( i^{35} = i^{4(8)} + i^3 = (i^2)^8 \\cdot i^3 = (-1)^8 \\cdot (-i) = -i \\). Therefore, the given answer is incorrect because it does not properly simplify \\( j^{35} \\).\n\n**Error:** 1', ""**Reasoning:** The answer to question ① has a calculation error. In the step **\\( \\frac{5+\\sqrt{2}i}{1-\\sqrt{2}i} = \\frac{5+\\sqrt{2}i}{1-\\sqrt{2}i} \\times \\frac{1+\\sqrt{2}i}{1+\\sqrt{2}i} \\)**, it appears that the denominator does not simplify correctly as per the standard method for rationalizing complex fractions. Instead, the correct approach would be to multiply both the numerator and the denominator by the conjugate of the denominator, which should result in:\n\\[ \\frac{(5 + \\sqrt{2}i)(1 + \\sqrt{2}i)}{(1 - \\sqrt{2}i)(1 + \\sqrt{2}i)} \\]\nThis simplifies to:\n\\[ \\frac{5 + 5\\sqrt{2}i + \\sqrt{2}i + 2i^2}{1 - 2i - 2i + 2i^2} \\]\nSince \\( i^2 = -1 \\), this further reduces to:\n\\[ \\frac{5 + 5\\sqrt{2}i + \\sqrt{2}i - 2}{1 - 4i - 2} \\]\nSimplifying this results in:\n\\[ \\frac{3 + 6\\sqrt{2}i}{-1 - 3i} \\]\n\nQuestion ②'s answer seems correct but lacks proper notation for fraction simplification. However, considering the original expression \\( j^{-35} \\) implies \\( i^{35} \\), this part of the answer is indeed correct according to the properties of complex numbers.\n\n**Error:** 1"", '**Reasoning:** The answer provided for question ① includes a mistake in the arithmetic during the simplification process. Specifically, when multiplying the fractions, it should be done as follows:\n\\[\n\\frac{5 + \\sqrt{2}i}{1 - \\sqrt{2}i} = \\frac{(5 + \\sqrt{2}i)(1 + \\sqrt{2}i)}{(1 - \\sqrt{2}i)(1 + \\sqrt{2}i)}\n= \\frac{5 + 5\\sqrt{2}i + \\sqrt{2}i + 2i^2}{1 - (\\sqrt{2}i)^2}\n= \\frac{5 + 5\\sqrt{2}i + \\sqrt{2}i - 2}{1 + 2}\n= \\frac{3 + 6\\sqrt{2}i}{3}\n= 1 + 2\\sqrt{2}i\n\\]\nHowever, the provided answer incorrectly multiplies the numerator and denominator by \\(1 + \\sqrt{2}i\\) instead of \\(1 - \\sqrt{2}i\\), which changes the expression.\n\n**Error:** 1', '**Reasoning:** The answer to the first question should be simplified correctly. The denominator \\(1-\\sqrt{2}i\\) should be multiplied by its conjugate \\(1+\\sqrt{2}i\\), resulting in \\((1-\\sqrt{2}i)(1+\\sqrt{2}i)=1+2\\sqrt{2}i-2i^2=3+2\\sqrt{2}i\\). Therefore, the denominator becomes \\(3+2\\sqrt{2}i\\). The numerator remains unchanged as it is already in the form of a complex number. Thus, the correct simplified form should be \\(\\frac{5+\\sqrt{2}i}{3+2\\sqrt{2}i}\\), not \\(\\frac{3+6\\sqrt{2}i}{1+2}\\).\n\n**Error:** 1', '**Reasoning:** \nFor the first question, the answer incorrectly simplifies the complex fraction by incorrectly multiplying the numerator and the denominator with the conjugate of the denominator instead of directly simplifying the expression. The correct approach would be to multiply both the numerator and the denominator by the conjugate of the denominator to eliminate the imaginary part, but the current answer does not proceed correctly through this step.\n\nFor the second question, the answer correctly applies the property of powers of i (i.e., i raised to odd powers result in imaginary numbers and i^2 = -1). However, it incorrectly states that i^-35 = 1/i^35 because the power is negative. This is incorrect; the correct approach involves recognizing that i^(-n) can be rewritten as 1/(i^n), which means n should be replaced with its corresponding value in the expression.\n\n**Error:** 1', ""**Reasoning:** \nIn part ①, the answer incorrectly multiplies the numerator and denominator using the conjugate of \\(1-\\sqrt{2}i\\). The correct conjugate of \\(1-\\sqrt{2}i\\) should be \\(1+\\sqrt{2}i\\). Instead, it uses \\(-1+\\sqrt{2}i\\), which leads to an incorrect simplification. Additionally, in part ②, the conversion from \\(j^{35}\\) to \\(e^{j\\frac{7\\pi}{2}}\\) and then to \\(e^{-j\\frac{\\pi}{2}} = -i\\) is not fully justified. The use of powers of imaginary numbers is valid but requires proper simplification and understanding of Euler's formula.\n\n**Error:** 1"", '**Reasoning:** The answer provided for question ① appears to be incorrect. The expression given should be simplified correctly as follows:\n\\[\n\\frac{5 + 2\\sqrt{2}i}{1 - \\sqrt{2}i} = \\frac{(5 + 2\\sqrt{2}i)(1 + \\sqrt{2}i)}{(1 - \\sqrt{2}i)(1 + \\sqrt{2}i)}\n\\]\n\\[\n= \\frac{5 + 5\\sqrt{2}i + 2\\sqrt{2}i - 4}{1 + 2} = \\frac{1 + 7\\sqrt{2}i}{3}\n\\]\nThe denominator simplifies to \\(1 + 2\\) instead of \\(1 - 2\\). Additionally, the numerator should be simplified properly before dividing by the denominator. The term \\(1 - \\sqrt{2}\\) in the denominator is incorrectly written as \\(1 + \\sqrt{2}\\).\n\n**Error:** 1\n\n', '**Reasoning:** The answer for part ① is incorrect because the expression \\(\\frac{5+2\\sqrt{2}i}{1-\\sqrt{2}i}\\) should be simplified correctly by multiplying the numerator and denominator by the conjugate of the denominator. The correct simplification should result in \\(2 + i\\sqrt{2}\\), not \\(1 + 2\\sqrt{2}i\\). \n\nFor part ②, the answer seems to be correct as it simplifies correctly but the final step involving negative one needs correction. It should be \\(-i\\) instead of \\(i\\).\n\n**Error:** 0', ""**Reasoning:** In the answer provided, there are two parts to consider: part ① and part ②. For part ①, the expression \\(\\frac{5+2\\sqrt{2}}{1-\\sqrt{2}i}\\) is incorrectly simplified to \\(\\frac{3+6\\sqrt{2}i}{1+2}\\). The numerator \\(5 + 2\\sqrt{2}i\\) should not be simplified separately like this. Similarly, for part ②, the expression \\(j^(-35)\\) should be simplified correctly as \\(j^{47}\\) because \\(i^{47} = -i\\) due to the pattern of powers of \\(i\\). The step taken to simplify \\(j^{47}\\) as \\(\\frac{j^4}{-j}\\) is incorrect because it doesn't account for the correct simplification of the power.\n\n**Error:** 1""]",5,15,Qwen/Qwen2.5-VL-3B-Instruct,100,0.24493002679463532
"If none of the angles \(x\), \(y\), and \((x + y)\) is an odd multiple of \(\frac{\pi}{2}\), then 

\[
\tan (x + y) = \frac{\tan x + \tan y}{1 - \tan x \tan y}
\]

Since none of \(x\), \(y\), and \((x + y)\) is an odd multiple of \(\frac{\pi}{2}\), it follows that \(\cos x\), \(\cos y\), and \(\cos(x + y)\) are non-zero. Now,

\[
\tan (x + y) = \frac{\sin(x + y)}{\cos(x + y)} = \frac{\sin x \cos y + \cos x \sin y}{\cos x \cos y - \sin x \sin y}.
\]

Dividing numerator and denominator by \(\cos x \cos y\), we have

\[
\tan (x + y) = \frac{\sin x \cos y + \cos x \sin y}{\cos x \cos y} \div \frac{\cos x \cos y - \sin x \sin y}{\cos x \cos y}.
\]

Thus,

\[
\tan (x + y) = \frac{\tan x + \tan y}{1 - \tan x \tan y}.
\]

"," 

\[
\tan (x + y) = \textcolor{red}{\frac{\tan x + \tan y}{1 + \tan x \tan y}}
\]

",True,True,True,0.5799151714181009,True,0,"['**Reasoning:** The answer provided does not match the correct form of the tangent addition formula. The correct form should be \\(\\tan(x+y) = \\frac{\\tan x + \\tan y}{1 - \\tan x \\tan y}\\). The provided answer and the steps leading up to it do not correctly simplify to this form. There is an error in the final step of the solution.\n\n**Error:** 1', '**Reasoning:** The solution provided matches the correct formula for \\(\\tan(x+y)\\). However, there seems to be a minor typo in the final step where the denominator should be \\(1 - \\tan x + \\tan y\\) instead of \\(1 + \\tan x + \\tan y\\). This is because the correct formula should cancel out the signs as shown in the Solution, leading to the denominator being \\(1 - \\tan x + \\tan y\\).\n\n**Error:** 1', '**Reasoning:** The Answer does not contain any mathematical errors within the content presented. The derivation steps for calculating tan(x+y) using trigonometric identities are correct, and the final expression matches the expected form. There are no logical inconsistencies or typographical errors related to the answer itself.\n\n**Error:** 0', '**Reasoning:** The answer contains a mistake in the final simplification step. The correct answer should be:\n\\[ \\tan(x+y) = \\frac{\\tan x + \\tan y}{1 - \\tan x \\tan y} \\]\nThe given answer has an extraneous + sign after \\(\\tan x\\). This is incorrect as it introduces an additional term that does not align with the standard formula for the tangent of a sum.\n\n**Error:** 1', '**Reasoning:** The Answer provided matches the given question exactly. There is neither a missing step nor an incorrect step in the solution. The derivation follows logically from the given question statement, and each step appears to be correctly applied using trigonometric identities and properties.\n\n**Error:** 0', '**Reasoning:** The answer provided has two different expressions for \\(\\tan(x+y)\\). In the first part of the answer, it correctly states that \\(\\tan(x+y) = \\frac{\\sin(x+y)}{\\cos(x+y)}\\). However, in the second part, it incorrectly simplifies \\(\\tan(x+y)\\) to \\(\\frac{\\tan x + \\tan y}{1 - \\tan x \\tan y}\\) instead of using the sum-to-product formulas as shown in the original question. This is an error because the correct formula should be derived from the sum of angles identities, which involves sine and cosine functions, not tangent functions directly.\n\n**Error:** 1', '**Reasoning:** The answer provided does not follow the correct steps to derive the formula for \\(\\tan(x+y)\\). The initial step where it states ""Dividing numerator and denominator by cosx.cosy"" is incorrect because the correct approach involves dividing by sinxy (siny.sinx) after simplifying the expression. In addition, the final simplified form of the expression does not match the given Answer.\n\n**Error:** 1', '**Reasoning:** The answer provided in the question does not match the solution step-by-step. Instead of dividing numerators and denominators by \\(cos x cos y\\), it appears to have made an algebraic mistake when simplifying the expression for \\(\\tan(x+y)\\). Specifically, the incorrect approach seems to lead to:\n\\[ \\tan(x+y) = \\frac{-\\tan x + \\tan y}{1 - \\tan x \\tan y} \\]\nThis is not correct since the correct formula should be:\n\\[ \\tan(x+y) = \\frac{\\tan x + \\tan y}{1 - \\tan x \\tan y} \\]\n\n**Error:** 1', '**Reasoning:** The answer provided has a minor mistake in the final expression. The correct expression should be \\(\\frac{\\tan x + \\tan y}{1 - \\tan x \\tan y}\\) instead of \\(\\frac{-\\tan x + \\tan y}{1 + \\tan x + \\tan y}\\). This is because the tangent addition formula requires the negative sign when subtracting tangents, not the sum as presented.\n\n**Error:** 1', '**Reasoning:** The given solution does not contain any mathematical errors. The steps presented are correct and follow the rules of trigonometric identities as shown in the original question.\n\n**Error:** 0', '**Reasoning:** The answer provided includes a minor logical error. In the second step of the derivation, the numerator should be expressed as \\(\\frac{\\sin x \\cos y + \\cos x \\sin y}{\\cos x \\cos y}\\) instead of \\(\\frac{\\sin x \\cos y + \\cos x \\sin y}{\\cos^2 x \\cos^2 y - \\sin^2 x \\sin^2 y}\\). This results in an incorrect expression for \\(\\tan(x+y)\\).\n\n**Error:** 1', '**Reasoning:** The answer provided is incorrect because it does not simplify the expression correctly after dividing the numerator and denominator by \\(\\cos x \\cos y\\). The correct simplification should be closer to \\(\\frac{\\tan x + \\tan y}{1 - \\tan x \\tan y}\\) instead of the given incorrect form.\n\n**Error:** 1', '**Reasoning:** The Answer incorrectly suggests that \\(\\tan(x+y) = \\frac{\\tan x + \\tan y}{1 - \\tan x \\cdot \\tan y}\\). This is incorrect because the correct formula is \\(\\tan(x+y) = \\frac{\\tan x + \\tan y}{1 - \\tan x \\cdot \\tan y}\\). The answer provided reverses the terms in the denominator and numerator, leading to an incorrect expression.\n\n**Error:** 1', '**Reasoning:** The answer provided contains a typo in the denominator. The correct expression should be \\(\\frac{tanx + tany}{1 - tanx tany}\\) instead of \\(\\frac{tan x + tan y}{1 + tan x + tan y}\\). This mistake directly impacts the correctness of the final equation.\n\n**Error:** 1', '**Reasoning:** The answer provided appears to be correct. It correctly follows the steps outlined in the question to derive the formula for \\(\\tan(x+y)\\) when none of \\(x\\), \\(y\\), and \\(x+y\\) is an odd multiple of \\(\\frac{\\pi}{2}\\). The derivation involves transforming the sine and cosine terms into tangent functions using the sum formulas, ensuring all necessary conditions are met.\n\n**Error:** 0']",5,15,Qwen/Qwen2.5-VL-3B-Instruct,100,0.953271014705891
"Solve the following pair of equations by substitution method:
\begin{align*}
7x - 15y &= 2 \quad (1) \\
x + 2y &= 3 \quad (2)
\end{align*}

","
\text{Step 1:} We pick either of the equations and write one variable in terms of the other. Let us consider Equation (2):
\begin{align*}
x + 2y &= 3 \\
x &= 3 - 2y \quad (3)
\end{align*}

\text{Step 2:} Substitute the value of \(x\) in Equation (1):
\begin{align*}
7(3 - 2y) - 15y &= 2 \\
21 - 14y - 15y &= 2 \\
21 - 29y &= 2 \\
-29y &= -19 \\
y &= \frac{19}{29}
\end{align*}

\text{Step 3:} Substituting this value of \(y\) in Equation (3), we get:
\begin{align*}
x &= 3 - 2\left(\frac{19}{29}\right) = \frac{49}{29}
\end{align*}

\textcolor{red}{\text{Therefore, the value of \(x\) is } x = \frac{49}{29}.}

",True,True,True,0.5004024235381879,True,0,"['**Reasoning:** The error lies in the simplification of the equation during step 2. In equation (2), when substituting \\( n = 3 - 2y \\) into equation (1), the correct form should be \\( 7(3 - 2y) - 15y = 2 \\). However, instead, it was simplified incorrectly as \\( 21 - 14y - 15y = 2 \\). This results in incorrect coefficients for \\( y \\).\n\n**Error:** 1', ""**Reasoning:** The student's step 3 has a minor error in notation. The step should be \\( x = 3 - 2 \\left( \\frac{19}{29} \\right) = \\frac{49}{29} \\). However, the student incorrectly writes it as \\( x = \\frac{49}{29} \\), which is incorrect because the expression inside the denominator should be subtracted from 3.\n\n**Error:** 1"", '**Reasoning:** The mistake occurs in Step 2 when simplifying the equation \\(7(3 - 2y) - 15y = 2\\). The correct simplification should be:\n\\[21 - 14y - 15y = 2\\]\n\\[21 - 29y = 2\\]\n\nHowever, the step provided incorrectly subtracts 14 from 29 instead of correctly multiplying and combining like terms. Subtracting 14 from 29 leads to \\(-17\\), not \\(-19\\). Therefore, the value of \\(y\\) should be calculated as:\n\\[-29y = -17\\]\n\\[y = \\frac{17}{29}\\]\n\nSince this is incorrect, there is an error in the calculation of \\(y\\).\n\n**Error:** 1', '**Reasoning:** \nIn step 3, the student correctly substituted \\( y = \\frac{19}{29} \\) into Equation (2) to find the value of \\( x \\). However, there is an arithmetic error in the final calculation. The student should have calculated \\( x = 3 - 2\\left(\\frac{19}{29}\\right) \\) as follows:\n\\[ x = 3 - 2\\left(\\frac{19}{29}\\right) = 3 - \\frac{38}{29} = \\frac{87}{29} - \\frac{38}{29} = \\frac{49}{29} \\]\n\nTherefore, the correct value of \\( x \\) is \\( \\frac{49}{29} \\).\n\n**Error:** 1', '**Reasoning:** In Step 3, the substitution of \\( y = \\frac{19}{29} \\) into Equation (3) should result in:\n\\[ x = 3 - 2 \\left(\\frac{19}{29}\\right) = 3 - \\frac{38}{29} = \\frac{87}{29} - \\frac{38}{29} = \\frac{49}{29} \\]\nHowever, the answer given does not simplify correctly. It appears to be a mistake as it directly states \\( x = \\frac{49}{29} \\) without completing the subtraction properly.\n\n**Error:** 1', '**Reasoning:** The answer process does not show an error according to the given instructions. Step 2 shows the substitution of \\( n = 3 - 2y \\) into Equation (1), but it appears to be a mistake because step 3 incorrectly substitutes \\( y = \\frac{19}{29} \\) into Equation (3) instead of using the correctly substituted value from step 2. Therefore, the answer should have used the correct value from step 2 when substituting back into Equation (3) to find \\( x \\).\n\n**Error:** 0', '**Reasoning:** The answer contains an arithmetic error in Step 3. When substituting \\( y = \\frac{19}{29} \\) into Equation (3), the calculation should be:\n\\[ x = 3 - 2 \\left( \\frac{19}{29} \\right) = 3 - \\frac{38}{29} = \\frac{87}{29} - \\frac{38}{29} = \\frac{49}{29} \\]\nHowever, the final answer provided is incorrect as it incorrectly simplifies the fraction to \\( \\frac{49}{29} \\) instead of correctly expressing it as \\( x = \\frac{49}{29} \\).\n\n**Error:** 1', '**Reasoning:** The answer contains an arithmetic error in the equation where the value of \\( y \\) is calculated. Specifically, when substituting \\( -29y = -19 \\), the correct calculation should be \\( y = \\frac{19}{29} \\). However, the answer incorrectly states \\( y = \\frac{19}{29} \\) instead of \\( y = \\frac{19}{29} \\).\n\n**Error:** 1', '**Reasoning:** The steps provided in the answer seem correct up until step 3. However, there appears to be an issue with the simplification in step 2. The equation \\(7(3 - 2y) - 15y = 2\\) should be simplified correctly as follows:\n\\[ 21 - 14y - 15y = 2 \\]\n\\[ 21 - 29y = 2 \\]\n\\[ -29y = -19 \\]\n\\[ y = \\frac{-19}{-29} \\]\n\\[ y = \\frac{19}{29} \\]\n\nIn step 3, the substitution into Equation (3) appears to be correct, but the value of \\(x\\) should be:\n\\[ x = 3 - 2\\left(\\frac{19}{29}\\right) = 3 - \\frac{38}{29} = \\frac{87}{29} - \\frac{38}{29} = \\frac{49}{29} \\]\nwhich matches the final answer provided.\n\n**Error:** 0', ""**Reasoning:** \nIn Step 3 of the solution, the value for \\( x \\) is calculated as \\( x = 3 - 2 \\left( \\frac{19}{29} \\right) \\). First, let's simplify this expression:\n\\[ x = 3 - 2 \\left( \\frac{19}{29} \\right) = 3 - \\frac{38}{29} \\]\nTo subtract these fractions, we need a common denominator. The common denominator for 3 and 29 is 29:\n\\[ x = \\frac{3 \\times 29}{29} - \\frac{38}{29} = \\frac{87}{29} - \\frac{38}{29} = \\frac{49}{29} \\]\n\nThe solution obtained from the calculation matches the answer given in the problem, so the calculation for \\( x \\) appears correct.\n\n**Error:** 0"", '**Reasoning:** The answer contains an error in Step 3. When substituting \\( y = \\frac{19}{29} \\) back into Equation (3), the correct calculation should be \\( x = 3 - 2 \\cdot \\frac{19}{29} \\). However, the answer incorrectly simplifies this to \\( x = \\frac{49}{29} \\) instead of subtracting properly.\n\n**Error:** 1', '**Reasoning:** \nIn step 3, the substitution process appears correct up until the calculation of \\( x \\). However, when substituting \\( y = \\frac{19}{29} \\) into Equation (3), the value of \\( x \\) should be calculated as follows:\n\\[ x = 3 - 2 \\left( \\frac{19}{29} \\right) \\]\nFirst, simplify inside the parentheses:\n\\[ x = 3 - 2 \\cdot \\frac{19}{29} \\]\nNext, multiply:\n\\[ x = 3 - \\frac{38}{29} \\]\nNow, convert 3 to a fraction with a denominator of 29:\n\\[ x = \\frac{87}{29} - \\frac{38}{29} \\]\nFinally, subtract the fractions:\n\\[ x = \\frac{87 - 38}{29} = \\frac{49}{29} \\]\n\nThe correct value for \\( x \\) is \\(\\frac{49}{29}\\), not \\(\\frac{49}{29}\\), which was likely a typo in the answer provided.\n\n**Error:** 1', '**Reasoning:** In Step 2, the student incorrectly substituted the value of \\( n \\) into Equation (1) instead of using the expression \\( n = 3 - 2y \\) from Equation (3). The correct substitution should be \\( 7(3 - 2y) - 15y = 2 \\). This results in a miscalculation because the equation should be simplified correctly before solving for \\( y \\).\n\n**Error:** 1', '**Reasoning:** The error lies in the step where \\(x\\) is calculated from Equation (3). The correct calculation of \\(y\\) should be substituted back into Equation (2) to find \\(x\\). \n\nThe value of \\(x\\) should be:\n\\[ x = 3 - 2 \\left( \\frac{19}{29} \\right) = 3 - \\frac{38}{29} = \\frac{87}{29} - \\frac{38}{29} = \\frac{49}{29} \\]\n\n**Error:** 1', '**Reasoning:** The steps provided seem correct up to Step 2. However, in Step 3, there appears to be a mistake in the expression for \\(x\\). The result should be \\( x = 3 - 2 \\left( \\frac{19}{29} \\right) \\), but the expression calculates as \\( x = 3 - 2 \\cdot 19 / 29 \\). This would simplify to \\( x = 3 - 38 / 29 \\), which results in \\( x = 3 - 1.31578947368421 \\approx 1.68421052631578 \\). Therefore, the final answer for \\(x\\) is not correctly computed in the provided solution.\n\n**Error:** 1']",5,15,Qwen/Qwen2.5-VL-3B-Instruct,100,0.0
"Using the binomial theorem, prove that \(6^n - 5n\) always leaves remainder 1 when divided by 25.

"," For two numbers \(a\) and \(b\) if we can find numbers \(q\) and \(r\) such that \(a = bq + r\), then we say that \(b\) divides \(a\) with \(q\) as quotient and \(r\) as remainder. Thus, in order to show that \(6^n - 5n\) leaves remainder 1 when divided by 25, we prove that 

\[
6^n - 5n = 25k + 1,
\]

where \(k\) is some natural number.

We have 

\[
(1 + a)^n = \sum_{i=0}^{n} C_n^i a^i.
\]

For \(a = 5\), we get 

\[
(1 + 5)^n = C_n^0 + C_n^1 5 + C_n^2 5^2 + \ldots + C_n^n 5^n.
\]

i.e. 

\[
(6)^n = 1 + 5n + 5^2 C_n^2 + 5^3 C_n^3 + \ldots + 5^n.
\]

i.e. 

\[
6^n - 5n = 1 + 5^2 \left( C_n^2 + C_n^3 5 + \ldots + 5^{n-2} \right)
\]

or 

\[
6^n - 5n = 1 + 25 \left( C_n^2 + 5 C_n^3 + \ldots + 5^{n-2} \right)
\]

or 

\[
6^n - 5n = 25k + 1 \quad \text{where } k = C_n^2 + 5 C_n^3 + \ldots + 5^{n-2}.
\]

This shows that when divided by 25, \(6^n - 5n\) leaves remainder 1.

\textcolor{red}{To verify, let's find the remainder when \(6^n + 5n\) is divided by 25. Consider the expression \(6^n + 5n\)}. Using similar steps, we get:

\textcolor{red}{
\[
6^n + 5n = 1 + 25k \quad \text{where } k \text{ is an integer.}
\]
}

\textcolor{red}{Thus, \(6^n + 5n\) leaves a remainder of 1 when divided by 25.}

",True,True,False,0.6909233093138181,True,0,"['**Reasoning:** The solution follows the steps correctly to prove that \\(6^n - 5n\\) leaves a remainder of 1 when divided by 25. However, there is a small arithmetic error in the final step:\n\nIn the last line, where it states:\n\\[ 6^2 - 5n = 25k + 1 \\]\nshould be corrected to:\n\\[ 6^2 - 5n = 25(4k) + 1 \\]\nwhere \\( k \\) is an integer derived from the polynomial expansion.\n\n**Error:** 0', '**Reasoning:** The answer starts with stating that if two numbers \\(a\\) and \\(b\\) are such that \\(a = bq + r\\), then \\(b\\) divides \\(a\\) with \\(q\\) as quotient and \\(r\\) as remainder. This statement is correctly applied in the context of the binomial theorem used to prove the rest of the problem. However, the subsequent steps involve incorrectly applying the properties of binomial coefficients and exponents to derive the correct remainder when \\(6^n - 5^n\\) is divided by 25. Specifically, the use of the binomial expansion and the properties of powers of 5 in the expansion are not accurately applied, leading to incorrect simplification and derivation of the remainder.\n\n**Error:** 1', '**Reasoning:** The answer provided appears correct. It correctly applies the binomial theorem to show that \\(6^n - 5^n\\) leaves a remainder of 1 when divided by 25. The steps taken to derive this result are logically sound, and all mathematical expressions and calculations seem to be accurately represented. There is no apparent error in the derivation or the conclusion drawn from it.\n\n**Error:** 0', '**Reasoning:** The answer contains a minor typographical error in the notation of binomial coefficients. Specifically, it mistakenly uses \\( C_n^2 \\) instead of \\( C_n^2 \\) when expanding \\( (1+5)^n \\). This results in incorrect coefficients being used in the expansion.\n\n**Error:** 1', '**Reasoning:** The answer appears to be correct as it follows the steps outlined in the problem statement correctly. The derivation using binomial expansion and simplification has been done accurately, leading to the conclusion that \\(6^n - 5^n\\) always leaves a remainder of 1 when divided by 25.\n\n**Error:** 0', '**Reasoning:** The answer uses the binomial theorem correctly but has a typographical error in the equation for \\(6^n - 5^n\\). Specifically, it should be written as \\((1+5)^n = C_n^0 + C_n^1 + C_n^2 + ... + C_n^{n-1} \\cdot 5^n + C_n^n \\cdot 5^n\\) rather than just ""C_n^0 + C_n^1 + C_n^2 + ... + C_n^{n-1} \\cdot 5^n"". This change is necessary because it incorporates the term \\(C_n^n \\cdot 5^n\\) which is crucial for the expansion of \\((1+5)^n\\). The rest of the steps appear correct.\n\n**Error:** 1', '**Reasoning:** The answer does not contain any mathematical errors as presented. The steps follow the correct procedures of applying the binomial theorem and verifying the conditions using the modulo operation. There are no logical flaws, incorrect calculations, or misinterpretations in the solution process.\n\n**Error:** 0', '**Reasoning:** The answer contains a logical error in the final step. It states that \\(6^n - 5n = 25k + 1\\) implies \\(6^n + 5n\\) can be divided by 25 with a remainder of 1, but this is incorrect because it assumes the same form as the original expression. The correct way to approach this would be to consider the binomial expansion directly for \\(6^n + 5n\\), which should show that \\(6^n + 5n \\equiv 1 \\pmod{25}\\) when divided by 25. Therefore, there is an error in the conclusion.\n\n**Error:** 1', '**Reasoning:** The answer includes the correct application of the binomial theorem and the steps to show that \\(6^n - 5^n\\) leaves a remainder of 1 when divided by 25. However, there seems to be a logical gap in the final part of the Answer as it does not clearly state how to verify that \\(6^n + 5^n\\) also leaves a remainder of 1 when divided by 25 using similar steps. This omission makes it unclear if the complete proof has been presented.\n\n**Error:** 1', '**Reasoning:** The answer provided follows the steps correctly to prove that \\(6^n - 5n\\) always leaves a remainder of 1 when divided by 25. The use of binomial expansion and the properties of powers of 5 are applied accurately. There are no apparent mistakes in the logical sequence or calculations presented.\n\n**Error:** 0', ""**Reasoning:** The Answer contains two sections: proving that \\(6^n - 5^n\\) leaves remainder 1 when divided by 25 using the binomial theorem and verifying this result by dividing \\(6^n + 5^n\\) by 25. The first section appears to be correct but incomplete in terms of the final step. The second section seems to be a repetition of the first section's arguments and doesn't provide new verification steps. There is no explicit indication of an error in the reasoning process itself, but the completeness of the verification section needs to be addressed.\n\n**Error:** 1"", '**Reasoning:** The answer starts with stating that \\(6^n - 5n\\) always leaves remainder 1 when divided by 25. This statement is correct. However, the subsequent steps involve expanding \\((1+5)^n\\) using the binomial theorem, which is also correct, but then incorrectly states that \\((6)^n = 1 + 5^n\\). This is incorrect because \\((6)^n\\) should be expanded using the binomial theorem as well, and the terms involving 5 must be considered properly. Additionally, the final step where it is stated that \\(6^n - 5n = 25k + 1\\) where \\(k = C_n^2 + 5C_n^3 + ... + 5^{n-2}\\) does not follow the correct pattern of binomial expansion results. The value of \\(k\\) should be derived from the binomial coefficients, which are not directly stated or computed correctly here.\n\n**Error:** 1', '**Reasoning:** The answer seems to be correct. The steps taken to prove that \\(6^n - 5^n\\) leaves a remainder of 1 when divided by 25 are logically sound and follow the principles of binomial expansion and modular arithmetic. Each step aligns with standard mathematical reasoning and does not contain any apparent mistakes.\n\n**Error:** 0', '**Reasoning:** The answer does not contain any mathematical errors; it correctly uses the binomial theorem to prove that \\(6^n - 5^n\\) always leaves a remainder of 1 when divided by 25. The steps taken to solve the problem are logically sound and consistent with the use of the binomial theorem. There is no indication of a mistake in the calculations or logical sequence.\n\n**Error:** 0', '**Reasoning:** The answer does not contain any obvious numerical computation mistakes. The use of binomial theorem is correctly applied, and the steps align with the question\'s requirements. However, there is a potential issue with the notation used for the final step. The expression \\(6^n - 5n\\) should be expressed in terms of \\(25k + 1\\), but the notation suggests a substitution involving negative powers of 5 which might be incorrect due to the context of the problem. Additionally, the phrase ""Thus"" appears to be misplaced and should precede the verification part rather than starting the answer.\n\n**Error:** 1']",5,15,Qwen/Qwen2.5-VL-3B-Instruct,100,0.7201248812718097
"Prove that 
\[
3 \sin \frac{\pi}{6} \sec \frac{\pi}{3} - 4 \sin \frac{5\pi}{6} \cot \frac{\pi}{4} = 1
\]

"," We have
\[
\text{L.H.S.} = 3 \sin \frac{\pi}{6} \sec \frac{\pi}{3} - 4 \sin \frac{5\pi}{6} \cot \frac{\pi}{4}
\]
\[
= 3 \times \frac{1}{2} \times 2 - 4 \sin \left( \frac{\pi - \frac{\pi}{6}}{1} \right) \times 1 = 3 - 4 \sin \textcolor{red}{\frac{\pi}{3}}
\]
\[
= 3 - 4 \times \frac{1}{2} = 1 = \text{R.H.S.}
\]

",True,True,True,0.0,True,0,"['**Reasoning:** The Answer attempts to prove the trigonometric identity but makes some logical errors. First, it incorrectly simplifies sin(\\frac{\\pi}{6}) as \\frac{1}{2} instead of using its sine value directly. Second, it incorrectly applies the subtraction rule for sine when dealing with angles that are multiples of \\pi, leading to a misplaced negative sign. Additionally, the final step subtracts and then multiplies by 4 instead of subtracting and multiplying by \\frac{1}{2}. These errors prevent the final equation from being logically equivalent to R.H.S.\n\n**Error:** 1', '**Reasoning:** The answer does not correctly simplify the expression involving trigonometric functions. Specifically, the sine function should be evaluated using the correct formula for \\(\\sin\\left(\\frac{\\pi}{3} - \\frac{\\pi}{6}\\right)\\). The current approach incorrectly applies the sine of the difference between two angles without simplifying it properly.\n\n**Error:** 1', '**Reasoning:**\nIn the given problem, the question states to prove that:\n\\[ 3\\sin \\frac{\\pi}{6}\\sec \\frac{\\pi}{3} - 4\\sin \\frac{5\\pi}{6}\\cot \\frac{\\pi}{4} = 1 \\]\n\nThe Answer provided starts correctly by stating:\n\\[ L.H.S. = 3\\sin \\frac{\\pi}{6}\\sec \\frac{\\pi}{3} - 4\\sin \\frac{5\\pi}{6}\\cot \\frac{\\pi}{4} \\]\nThis is correct up to this point. However, the next step involves simplifying the expression \\( \\sin \\frac{5\\pi}{6} \\). But \\( \\frac{5\\pi}{6} \\) is an angle between \\( \\pi \\) and \\( \\frac{3\\pi}{2} \\), making it in the third quadrant. In the third quadrant, the sine function is negative. Therefore, \\( \\sin \\frac{5\\pi}{6} = \\sin (\\pi - \\frac{\\pi}{6}) = \\sin \\frac{\\pi}{6} = \\frac{1}{2} \\).\n\nThe answer then proceeds with \\( \\sin \\frac{5\\pi}{6} = 4 \\), which is incorrect because it should be equal to \\( \\frac{1}{2} \\), not 4. This mistake leads to all subsequent calculations being off by a factor of 8.\n\n**Error:** 1', '**Reasoning:** The solution does contain an error. In the equation where L.H.S. is simplified to R.H.S., the term \\(3 - 4 \\times \\frac{1}{2}\\) should instead be \\(3 - 4 \\times \\frac{\\pi}{3}\\) because it should reflect the correct values used in the original problem. The answer incorrectly multiplies by \\(\\frac{1}{2}\\) instead of \\(\\frac{\\pi}{3}\\), leading to an incorrect simplification of the expression.\n\n**Error:** 1', '**Reasoning:** The answer provided does not correctly follow the proof process outlined in the question. Specifically, it misinterprets the trigonometric identities and values used in the original expression. The L.H.S. should be evaluated using the correct trigonometric values and identities, not simply replacing them with their numerical equivalents as shown.\n\n**Error:** 1', '**Reasoning:** The answer provided includes a step where L.H.S. = 3 × \\frac{1}{2} × 2 - 4 × sin(π - \\frac{π}{6}) × 1. However, the correct approach should be to evaluate the trigonometric functions directly and simplify as follows:\n\\[ \\text{L.H.S.} = 3\\sin(\\frac{\\pi}{6})\\sec(\\frac{\\pi}{3}) - 4\\sin(\\frac{5\\pi}{6})\\cot(\\frac{\\pi}{4}) \\]\n\\[ = 3 \\cdot \\frac{1}{2} \\cdot 2 - 4 \\cdot \\frac{1}{2} \\cdot 1 \\]\n\\[ = 3 - 2 = 1 \\]\nSince the steps taken are incorrect and do not lead to the correct simplification, this indicates an error in the answer.\n  \n**Error:** 1', '**Reasoning:** The answer incorrectly simplifies the expression for L.H.S. The original expression should be simplified using trigonometric identities such as sec(π/3) = 2 and cot(π/4) = 1. However, the answer incorrectly converts sin(π/6) to 1/2 instead of using the identity sin(π/6) = 1/2 directly.\n\n**Error:** 1', '**Reasoning:** The answer includes a step that incorrectly simplifies \\(\\sin\\left(\\frac{\\pi}{6} - \\frac{\\pi}{3}\\right)\\) to \\(\\frac{1}{2}\\). This is incorrect because \\(\\sin\\left(\\frac{\\pi}{6} - \\frac{\\pi}{3}\\right) = \\sin\\left(-\\frac{\\pi}{6}\\right) = -\\frac{1}{2}\\). The correct simplification should be \\(\\sin\\left(\\frac{\\pi}{6} - \\frac{\\pi}{3}\\right) = \\sin\\left(-\\frac{\\pi}{6}\\right) = -\\frac{1}{2}\\).\n\n**Error:** 1', ""**Reasoning:** The answer provided does not correctly simplify the trigonometric expressions. Specifically, the expression \\(\\sin\\frac{5\\pi}{6}\\cot\\frac{\\pi}{4}\\) should be simplified first before proceeding with the multiplication. Let's break it down step-by-step:\n\n1. Simplify \\(\\sin\\frac{5\\pi}{6}\\):\n   \\[\n   \\sin\\frac{5\\pi}{6} = \\sin(\\pi - \\frac{\\pi}{6}) = \\sin\\frac{\\pi}{6} = \\frac{1}{2}\n   \\]\n\n2. Simplify \\(\\cot\\frac{\\pi}{4}\\):\n   \\[\n   \\cot\\frac{\\pi}{4} = \\frac{\\cos\\frac{\\pi}{4}}{\\sin\\frac{\\pi}{4}} = \\frac{\\frac{\\sqrt{2}}{2}}{\\frac{\\sqrt{2}}{2}} = 1\n   \\]\n\n3. Substitute these values back into the original expression:\n   \\[\n   \\sin\\frac{5\\pi}{6}\\cot\\frac{\\pi}{4} = \\frac{1}{2} \\times 1 = \\frac{1}{2}\n   \\]\n\nNext, let's look at the entire expression:\n\\[\n3\\sin\\frac{\\pi}{6}\\sec\\frac{\\pi}{3} - 4\\sin\\frac{5\\pi}{6}\\cot\\frac{\\pi}{4} = 3 \\times \\frac{1}{2} \\times \\frac{2}{1} - 4 \\times \\frac{1}{2} \\times 1\n\\]\n\nSimplify the expression:\n\\[\n= \\frac{3}{1} - 2 = 1\n\\]\n\nTherefore, the correct answer should be simplified as follows:\n\\[\n3x^2 - 4x + 1 = 3 - 4\\sin\\frac{\\pi}{3}\n\\]\n\nWhere \\(x\\) is not defined in this context but we assume it was meant to cancel out properly in the simplification process.\n\n**Error:** 1"", '**Reasoning:** In the step where L.H.S. = 3 × 1/2 × 2 - 4sin(π - π/6 / 1) × 1 = 3 - 4sin(π/3), the mistake is in the simplification process. The correct approach should involve using the identity sin(π - x) = sin(x). However, the student incorrectly applied the equation as if it were a general trigonometric identity instead of taking advantage of the sine identity to simplify the expression.\n\n**Error:** 1', '**Reasoning:** The answer incorrectly simplifies the expression \\(3 \\times \\frac{1}{2} \\times 2 - 4 \\sin\\left(\\frac{\\pi}{6}\\right) \\times 1\\) to \\(3 - 4 \\sin\\frac{\\pi}{3}\\). It should simplify to \\(3 - 1 = 2\\), which does not equal 1 as required by the question.\n\n**Error:** 1', '**Reasoning:** The answer provided contains two main errors:\n1. In the first step, the L.H.S. is calculated incorrectly as \\(3 \\times \\frac{1}{2} \\times 2\\). This should be \\(3 \\times \\frac{1}{2} = \\frac{3}{2}\\) because the sine function is applied correctly to \\(\\frac{\\pi}{6}\\).\n2. In the second step, the expression inside the sine function is incorrect. It should be \\(\\sin(\\frac{\\pi - \\frac{\\pi}{6}}{1}) = \\sin(\\frac{5\\pi}{6})\\) instead of \\(\\sin(\\frac{\\pi - \\frac{\\pi}{6}}{1}) = \\sin(\\frac{4\\pi}{6})\\).\n\nThese errors lead to the final result being incorrect, and therefore the answer is not valid.\n\n**Error:** 1', '**Reasoning:** The answer starts with the correct left-hand side (L.H.S.) and right-hand side (R.H.S.) formulation. However, there is a mistake in the calculation of sin(\\pi/6) and sin(5\\pi/6). The student incorrectly assumes that sin(\\pi/6) = 1/2, but it should be \\sqrt{3}/2, and sin(5\\pi/6) = 1/2. This incorrect value will lead to an incorrect final result for R.H.S., hence the answer is wrong because the equation does not hold true.\n\n**Error:** 1', '**Reasoning:** The answer provided starts correctly with expressing L.H.S. (Left Hand Side) as given in the question. However, when converting sin(π/6) and cos(π/3) to their trigonometric values, the student incorrectly writes ""2"" for \\(\\frac{\\sqrt{3}}{2}\\) instead of \\( \\frac{\\sqrt{3}}{2} \\). Additionally, the student uses 4 instead of 2 for the second term, but this seems to be a typo since it should match the original expression.\n\n**Error:** 1', ""**Reasoning:** \nThe Answer contains an error in the calculation of the L.H.S. \n\nLet's break down the calculation step by step:\n1. We have \\( L.H.S. = 3\\sin\\frac{\\pi}{6} \\sec\\frac{\\pi}{3} - 4\\sin\\frac{5\\pi}{6} \\cot\\frac{\\pi}{4} \\)\n2. First term: \\( 3\\sin\\frac{\\pi}{6} = 3 \\cdot \\frac{1}{2} = \\frac{3}{2} \\)\n3. Next, calculate \\( \\sec\\frac{\\pi}{3} \\): \\( \\sec\\frac{\\pi}{3} = \\frac{1}{\\cos\\frac{\\pi}{3}} = \\frac{1}{\\frac{1}{2}} = 2 \\)\n4. Multiply the first term by \\( \\sec\\frac{\\pi}{3} \\): \\( \\frac{3}{2} \\times 2 = 3 \\)\n\nFor the second term:\n5. We need to calculate \\( \\sin\\frac{5\\pi}{6} \\): \\( \\sin\\frac{5\\pi}{6} = \\sin\\left(\\pi - \\frac{\\pi}{6}\\right) = \\sin\\frac{\\pi}{6} = \\frac{1}{2} \\)\n6. Next, calculate \\( \\cot\\frac{\\pi}{4} \\): \\( \\cot\\frac{\\pi}{4} = \\frac{\\cos\\frac{\\pi}{4}}{\\sin\\frac{\\pi}{4}} = \\frac{\\frac{\\sqrt{2}}{2}}{\\frac{\\sqrt{2}}{2}} = 1 \\)\n7. The product with \\( \\sin\\frac{5\\pi}{6} \\) is: \\( \\frac{1}{2} \\times 1 = \\frac{1}{2} \\)\n\nCombining all terms:\n8. L.H.S. = 3 - \\( \\frac{1}{2} = 3 - 0.5 = 2.5 \\)\n\nTherefore, the correct answer should be \\( L.H.S. = 2.5 \\), not \\( R.H.S. = 1 \\).\n\n**Error:** 1""]",5,15,Qwen/Qwen2.5-VL-3B-Instruct,100,0.7201248812718097
"Find the equation of the parabola with vertex at \( (0, 0) \) and focus at \( (0, 2) \).

"," Since the vertex is at \( (0,0) \) and the focus is at \( (0,2) \) which lies on the \( y \)-axis, the \( y \)-axis is the axis of the parabola. Therefore, the equation of the parabola is of the form 

\[
x^2 = 4a\textcolor{red}{x}.
\]

Thus, we have 

\[
x^2 = 4(2)\textcolor{red}{x}, \quad \text{i.e.,} \quad x^2 = 8\textcolor{red}{x}.
\]

",True,True,True,0.2449300267946353,True,0,"['**Reasoning:** The answer incorrectly states that since the vertex is at (0,0) and the focus is at (0,2), the x-axis is the axis. However, according to standard coordinates for a parabola with its vertex at (0,0) and focus at (0,2), the parabola opens upwards along the y-axis. Therefore, the x-axis is not the axis of the parabola.\n\n**Error:** 1', '**Reasoning:** The answer provided contains several mistakes. First, it states that the vertex is at (0,0) when the question specifies the vertex is at (0,2). Second, the equation derived does not match the form of a parabola with a vertical axis of symmetry. The equation derived is \\(x^2 = 4x\\), which simplifies to \\((x - 2)^2 = 0\\), indicating a single root, not the expected form of a parabola. Additionally, the axis of symmetry mentioned is incorrect as it suggests the y-axis when the x-axis should be used.\n\n**Error:** 1', '**Reasoning:** The answer contains several errors. First, it states that since the vertex is at (0, 0) and the focus is also at (0, 0), the parabola lies on the y-axis, which is incorrect because the focus is at (0, 2). Second, it mentions that the equation of the parabola is in the form \\(3x^2 = 4ax\\), but this form should be \\(y^2 = 4ax\\) when the vertex is at (0, 0) and the focus is at (0, 2). Lastly, the statement \\(x^2 = 4(2)x\\) is incorrect because it does not account for the correct coefficient of x. \n\n**Error:** 1', ""**Reasoning:** The answer does not match the standard form of a parabola equation with its vertex at \\((0,0)\\) and focus at \\((0,2)\\). For such a parabola, the correct form should be \\(y^2 = 8x\\), not \\(x^2 = 4ax\\). The factor of 8 in front of \\(x\\) is due to the distance from the focus \\((0,2)\\) to the directrix, which affects the coefficient in the parabola's equation.\n\n**Error:** 1"", '**Reasoning:** The answer provided contains an error. The question asks for the equation of a parabola with its vertex at (0, 0) and focus at (0, 2). The answer incorrectly assumes that the y-axis is the x-axis, which would make the equation of the parabola simpler. The correct approach should be to use the relationship between the vertex, focus, and directrix to find the equation. The equation of a parabola with vertex (h, k) and focus (h + p, k) is \\( (x - h)^2 = 4p(y - k) \\). Here, the vertex is (0, 0) and the focus is (0, 2), so p = 2. Substituting these values into the equation gives \\( x^2 = 8y \\), not \\( x^2 = 4ax \\).\n\n**Error:** 1', ""**Reasoning:**\nThe answer provided does not match the question asked. The question asks for the equation of a parabola with its vertex at \\((0,0)\\) and focus at \\((0,2)\\). However, the answer suggests the parabola is centered at the origin with a focus at \\((0,2)\\), implying a vertical parabola opening upwards. The standard form of a parabola with a vertex at \\((h,k)\\) and focus at \\((h,p)\\) is \\((y-k)^2 = 4p(x-h)\\). For such a parabola, \\(p\\) must be positive because it's opening vertically upwards. In this case, \\(p = 2\\), so the equation should be \\((y-0)^2 = 4(2)(x-0)\\), simplifying to \\(y^2 = 8x\\). This matches the expected answer, but the question asks for the shape of the parabola rather than its equation.\n\n**Error:** 0"", '**Reasoning:** The answer contains two mistakes:\n1. It incorrectly states that \\(x^2 = 4ax\\). The correct form for a parabola with vertex at \\((0,0)\\) and focus at \\((0,2)\\) should be \\(y^2 = 8x\\).\n2. The assignment of the form \\(x^2 = 4ax\\) to \\(x^2 = 8x\\) is also incorrect.\n\n**Error:** 1', '**Reasoning:** The answer includes several mistakes. First, it states ""the form"" instead of ""the equation."" Second, the equation given (\\( x^2 = 4ax \\)) does not match the general form of a parabola with a vertex at (0,0) and focus at (0,2). The correct equation should be \\( y^2 = 8x \\), as the distance from the vertex to the focus is 2 units along the x-axis, so \\( a = 2 \\). The answer also incorrectly states that the y-axis is the axis of symmetry when it should be the x-axis.\n\n**Error:** 1', '**Reasoning:** The Answer incorrectly identifies the form of the parabola equation as \\(x^2 = 4ax\\). The correct form of the equation of a parabola with vertex at \\((0,0)\\) and focus at \\((0,2)\\) would be \\(y^2 = 8x\\), which simplifies to \\(\\frac{y^2}{8} = x\\). The answer provided does not reflect this correction, as it still uses the incorrect form. \n\n**Error:** 1', '**Reasoning:** The answer provided appears to have a logical error in the process of finding the equation of the parabola. The vertex at \\((0,0)\\) suggests that the parabola opens either upwards or downwards along the y-axis. However, the answer states that the x-coordinate of the focus is \\(x=4\\), which does not align with the standard form of a parabola with a vertical axis of symmetry. The standard form should be \\(y^2 = 4ax\\) if the focus is directly above or below the vertex, but here it is stated as \\(x^2 = 4ax\\), which would imply a horizontal axis of symmetry rather than a vertical one. Additionally, the value \\(a = 4\\) seems incorrect because it should depend on the distance from the vertex to the focus.\n\n**Error:** 1', '**Reasoning:** The Answer incorrectly states that since the vertex is at (0,0) and the focus is at (0,2), the y-axis is the axis. This is incorrect because the problem specifies the focus as (0,2), while it should be (0,2) if the vertex is at (0,0). The correct answer would involve using the distance formula between the vertex and the focus to find the value of a, but this is not shown in the Answer.\n\n**Error:** 1', ""**Reasoning:** The Answer contains an error in the final equation derived from the given conditions. The correct form of the parabola's equation with vertex \\((0,0)\\) and focus \\((0,2)\\) should be \\(x^2 = 8y\\). However, the Answer incorrectly states \\(3x^2 = 4ax\\), which does not match the correct form of the parabola's equation in this case. Therefore, there is an error in the Answer.\n\n**Error:** 1"", '**Reasoning:** The answer provided does not correctly address the question about finding the equation of a parabola with its vertex at (0, 0) and focus at (0, 2). Instead, it states that since the vertex is at (0, 0) and the focus is at (0, 2), the x-axis is the axis of the parabola. This is incorrect because the given coordinates suggest an upward-opening parabola, not one with an axis of symmetry along the y-axis. The equation should be derived from the standard form of a parabola that has a vertical axis and opens upwards or downwards.\n\n**Error:** 1', '**Reasoning:** The answer incorrectly states that the axis of symmetry is the y-axis when the vertex is at (0,0). However, since the vertex is at the origin, the axis of symmetry would be the x-axis. Therefore, the equation of the parabola should be in the form \\(x^2 = 4ay\\), where \\(a\\) is determined by the focus which is at (0, 2). Substituting the focus into this form gives \\(2 = 4a(0)\\), which simplifies to \\(a = \\frac{1}{2}\\). Thus, the correct equation should be \\(x^2 = 8y\\).\n\n**Error:** 1', '**Reasoning:** The mistake lies in the incorrect simplification of the equation. Given the vertex (0,0) and focus (0,2), the standard form of a parabola with a vertical axis of symmetry (since the focus is directly above the vertex on the y-axis) should be \\( x^2 = -8y \\). The answer incorrectly simplifies it to \\( x^2 = 4ax \\) where \\( a \\) should actually be negative because the parabola opens downwards. Therefore, the equation should be \\( x^2 = -8y \\), not the given answer \\( x^2 = 4y \\).\n\n**Error:** 1']",5,15,Qwen/Qwen2.5-VL-3B-Instruct,100,0.0
"Convert \( 40^\circ 20' \) into radian measure.

"," We know that \( 180^\circ = \pi \) radian.

Hence, 
\[
40^\circ 20' = 40 \frac{1}{3} \text{ degree} = \frac{\pi}{180} \times \frac{121}{3} \text{ radian} = \frac{121\textcolor{red}{\theta}}{540} \text{ radian}.
\]

Therefore, 
\[
40^\circ 20' = \frac{121\textcolor{red}{\theta}}{540} \text{ radian}.
\]

",True,True,False,0.3926744672275521,True,0,"['**Reasoning:** The answer provided contains an error. In the conversion from degrees to radians, the conversion factor should be \\(\\frac{\\pi}{180}\\) for degrees, and for minutes, we need to multiply by \\(\\frac{1}{60}\\). However, the student has incorrectly applied these conversions in their calculation. Specifically, they have multiplied by \\(\\frac{540}{121}\\) instead of multiplying \\(\\frac{1}{60} \\times \\frac{121}{3}\\) as indicated by the correct conversion factors.\n\n**Error:** 1', ""**Reasoning:** The answer provided does not correctly convert degrees and minutes into radians. In the conversion formula, the number of minutes (20') should be multiplied by \\(\\frac{\\pi}{180}\\) as well, because there are 60 minutes in a degree. Therefore, the correct conversion should be \\(40^\\circ 20' = 40^\\frac{20}{60}^\\circ = 40\\frac{1}{3}^\\circ\\) and then \\(40\\frac{1}{3}^\\circ = 40.3333^\\circ = \\frac{121\\pi}{540}\\). Thus, the given answer incorrectly multiplies only the degrees (\\(40^{\\circ}\\)) and does not include the minutes.\n\n**Error:** 1"", ""**Reasoning:** The answer is correct. The conversion from degrees to radians is done correctly using the formula \\( \\text{radians} = \\frac{\\pi}{180} \\times \\text{degrees} \\). The calculation \\( 40^{\\circ}20' \\) is converted to \\( 40 + \\frac{1}{3} \\cdot 60 = 40^{\\circ}20' = 40\\frac{1}{3} \\) degrees. Then, \\( 40\\frac{1}{3} \\) degrees is multiplied by \\( \\frac{\\pi}{180} \\), resulting in \\( \\frac{121\\pi}{540} \\) radians. The answer provided matches this result accurately.\n\n**Error:** 0"", ""**Reasoning:** The conversion from degrees to radians should involve multiplying by \\(\\frac{\\pi}{180}\\) first, then converting the minutes into degrees. However, in the answer, the student directly multiplied \\(40^\\circ 20'\\) by \\(\\frac{\\pi}{180}\\) without first converting the minutes. This is incorrect because the minutes need to be converted into their equivalent in degrees before applying the conversion factor.\n\n**Error:** 1"", ""**Reasoning:** The answer contains a step that is incorrect. The expression \\(40^\\circ 20'\\) should be converted into a single fraction of degrees. The given answer incorrectly multiplies a fraction of degrees by \\(\\frac{540}{1}\\), which does not properly convert the degree measure into radians. The correct conversion should involve converting both degrees and minutes separately into radians before combining them. \n\n**Error:** 1"", '**Reasoning:** The answer provided does not follow the correct conversion process from degrees to radians. The first step should be to convert the degrees to radians correctly by multiplying \\(40 \\frac{1}{3}\\) degrees by \\(\\frac{\\pi}{180}\\). However, the answer incorrectly multiplies directly by \\(\\frac{121}{3}\\) instead of using the correct factor of \\(\\frac{\\pi}{180}\\), which will result in a different value than what is shown.\n\n**Error:** 1', ""**Reasoning:** The answer provided includes a step where it incorrectly converts degrees into radians. The correct conversion from degrees to radians is \\( \\frac{\\pi}{180} \\) times the angle in degrees. However, the answer incorrectly multiplies by \\( \\frac{2}{3} \\) instead of \\( \\frac{1}{3} \\). Additionally, the question asks to convert \\( 40^\\circ 20' \\) to radians, but the answer simplifies it as if converting \\( 40^\\circ \\) directly, which is incorrect.\n\n**Error:** 1"", '**Reasoning:** The answer given does not convert the angle correctly from degrees and minutes to radians. In the conversion, the degrees should be converted first, and then the minutes should be added to the total degrees. The answer incorrectly multiplies just the minutes part directly with the fraction, which is incorrect. \n\n**Error:** 1', ""**Reasoning:** The answer provided does not include the conversion factor that was supposed to be used in the calculation. The correct conversion factor should have been used to convert degrees and minutes into radians. Specifically, \\(40^\\circ20'\\) should be converted as follows:\n\\[ 40^\\circ20' = 40 + \\frac{20}{60} = \\frac{260}{60} \\] degrees.\nThen, converting this to radians using the conversion factor \\( \\frac{\\pi}{180} \\):\n\\[ \\frac{260}{60} \\times \\frac{\\pi}{180} = \\frac{260\\pi}{10800} \\approx \\frac{13\\pi}{540}. \\]\nThe answer sheet misses the denominator of 3 in the numerator of the second fraction when converting \\(40^\\circ20'\\) into radians.\n\n**Error:** 1"", ""**Reasoning:** The problem involves converting degrees and minutes into radians. The conversion formula should be:\n\\[\n40^\\circ20' = 40 + \\frac{20}{60} = 40 + \\frac{1}{3}\n\\]\nThen, convert this to radians using \\(\\pi\\) radians per degree:\n\\[\n(40 + \\frac{1}{3}) \\times \\frac{\\pi}{180}\n\\]\nHowever, the answer provided seems to mix up the steps, suggesting a different approach. The final result seems to be simplified incorrectly, but this might be due to simplification rules applied earlier.\n\n**Error:** 1"", ""**Reasoning:** The answer sheet provides the correct conversion method but makes a minor arithmetic mistake. The calculation shows \\(40^\\circ 20'\\) as equal to \\(\\frac{1210}{540}\\) radians, but it should be \\(\\frac{23}{9}\\) radians instead. \n\n**Error:** 1"", '**Reasoning:** The student correctly started by converting degrees to fractions of a degree, but made a small arithmetic mistake when calculating the fraction of a radian equivalent. In the calculation of \\(\\frac{40\\frac{1}{3} degrees}{180}\\) \\(\\times\\) \\(\\frac{121}{3}\\) radians, the numerator should be \\(40\\frac{1}{3}\\) degrees, not just 40 degrees. The correct calculation should be \\(\\frac{40\\frac{1}{3}}{180} = \\frac{121}{540}\\). Therefore, the answer should have been \\(\\frac{121}{540}\\) radians instead of \\(\\frac{1210}{540}\\) radians.\n\n**Error:** 0', '**Reasoning:** \nThe answer provided contains an error in the intermediate step. The conversion from degrees to radians should be done correctly using the relationship between degrees and radians, which is \\(\\frac{\\pi}{180}\\) radians per degree. However, it appears to use a different conversion factor in the calculation leading to the final result. Specifically, the denominator should be 540 instead of 540^2 as shown in the equation.\n\n**Error:** 1', '**Reasoning:** The answer incorrectly simplifies the conversion factor \\(\\frac{\\pi}{180}\\). It should be simplified as \\(\\frac{\\pi}{180} = \\frac{180\\pi}{3600} = \\frac{\\pi}{20} / 3\\) instead of \\(\\frac{\\pi}{180} \\times \\frac{121}{3}\\). This results in an incorrect final answer.\n\n**Error:** 1', '**Reasoning:** The step where it is written "" degrees = 540 / 360 * 2pi"" should be ""degrees = 540 / 180 * 1/2π."" The correct conversion factor for degrees to radians is π/180, not π/360.\n\n**Error:** 1']",5,15,Qwen/Qwen2.5-VL-3B-Instruct,100,0.9495936677167384
"Find \( \int \frac{3x - 2}{(x+1)^2(x+3)} \, dx \)

"," 

\[
\frac{3x - 2}{(x+1)^2(x+3)} = \frac{A}{x+1} + \frac{B}{(x+1)^2} + \frac{C}{x+3}
\]

So that 

\[
3x - 2 = A(x + 1)(x + 3) + B(x + 3) + C(x + 1)^2
\]

We compare the coefficients of \( x^2 \), \( x \), and the constant term on both sides:

\[
A + C = 0, \quad 4A + B + 2C = 3, \quad 3A + 3B + C = -2
\]

Solving these equations, we get 

\[
A = \frac{11}{4}, \quad B = -\frac{5}{2}, \quad C = -\frac{11}{4}
\]

Thus the integrand is given by 

\[
\int \frac{3x - 2}{(x+1)^2(x+3)} \, dx = \frac{11}{4} \int \frac{dx}{x+1} - \frac{5}{2} \int \frac{dx}{(x+1)^2} - \frac{11}{4} \int \frac{dx}{x+3}
\]

Therefore, 

\[
= \frac{11}{4} \log |x+1| + \frac{5}{2(x+1)} - \frac{11}{4} \log |x+3| + C
\]

Final result:

\[
= \frac{11}{4} \log \left| \frac{\textcolor{red}{x+3}}{\textcolor{red}{x+1}} \right| + \frac{5}{2(x+1)} + C
\]

",True,True,True,0.0,True,0,"['**Reasoning:** The answer does not show the complete solution process. It starts with integrating the expression correctly, but then skips the detailed steps needed to find A, B, and C from the coefficients comparison. Instead, it directly states the final result without going through the algebraic manipulations required to solve for these constants.\n\n**Error:** 1', '**Reasoning:** The Answer contains a logical error in the integration process. In the step where the integrand is expressed as a sum of partial fractions, it should be noted that the constant term \\(C\\) should be \\(-\\frac{11}{4}\\) instead of \\(\\frac{11}{4}\\) because the constant term on the right side of the equation does not involve \\(x^0\\). This discrepancy in the value of \\(C\\) could lead to an incorrect final result when integrating.\n\n**Error:** 1', '**Reasoning:** The Answer involves using partial fraction decomposition correctly to express the integrand as the sum of three rational functions. However, there seems to be a mistake in the final result presentation. The answer given is = \\(\\frac{11}{4}\\log|k+3| +\\frac{5}{2(k+1)}\\) + C, but it should be = \\(\\frac{11}{4}\\log|\\frac{k+3}{k+1}| +\\frac{5}{2(k+1)}\\) + C due to the absolute value of the fraction. Additionally, the variable k should be x in the context of the problem. Correcting these would make the answer accurate.\n\n**Error:** 1', ""**Reasoning:** The answer provided seems to contain some logical errors. Specifically, the way the integration constants \\( A \\), \\( B \\), and \\( C \\) are solved from the system of equations \\( A + C = 0 \\), \\( 4A + B + 2C = 3 \\), and \\( 3A + 3B + C = -2 \\) appears incorrect. This system of equations is inconsistent, meaning it does not have a unique solution. Additionally, the final result in the answer does not match the expected result obtained through proper integration. The integrand should be integrated using partial fractions correctly as shown in the problem's solution.\n\n**Error:** 1"", '**Reasoning:** The Answer incorrectly simplifies the integral. After finding A, B, and C, the Answer should directly integrate the partial fractions but instead attempts to solve for constants using additional steps that are unnecessary. The final result should be derived from these partial fractions directly, not through solving additional equations. This approach introduces errors that were not initially present in the question.\n\n**Error:** 1', '**Reasoning:** The Answer incorrectly simplifies the integral before applying partial fraction decomposition. The correct approach involves setting up the partial fraction decomposition correctly and solving the system of equations to find the constants A, B, and C. However, the answer provided does not correctly simplify the integrand after performing the decomposition.\n\n**Error:** 1', '**Reasoning:** The answer provided contains an error in the final result calculation. In the final step, it incorrectly simplifies the expression using logarithms. The correct simplification should be \\(\\frac{11}{4}\\log|x+3| + \\frac{5}{2(x+1)} + C\\), not \\(\\frac{11}{4} \\log |x+3| + \\frac{5}{2(x+1)} + C\\). \n\n**Error:** 1', ""**Reasoning:** The answer seems to have correct steps up until the final result, but there's a potential mistake in the final simplification. The sign of 5 should be negative since the original term was -5x^2 instead of +5x^2. Therefore, the constant term should be 5/(2(x+1)) instead of 5/(2(x+3)). This change does not affect the correctness of the integration process itself, but it affects the constant term in the final result.\n\n**Error:** 1"", '**Reasoning:** The answer provided does not correctly solve the integral question. The solution steps seem to be incorrect as they do not match the standard method for solving integrals using partial fractions. The approach presented does not resolve into correct coefficients \\(A\\), \\(B\\), and \\(C\\) and does not result in the final expression given in the problem.\n\n**Error:** 1', '**Reasoning:** The answer process involves decomposing the integrand using partial fractions and then solving for coefficients A, B, and C. However, when solving the system of equations derived from comparing coefficients, the obtained values of A, B, and C seem to be inconsistent with the final solution provided. Specifically, the solution given at the end suggests different values for A, B, and C than those derived from solving the system. Additionally, the integration constants are applied incorrectly; the final result should reflect these constants correctly, but instead, it seems like they are being combined in a way that does not align with standard integration procedures. These discrepancies indicate potential errors in the solution approach.\n\n**Error:** 1', '**Reasoning:** The answer starts with the correct decomposition of the integrand using partial fractions. However, there seems to be an error in the process of solving the system of equations that follows. Specifically, when solving for \\( A \\), \\( B \\), and \\( C \\), the values derived from the third equation should match those obtained from the first two equations. The third equation was incorrectly set up as \\( 3A + 3B + C = -2 \\) instead of equating the coefficients of \\( x^2 \\), \\( x \\), and the constant term directly from the original expression. This discrepancy will lead to incorrect values for \\( A \\), \\( B \\), and \\( C \\), resulting in an incorrect final result.\n\n**Error:** 1', '**Reasoning:** The answer does not correctly solve for the constants A, B, and C when solving the system of linear equations derived from comparing coefficients. The calculations show that A = 1/4, B = -5/2, and C = -11/4. However, these values do not satisfy the equations 4A + B + 2C = 3 and 3A + 3B + C = -2. Instead, solving the system of equations should yield different results for A, B, and C. The provided Answer does not compute the correct values of these constants.\n\n**Error:** 1', '**Reasoning:** The answer provided does not match the standard approach to solving the given integral. The method used involves partial fraction decomposition, but the coefficients obtained do not satisfy the conditions required for the original equation after partial fraction decomposition. Additionally, the final result does not match the expected form when compared with standard integration techniques.\n\n**Error:** 1', '**Reasoning:** The Answer attempts to solve the integral using partial fractions but makes an incorrect step in the process. Specifically, when comparing coefficients, it incorrectly simplifies the sum of coefficients as \\(A + C = 0\\), which should be compared with the correct form \\(4A + B + 2C = 3\\) instead of just the constant term being zero. Additionally, the solution for the coefficients A, B, and C appears to have logical errors in the calculations.\n\n**Error:** 1', '**Reasoning:** The answer provided calculates the partial fraction decomposition correctly, but it appears to have made an error in the final integration part. Specifically, there seems to be an incorrect application of the integral formula \\(\\int \\frac{dx}{x^2 + a^2}\\) when integrating \\(\\frac{x+3}{(x+1)^2} - \\frac{(x+1)}{x+3}\\). It should be \\(\\int \\frac{dx}{x^2 + a^2} = \\frac{1}{a} \\arctan\\left(\\frac{x}{a}\\right) + C\\), not \\(\\frac{1}{4} \\log|x+1| + C\\) as shown in the answer. Therefore, the final result is incorrect due to this error in the integration process.\n\n**Error:** 1']",5,15,Qwen/Qwen2.5-VL-3B-Instruct,100,0.0
"Write the solution set of the equation \( x^2 + x - 2 = 0 \) in roster form.

"," The given equation can be written as 
\[
(x - 1)(x + 2) = 0, \quad \text{i.e.,} \, \textcolor{red}{y} = 1, -2.
\]
Therefore, the solution set of the given equation can be written in roster form as \(\{\textcolor{red}{y}, -2\}\).

",True,True,True,0.3926744672275521,True,0,"['**Reasoning:** The answer incorrectly states that the solutions of the equation \\(x^2 + x - 2 = 0\\) are \\(1\\) and \\(-2\\). However, solving this quadratic equation using factoring, we get:\n\\[ (x - 1)(x + 2) = 0 \\]\nSetting each factor equal to zero gives us:\n\\[ x - 1 = 0 \\implies x = 1 \\]\n\\[ x + 2 = 0 \\implies x = -2 \\]\nThus, the correct solution set is \\(\\{1, -2\\}\\). The answer provided is incorrect because it lists the roots as \\(1\\) and \\(-2\\) instead of \\(\\{1, -2\\}\\).\n\n**Error:** 0', '**Reasoning:** The answer incorrectly states that the equation \\(x^2 + x - 2 = 0\\) can be factored as \\((x-1)(x+2) = 0\\). However, this is incorrect because the correct factors are \\((x-1)(x+2) = 0\\), not \\((x-1)(x+2) = 0\\). The correct answer should be factored into \\((x-1)(x+2) = 0\\), which means the solutions are \\(x = 1\\) and \\(x = -2\\).\n\n**Error:** 1', '**Reasoning:** The solution set of the equation \\( x^2 + x - 2 = 0 \\) can be written as \\( (x-1)(x+2) = 0 \\). This means the solutions are \\( x = 1 \\) and \\( x = -2 \\). Therefore, the solution set in roster form should be \\( \\{1, -2\\} \\). However, the answer states that the solution set is \\( \\{y-2\\} \\), which is incorrect because it does not specify the variable explicitly.\n\n**Error:** 1', '**Reasoning:** The Answer incorrectly states that the solutions of \\(x^2 + x - 2 = 0\\) can be written as \\((x-1)(x+2) = 0\\). This factorization is correct, but the answer should state that the solutions are \\(x=1\\) and \\(x=-2\\), not \\((x-1)\\) and \\((x+2)\\). The term ""roster form"" suggests the solutions should be written as a list of distinct elements, which they are not currently. However, regarding the presence or absence of error based on the information given in the Answer alone, it does not contain any mistakes as per the instruction to judge based on the explanation provided.\n\n**Error:** 1', '**Reasoning:** The answer incorrectly states that the solutions to the equation \\(x^2 + x - 2 = 0\\) can be written as \\((x-1)(x+2) = 0\\). However, factoring \\(x^2 + x - 2\\) should yield \\((x-1)(x+2)\\), which matches the given solution. The student mistakenly wrote ""ie,"" instead of ""i.e."" but this doesn\'t affect the correctness of the factorization. The factorization itself is correct, so the error lies in the presentation rather than the mathematical accuracy.\n\n**Error:** 0', '**Reasoning:** \nThe answer incorrectly identifies the solution set of the equation \\(x^2 + x - 2 = 0\\) using factoring as \\((x-1)(x+2)=0\\). The solutions should be \\(x = 1\\) and \\(x = -2\\), not \\(y = 1, -2\\). The notation used (\\(y\\)) is incorrect because it is referring to the variable \\(x\\). Additionally, the set should be written in roster form, but the answer does not explicitly state this.\n\n**Error:** 1', '**Reasoning:** The answer incorrectly states that the quadratic equation \\(x^2 + x - 2 = 0\\) can be factored as \\((x-1)(x+2) = 0\\). However, the correct factorization is \\((x-1)(x+2) = 0\\), which leads to solutions \\(x = 1\\) and \\(x = -2\\). The answer mistakenly claims that the solutions are \\(y = 1, -2\\), which is incorrect since the original question asks for the solution set of \\(x\\), not \\(y\\).\n\n**Error:** 1', '**Reasoning:** The answer incorrectly identifies the roots of the quadratic equation \\(x^2 + x - 2 = 0\\) as \\(y = 1\\) and \\(y = -2\\). According to the quadratic formula or factoring, the correct roots are \\(x = 1\\) and \\(x = -2\\). Therefore, the solution set should be written as \\(\\{1, -2\\}\\), not \\(\\{y - 2\\}\\).\n\n**Error:** 1', '**Reasoning:** The answer incorrectly states that the solution set can be written as \\{y-2\\} instead of listing the solutions explicitly as \\{1, -2\\}. The correct solution set should be listed directly, not expressed in terms of \\(y-\\) and the constant value.\n\n**Error:** 1', '**Reasoning:** The answer provided does not correctly resolve the equation \\(x^2 + x - 2 = 0\\) into roster form. Instead of solving for roots, it incorrectly writes the factors of the quadratic equation as \\((x-1)(x+a) = 0\\). This approach implies that the factors are \\(x-1\\) and \\(x+a\\), which does not reflect the correct factorization of the quadratic equation. The correct factorization should be \\((x-1)(x+2) = 0\\), giving the solutions \\(x = 1\\) and \\(x = -2\\). These values should be written in roster form as \\(\\{1, -2\\}\\).\n\n**Error:** 1', '**Reasoning:** The solution set should be written as {x = 1, x = -2} using roster form, but the answer provided uses y instead of x.\n\n**Error:** 1', '**Reasoning:** The solution set should be written as a set of values for \\( x \\) rather than \\( y \\). The equation \\( x^2 + x - 2 = 0 \\) can be factored into \\( (x-1)(x+2) = 0 \\), giving us the solutions \\( x = 1 \\) and \\( x = -2 \\). The solution set in roster form should be \\( \\{1, -2\\} \\), not \\( \\{y-2\\} \\).\n\n**Error:** 1', '**Reasoning:** The answer incorrectly uses ""y"" instead of ""x"" in the equation \\((x-1)(x+2) = 0\\). According to the question, the variable should be \\(x\\) and not \\(y\\). Additionally, the solution set is supposed to be \\(\\{x | x=1, x=-2\\}\\), but the answer mistakenly lists it as \\(\\{y-2\\}\\).\n\n**Error:** 1', '**Reasoning:** The answer incorrectly identifies the solutions as \\(y=1\\) and \\(y=-2\\), but the question asks for the solution set in roster form with respect to \\(x\\), not \\(y\\). The correct solutions should be \\(x=1\\) and \\(x=-2\\), written as \\(\\{1, -2\\}\\) in roster form.\n\n**Error:** 1', '**Reasoning:** The answer incorrectly states that the equation \\(x^2 + x - 2 = 0\\) can be factored as \\((x - 1)(x + 2) = 0\\). This is incorrect because the correct factorization is \\((x - 1)(x + 2) = 0\\) should yield roots \\(x = 1\\) and \\(x = -2\\), not \\(y = 1, -2\\). The answer also incorrectly refers to the solution set as ""the solution set of the given equation,"" which is confusing since the question asks for the solution set in roster form. Additionally, the use of \'y\' instead of \'x\' in the final step is inconsistent with the original equation.\n\n**Error:** 1']",5,15,Qwen/Qwen2.5-VL-3B-Instruct,100,0.7201248812718097
"If \( 4x + i(3x - y) = 3 + i(-6) \), where \( x \) and \( y \) are real numbers, then find the values of \( x \) and \( y \).

"," We have 
\[
4x + i(3x - y) = 3 + i(-6)
\]
\textcolor{red}{Solving for \( x \) and \( y \) simultaneously, we get }
\[
\textcolor{red}{x = \frac{3}{4} \quad \text{and} \quad y = \frac{33}{4}.}
\]
\textcolor{red}{Equating the real and the imaginary parts, we get }
\[
\textcolor{red}{4x = 3, \quad 3x - y = -6.}
\]

",True,True,True,0.6730116670092565,True,0,"[""**Reasoning:** The answer does not contain any logical errors. The steps presented are correct and aligned with the methods typically used to solve such problems. Each step follows a systematic approach, starting with equating the real and imaginary parts separately as per the question's requirements.\n\n**Error:** 0"", '**Reasoning:** The answer provided correctly sets up the equations by equating the real parts and the imaginary parts separately as required by the problem statement. However, when solving these equations, the value of \\( y \\) given in the answer (\\( \\frac{33}{4} \\)) does not match the expected outcome from the problem. The correct values should be found by solving the system of equations, which involves checking if the values satisfy both the real and imaginary parts simultaneously.\n\n**Error:** 1', '**Reasoning:** \nThe answer process follows the correct steps to solve for real and imaginary parts of complex numbers. However, the final step is incorrect because it should be equating the real part of the left-hand side to the real part of the right-hand side and the imaginary part of the left-hand side to the imaginary part of the right-hand side. The given step equates the real and imaginary parts directly instead of following the correct method.\n\n**Error:** 0', '**Reasoning:** The answer incorrectly calculates the values of x and y by equating the real parts of the complex numbers separately. The correct approach would be to set the real part equal to each other and the imaginary part equal to each other simultaneously, rather than solving for x and y individually. Additionally, the calculations for x and y should involve solving the system of equations derived from equating the real and imaginary parts correctly.\n\n**Error:** 1', '**Reasoning:** The answer provided correctly solves the system of equations by equating the real parts and imaginary parts separately. For the real part, \\(4x = 3\\) gives \\(x = \\frac{3}{4}\\). For the imaginary part, \\(3x - y = -6\\) when \\(x = \\frac{3}{4}\\) should be substituted into this equation to solve for \\(y\\). However, the answer does not show the calculation for \\(y\\). Therefore, the answer is incorrect because it does not fully solve the system of equations.\n\n**Error:** 1', '**Reasoning:** The answer starts with solving for x and y simultaneously, which is incorrect because the equation given is a complex number equation, not a system of linear equations. The correct approach would be to equate the real parts and the imaginary parts separately. The answer then proceeds to equate the real and imaginary parts correctly. However, the final part of the answer, ""equating the real and the imaginary parts, we get"" seems to imply a mistake in the process.\n\n**Error:** 0', '**Reasoning:** The answer provided does not correctly solve the system of equations derived from equating the real and imaginary parts separately. The correct approach would involve solving the system of linear equations formed by equating the coefficients of \\(x\\) and \\(y\\). However, the answer incorrectly concludes with the values for \\(x\\) and \\(y\\), which are not necessarily the solutions to the system of equations given.\n\n**Error:** 1', '**Reasoning:** The answer provided does not solve for \\( x \\) and \\( y \\). Instead, it incorrectly attributes the solutions to \\( x = \\frac{3}{4} \\) and \\( y = \\frac{3}{4} \\) without demonstrating the steps to find these values. The correct approach would involve equating the real and imaginary parts separately and solving the resulting system of equations.\n\n**Error:** 1', '**Reasoning:** The answer provided has a typographical error. In the equation \\(4x + i(3x - y) = 3 + i(-6)\\), the variable \\(y\\) should be multiplied by \\(i\\). Therefore, the correct form of the equation should be \\(4x + i(3x - iy) = 3 + i(-6)\\). The solution steps after this equation, such as equating real parts and imaginary parts, would then be valid.\n\n**Error:** 1', '**Reasoning:** The answer incorrectly states that solving for x and y simultaneously yields \\(x = \\frac{3}{4}\\) and \\(y = \\frac{33}{4}\\). The correct approach involves equating the real and imaginary parts separately, leading to two equations:\n1. Coefficient of x: \\(4x = 3\\) \n2. Coefficient of y: \\(3x - y = -6\\)\n\nSolving these equations correctly gives \\(x = \\frac{3}{4}\\) and \\(y = \\frac{5}{4}\\).\n\n**Error:** 1', '**Reasoning:** The answer provides the values of x and y as \\(\\frac{3}{4}\\) and \\(\\frac{33}{4}\\), respectively. However, when we substitute these values back into the original equation \\(4x + i(3x - y) = 3 + i(-6)\\), we get:\n\\[4\\left(\\frac{3}{4}\\right) + i\\left(3\\left(\\frac{3}{4}\\right) - \\frac{33}{4}\\right) = 3 + i(-6)\\]\n\\[3 + i\\left(\\frac{9}{4} - \\frac{33}{4}\\right) = 3 + i(-6)\\]\n\\[3 + i\\left(-\\frac{24}{4}\\right) = 3 + i(-6)\\]\n\\[3 - i(6) = 3 + i(-6)\\]\nThis simplifies to:\n\\[3 - 6i = 3 - 6i\\]\nSince this equality holds true, the values of x and y provided in the answer satisfy the equation. Therefore, there seems to be no error in the answer.\n\n**Error:** 0', '**Reasoning:** The answer does not contain any errors. The steps taken to solve the problem are correct and consistent with standard methods for solving such equations involving complex numbers.\n\n**Error:** 0', '**Reasoning:** The answer process appears to be correct. The steps outlined in the Answer follow the logical steps required to solve the given equation. The value of \\(x\\) is correctly found as \\(\\frac{3}{4}\\) and the value of \\(y\\) is also correctly calculated as \\(-\\frac{9}{4}\\). The explanation provided matches the process shown in the Answer.\n\n**Error:** 0', '**Reasoning:** The answer contains a logical error. When solving the equation \\(4x + i(3x - y) = 3 + i(-6)\\), it should be equating the real parts and the imaginary parts separately. The correct approach would be to set \\(4x = 3\\) and \\(3x - y = -6\\). However, the answer splits them into two separate steps, which is unnecessary and incorrect. The correct values for \\(x\\) and \\(y\\) can be found directly from these equations.\n\n**Error:** 1', '**Reasoning:** The answer process appears to be correct up to the point where the real and imaginary parts are equated. However, the final step of equating the coefficients of x and y does not align with standard algebraic manipulation. The equation should involve cross-multiplication or another method to solve for x and y from the equations derived from setting the real and imaginary parts equal. The current approach seems incomplete or incorrect.\n\n**Error:** 1']",5,15,Qwen/Qwen2.5-VL-3B-Instruct,100,1.7075391741350712
"Find the value of 
\begin{enumerate}
    \item \( 2^{-3} \)
    \item \( \frac{1}{3^{-2}} \)
\end{enumerate}

","
\begin{enumerate}
    \item \( 2^{-3} = 2 \times (-3) = \textcolor{red}{-6} \)
    \item \( \frac{1}{3^{-2}} = \frac{1}{3 \times (-2)} = \textcolor{red}{\frac{1}{-6}} \)
\end{enumerate}

",True,True,True,0.4850940913022115,True,1,"['**Reasoning:** \nFor the first part, the answer incorrectly multiplies \\(2\\) by \\((-3)\\) instead of dividing \\(2\\) by \\((-3), 2^3 = \\frac{1}{(-3)}\\), which would be \\(\\frac{1}{-6}\\). For the second part, the denominator being raised to \\(-2\\) is correct but the numerator being multiplied with \\((-2)\\) instead of dividing by \\((-2)\\) results in dividing \\(1\\) by \\((-2)\\), which is \\(-\\frac{1}{6}\\).\n\n**Error:** 1', '**Reasoning:** The first part of the answer contains an incorrect calculation. For \\(2^{-3}\\), the correct value should be \\(\\frac{1}{2^3} = \\frac{1}{8}\\), not \\(-6\\). The second part of the answer is correct as it correctly simplifies the expression \\(\\frac{1}{3^{-2}}\\) to \\(\\frac{1}{\\frac{1}{9}} = 9\\), not \\(\\frac{1}{-6}\\). Therefore, the entire answer has one error.\n\n**Error:** 1', '**Reasoning:** In the first part of the answer, \\(2^{-3}\\) is incorrectly simplified as \\(2 \\times (-3)\\). The correct way to simplify \\(2^{-3}\\) is to express it as \\(\\frac{1}{2^3} = \\frac{1}{8}\\), not \\(2 \\times (-3)\\).\n\nIn the second part of the answer, the expression \\(\\frac{1}{3^{-2}}\\) is correctly simplified as \\(\\frac{1}{\\frac{1}{9}} = 9\\), but it should be divided by 2 instead of multiplying by 2, resulting in \\(\\frac{1}{3 \\times (-2)} = -\\frac{1}{6}\\).\n\nTherefore, both parts of the answer contain errors.\n\n**Error:** 1', '**Question:** Find the value of \n1. \\(2^{-3}\\)\n2. \\(\\frac{1}{3^{-2}}\\)\n\n**Answer:**\n1. \\(2^{-3} = 2 \\times (-3) = -6\\)\n2. \\(\\frac{1}{3^{-2}} = \\frac{1}{3 \\times (-2)} = \\frac{1}{-6}\\)\n\n**Reasoning:** The answer for question 1 is incorrect because it states \\(2 \\times (-3)\\), but the correct calculation should involve raising 2 to the power of -3, not multiplying 2 by -3. For question 2, the exponent property \\((a^m)^n = a^{mn}\\) is used incorrectly. The correct simplification should be \\(\\frac{1}{3^{-2}} = \\frac{1}{\\frac{1}{9}} = 9\\). \n\n**Error:** 1', '**Reasoning:** In the first part of the answer, the calculation for \\(2^{-3}\\) should be interpreted as finding the reciprocal of \\(2^3\\) instead of multiplying \\(2\\) by \\((-3)\\). The correct calculation is \\(2^{-3} = \\frac{1}{2^3} = \\frac{1}{8}\\), not \\(-6\\). In the second part, the calculation for \\(\\frac{1}{3^{-2}}\\) is correct, but the final step should also include considering the negative exponent correctly: \\(\\frac{1}{3^{-2}} = 3^2 = 9\\), not \\(\\frac{1}{-6}\\).\n\n**Error:** 1', '**Reasoning:** \nThe answer to the first part of the question is incorrect. The expression \\(2^{-3}\\) should be interpreted as \\(\\frac{1}{2^3}\\) because when a negative exponent is applied to a number, it means taking the reciprocal of the base raised to the positive exponent. Therefore, \\(2^{-3} = \\frac{1}{2^3} = \\frac{1}{8}\\), not \\(-6\\).\n\nThe second part is correct. The expression \\(\\frac{1}{3^{-2}}\\) simplifies to \\(\\frac{1}{\\frac{1}{3^2}} = \\frac{1}{\\frac{1}{9}} = 9\\), not \\(-6\\).\n\n**Error:** 1', '**Reasoning:** \nIn the first part of the answer, the calculation \\(2^{-3}\\) is incorrect. The correct approach to evaluate \\(2^{-3}\\) is to find its reciprocal and then take the cube root of the reciprocal, which gives \\(\\frac{1}{8}\\). Therefore, the mistake is not in the numerical value but rather in the process used to get it.\n\nIn the second part of the answer, the calculation \\(\\frac{1}{3^{-2}}\\) is also incorrect. The correct approach involves first finding the reciprocal of \\(3^{-2}\\), which is \\(\\frac{1}{9}\\), and then taking the square root of that reciprocal, giving \\(\\frac{1}{3}\\). The mistake here is identifying the steps correctly but applying them incorrectly in the final result.\n\n**Error:** 0\n\n**Output:** 0', '**Reasoning:** The answer to the first question is incorrect. According to the definition of negative exponents, \\(2^{-3}\\) is calculated as \\(\\frac{1}{2^3} = \\frac{1}{8}\\), not \\(-6\\). The second part of the answer is correct, but the sign change should be applied correctly. For the second question, \\(\\frac{1}{3^{-2}}\\) is calculated as \\(\\frac{1}{\\frac{1}{3^2}} = \\frac{1}{\\frac{1}{9}} = 9\\), not \\(\\frac{1}{-6}\\).\n\n**Error:** 1', ""**Reasoning:** The answer contains an error in the calculation of \\(2^{-3}\\). The correct approach should be \\(2^{-3} = \\frac{1}{2^3} = \\frac{1}{8}\\). The student's answer \\(2 \\times (-3) = -6\\) is incorrect because they multiplied instead of taking the reciprocal. For \\(\\frac{1}{3^{-2}}\\), the correct approach is \\(\\frac{1}{3^{-2}} = \\frac{1}{\\frac{1}{3^2}} = \\frac{1}{\\frac{1}{9}} = 9\\). The student's answer \\(\\frac{1}{3 \\times (-2)} = \\frac{1}{-6}\\) is also incorrect as it should be \\(\\frac{1}{3 \\times 4} = \\frac{1}{12}\\).\n\n**Error:** 1"", '**Reasoning:** \nFor the first part of the answer, the student incorrectly applies the rule for negative exponents. The correct application of \\(2^{-3}\\) is \\(2 \\times \\frac{1}{2^3} = \\frac{1}{8}\\), not \\(-6\\). \n\nFor the second part of the answer, the calculation is incorrect. The correct calculation of \\(\\frac{1}{3^{-2}}\\) is \\(\\frac{1}{\\frac{1}{3^2}} = 3^2 = 9\\), not \\(\\frac{1}{-6}\\).\n\n**Error:** 1', '**Reasoning:** \nIn the answer, the calculations for \\(2^{-3}\\) and \\(\\frac{1}{3^{-2}}\\) contain errors.\n1. For \\(2^{-3}\\), the step shown is incorrect. The correct calculation should be:\n   \\[\n   2^{-3} = \\frac{1}{2^3} = \\frac{1}{8}\n   \\]\n   Therefore, the value is \\(\\frac{1}{8}\\) instead of \\(-6\\).\n2. For \\(\\frac{1}{3^{-2}}\\), the step shown is also incorrect. The correct calculation should be:\n   \\[\n   \\frac{1}{3^{-2}} = \\frac{1}{\\left(\\frac{1}{3}\\right)^2} = \\frac{1}{\\frac{1}{9}} = 9\n   \\]\n   Therefore, the value is \\(9\\) instead of \\(\\frac{1}{-6}\\).\n\n**Error: 1**', '**Reasoning:** \n1. For \\(2^{-3}\\), the correct calculation should be \\(2 \\times \\frac{1}{2^3} = 2 \\times \\frac{1}{8} = \\frac{1}{4}\\). The answer provided results in \\(-6\\), which is incorrect.\n2. For \\(\\frac{1}{3^{-2}}\\), the correct calculation should be \\(\\frac{1}{3^2} = \\frac{1}{9}\\), not \\(\\frac{1}{3 \\times (-2)} = \\frac{1}{-6}\\). The answer provided is also incorrect as it does not match the expected result.\n\nTherefore, both answers have errors.\n\n**Error:** 1', '**Reasoning:** \n1. The first part of the answer states \\(2^{-3} = 2 \\times (-3) = -6\\). However, the correct way to evaluate \\(2^{-3}\\) is by using the rule of exponents: \\(a^{-n} = \\frac{1}{a^n}\\). Therefore, \\(2^{-3} = \\frac{1}{2^3} = \\frac{1}{8}\\).\n   - This shows an error.\n   \n2. The second part of the answer states \\(\\frac{1}{3^{-2}} = \\frac{1}{3 \\times (-2)}\\), which implies division instead of exponentiation. The correct way to evaluate \\(\\frac{1}{3^{-2}}\\) is to use the rule of exponents: \\(\\frac{1}{a^{-n}} = a^n\\). Therefore, \\(\\frac{1}{3^{-2}} = 3^2 = 9\\).\n   - This also shows an error.\n\n**Error:** 1', ""**Reasoning:** The student's answer for the first part of the question is incorrect. They calculated \\(2^{-3} = 2 \\times (-3) = -6\\) instead of using the correct power rule which is \\((a^m)^n = a^{mn}\\). In this case, \\(2^{-3} = \\frac{1}{2^3} = \\frac{1}{8}\\).\n\nFor the second part of the question, the student made an arithmetic mistake when simplifying the fraction \\(\\frac{1}{3^{-2}}\\). They correctly simplified it to \\(\\frac{1}{3 \\times (-2)}\\), but then incorrectly simplified further to \\(-\\frac{1}{6}\\) instead of \\(\\frac{1}{6}\\).\n\nTherefore, there are two errors in the student's answer.\n\n**Error:** 1"", '**Reasoning:** \nThe answer to the first part of the question ""2^{-3}"" is incorrect. The correct value of \\(2^{-3}\\) is \\(\\frac{1}{2^3} = \\frac{1}{8}\\). However, the student\'s answer states \\(2 \\times (-3)\\), which does not match the correct value of \\(2^{-3}\\).\n\nFor the second part of the question, the student correctly simplifies \\(\\frac{1}{3^{-2}}\\) to \\(\\frac{1}{\\frac{1}{9}} = 9\\). The student incorrectly states that the result is \\(-6\\), which is incorrect.\n\nTherefore, there is an error in both parts of the answer.\n\n**Error:** 1']",5,15,Qwen/Qwen2.5-VL-3B-Instruct,100,0.24493002679463532
"Evaluate:
\begin{enumerate}
    \item $\lim_{x \to 1} \frac{x^{15} - 1}{x^{10} - 1}$
    \item $\lim_{x \to 0} \frac{\sqrt{1 + x} - 1}{x}$
\end{enumerate}

","
\begin{enumerate}
    \item We have
    \[
    \lim_{x \to 1} \frac{x^{15} - 1}{x^{10} - 1} = \lim_{x \to 1} \frac{\frac{x^{15} - 1}{x - 1}}{\frac{x^{10} - 1}{x - 1}} = \lim_{x \to 1} \left[ \frac{x^{15} - 1}{x - 1} \cdot \frac{1}{\frac{x^{10} - 1}{x - 1}} \right]
    \]
    \[
    = \frac{\textcolor{red}{14}(1)^{14}}{\textcolor{red}{9}(1)^{9}} = \frac{\textcolor{red}{14}}{\textcolor{red}{9}} = \frac{\textcolor{red}{14}}{\textcolor{red}{9}}.
    \]

    \item Put $y = 1 + x$, so that $y \to 1$ as $x \to 0$.
    Then
    \[
    \lim_{x \to 0} \frac{\sqrt{1 + x} - 1}{x} = \lim_{y \to 1} \frac{\sqrt{y} - 1}{y - 1}
    \]
    \[
    = \lim_{y \to 1} \frac{\frac{1}{2} y^{-\frac{1}{2}}}{1} = \frac{1}{2} (1)^{-1} = \frac{1}{2}.
    \]
\end{enumerate}

",True,True,True,0.6277052571971504,True,2,"['**Reasoning:** \n\n1. The answer incorrectly simplifies the limit expression \\(\\lim_{x \\to 1} \\frac{x^{15}-1}{x^{10}-1}\\). Instead of using factorization or other algebraic methods to simplify, the student directly equates it to \\(\\lim_{x \\to 1} \\frac{14(1)^{14}}{9(1)^9} = \\frac{14}{9}\\) which is incorrect because it simplifies to \\(\\frac{14}{9}\\) without considering the behavior of \\(x\\) near 1.\n   \n2. For the second part, the substitution \\(y = 1+x\\) is correctly chosen but the limit expression \\(\\lim_{x \\to 0} \\frac{\\sqrt{1+x} - 1}{x}\\) should be simplified properly. The answer incorrectly simplifies it to \\(\\lim_{y \\to 1} \\frac{\\sqrt{y} - 1}{y - 1}\\) and then to \\(\\frac{1}{2}(1)^{-1} = \\frac{1}{2}\\). However, this step is also incorrect as it should be simplified as \\(\\frac{\\sqrt{y} - 1}{y - 1} = \\frac{y - 1}{2(y - 1)} = \\frac{1}{2}\\) but the answer simplifies directly to \\(\\frac{1}{2}(1)^{-1} = \\frac{1}{2}\\) without further simplification.\n\n**Error:** 1', ""**Reasoning:** \n\nThe given answer has two parts, each containing steps related to solving limits. The first part deals with evaluating \\(\\lim_{x\\to 1} \\frac{x^{15}-1}{x^{10}-1}\\), while the second part evaluates \\(\\lim_{x\\to 0} \\frac{\\sqrt{1+x}-1}{x}\\) and then transforms it into \\(\\lim_{y\\to 1} \\frac{\\sqrt{y}-1}{y-1}\\). The steps appear to be correct up until the evaluation of \\(\\lim_{x\\to 1} \\frac{x^{15}-1}{x^{10}-1}\\).\n\nLet's evaluate the two parts separately:\n1. For \\(\\lim_{x\\to 1} \\frac{x^{15}-1}{x^{10}-1}\\):\n   - We can use the fact that \\(x^{15}-1 = (x-1)(x^{14} + x^{13} + \\ldots + x + 1)\\).\n   - Similarly, \\(x^{10}-1 = (x-1)(x^9 + x^8 + \\ldots + x + 1)\\).\n   - Therefore, \n     \\[\n     \\frac{x^{15}-1}{x^{10}-1} = \\frac{(x-1)(x^{14} + x^{13} + \\ldots + x + 1)}{(x-1)(x^9 + x^8 + \\ldots + x + 1)} = \\frac{x^{14} + x^{13} + \\ldots + x + 1}{x^9 + x^8 + \\ldots + x + 1}\n     \\]\n   - As \\(x \\to 1\\),\n     \\[\n     \\frac{x^{14} + x^{13} + \\ldots + x + 1}{x^9 + x^8 + \\ldots + x + 1} \\to \\frac{1+1+\\ldots+1}{1+1+\\ldots+1} = 1\n     \\]\n\n2. For \\(\\lim_{x\\to 0} \\frac{\\sqrt{1+x}-1}{x}\\), we can rationalize the numerator:\n   - Multiply by the conjugate:\n     \\"", '**Reasoning:** The first part of the answer for the limit \\(\\lim_{x \\to 1} \\frac{x^{15}-1}{x^{10}-1}\\) is incorrect because it incorrectly simplifies the expression to \\(\\lim_{x \\to 1} \\frac{x^{15}-1}{x-1}\\). The correct approach should involve factoring the numerator and denominator, recognizing that \\(x^{15}-1\\) can be factored as \\((x-1)(x^4 + x^3 + x^2 + x + 1)\\), leading to \\(\\lim_{x \\to 1} \\frac{(x^4 + x^3 + x^2 + x + 1)}{x^9 + x^8 + x^7 + x^6 + x^5}\\), which then simplifies further to \\(\\lim_{x \\to 1} \\frac{1+x^4}{1-x^9} = \\frac{1+1}{1-1} = \\frac{2}{0}\\), which is undefined. The second part of the solution correctly uses the substitution \\(y = 1 + x\\) as \\(x \\to 0\\) implies \\(y \\to 1\\), leading to \\(\\lim_{y \\to 1} \\frac{\\sqrt{y}-1}{y-1} = \\frac{1}{2}\\). However, the initial step for the first limit was incorrect, which indicates an error.\n\n**Error:** 1', '**Reasoning:** \nIn the first part of the Answer, there is an error in the limit expression \\(\\lim_{x \\to 1} \\frac{x^{15}-1}{x^{10}-1}\\). The correct approach should be to factorize the numerator and denominator using algebraic identities. For example, \\(x^{15}-1\\) can be factored as \\((x^5)^3 - 1^3\\), which factors into \\((x^5 - 1)(x^{10} + x^5 + 1)\\). Similarly, \\(x^{10}-1\\) factors into \\((x^2 - 1)(x^8 + x^6 + x^4 + x^2 + 1)\\). This simplifies the expression and allows us to cancel out common factors with the limit.\n\nIn the second part of the Answer, the substitution \\(y = 1+x\\) and the limit as \\(x \\to 0\\) becomes \\(y \\to 1\\) is correct. However, the expression \\(\\frac{\\sqrt{1+x}-1}{x}\\) is not simplified correctly. The correct form after substituting \\(y\\) would involve rationalizing the numerator, which is typically done by multiplying the numerator and the denominator by the conjugate of the numerator, resulting in \\(\\frac{(y-1)}{x(y+1)}\\). Then, since \\(y \\to 1\\) when \\(x \\to 0\\), the expression simplifies to \\(\\frac{1}{2}\\).\n\n**Error:** 1', '**Reasoning:** The solution provided does not directly address the question. The first part of the answer discusses a limit calculation involving powers, but it does not simplify the original expression \\(\\lim_{x \\to 1} \\frac{x^{15}-1}{x^{10}-1}\\) correctly. The second part suggests substituting \\(y = 1 + x\\) as \\(x\\) approaches 0, but this approach does not simplify the original expression either. The answer does not provide a clear step-by-step simplification of the original limit expression.\n\n**Error:** 1', '**Reasoning:** The Analysis reveals that there is an error in the Answer. In the first part, the limit expression \\(\\lim_{x \\rightarrow 1} \\frac{x^{15}-1}{x^{10}-1}\\) does not simplify directly to \\(\\lim_{x \\rightarrow 1} \\frac{\\frac{x^{15}-1}{x-1}}{\\frac{x^{10}-1}{x-1}}\\). The correct approach involves factoring the numerator and denominator using the difference of powers formula, which is \\(x^{n} - y^n = (x-y)(x^{n-1} + x^{n-2}y + ... + xy^{n-2} + y^{n-1})\\). Applying this factorization, we get:\n\n\\[ \\lim_{x \\rightarrow 1} \\frac{x^{15}-1}{x^{10}-1} = \\lim_{x \\rightarrow 1} \\frac{(x-1)(x^4 + x^3 + x^2 + x + 1)}{(x-1)(x^9 + x^8 + x^7 + x^6 + x^5 + x^4 + x^3 + x^2 + x + 1)} \\]\n\nSimplifying, we have:\n\n\\[ \\lim_{x \\rightarrow 1} \\frac{x^4 + x^3 + x^2 + x + 1}{x^9 + x^8 + x^7 + x^6 + x^5 + x^4 + x^3 + x^2 + x + 1} \\]\n\nSubstituting \\(x = 1\\) into the simplified expression gives:\n\n\\[ \\frac{1^4 + 1^3 + 1^2 + 1 + 1}{1^9 + 1^8 + 1^7 + 1^6 + 1^5 + 1^4 + 1^3 + 1^2 + 1 + 1} = \\frac{6}{11} \\]\n\nTherefore, the Answer contains an error because the step from \\(\\lim_{x \\rightarrow 1} \\frac{x^{15}-1}{x^{10}-1}\\) to \\(\\lim_{x \\rightarrow 1} \\frac{x^4 + x^3 + x^2 + x + 1}{x^', '**Reasoning:** The Answer contains two parts and appears to be correct. However, the notation used in part 2 might be unclear because it mentions ""then"" and ""as x → 0."" This seems redundant and can confuse readers. Also, in both parts, the expression for the limit should have been simplified correctly before the final step was taken, but this is a detail not enough to consider an error.\n\n**Error:** 0', '**Reasoning:** The answer to the first limit problem has two mistakes. First, it incorrectly factors out \\(x\\) from the numerator and denominator of the fraction \\(\\frac{x^{15}-1}{x^9-1}\\) when taking the limit as \\(x\\) approaches 1. This is incorrect because factoring out \\(x\\) would result in an indeterminate form \\(\\frac{0}{0}\\). Instead, the correct steps involve using polynomial factorization or the rational root theorem. Secondly, the answer does not properly simplify the expression after factoring, leading to incorrect final answers.\n\nFor the second limit problem, the transformation into terms of \\(y=1+x\\) is correct, but the subsequent steps should have been simplified correctly. Specifically, the numerator should be \\(\\sqrt{y} - 1\\), not \\(\\frac{\\sqrt{y} - 1}{y - 1}\\) further simplified, and then divided by \\(y - 1\\).\n\n**Error:** 1', ""**Reasoning:** The provided answer has two parts evaluated separately and then logically connected. In Part 1, the limit \\(\\lim_{x \\to 1} \\frac{x^{15}-1}{x^{10}-1}\\) is incorrectly evaluated using L'Hôpital's Rule without checking if it satisfies the conditions for application. Instead of simplifying directly using algebraic techniques like factoring or recognizing patterns, the student should recognize that both the numerator and denominator can be written as sums of geometric series with appropriate substitutions, which avoids unnecessary complexity.\n\nIn Part 2, the substitution \\(y = 1 + x\\) correctly transforms the limit into a form where L'Hôpital's Rule can be applied. However, the final step does not fully simplify the expression as required.\n\n**Error:** 1"", '**Reasoning:** The answer provides two separate questions but seems to be addressing them separately rather than solving each one together as intended. In question 1, the limit expression \\(\\lim_{x\\to 1} \\frac{x^{15}-1}{x^{10}-1}\\) should simplify using the factorization method for \\(a^n - b^n\\) and the limit properties. However, the answer seems to incorrectly handle this simplification. For question 2, while the substitution \\(y = 1 + x\\) is correct, the subsequent steps do not follow through logically step-by-step. \n\n**Error:** 1', '**Reasoning:** \nFor the first limit calculation, the student incorrectly simplified the expression \\(\\frac{x^{15}-1}{x^{10}-1}\\) to \\(\\frac{14}{9}\\). The correct approach involves factoring out the greatest common denominator from each term in the numerator and the denominator, resulting in \\(\\frac{(x^{5})^{3} - 1}{(x^{5})^{2} - 1}\\). Further simplification using the difference of cubes formula \\(a^3 - b^3 = (a-b)(a^2 + ab + b^2)\\) leads to \\(\\frac{(x^{5}-1)(x^{10}+x^{5}+1)}{(x^{5}-1)(x^{5}+1)}\\). Simplifying this results in \\(\\frac{x^{10}+x^{5}+1}{x^{5}+1}\\). Therefore, the simplification step is incorrect.\n\n**Error:** 1', ""**Reasoning:** The error is present in the first part of the Answer. In the first limit calculation, the expression \\(\\lim_{x \\to 1} \\frac{x^{15}-1}{x^{10}-1}\\) is incorrectly simplified as \\(\\lim_{x \\to 1} \\frac{14(1)^{14}}{9(1)^{9}} = \\frac{14}{9}\\). This simplification is incorrect because it does not account for the actual behavior of the function near \\(x=1\\). Instead, the correct approach would be to factorize the numerator and denominator and then simplify using algebraic identities. The student's answer misses this critical step.\n\n**Error:** 1"", '**Reasoning:** \nIn the Answer, the step-by-step solution has some logical errors and inconsistencies.\n\n1. For the first limit \\(\\lim_{x \\to 1} \\frac{x^{15} - 1}{x^{10} - 1}\\), the answer incorrectly splits it into two limits:\n   \\[\n   \\lim_{x \\to 1} \\frac{x^{15} - 1}{x^{10} - 1} = \\lim_{x \\to 1} \\frac{\\frac{x^{15} - 1}{x - 1}}{\\frac{x^{10} - 1}{x - 1}}\n   \\]\n   This is incorrect because it assumes that the numerator and the denominator can be separated in this manner. The correct approach would involve factoring both the numerator and the denominator, but the answer does not follow through with proper algebraic manipulation.\n\n2. For the second limit \\(\\lim_{x \\to 0} \\frac{\\sqrt{1 + x} - 1}{x}\\), the answer correctly uses \\(y = 1 + x\\) as suggested, but then incorrectly writes:\n   \\[\n   \\lim_{y \\to 1} \\frac{1}{2} y^{-1} = \\frac{1}{2}\n   \\]\n   This is incorrect because the substitution \\(y = 1 + x\\) should result in \\(y = 1\\) when \\(x\\) approaches 0, and the limit should be evaluated at \\(y = 1\\), not at \\(y = 1\\). The correct approach would involve simplifying the expression using algebraic transformations before taking the limit.\n\nTherefore, both parts of the Answer contain significant errors in their handling of the limits.\n\n**Error:** 1', ""**Reasoning:** The answer to the first question contains an error. In the first part, the limit expression is evaluated using L'Hôpital's rule but then incorrectly factor out the \\(x^{15}-1\\) term prematurely, leading to incorrect simplification. It should have been simplified directly as \\(\\frac{14}{9}\\) instead of further factoring.\n\n**Error:** 1"", '**Reasoning:** The answer to the first question has two incorrect steps. First, it incorrectly simplifies \\(\\frac{x^{15}-1}{x-1}\\) by factoring out \\(x\\), which is incorrect because \\(x\\) does not divide both terms equally. Second, it incorrectly uses \\(q\\) instead of \\(q^9\\). Additionally, the second part of the answer should be rewritten correctly after substituting \\(y = 1 + x\\).\n\n**Error:** 1']",5,15,Qwen/Qwen2.5-VL-3B-Instruct,100,0.6277052571971504
"Simplify 
\[
\left\{ \left( \frac{1}{3} \right)^{-2} - \left( \frac{1}{2} \right)^{-3} \right\} \div \left( \frac{1}{4} \right)^{-2} 
\]
and 
\[
\left( \frac{5}{8} \right)^{-7} \times \left( \frac{8}{5} \right)^{-5}.
\]

","

\textbf{(i)} 
\[
\left\{ \left( \frac{1}{3} \right)^{-2} - \left( \frac{1}{2} \right)^{-3} \right\} \div \left( \frac{1}{4} \right)^{-2} 
= \left\{ \frac{1^{-2}}{3^{-2}} - \frac{1^{-3}}{2^{-3}} \right\} \div \frac{1^{-2}}{4^{-2}} 
= \frac{3^{2} - 2^{3}}{1^{2}} \div 4^{2} = \frac{9 - 8}{16} = \frac{1}{16}.
\textcolor{red}{\text{Note that } 3^2 = 9 \text{ and } 2^3 = 8. \text{ Also, } 4^2 = 16.}
\]

\textbf{(ii)} 
\[
\left( \frac{5}{8} \right)^{-7} \times \left( \frac{8}{5} \right)^{-5} 
= \frac{5^{-7}}{8^{-7}} \times \frac{8^{-5}}{5^{-5}} 
= \frac{5^{-7} \times 8^{-5}}{8^{-7} \times 5^{-5}} 
= 5^{-2} \times 8^{2} = \frac{8^{2}}{5^{2}} = \frac{64}{25}.
\textcolor{red}{\text{Here, } 8^2 = 64 \text{ and } 5^2 = 25.}
\]

",False,True,True,0.5004024235381879,False,0,"['**Reasoning:** The answer provided contains two parts:\n\n1. For part (i), the calculation \\(\\left(\\frac{1}{3}\\right)^{-2} - \\left(\\frac{1}{2}\\right)^{-3}\\) should be simplified first, then divided by \\(\\left(\\frac{1}{4}\\right)^{-2}\\). According to the order of operations and the properties of exponents, this simplifies incorrectly. It should be calculated as follows:\n   \\[\n   \\left(\\frac{1}{3}\\right)^{-2} = 3^2 = 9\n   \\]\n   \\[\n   \\left(\\frac{1}{2}\\right)^{-3} = 2^3 = 8\n   \\]\n   So,\n   \\[\n   9 - 8 = 1\n   \\]\n   Then divide by \\(\\left(\\frac{1}{4}\\right)^{-2} = 4^2 = 16\\):\n   \\[\n   \\frac{1}{16}\n   \\]\n\n   However, the given answer does not simplify correctly for part (i). It seems to assume incorrect simplifications and division.\n\n2. For part (ii), the calculation \\(\\left(\\frac{5}{8}\\right)^{-7} \\times \\left(\\frac{8}{5}\\right)^{-5}\\) follows the order of operations and simplifications properly, resulting in:\n   \\[\n   \\left(\\frac{5}{8}\\right)^{-7} = \\left(\\frac{8}{5}\\right)^7\n   \\]\n   \\[\n   \\left(\\frac{8}{5}\\right)^{-5} = \\left(\\frac{5}{8}\\right)^5\n   \\]\n   Multiplying these together:\n   \\[\n   \\left(\\frac{8}{5}\\right)^{12}\n   \\]\n   This matches the final step in the answer provided.\n\n**Error:** 1', '**Reasoning:** The Answer contains a mistake in the simplification of the expression \\(\\left(\\frac{5}{8}\\right)^{-7} \\times \\left(\\frac{8}{5}\\right)^{-5}\\). The steps taken to simplify the expression are incorrect. The correct simplification should be:\n\n\\[\n\\left(\\frac{5}{8}\\right)^{-7} \\times \\left(\\frac{8}{5}\\right)^{-5} = \\left(\\frac{8}{5}\\right)^7 \\times \\left(\\frac{5}{8}\\right)^5 = \\frac{8^7 \\times 5^5}{5^7 \\times 8^5} = \\frac{8^2 \\times 5^2}{5^2 \\times 8^2} = \\frac{4}{1} = 4\n\\]\n\nTherefore, the Answer is incorrect because it does not correctly simplify the given expression.\n\n**Error:** 1', '**Reasoning:** In part (i), the student incorrectly simplified the expression \\(\\left(\\frac{1}{3}\\right)^{-2} - \\left(\\frac{1}{2}\\right)^{-3}\\) as \\(\\frac{1^{-2}}{3^{-2}} - \\frac{1^{-3}}{2^{-3}}\\). The correct approach should be to convert the negative exponents into positive by taking the reciprocal and then raising them to their respective powers, resulting in \\(\\left(\\frac{3^2}{1}\\right) - \\left(\\frac{2^3}{1}\\right)\\).\n\nIn part (ii), the student mistakenly applied the negative exponent rule incorrectly when multiplying \\(\\left(\\frac{5}{8}\\right)^{-7} \\times \\left(\\frac{8}{5}\\right)^{-5}\\) as \\(\\frac{5^{-7}}{8^{-7}} \\times \\frac{8^{-5}}{5^{-5}} = \\frac{5^{-7} \\times 8^{-5}}{8^{-7} \\times 5^{-5}}\\). The correct operation should involve multiplying the numerators together and the denominators together directly, which would result in \\(\\left(\\frac{8^5}{5^7}\\right) \\times \\left(\\frac{5^5}{8^7}\\right)\\).\n\n**Error:** 1', '**Reasoning:** The answer provided does not contain any obvious errors in the steps taken to simplify the expressions. It correctly follows the order of operations and simplifies the fractions appropriately. There is no indication of incorrect arithmetic or logical mistakes.\n\n**Error:** 0', '**Reasoning:** The error occurs in the simplification of the expression inside the brackets \\(\\left( \\frac{1}{3} \\right)^{-2} - \\left( \\frac{1}{2} \\right)^{-3}\\). The exponent rules applied incorrectly result in an incorrect calculation of the difference between the two terms. Specifically, \\(\\left( \\frac{1}{a} \\right)^{-n} = a^n\\), but here the negative exponents are being incorrectly converted to positive exponents when the subtraction is performed.\n\nThe correct approach should be to evaluate each term separately before performing the subtraction, but instead, the negative exponents are incorrectly simplified to \\(3^2\\) and \\(2^3\\) respectively. This leads to an incorrect final answer after division.\n\n**Error:** 1', ""**Reasoning:** The answer has some logical errors in its simplification process. In part (i), the expression \\(\\left(1/3\\right)^{-2} - (1/2)^{-3}\\) should be simplified correctly. The student incorrectly applied the negative exponent rule and made a mistake in calculating the powers. In part (ii), the student's calculations are correct in principle but they should have handled the negative exponents properly when multiplying fractions. The step \\(\\frac{8^7}{8^{-7}}\\) is incorrect because it should be \\(\\frac{8^{7-(-7)}}{8^{7}} = \\frac{8^{14}}{8^{7}} = 8^7\\). Additionally, the final simplification of \\(\\frac{5^{-2} \\times 8^{-2}}{64/25}\\) is correct but there was a missing step in the algebraic manipulation leading to the final result.\n\n**Error:** 1"", '**Reasoning:** The answer appears to be correct. The simplification process for both parts of the expression is done correctly according to algebraic rules. There are no obvious mistakes in the calculations shown.\n\n**Error:** 0', ""**Reasoning:** The answer provided contains some logical errors. In part (i), when simplifying \\(\\left( \\frac{1}{3} \\right)^{-2} - \\left( \\frac{1}{2} \\right)^{-3}\\) divided by \\(\\left( \\frac{1}{4} \\right)^{-2}\\), the step where it's incorrectly written as \\(\\frac{1^{-2}}{3^{-2}} - \\frac{1^{-3}}{2^{-3}}\\) is incorrect because exponents do not distribute across subtraction. Instead, it should be simplified as follows: \\(\\left( \\frac{1}{3} \\right)^{-2} = 9\\) and \\(\\left( \\frac{1}{2} \\right)^{-3} = 8\\), so the expression becomes \\(9 - 8\\) divided by \\(\\left( \\frac{1}{4} \\right)^{-2} = 16\\). This gives us \\(\\frac{1}{16}\\) instead of 1. Additionally, in part (ii), while computing \\(\\left( \\frac{5}{8} \\right)^{-7} \\times \\left( \\frac{8}{5} \\right)^{-5}\\), the step \\(\\frac{5^{-7}}{8^{-7}} \\times \\frac{8^{-5}}{5^{-5}}\\) is not correct because the exponents need to be handled correctly: \\(\\frac{5^{-7}}{5^{5}} \\times \\frac{8^{-5}}{8^{-7}} = \\frac{1}{5^2} \\times 8^2 = \\frac{64}{25}\\).\n\n**Error:** 1"", '**Reasoning:** The answer contains two parts: part (i) which is correct, but part (ii) is incorrect because it incorrectly simplifies \\(\\left(\\frac{5}{8}\\right)^{-7} \\times \\left(\\frac{8}{5}\\right)^{-5}\\). Part (ii) should be simplified as follows:\n\\[\n\\left(\\frac{5}{8}\\right)^{-7} \\times \\left(\\frac{8}{5}\\right)^{-5} = \\left(\\frac{8}{5}\\right)^7 \\times \\left(\\frac{5}{8}\\right)^5 = \\left(\\frac{8}{5}\\right)^2 = \\frac{64}{25}\n\\]\nThis is because \\(\\frac{8}{5}^{-7} = \\frac{5}{8}^7\\) and similarly, \\(\\frac{8}{5}^{-5} = \\frac{5}{8}^5\\).\n\n**Error:** 1', '**Reasoning:** The answer includes two parts. In part (i), the initial calculation of \\(\\left(\\frac{1}{3}\\right)^{-2} - \\left(\\frac{1}{2}\\right)^{-3}\\) is incorrect because it simplifies to \\(\\frac{1}{9} - \\frac{8}{27}\\) instead of \\(\\frac{9}{9} - \\frac{8}{8}\\). In part (ii), the simplification of \\(\\left(\\frac{5}{8}\\right)^{-7} \\times \\left(\\frac{8}{5}\\right)^{-5}\\) is incorrectly handled. It should be simplified as \\(\\frac{5^7}{8^7} \\times \\frac{8^5}{5^5}\\). The exponent rules are applied incorrectly, resulting in \\(\\frac{5^2}{8^2} = \\frac{25}{64}\\) instead of \\(\\frac{64}{25}\\).\n\n**Error:** 1', '**Reasoning:** The answer provided for part (ii) contains an error. In the calculation of \\(\\left(\\frac{5}{8}\\right)^{-7} \\times \\left(\\frac{8}{5}\\right)^{-5}\\), the exponents do not simplify correctly according to the rules of negative exponents. Specifically, \\(\\left(\\frac{5}{8}\\right)^{-7} = \\left(\\frac{8}{5}\\right)^7\\) and \\(\\left(\\frac{8}{5}\\right)^{-5} = \\left(\\frac{5}{8}\\right)^5\\). Therefore, the product should be \\(\\left(\\frac{8}{5}\\right)^7 \\times \\left(\\frac{5}{8}\\right)^5 = \\left(\\frac{8^7}{5^5}\\right)\\), but the given solution suggests a different approach leading to an incorrect result.\n\n**Error:** 1', '**Reasoning:** The answer contains an error in the simplification of the second part of the expression \\(\\left(\\frac{5}{8}\\right)^{-7} \\times \\left(\\frac{8}{5}\\right)^{-5}\\). \n\nThe steps taken to simplify this part of the expression are as follows:\n\\[\n\\left(\\frac{5}{8}\\right)^{-7} \\times \\left(\\frac{8}{5}\\right)^{-5} = \\frac{5^{-7}}{8^{-7}} \\times \\frac{8^{-5}}{5^{-5}}\n\\]\nThis simplifies to \\(\\frac{5^{-7} \\times 8^5}{8^{-7} \\times 5^5}\\), not \\(\\frac{5^{-2} \\times 8^{-2}}{5^2}\\) as shown in the answer. The correct approach would be to use the rules of exponents properly.\n\nThe error lies in the incorrect application of exponent rules to the second part of the expression.\n\n**Error:** 1', '**Reasoning:** The answer provided contains several errors. In part (i), the simplification of the expression \\(\\left(\\frac{1}{3}\\right)^{-2} - \\left(\\frac{1}{2}\\right)^{-3}\\) is incorrect. It should be simplified as follows:\n\\[\n\\left(\\frac{1}{3}\\right)^{-2} - \\left(\\frac{1}{2}\\right)^{-3} = 3^2 - 2^3 = 9 - 8 = 1.\n\\]\nFor part (ii), the simplification of the expression \\(\\left(\\frac{5}{8}\\right)^{-7} \\times \\left(\\frac{8}{5}\\right)^{-5}\\) is also incorrect. It should be simplified as follows:\n\\[\n\\left(\\frac{5}{8}\\right)^{-7} \\times \\left(\\frac{8}{5}\\right)^{-5} = 8^7 \\times 5^7 = \\frac{64^7}{5^7}.\n\\]\nTherefore, the answer contains errors in both parts of the question.\n\n**Error:** 1', '**Reasoning:** The answer provided does not appear to contain any mathematical errors. The steps for simplifying the expressions are correctly followed. The calculations and substitutions seem logical and consistent with standard algebraic rules.\n\n**Error:** 0', '**Reasoning:** The answer to part (i) appears to contain an error. The expression \\(\\left(\\frac{1}{3}\\right)^{-2} - \\left(\\frac{1}{2}\\right)^{-3}\\) should be simplified first before division by \\(\\left(\\frac{1}{4}\\right)^{-2}\\). The correct simplification should be \\(3^2 - 2^3\\) instead of \\(9 - 8\\). The calculation in part (ii) does not have any errors as it correctly follows the rules of exponents.\n\n**Error:** 1']",5,15,Qwen/Qwen2.5-VL-3B-Instruct,100,0.6277052571971504
"A, B and C can do a piece of work in 20, 30 and 60 days respectively. In how many days can A do the work if he is assisted by B and C on every third day? 

\begin{itemize}
    \item[A.] 12 days
    \item[B.] 15 days
    \item[C.] 16 days
    \item[D.] 18 days
\end{itemize}

"," Option B

A's 2 day's work is given by:
\[
\left( \frac{1}{20} \times 2 \right) = \textcolor{red}{\frac{1}{15}}.
\]

(A + B + C)'s 1 day's work is given by:
\[
\left( \frac{1}{20} + \frac{1}{30} + \frac{1}{60} \right) = \textcolor{red}{\frac{5}{60}} = \textcolor{red}{\frac{1}{12}}.
\]

Work done in 3 days is:
\[
\textcolor{red}{\frac{1}{15}} + \textcolor{red}{\frac{1}{12}} = \textcolor{red}{\frac{3}{20}}.
\]

Now, \(\textcolor{red}{\frac{3}{20}}\) work is done in 3 days. Therefore, the whole work will be done in:
\[
3 \times \textcolor{red}{\frac{20}{3}} = \textcolor{red}{20} \text{ days.}
\]

",True,True,True,0.2449300267946353,True,0,"['**Reasoning:**\nThe answer provided does not contain any errors. The steps taken to solve the problem are correct and logically aligned with the given question. The calculations involving work efficiency and the days required to complete the work are accurately computed according to the principles of work rate.\n\n**Error:** 0', '**Reasoning:** The answer provided contains a logical error in the final calculation. The work done in 3 days should be multiplied by \\(\\frac{20}{3}\\) to find the total time required for the whole work, but instead, it incorrectly multiplies \\(3\\) by \\(\\frac{20}{3}\\). This results in a total time of \\(20\\) days, which matches the expected result but is not derived correctly from the work rates calculated. \n\n**Error:** 1', ""**Reasoning:** The answer does not properly account for the work done by A alone in every third day. It starts with the combined work of A, B, and C over 2 days, but then incorrectly calculates the work done in 3 days as \\(\\frac{3}{20} \\times 3 = 20\\) days, ignoring the fact that A works alone for 2 out of those 3 days. The correct approach should be to calculate the total work done considering A's daily work plus the additional work done when he works with B and C every third day.\n\n**Error:** 1"", ""**Reasoning:** The answer provided contains an error in the calculation. \n\nStep-by-step breakdown:\n1. The work rate for A, B, and C in one day is calculated correctly as follows:\n   - A's work rate: \\(\\frac{1}{20}\\)\n   - B's work rate: \\(\\frac{1}{30}\\)\n   - C's work rate: \\(\\frac{1}{60}\\)\n\n2. When A works with B and C, their combined work rate is:\n   \\[\n   \\left( \\frac{1}{20} + \\frac{1}{30} + \\frac{1}{60} \\right) = \\frac{1}{15}\n   \\]\n\n3. The total work done in 3 days is:\n   \\[\n   3 \\times \\frac{1}{15} = \\frac{3}{15}\n   \\]\n\n4. This fraction needs to be simplified:\n   \\[\n   \\frac{3}{15} = \\frac{1}{5}\n   \\]\n\n5. To find the total time taken to complete the entire work, we need the reciprocal of the remaining work rate after 3 days:\n   \\[\n   \\text{Time} = \\frac{1}{\\text{Remaining Work Rate}} = \\frac{1}{\\frac{1}{5}} = 5 \\text{ days}\n   \\]\n\nHowever, the provided solution calculates it as:\n   \\[\n   20 \\text{ days}\n   \\]\n\n**Error:** 1"", '**Reasoning:** The answer provided calculates the work done in 3 days first, rather than the total number of days required to complete the entire work. The calculation of \\(\\frac{3}{20} = 20\\) days is incorrect because it does not account for the fact that A works alone for every third day. The correct approach should be to find out how many times A works alone and then add that to the number of days B and C work together.\n\n**Error:** 1', '**Reasoning:** The answer provided has an error in the calculation of the total work done. In the last step, it incorrectly multiplies `3` by `\\frac{20}{3}` instead of using the correct total days calculated from the previous steps.\n\n**Error:** 1', '**Reasoning:** The answer provided does not correctly solve the problem. The calculation seems to be incorrect. In the question, it states that A, B, and C can complete a piece of work in 20, 30, and 60 days respectively. When A works with B and C every third day, we need to consider their combined work rate. The correct approach should involve calculating the work done by A alone in two days, the work done by (A + B + C) in one day, and then determining how long it takes to complete the entire work. However, the provided answer incorrectly applies the formula for work rates and does not account for the alternating work pattern. Therefore, an error is identified.\n\n**Error:** 1', '**Reasoning:** The answer provided follows a logical sequence but contains a minor arithmetic error. Specifically, in the final step, when calculating the total time required to complete the work, the equation should be:\n\n\\[ 3 \\times \\frac{20}{3} = 20 \\]\n\nHowever, the given answer incorrectly simplifies this to 20 days, as shown in the calculation \\(3 \\times 6.67\\), which is not correct because it does not match the expected result from the given equation.\n\n**Error:** 1', ""**Reasoning:** \nThe logical flow of the problem seems correct up to a certain point but contains an inconsistency. The work rate calculation for A’s 2 days' work is correct as it simplifies to \\(\\frac{2}{3}\\) of the work done in 2 days. However, when calculating the total work done in 3 days with both A and B+C working together, the sum of their individual work rates should be considered correctly. Since A works for 1 day every third day and B+C work for one day together each day, the correct way to approach this would involve considering the combined work rate of A, B, and C over those days, and then solving accordingly. \n\nThe calculation for the fraction of work completed in three days should reflect the sum of the work rates taken into account:\n\n- A's contribution: \\(\\frac{1}{6}\\) of the work (since A works for 1 day every 3 days).\n- B and C's combined daily work: \\(\\frac{1}{20} + \\frac{1}{30} + \\frac{1}{60} = \\frac{5}{60} = \\frac{1}{12}\\)\n\nSo, in 3 days:\n- A contributes \\(\\frac{3}{6}\\) of the work.\n- B and C together contribute \\(3 \\times \\frac{1}{12} = \\frac{1}{4}\\) of the work.\n\nTogether, this sums up to \\(\\frac{3}{6} + \\frac{1}{4} = \\frac{1}{2}\\) of the work done in 3 days. To find out how many sets of 3 days (which equals 20 days since A works every third day) are required to complete the entire work, the calculations show the need for more than just 1 set of 3 days, which leads to an incorrect answer being provided in the problem. The answer provided does not match the steps to solve the problem accurately due to this oversight.\n\n**Error:** 1"", '**Reasoning:** The answer incorrectly calculates the number of days required for A to complete the work when assisted by B and C every third day. The correct approach involves calculating the combined rate of A, B, and C per day and then determining how many such periods are needed to complete the work. However, the calculation given in the answer does not directly address this issue correctly. Instead, it seems to focus on simplifying fractional rates without accounting for the repetition pattern explicitly.\n\n**Error:** 1', ""**Reasoning:** The error lies in the calculation of how much work A completes in one day when assisted by B and C every third day. The correct approach should be to calculate the total work done in one day including the work done by A alone and the combined work done by A, B, and C every third day. However, the answer incorrectly assumes A's work rate remains the same even with assistance, which is not accurate. \n\n**Error:** 1"", '**Reasoning:** The answer process starts correctly with identifying A\'s two-day work and calculating the combined work done in one day by A, B, and C. However, the mistake occurs when the calculation for the whole work done in three days is incorrect. The factor ""3"" should be outside the fraction, as it represents the number of times the work is completed (three times the fraction representing the third of the work). Additionally, the final step of multiplying 20/3 by 3 should yield 20, but it appears multiplied by 3 again, leading to an incorrect result. Therefore, the entire calculation is flawed.\n\n**Error:** 1', '**Reasoning:** The solution seems to contain an arithmetic mistake when calculating the total number of days required for the work to be completed. Specifically, the calculation \\(3 \\times \\frac{20}{3} = 20\\) days should be revised to reflect the correct fraction of work done each day considering the assistance of B and C every third day. The correct approach would involve assigning daily work rates for A, B, and C and accounting for the assistance periods accurately.\n\n**Error:** 1', '**Reasoning:** The Answer incorrectly calculates the total work done in 3 days. The correct approach should consider the entire work done in one day when A works with B and C every third day. The calculation should be based on the combined work rate of A, B, and C over three days. The answer given does not account for the combined work rates correctly, leading to an incorrect total time calculation for the whole work.\n\n**Error:** 1', '**Reasoning:** The Answer incorrectly calculates the total work done in 3 days as \\(\\frac{3}{20}\\) instead of the correct value of \\(\\frac{3}{6}\\). The calculation should be \\(3 \\times \\frac{20}{3} = 20\\) days, but the answer given is incorrect.\n\n**Error:** 1']",5,15,Qwen/Qwen2.5-VL-3B-Instruct,100,0.7201248812718097
"Divide \( 8\sqrt{15} \) by \( 2\sqrt{3} \).

"," 
\[
8\sqrt{15} \div 2\sqrt{3} = \frac{8\sqrt{3} \textcolor{red}{-} \sqrt{5}}{2\sqrt{3}} = 4\sqrt{5}
\]

",True,True,False,0.5004024235381879,True,0,"['**Reasoning:** The answer incorrectly simplifies the expression \\(\\frac{8\\sqrt{3}}{2\\sqrt{3}}\\) as \\(4\\sqrt{5}\\). Instead, it should simplify to \\(4\\), because when dividing \\(\\sqrt{a} / \\sqrt{b}\\), it simplifies to \\(\\sqrt{a/b}\\), so \\(\\frac{8\\sqrt{3}}{2\\sqrt{3}} = \\frac{8}{2} = 4\\). \n\n**Error:** 0', '**Reasoning:** The answer incorrectly divides the fractions by canceling out the square roots instead of rationalizing the denominator. The correct approach involves multiplying both the numerator and the denominator by the conjugate of the denominator to eliminate the radicals.\n\n**Error:** 1', '**Reasoning:** The answer should be evaluated based on the correctness of the mathematical operations performed. In this case, the division of \\(8\\sqrt{15}\\) by \\(2\\sqrt{3}\\) should result in \\(4\\sqrt{5}\\). However, the expression given as the solution seems to contain an incorrect simplification. Instead of dividing each term in the numerator by the corresponding term in the denominator, it incorrectly multiplies \\(\\sqrt{3}\\) by \\(\\sqrt{5}\\) instead of dividing them appropriately.\n\n**Error:** 1', '**Reasoning:** The answer provided is incorrect because it performs division incorrectly by dividing \\(\\sqrt{5}\\) instead of \\(\\sqrt{15}\\). The correct approach should be to divide \\(8\\sqrt{15}\\) by \\(2\\sqrt{3}\\) by multiplying each term inside the square roots by their respective reciprocals. Therefore, the division correctly simplifies to \\(4\\sqrt{\\frac{15}{3}} = 4\\sqrt{5}\\), but the numerator inside the square root was miscalculated as \\((8\\sqrt{3} - \\sqrt{5})\\) when it should have been \\((8\\sqrt{15} / 2)\\).\n\n**Error:** 1', '**Reasoning:** The answer provided does not correctly divide the numbers inside the square roots. When dividing \\(\\sqrt{15}\\) by \\(\\sqrt{3}\\), it should be simplified as follows: \n\\[\n\\frac{8\\sqrt{15}}{2\\sqrt{3}} = \\frac{8}{2} \\cdot \\frac{\\sqrt{15}}{\\sqrt{3}} = 4\\sqrt{\\frac{15}{3}} = 4\\sqrt{5}\n\\]\nHowever, the calculation in the answer suggests subtracting \\(\\sqrt{5}\\) from \\(\\frac{8\\sqrt{3}}{2\\sqrt{3}}\\), which is incorrect.\n\n**Error:** 1', '**Reasoning:** The answer provided incorrectly simplifies the division of \\(\\sqrt{15}\\) by \\(2\\sqrt{3}\\). The correct approach should be to divide the coefficients and simplify the radicals separately. The coefficient division gives \\(\\frac{8}{2} = 4\\), and the radical part simplifies to \\(\\frac{\\sqrt{15}}{\\sqrt{3}} = \\sqrt{5}\\). Therefore, the correct answer should be \\(4\\sqrt{5}\\), not \\(\\frac{8\\sqrt{3} - \\sqrt{5}}{2\\sqrt{3}}\\).\n\n**Error:** 1', '**Reasoning:** The answer provided does not correctly simplify the division of \\(8\\sqrt{15}\\) by \\(2\\sqrt{3}\\). When dividing \\(\\sqrt{a} \\div \\sqrt{b}\\), we can simplify this to \\(\\frac{\\sqrt{a}}{\\sqrt{b}} = \\sqrt{\\frac{a}{b}}\\). Applying this rule:\n\\[ \\frac{8\\sqrt{15}}{2\\sqrt{3}} = \\frac{8}{2} \\times \\frac{\\sqrt{15}}{\\sqrt{3}} = 4 \\times \\sqrt{\\frac{15}{3}} \\]\n\\[ \\sqrt{\\frac{15}{3}} = \\sqrt{5} \\]\n\nSo, the correct simplified answer should be:\n\\[ 4\\sqrt{5} \\]\n\nThe given answer incorrectly simplifies it as \\(4\\sqrt{3} - \\sqrt{5}\\), which is incorrect.\n\n**Error:** 1', '**Reasoning:** The answer provided is incorrect. When dividing two square roots with different radicands, we cannot simply divide the coefficients as if they were separate terms. The correct method involves dividing the numbers under the square roots separately and then simplifying the result if possible. In this case, \\(8\\sqrt{15} \\div 2\\sqrt{3}\\) should be simplified as follows:\n\\[\n8\\sqrt{15} \\div 2\\sqrt{3} = \\frac{8\\sqrt{15}}{2\\sqrt{3}} = \\frac{8}{2} \\times \\sqrt{\\frac{15}{3}} = 4\\sqrt{5}\n\\]\nTherefore, the answer is correct.\n\n**Error:** 0', '**Reasoning:** The answer incorrectly simplifies the division of \\(8\\sqrt{15}\\) by \\(2\\sqrt{3}\\). The correct simplification should be:\n\\[ \\frac{8\\sqrt{15}}{2\\sqrt{3}} = \\frac{8}{2} \\cdot \\sqrt{\\frac{15}{3}} = 4 \\cdot \\sqrt{5} = 4\\sqrt{5}. \\]\nThe denominator \\(2\\sqrt{3}\\) can be simplified as follows:\n\\[ \\frac{8\\sqrt{15}}{2\\sqrt{3}} = \\frac{8\\sqrt{15}}{2\\sqrt{3}} = \\frac{8}{2} \\cdot \\sqrt{5} = 4\\sqrt{5}. \\]\n\n**Error:** 0', '**Reasoning:** The answer incorrectly simplifies the division of \\(8\\sqrt{15}\\) by \\(2\\sqrt{3}\\). The correct process involves dividing each part of the radical separately. Dividing the coefficients gives us \\(4\\) and dividing the radicals yields \\(\\frac{\\sqrt{15}}{\\sqrt{3}} = \\sqrt{\\frac{15}{3}} = \\sqrt{5}\\). Therefore, the correct simplified form should be \\(4\\sqrt{5}\\). The answer presented simplifies the division incorrectly as if it were rationalizing the denominator.\n\n**Error:** 1', '**Reasoning:** The answer provided does not correctly simplify the division of \\(8\\sqrt{15}\\) by \\(2\\sqrt{3}\\). The correct approach would be to divide each term inside the square roots separately: \n\n\\[ \\frac{8\\sqrt{15}}{2\\sqrt{3}} = \\frac{8}{2} \\cdot \\frac{\\sqrt{15}}{\\sqrt{3}} = 4 \\cdot \\sqrt{\\frac{15}{3}} = 4\\sqrt{5} \\]\n\nHowever, the given answer incorrectly simplifies it as \\(\\frac{8\\sqrt{3} - \\sqrt{5}}{2\\sqrt{3}}\\), which is not simplified correctly. The original problem asks for division, but the solution provided seems to suggest subtraction instead of division.\n\n**Error:** 1', ""**Reasoning:** The answer incorrectly simplifies the division of \\(\\sqrt{15}\\) by \\(2\\sqrt{3}\\). The correct approach involves dividing the coefficients and the square roots separately. \n\nThe correct solution should be:\n\\[\n8\\sqrt{15} \\div 2\\sqrt{3} = \\frac{8\\sqrt{15}}{2\\sqrt{3}} = 4\\sqrt{\\frac{15}{3}} = 4\\sqrt{5}\n\\]\n\nThe mistake in the student's answer is in the final step where they incorrectly simplified \\(\\sqrt{15}\\div \\sqrt{3}\\) to \\(\\sqrt{5}\\) instead of directly dividing the numbers inside the square root. \n\n**Error:** 1"", '**Reasoning:** The answer provided does not correctly divide the terms inside the square roots. When dividing \\(\\sqrt{15}\\) by \\(2\\sqrt{3}\\), it should be simplified as follows: \n\\[\n\\frac{\\sqrt{15}}{2\\sqrt{3}} = \\frac{\\sqrt{15}}{2\\sqrt{3}} \\cdot \\frac{\\sqrt{3}}{\\sqrt{3}} = \\frac{\\sqrt{45}}{6} = \\frac{\\sqrt{9 \\cdot 5}}{6} = \\frac{3\\sqrt{5}}{6} = \\frac{\\sqrt{5}}{2}\n\\]\nThe correct answer should be \\(\\frac{\\sqrt{5}}{2}\\), not \\(\\frac{8\\sqrt{3}-\\sqrt{5}}{2\\sqrt{3}}\\).\n\n**Error:** 1', '**Reasoning:** The solution incorrectly simplifies the division of two square roots. When dividing two square roots with the same index, you can divide the coefficients separately and keep the root. Therefore, \\( \\frac{8\\sqrt{3}}{2\\sqrt{3}} = 4\\sqrt{3} \\) instead of \\( 4\\sqrt{5} \\).\n\n**Error:** 1', '**Reasoning:** The answer incorrectly simplifies the division of \\(8\\sqrt{15}\\) by \\(2\\sqrt{3}\\). The correct approach would be to divide each term separately by \\(2\\sqrt{3}\\):\n\n\\[\n\\frac{8\\sqrt{15}}{2\\sqrt{3}} = \\frac{8}{2} \\cdot \\frac{\\sqrt{15}}{\\sqrt{3}} = 4 \\cdot \\sqrt{\\frac{15}{3}} = 4 \\cdot \\sqrt{5}\n\\]\n\nThe final step should simplify to \\(4\\sqrt{5}\\) instead of \\(4\\sqrt{3}\\).\n\n**Error:** 1']",5,15,Qwen/Qwen2.5-VL-3B-Instruct,100,0.48509409130221154
"\textbf{Question} 

Match each of the set on the left described in the roster form with the same set on the right described in the set-builder form:
\begin{enumerate}
    \item[$(i)$] $\{P, R, I, N, C, A, L\}$
    \item[$(ii)$] $\{0\}$
    \item[$(iii)$] $\{1, 2, 3, 6, 9, 18\}$
    \item[$(iv)$] $\{3, -3\}$
\end{enumerate}

\begin{enumerate}
    \item[$(a)$] $\{x : x \text{ is a positive integer and is a divisor of } 18\}$
    \item[$(b)$] $\{x : x \text{ is an integer and } x^2 - 9 = 0\}$
    \item[$(c)$] $\{x : x \text{ is an integer and } x + 1 = 1\}$
    \item[$(d)$] $\{x : x \text{ is a letter of the word PRINCIPAL}\}$
\end{enumerate}

","

Since in $(d)$, there are \textcolor{red}{8} letters in the word PRINCIPAL and two letters P and I are repeated, so $(i)$ matches $(d)$. Similarly, $(ii)$ matches $(c)$ as $x + 1 = 1$ implies $x = 0$. Also, $1, 2, 3, 6, 9, 18$ are all divisors of 18 and so $(iii)$ matches $(a)$. Finally, $x^2 - 9 = 0$ implies $x = 3, -3$ and so $(iv)$ matches $(b)$.

",True,True,False,0.6365141682948128,False,0,"['**Reasoning:** The answer does not contain any logical errors. The steps taken to match each set with the corresponding set-builder form are presented correctly. \n\n**Error:** 0', '**Reasoning:** The answer provided does not contain any mathematical mistakes. Each step follows logically from the definitions given in the question. The connections between sets and their respective descriptions are correct and consistent with standard set theory.\n\n**Error:** 0', '**Reasoning:** The student\'s answer does not match the correct matches between the sets and set-building forms as presented in the question. Specifically, the mappings provided are incorrect:\n(i) should match with (d), since it is the set of letters in the word ""PRINCIPAL"";\n(ii) should match with (b), as it correctly describes a set of integers whose square is equal to 9;\n(iii) should match with (c), since it lists the divisors of 18;\n(iv) should match with (a), since it correctly describes a set of positive integers divisible by 18.\nTherefore, the first two options are incorrect.\n\n**Error:** 1', '**Reasoning:** The answer provided does not contain any mathematical calculations or mistakes. It describes how each set matches with its corresponding description but does not solve the problem itself. Since the question does not involve solving expressions or deriving answers, we cannot identify any errors based on the given answer alone.\n\n**Error:** 0', '**Reasoning:** The answer does not contain any mathematical errors; all the matches between sets and set-builder forms are correct.\n\n**Error:** 0', '**Reasoning:** The solution provided has a logical error. For part (d), it states that the correct match is (c) because \\( x + 1 = \\pm1 \\). However, this does not match with the set {3, -3} mentioned in the question. The answer incorrectly matches part (iv) with (b) instead of (a), as it should be matching (iv) with (d), which is the correct match according to the set description {3, -3}. Therefore, the answer partially matches but incorrectly places the match for (iv), leading to an overall incorrect solution.\n\n**Error:** 1', '**Reasoning:** The Answer appears to be logically coherent and correctly matches each set with its corresponding definition. The logic of the problem and the reasoning presented in the answer seem sound.\n\n**Error:** 0', '**Reasoning:** The answer provided does not match the question asked. The Question asks to match sets described in the text with set-builder notation, while the Answer seems to be a separate explanation of matching different sets. The Answer does not address the question directly or provide the correct matches.\n\n**Error:** 1', '**Reasoning:** The answer does not contain any numerical calculations or incorrect matchings between sets and set-building formulas. However, it appears the solution is missing the correct interpretation for each set in the same manner described in sets (a) through (d). There is no indication of numerical mistakes or logical errors in the matching process.\n\n**Error:** 0', '**Reasoning:** The answer provided contains a logical error. In the question, it asks to match each set on the left with the same set described in the set-building form. For part (iii), the set-builder form should be {x: x is a positive integer and divides 18}. However, the answer incorrectly matches this set with (a), which describes a set of positive integers that are divisors of 18. This is incorrect because the set described in the answer does not match the description of the set from the question.\n\n**Error:** 1', '**Reasoning:** The Answer provided contains an error. In the section where matching each set with its description, ""Since in (d), there are 8 letters in the word PRINCIPAL and two letters P and I are repeated,"" it should be noted that the correct answer for (d) is actually ""x: x is a letter of the word PRINCIPAL"" because the question asks to match sets with descriptions, not vice versa. The set {3, -3} corresponds to ""x^2 - g = 0"" (option b), not ""x is a letter of the word PRINCIPAL"".\n\n**Error:** 0', '**Reasoning:** The Answer does not contain any mathematical errors. The logic used to match the sets with the set-builder formulas is correct. No incorrect matches were made, and all pairs were correctly matched according to the definitions provided.\n\n**Error:** 0', '**Reasoning:** The Answer does not contain any logical inconsistencies or arithmetic mistakes. It correctly matches each set described in the question with their corresponding set-builder notation. There appears to be no error in the interpretation or application of the set-building process.\n\n**Error:** 0', '**Reasoning:** The answer provided does not contain any apparent errors based on the given information. It matches each set correctly with the set-builder form as described in the question. There are no inconsistencies or logical errors in the matching process.\n\n**Error:** 0', '**Reasoning:** The reasoning provided in the answer does not seem to accurately match the sets described in the question. The sets given are:\n(i) {P, R, I, N, C, A, L}\n(ii) {0}\n(iii) {1, 2, 3, 6, 9, 18}\n(iv) {3, -3}\n\nThe answer suggests matching these sets with each other based on properties like divisibility, but the logic used for matching appears incorrect. For example, the set {3} should be matched with one of the options corresponding to the property ""x^2 - g = 0"". However, since no such property is mentioned in the problem, the matching is incorrect. Additionally, the reasoning about the word ""PRINCIPAL"" and its letters seems irrelevant to the sets given.\n\n**Error:** 1']",5,15,Qwen/Qwen2.5-VL-3B-Instruct,100,0.0
"Show that the points \( P (-2, 3, 5) \), \( Q (1, 2, 3) \) and \( R (7, 0, -1) \) are collinear.

"," We know that points are said to be collinear if they lie on a line.

Now, 
\[
PQ = \sqrt{(1+2)^2 + (2-3)^2 + (3-5)^2} = \sqrt{9 + 1 + 4} = \sqrt{14}
\]

\[
QR = \sqrt{(7-1)^2 + (0-2)^2 + (-1-3)^2} = \sqrt{36 + 4 + 16} = \sqrt{56} = 2\sqrt{14}
\]

and 

\[
PR = \sqrt{(7+2)^2 + (0-3)^2 + (-1-5)^2} = \sqrt{81 + 9 + 36} = \sqrt{126} = 3\sqrt{14}
\]

Thus, \textcolor{red}{\( PQ \times QR = PR \)}. Hence, \( P \), \( Q \), and \( R \) are collinear.

",True,False,False,0.2449300267946353,True,0,"['**Reasoning:** The answer incorrectly calculates the lengths of the segments PQ, QR, and PR. The calculations should be as follows:\n- PQ = \\(\\sqrt{(1 - (-2))^2 + (2 - 3)^2 + (3 - 5)^2} = \\sqrt{9 + 1 + 4} = \\sqrt{14}\\)\n- QR = \\(\\sqrt{(7 - 1)^2 + (0 - 2)^2 + (-1 - 3)^2} = \\sqrt{36 + 4 + 16} = \\sqrt{56}\\)\n- PR = \\(\\sqrt{(7 - (-2))^2 + (0 - 3)^2 + (-1 - 5)^2} = \\sqrt{81 + 9 + 36} = \\sqrt{126}\\)\n\nThe lengths calculated are correct, but they are not combined with the cross product to show collinearity. The author concludes that because the dot product equals the length of the segment, the points are collinear, which is incorrect.\n\n**Error:** 1', '**Reasoning:** The answer incorrectly calculates the distances between points P, Q, and R using different formulas. For collinearity, the correct formula should be distance formula: \n\\[ d = \\sqrt{(x_2 - x_1)^2 + (y_2 - y_1)^2} \\]\nwhere \\( (x_1, y_1) \\) and \\( (x_2, y_2) \\) are coordinates of two points.\n\nFor P(-2,3,5), Q(1,2,8), and R(4,0,-1):\n\n\\[ PQ = \\sqrt{(1 - (-2))^2 + (2 - 3)^2 + (8 - 5)^2} = \\sqrt{9 + 1 + 9} = \\sqrt{19} \\]\n\n\\[ QR = \\sqrt{(4 - 1)^2 + (0 - 2)^2 + (-1 - 8)^2} = \\sqrt{9 + 4 + 81} = \\sqrt{94} \\]\n\n\\[ PR = \\sqrt{(4 - (-2))^2 + (0 - 3)^2 + (-1 - 5)^2} = \\sqrt{36 + 9 + 36} = \\sqrt{81} = 9 \\]\n\nHowever, the given calculations do not match these values. The use of different methods may have led to incorrect results.\n\n**Error:** 1', ""**Reasoning:** The error lies in the calculation of the distances between the points. Specifically, the distance calculation for \\(PR\\) is incorrect. The correct formula for finding the distance between two points \\((x_1, y_1, z_1)\\) and \\((x_2, y_2, z_2)\\) is \\(\\sqrt{(x_2 - x_1)^2 + (y_2 - y_1)^2 + (z_2 - z_1)^2}\\). However, the student's calculation does not include the \\(-5\\) from point \\(P\\), leading to an incorrect distance squared value. \n\n**Error:** 1"", '**Reasoning:** The answer incorrectly states that \\( P_{QR} \\) should be calculated as \\( \\sqrt{(7+2)^2 + (-1+3)^2} = 3\\sqrt{14} \\). However, it correctly calculates \\( PR \\) as \\( 3\\sqrt{14} \\). The correct calculation for \\( P_{QR} \\) should involve the midpoint formula, but this is not done correctly.\n\n**Error:** 1', '**Reasoning:** The answer incorrectly calculates the distance between points P and R, which should be compared with the distances PQ and PR instead.\n\n**Error:** 0', '**Reasoning:** The answer starts with stating that points are said to be collinear if they lie on a line, which is correct but slightly redundant as it is commonly known from geometry. However, the calculations for \\( PQ \\) and \\( PR \\) seem correct. For \\( QR \\), the calculation appears identical to the mistake made in calculating \\( PQ \\). The steps for \\( PR \\) look correct, but \\( QR \\) should be calculated correctly as well.\n\n**Error:** 1', ""**Reasoning:** The answer does not correctly calculate the distances between the points. It incorrectly computes the distance PR as \\(\\sqrt{81 + 9 + 36} = 3\\sqrt{126}\\) instead of the correct value of \\(\\sqrt{12^2 + (-5)^2} = \\sqrt{144 + 25} = \\sqrt{169} = 13\\). The student's calculation for PR is incorrect.\n\n**Error:** 1"", '**Reasoning:** The answer contains a logical error in the calculation of the distances PQ and QR. In the calculation for PQ, the numerator should be \\((1-(-2))^2 + (2-3)^2 + (3-5)^2 = 9 + 1 + 4 = 14\\), but the denominator is incorrectly written as \\(9+1+4\\) instead of the full expression \\((7-1)^2 + (0-0)^2 + (-1-3)^2\\). This results in an incorrect final result for PQ. For QR, the same mistake occurs with the denominator being incorrectly simplified. Additionally, the final statement ""Thus, PQ×QR=PR, hence P, Q, R are collinear"" is incorrect because it suggests that the product of the lengths of two sides equals the length of the third side, which is not necessarily true for collinearity unless they form a right triangle. Therefore, the answer has significant errors in both the calculation and the final conclusion.\n\n**Error:** 1', '**Reasoning:** The answer incorrectly calculates the distances between points P(-2,3,5), Q(1,2,3), and R(7,0,-1). The calculation of PR should be \\(\\sqrt{(7+2)^2 + (0-3)^2 + (-1-5)^2} = \\sqrt{81 + 9 + 36} = \\sqrt{126}\\) not \\(\\sqrt{81+9+36}\\). The value of \\(\\sqrt{81+9+36}\\) is 12.6, not 3\\(\\sqrt{14}\\) as stated in the answer.\n\n**Error:** 1', '**Reasoning:** The answer incorrectly calculates the length PR. The correct calculation should be √((-2 - 7)^2 + (3 - 0)^2 + (-5 - (-1))^2) = √(-9^2 + 3^2 + (-4)^2) = √(81 + 9 + 16) = √106, not 3√14. Therefore, the answer provided for PR is incorrect.\n\n**Error:** 1', '**Reasoning:** \nThere is an error in the calculation of PR. The expression inside the square root should be \\( (x_2 - x_1)^2 + (y_2 - y_1)^2 + (z_2 - z_1)^2 \\) rather than \\( (x_3 - x_1)^2 + (y_3 - y_1)^2 + (z_3 - z_1)^2 \\). In this case, the correct calculation would be:\n\\[ PR = \\sqrt{(7 - (-2))^2 + (0 - 3)^2 + (-1 - 5)^2} = \\sqrt{9^2 + (-3)^2 + (-6)^2} = \\sqrt{81 + 9 + 36} = \\sqrt{126} = 3\\sqrt{14} \\]\nThe correct answer for PR should also be 3\\(\\sqrt{14}\\), matching the solution for PR, but the error is in the initial step of calculating PR.\n\n**Error:** 1', '**Reasoning:** The answer incorrectly states that \\( PG \\times QR = PR \\). In fact, to show collinearity, we need to verify that the cross product of vectors \\( \\overrightarrow{PG} \\) and \\( \\overrightarrow{QR} \\) is zero, not their product. The correct calculation should involve the determinant of a matrix formed by the coordinates of the points, rather than multiplying the magnitudes.\n\n**Error:** 1', '**Reasoning:** The calculation for PR is incorrect. The correct calculation should be:\n\\[PR = \\sqrt{(7+2)^2 + (2-3)^2 + (-1-5)^2} = \\sqrt{9^2 + (-1)^2 + (-6)^2} = \\sqrt{81 + 1 + 36} = \\sqrt{118}\\]\n\n**Error:** 1', '**Reasoning:** The answer incorrectly applies the cross product concept to determine collinearity. The cross product is typically used for three-dimensional vectors, but here it should be the dot product between vectors. Additionally, the result of the dot product does not equal zero, indicating that the points are not collinear.\n\n**Error:** 1', '**Reasoning:** The answer incorrectly calculates the distances \\(|\\overrightarrow{PQ}|\\) and \\(|\\overrightarrow{PR}|\\). The calculations should be done using the coordinates directly instead of squaring them first before taking the square root. For example, for \\(|\\overrightarrow{PQ}|\\), the calculation should be \\(\\sqrt{(1+2)^2 + (2-3)^2 + (3-5)^2}\\), not \\(\\sqrt{(1+2)^2 + (2-3)^2 + (3-5)^2}\\).\n\n**Error:** 1']",5,15,Qwen/Qwen2.5-VL-3B-Instruct,100,0.7201248812718097
"Consider two points P and Q with position vectors \( \overline{OP} = 3\vec{a} - 2\vec{b} \) and \( \overline{OQ} = \vec{a} + \vec{b} \). Find the position vector of a point R which divides the line joining P and Q in the ratio 2:1, (i) internally, and (ii) externally.

","

(i) The position vector of the point R dividing the join of P and Q internally in the ratio 2:1 is 
\[
\overline{OR} = \frac{\textcolor{red}{3}(\vec{a} + \vec{b}) + (3\vec{a} - 2\vec{b})}{2 + 1} = \frac{\textcolor{red}{6\vec{a} + \vec{b}}}{3}
\]

(ii) The position vector of the point R dividing the join of P and Q externally in the ratio 2:1 is 
\[
\overline{OR} = \frac{2(\vec{a} + \vec{b}) - (3\vec{a} - \textcolor{red}{3}\vec{b})}{2 - 1} = \textcolor{red}{5\vec{b}} - \vec{a}
\]

",True,True,True,0.6277052571971504,True,1,"['**Reasoning:** The calculation for finding the position vector of point \\( R \\) internally dividing the join of \\( P \\) and \\( Q \\) in the ratio \\( 2:1 \\) appears to be correct. However, the calculation for finding the position vector of point \\( R \\) externally dividing the join of \\( P \\) and \\( Q \\) in the same ratio seems incorrect. The denominator should be \\( 2 - 1 = 1 \\), not \\( 2 + 1 \\). This results in an error in the calculation of the external division.\n\n**Error:** 1', '**Reasoning:** The calculations for the position vector of point R when dividing the line joining points P and Q internally and externally are correct according to the formula for finding the section of a line. Internally, the position vector is obtained by taking the weighted average with the appropriate weights, and similarly for externally, but with opposite signs since it divides externally. There seems to be a minor arithmetic error in the calculation for the external division: the numerator should have -3(a + b) instead of +3(a + b) because we are subtracting from the sum of vectors, not adding.\n\n**Error:** 1', ""**Reasoning:** \nIn the answer, the calculations for finding the position vector of point \\( R \\) dividing the line joining points \\( P \\) and \\( Q \\) internally and externally in the ratio \\( 2:1 \\) appear correct. The first part of the answer correctly uses the formula for the internal division point and arrives at the correct result, while the second part also applies the correct formula for external division and yields the correct position vector. Both calculations involve the average of the vectors weighted by the ratio components, ensuring consistency with the problem's requirements.\n\n**Error:** 0"", ""**Reasoning:** \nIn the first part of the answer, the position vector of point 'R' dividing the join of 'P' and 'G' internally in the ratio 2:1 is calculated correctly as \\(\\overrightarrow{OR} = \\frac{3(\\overrightarrow{a} + \\overrightarrow{b}) + (3\\overrightarrow{a} - 2\\overrightarrow{b})}{2+1} = \\frac{6\\overrightarrow{a} + \\overrightarrow{b}}{3}\\). \n\nHowever, in the second part, the calculation of the position vector of point 'R' dividing the join of 'P' and 'G' externally in the ratio 2:1 is incorrect. The given expression should be \\(\\overrightarrow{OR} = \\frac{2(\\overrightarrow{a} + \\overrightarrow{b}) - (3\\overrightarrow{a} - 2\\overrightarrow{b})}{2-1} = 5\\overrightarrow{b} - \\overrightarrow{a}\\).\n\n**Error:** 1"", '**Reasoning:** The answer provided has some errors. In the first solution for internally dividing the line segment joining points \\( P \\) and \\( Q \\) in the ratio \\( 2:1 \\), the calculation of the position vector \\( \\overrightarrow{OR} \\) is incorrect. The correct formula should be:\n\\[\n\\overrightarrow{OR} = \\frac{3(\\vec{a} + \\vec{b})}{2+1} - \\frac{\\vec{a} - 2\\vec{b}}{2+1}\n\\]\nSimplifying this, we get:\n\\[\n\\overrightarrow{OR} = \\frac{(3\\vec{a} + 3\\vec{b}) - (\\vec{a} - 2\\vec{b})}{3} = \\frac{3\\vec{a} + 3\\vec{b} - \\vec{a} + 2\\vec{b}}{3} = \\frac{2\\vec{a} + 5\\vec{b}}{3}\n\\]\nSimilarly, for the external division in the ratio \\( 2:1 \\), the calculation of \\( \\overrightarrow{OR} \\) is also incorrect. The correct formula should be:\n\\[\n\\overrightarrow{OR} = \\frac{3(\\vec{a} + \\vec{b})}{2-1} + \\frac{\\vec{a} - 2\\vec{b}}{2-1}\n\\]\nSimplifying this, we get:\n\\[\n\\overrightarrow{OR} = \\frac{(3\\vec{a} + 3\\vec{b}) + (\\vec{a} - 2\\vec{b})}{2} = \\frac{4\\vec{a} + \\vec{b}}{2} = 2\\vec{a} + \\frac{1}{2}\\vec{b}\n\\]\n\n**Error:** 1', '**Reasoning:** The answer provided correctly calculates the position vector for the point \\( R \\) dividing the line joining points \\( P \\) and \\( Q \\) in the ratio 2:1 internally. However, there is an error in the external division calculation. The expression for the position vector when dividing externally is incorrect. The correct formula should be:\n\\[ \\overrightarrow{OR} = \\frac{2(\\overrightarrow{a} + \\overrightarrow{b}) - (3\\overrightarrow{a} - 2\\overrightarrow{b})}{2-1} = \\overrightarrow{5b - \\overrightarrow{a}} \\]\nTherefore, the external division is also calculated incorrectly.\n\n**Error:** 1', '**Reasoning:** The question asks to find the position vector of point R dividing the line segment joining P and Q in the ratio 2:1 internally and externally. The provided answer incorrectly calculates the position vectors for both cases but does not follow the correct method for finding these vectors. For internal division, the correct formula should be \\(\\overrightarrow{OR} = \\frac{2\\overrightarrow{a} + \\overrightarrow{b}}{2+1}\\). For external division, the formula should be \\(\\overrightarrow{OR} = \\frac{2(\\overrightarrow{a} + \\overrightarrow{b}) - (\\overrightarrow{3a} - 2\\overrightarrow{b})}{2-1}\\). The answer provided does not follow this method correctly.\n\n**Error:** 1', '**Reasoning:**\nUpon analyzing the solution provided, it appears that the calculations for finding the position vector \\(\\overrightarrow{OR}\\) are incorrect. The denominator in the expression for both internally and externally dividing in the ratio \\(2:1\\) should be \\(2 + 1 = 3\\), instead of \\(2 - 1 = 1\\). This discrepancy leads to the incorrect calculation of the position vectors.\n\n**Error:** 1', ""**Reasoning:**\nThe answer provided for finding the position vector of point R dividing the line joining points P and Q in the ratio 2:1 internally and externally is correct according to the standard methods used to solve such problems. The calculations involve basic vector addition and subtraction, and they are correctly applied to obtain the required vectors OR and OR'. There are no apparent errors in the mathematical steps nor in the final answers provided.\n\n**Error:** 0"", '**Reasoning:** The answer provided for the internal division does not correctly apply the formula for calculating the position vector when dividing internally in the ratio \\(2:1\\). The correct internal position vector should be calculated by weighting the vectors \\(\\overrightarrow{a}\\) and \\(\\overrightarrow{b}\\) with the appropriate coefficients. For a point dividing internally in the ratio \\(2:1\\), the position vector \\(\\overrightarrow{OR}\\) would be:\n\\[ \\overrightarrow{OR} = \\frac{3}{3+1} (\\overrightarrow{a} + \\overrightarrow{b}) + \\frac{1}{3+1} (-\\overrightarrow{a} - \\overrightarrow{b}) = \\frac{1}{2} (\\overrightarrow{a} + \\overrightarrow{b}) + \\frac{1}{4} (-\\overrightarrow{a} - \\overrightarrow{b}) = \\frac{1}{2} \\overrightarrow{a} + \\frac{1}{2} \\overrightarrow{b} - \\frac{1}{4} \\overrightarrow{a} - \\frac{1}{4} \\overrightarrow{b} = \\frac{1}{4} \\overrightarrow{a} + \\frac{1}{4} \\overrightarrow{b} \\]\n\nSimilarly, the external division should be calculated using the difference between the vectors weighted by the appropriate coefficients for the ratio \\(2:1\\):\n\\[ \\overrightarrow{OR} = \\frac{2}{2-1} (\\overrightarrow{a} + \\overrightarrow{b}) - \\frac{1}{2-1} (-\\overrightarrow{a} - \\overrightarrow{b}) = 2 (\\overrightarrow{a} + \\overrightarrow{b}) + \\overrightarrow{a} + \\overrightarrow{b} = 5 \\overrightarrow{a} + 3 \\overrightarrow{b} \\]\n\nThe given answers do not match these calculations. Therefore, the answer provided contains an error.\n\n**Error:** 1', '**Reasoning:** The answer for finding the position vector \\(\\overrightarrow{OR}\\) when dividing the line segment joining \\(P\\) and \\(Q\\) internally in the ratio \\(2:1\\) is correct. However, the answer for the external division incorrectly simplifies to \\(\\overrightarrow{5b}-\\overrightarrow{a}\\), whereas it should be \\(\\overrightarrow{5b}+\\overrightarrow{a}\\). Therefore, there is an error in the external division part of the answer.\n\n**Error:** 1', '**Reasoning:** The answer provided contains some logical errors in calculating the position vectors of point R dividing the join of points P and Q in the ratio 2:1 both internally and externally.\n\nFor part (i) (internal division):\n- The answer suggests using a formula for internal division which does not correctly apply here since the ratio is given as 2:1.\n- The correct approach involves applying the section formula for internal division, which would be:\n  \\(\\overrightarrow{OR} = \\frac{2\\overrightarrow{a} + 1\\overrightarrow{b}}{2+1}\\)\n\nFor part (ii) (external division):\n- The answer incorrectly suggests using a different formula for external division which results in incorrect coefficients.\n- The correct approach for external division involves using the section formula with negative coefficients:\n  \\(\\overrightarrow{OR} = \\frac{2\\overrightarrow{a} - 1\\overrightarrow{b}}{2-1}\\)\n\n**Error:** 1', ""**Reasoning:** \nIn the Answer, there seems to be a logical error in the calculation for dividing the line joining points 'P' and 'Q' in the ratio 2:1. The formula given for the position vector of point 'R' when it divides the line joining 'P' and 'Q' internally in the ratio 2:1 is correct. However, the second part of the answer appears to be incorrect. The formula for finding the position vector of point 'R' when it divides the line externally in the same ratio should involve subtracting the vector from the other end of the segment, not adding it. Therefore, the correct formula should be \\(\\overrightarrow{OR} = \\frac{2(\\vec{a} + \\vec{b}) - (3\\vec{a} - 2\\vec{b})}{2 - 1}\\) which simplifies to \\(\\overrightarrow{OR} = 5\\vec{b} - \\vec{a}\\). Thus, the second part of the answer is incorrect.\n\n**Error:** 1"", '**Reasoning:** The answer provided contains errors. In the first part of the answer, the position vector \\(\\overrightarrow{OR}\\) is calculated as \\(\\frac{3(\\vec{a} + \\vec{b}) + (3\\vec{a} - 2\\vec{b})}{2+1} = \\frac{6\\vec{a} + \\vec{b}}{3}\\). This calculation is incorrect because it does not account for the correct internal division of the ratio 2:1. The correct formula for the internal division of a line segment joining two points with position vectors \\(\\overrightarrow{a}\\) and \\(\\overrightarrow{b}\\) is \\(\\frac{\\overrightarrow{a} + 2\\overrightarrow{b}}{3}\\) when dividing internally. For the external division, the formula should be \\(\\frac{\\overrightarrow{a} - 2\\overrightarrow{b}}{-1}\\).\n\n**Error:** 1', ""**Reasoning:** \nThe answer provided contains two parts: one for finding the position vector of point R dividing the line joining 'P' and 'Q' internally in the ratio 2:1, and another for finding the position vector of point R dividing the line externally in the same ratio 2:1. \n\nFor the internal division (part ①), the solution states:\n\\[\n\\overrightarrow{OR} = \\frac{3(\\overrightarrow{a} + \\overrightarrow{b}) + (3\\overrightarrow{a} - 2\\overrightarrow{b})}{2+1} = \\frac{6\\overrightarrow{a} + 3\\overrightarrow{b}}{3}\n\\]\nThis simplifies to:\n\\[\n\\overrightarrow{OR} = 2\\overrightarrow{a} + \\overrightarrow{b}\n\\]\nThis is correct because multiplying both terms inside the parentheses by 3 and then summing them up gives \\(3\\overrightarrow{a} + 3\\overrightarrow{b}\\), and subtracting \\(2\\overrightarrow{a} - 2\\overrightarrow{b}\\) results in \\(5\\overrightarrow{b} - 2\\overrightarrow{a}\\). Dividing by 3 correctly gives the result.\n\nFor the external division (part ②), the solution states:\n\\[\n\\overrightarrow{OR} = \\frac{2(\\overrightarrow{a} + \\overrightarrow{b}) - (3\\overrightarrow{a} - 2\\overrightarrow{b})}{2-1} = \\frac{2\\overrightarrow{a} + 2\\overrightarrow{b} - 3\\overrightarrow{a} + 2\\overrightarrow{b}}{1} = -\\overrightarrow{a} + 4\\overrightarrow{b}\n\\]\nHowever, this part contains an error. It should be:\n\\[\n\\overrightarrow{OR} = \\frac{2(\\overrightarrow{a} + \\overrightarrow{b}) - (3\\overrightarrow{a} - 2\\overrightarrow{b})}{2-1} = \\frac{2\\overrightarrow{a} + 2\\overrightarrow{b} - 3\\overrightarrow{a} + 2\\overrightarrow{b}}{-1} = \\frac{-\\overrightarrow{a} + 4\\""]",5,15,Qwen/Qwen2.5-VL-3B-Instruct,100,1.172993472439513
"Find the direction cosines of \( x \), \( y \), and \( z \)-axis.

"," The \( x \)-axis makes angles \( 0^\circ \), \( 90^\circ \), and \( 90^\circ \) respectively with \( x \), \( y \), and \( z \)-axis. Therefore, the direction cosines of the \( x \)-axis are \( \cos 0^\circ \), \( \cos 90^\circ \), \( \cos 90^\circ \) i.e., \textcolor{red}{\( 1^\circ, 0^\circ, 0^\circ \)}. Similarly, the direction cosines of the \( y \)-axis and \( z \)-axis are \textcolor{red}{\( 0^\circ, 1^\circ, 0^\circ \)} and \textcolor{red}{\( 0^\circ, 0^\circ, 1^\circ \)} respectively.

",True,True,True,0.3926744672275521,True,0,"['**Reasoning:** The answer contains a logical error in the calculation of direction cosines. For the x-axis, the direction cosines should be \\(\\cos{0^\\circ}\\), \\(\\cos{90^\\circ}\\), and \\(\\cos{90^\\circ}\\) because the x-axis makes angles of \\(0^\\circ\\), \\(90^\\circ\\), and \\(90^\\circ\\) with the y and z axes respectively. However, the answer incorrectly lists \\(\\cos{0^\\circ}\\), \\(p\\), and \\(0^\\circ\\). Similarly, for the y-axis, the direction cosines should be \\(0^\\circ\\), \\(1^\\circ\\), and \\(0^\\circ\\) because the y-axis makes angles of \\(0^\\circ\\), \\(0^\\circ\\), and \\(90^\\circ\\) with the x and z axes respectively. The answer mistakenly lists \\(0^\\circ\\), \\(0^\\circ\\), and \\(1^\\circ\\) for the y-axis direction cosines.\n\n**Error:** 1', '**Reasoning:** The answer should state the cosine values corresponding to each direction cosine but does not explicitly list them. It mentions that the x-axis makes angles with the axes but does not specify the cosine values directly. Therefore, there is a logical error as the expected answer would be to provide the cosines for each axis.\n\n**Error:** 1', '**Reasoning:** The answer provided does not accurately represent the direction cosines of the x, y, and z-axis. According to the standard definitions:\n- The direction cosines of the x-axis are \\( \\cos 0^\\circ = 1 \\), \\( \\cos 90^\\circ = 0 \\), \\( \\cos 90^\\circ = 0 \\).\n- The direction cosines of the y-axis are \\( \\cos 90^\\circ = 0 \\), \\( \\cos 0^\\circ = 1 \\), \\( \\cos 90^\\circ = 0 \\).\n- The direction cosines of the z-axis are \\( \\cos 90^\\circ = 0 \\), \\( \\cos 90^\\circ = 0 \\), \\( \\cos 0^\\circ = 1 \\).\n\nHowever, the answer given incorrectly states the direction cosines as \\( 0^\\circ, 1^\\circ, 0^\\circ \\) for the x-axis, \\( 0^\\circ, 0^\\circ, 1^\\circ \\) for the y-axis, and \\( 0^\\circ, 0^\\circ, 1^\\circ \\) for the z-axis, which are incorrect values.\n\n**Error:** 1', '**Reasoning:** The answer incorrectly states that the direction cosines of the x-axis are cos0°, cos90°, and cos90°. It should be cos0°, 0°, 0° instead of cos90°, 0°, 0°. This is a simple arithmetic mistake as cosθ = cos(θ) for θ being 0° or 180°.\n\n**Error:** 1', '**Reasoning:** The answer incorrectly states that the direction cosines of the x-axis are \\(\\cos 0^\\circ\\), \\(\\cos 90^\\circ\\), and \\(p\\). However, the correct direction cosines of the x-axis are \\(\\cos 0^\\circ\\), \\(\\cos 90^\\circ\\), and \\(0\\). Therefore, the answer contains an error.\n\n**Error:** 1', '**Reasoning:** The answer provides incorrect values for the direction cosines of the x, y, and z axes. According to the standard definitions, the direction cosines of the x-axis should be \\( \\cos 0^\\circ = 1 \\), \\( \\cos 90^\\circ = 0 \\), and \\( \\cos 90^\\circ = 0 \\). Similarly, the y-axis direction cosines should be \\( \\cos 90^\\circ = 0 \\), \\( \\cos 90^\\circ = 1 \\), and \\( \\cos 90^\\circ = 0 \\), and the z-axis direction cosines should be \\( \\cos 90^\\circ = 0 \\), \\( \\cos 90^\\circ = 0 \\), and \\( \\cos 90^\\circ = 1 \\).\n\n**Error:** 1', '**Reasoning:** The Answer contains an error. In the direction cosines calculation for the y-axis, it states that ""cos 90° is 0,"" but this should be negative since the y-axis is perpendicular to the x-axis, making its angle with the x-axis 90 degrees. Therefore, the correct value for \\(\\cos 90^\\circ\\) is \\(0\\), but it should be \\(-0\\) or \\(0\\) depending on the orientation of the coordinate system.\n\n**Error:** 1', '**Reasoning:** The answer incorrectly states that the direction cosines of \\( x \\), \\( y \\), and \\( z \\)-axis are \\( \\cos 0^\\circ \\), \\( \\cos 90^\\circ \\), \\( \\cos 90^\\circ \\), \\( \\cos 0^\\circ \\), \\( \\cos 90^\\circ \\), and \\( \\cos 90^\\circ \\) respectively. However, the correct direction cosines are \\( \\cos 0^\\circ \\), \\( \\cos 90^\\circ \\), and \\( \\cos 90^\\circ \\) respectively, not the given values.\n\n**Error:** 1', ""**Reasoning:** The answer provided appears to be correct. The direction cosines of the x-axis are \\(\\cos 0^\\circ\\), \\(\\cos 90^\\circ\\), and \\(\\cos 90^\\circ\\), which correctly represents the cosine values associated with the x-axis's angles with the x, y, and z-axes. The same applies to the y-axis and z-axis direction cosines. The wording seems to reflect the correct mathematical concept and aligns with standard textbook explanations.\n\n**Error:** 0"", '**Reasoning:** The Answer incorrectly states that the x-axis makes angles with the x-, y-, and z-axes. It should be stated that the x-axis makes angles with the x-, y-, and z-axes using its direction cosines: \\(\\cos 0^\\circ\\), \\(\\cos 90^\\circ\\), and \\(\\cos 90^\\circ\\). The answer also incorrectly identifies these as \\(1\\), \\(0\\), and \\(0\\) respectively, but it should be \\(1\\), \\(0\\), and \\(0\\) for the axes along the x, y, and z directions.\n\n**Error:** 1', '**Reasoning:** The answer mentions angles associated with axes but does not provide direction cosines directly. Direction cosines should be cosine values of the angles between the axis and the positive direction of the coordinate system. However, the angle mentioned in the question is confusing because it seems to be asking about angles made with the axes rather than the positive directions of the axes. There is no indication of how these angles relate to the direction cosines in the answer. Therefore, it is unclear if the answer correctly represents the direction cosines of the x, y, and z axes.\n\n**Error:** 1', '**Reasoning:** The answer provided states that the x-axis makes angles \\(0^\\circ\\), \\(90^\\circ\\), and \\(90^\\circ\\) with the y-axis and z-axis respectively. However, this is incorrect because the x-axis does not make a \\(90^\\circ\\) angle with either the y-axis or the z-axis; it makes these angles with the y-axis and z-axis are \\(\\cos^{-1}(0)\\), which is \\(90^\\circ\\), but since we are looking at the direction cosines, the correct interpretation would be that the cosine of these angles should be \\(\\pm1\\) since they represent unit vectors along their respective axes. \n\n**Error:** 1', '**Reasoning:** The answer provides correct values for the direction cosines of the x-axis, y-axis, and z-axis. The values given are indeed \\(\\cos{0}^{\\circ}\\), \\(\\cos{90}^{\\circ}\\), and \\(\\cos{90}^{\\circ}\\), respectively, as expected from these axes. However, the last part states ""direction cosines of the \\(y\\)-axis and \\(z\\)-axis are \\(0^{\\circ}, 0^{\\circ}, 1^{\\circ}\\) respectively,"" which is incorrect. The direction cosines should be the cosine of the angles between each axis and the coordinate system\'s positive directions, and they should be in the range \\([-1, 1]\\). Therefore, the statement about the \\(y\\)-axis and \\(z\\)-axis having direction cosines of \\(0^{\\circ}, 0^{\\circ}, 1^{\\circ}\\) is not consistent with standard mathematical definitions of direction cosines.\n\n**Error:** 0', '**Reasoning:** The answer incorrectly states that the direction cosines of the \\( x \\)-axis are \\( \\cos 90^\\circ, \\, \\cos 90^\\circ, \\, \\rho \\). The correct direction cosines of the \\( x \\)-axis should be \\( \\cos 0^\\circ, \\, \\cos 0^\\circ, \\, \\cos 0^\\circ \\), which simplifies to \\( 1, \\, 1, \\, 1 \\). Additionally, the answer does not provide the correct direction cosines for the \\( y \\)- and \\( z \\)-axes, which should be \\( 0, \\, 1, \\, 0 \\) and \\( 0, \\, 0, \\, 1 \\) respectively.\n\n**Error:** 1', ""**Reasoning:** The answer mentions that the x-axis makes angles of \\(0^\\circ\\), \\(90^\\circ\\), and \\(90^\\circ\\) respectively with the \\(x\\)-axis, \\(y\\)-axis, and \\(z\\)-axis. However, each axis should make a different angle with itself. For example, the x-axis makes angles with the y-axis and z-axis but not with itself because it's defined as the x-axis. Therefore, the answer incorrectly states that the angles between axes are different from what is typically expected.\n\n**Error:** 1""]",5,15,Qwen/Qwen2.5-VL-3B-Instruct,100,0.0
"\textbf{Question 23} Let \( A = \{1, 2, 3\} \). Then show that the number of relations containing \( (1, 2) \) and \( (2, 3) \) which are reflexive and transitive but not symmetric is three.

"," The smallest relation \( R_1 \) containing \( (1, 2) \) and \( (2, 3) \) which is reflexive and transitive but not symmetric is \( \{(1, 1), (2, 2), (3, 3), (1, 2), (2, 3), (1, 3)\} \). Now, if we add the pair \( \textcolor{red}{(1, 2)} \) to \( R_1 \) to get \( R_2 \), then the relation \( R_2 \) will be reflexive, transitive but not symmetric. Similarly, we can obtain \( R_3 \) by adding \( \textcolor{red}{(2, 3)} \) to \( R_1 \) to get the desired relation. However, we cannot add two pairs \( (2, 1), (3, 2) \) or single pair \( (3, 1) \) to \( R_1 \) at a time, as by doing so, we will be forced to add the remaining pair in order to maintain transitivity and in the process, the relation will become symmetric also which is not required. Thus, the total number of desired relations is three.

",True,True,True,0.5799151714181009,True,0,"['**Reasoning:** The incorrect answer given in the question states that the smallest relation R containing (1,2) and (2,3) which is reflexive, transitive, but not symmetric is {1,1}, (2,2), (3,3), (1,2), (2,3), (1,3). This is incorrect because the relation (1,1) should be included as it is required to be reflexive. The smallest relation R1 should include all pairs from A x A = {(1,1), (1,2), (1,3), (2,2), (2,3), (3,3)}. Adding (1,1) would make the relation reflexive.\n\n**Error:** 1', '**Reasoning:** The answer contains some logical errors in describing how to form transitive but not symmetric relations with the set \\( \\{1, 2, 3\\} \\). Specifically, it mentions adding pairs \\((2, 1)\\) and \\((3, 2)\\) to \\(R_1\\) to maintain transitivity, which does not adhere to the requirements of the problem. Additionally, the statement about adding \\((3, 1)\\) to \\(R_1\\) and adding the remaining pair to maintain transitivity leads to incorrect conclusions. \n\n**Error:** 1', '**Reasoning:** The answer states that two pairs \\((2,1)\\) and \\((3,2)\\) cannot be added as these would make the relation symmetric, but it does not mention that adding another single pair \\((3,1)\\) would maintain transitivity while ensuring that the relation remains transitive and not symmetric.\n\n**Error:** 1', '**Reasoning:** The answer does not contain any major errors in mathematical logic or calculations. It correctly identifies the conditions required for a relation to be reflexive, transitive, and symmetric. However, it does not explicitly address the uniqueness of the relations found. For instance, it states that ""we can add two pairs (2,1), (3,2) or single pair (3,1) to R_1 at a time,"" but it does not clearly state that these additions would disrupt the existing properties of symmetry and transitivity.\n\n**Error:** 0', '**Reasoning:** The answer describes finding the number of reflexive, transitive but not symmetric relations containing (1,2) and (2,3). However, the answer seems to be confusing the order and structure of the relation in different steps. Specifically, it mentions three relations R1, R2, and R3, but then incorrectly states that R2 will also be reflexive, transitive but not symmetric if we add the pair (1,3) to R1. This suggests a misunderstanding of how to maintain the properties of reflexivity, transitivity, and symmetry while possibly violating one or more of them. Additionally, it seems to imply that R2 and R3 are related in a way that contradicts the initial conditions of the problem, which involves relations containing (1,2) and (2,3) but not necessarily (1,3). \n\n**Error:** 1', '**Reasoning:** The answer provided describes how to find the number of reflexive and transitive but not symmetric relations containing pairs (1,2) and (2,3). However, it does not provide the correct count of such relations. The smallest relation R1 containing (1,2) and (2,3) that is both reflexive and transitive but not symmetric is { (1,1), (2,2), (3,3), (1,2), (2,3), (1,3) }. When we add the pair (1,2) to R1 to get R2, the relation becomes reflexive and transitive but not symmetric. Similarly, we can obtain R3 by adding (2,3) to R1. Therefore, the total number of desired relations is not three as stated in the Answer, but two.\n\n**Error:** 1', '**Reasoning:** The Answer does not contain any computational errors but presents logical steps that can be misleading initially. The smallest relation R1 containing (1,2) and (2,3) which is reflexive, transitive, but not symmetric is { (1,1), (2,2), (3,3), (1,2), (2,3), (1,3) }. However, the answer states this relation as symmetrical, while it is not symmetrical because (1,2) and (2,1) are not part of the same relation. Additionally, the answer incorrectly claims that adding pairs (2,1), (3,2), or single pair (3,1) will maintain transitivity and symmetry, which is incorrect as it would violate the conditions of being symmetric and transitive.\n\n**Error:** 1', '**Reasoning:** The Answer does not explicitly state the number of relations containing (1,2) and (2,3) that are reflexive, transitive but not symmetric. It mentions that there are ""three such relations"" without providing a detailed count or explanation. The statement about the total number of desired relations being three is a conclusion drawn from the logical deductions made in the answer, but it lacks the intermediate steps needed to justify this conclusion.\n\n**Error:** 1', '**Reasoning:** The answer contains a logical flaw. In the statement ""we can not add two pairs (2,1), (3,2) or single pair (3,1) to R1 at a time,"" it is incorrect because, according to the problem, we can add pairs to \\(R_1\\) one at a time and still maintain transitivity. Adding two or more pairs simultaneously would violate the requirement of maintaining transitivity. Therefore, the answer contains an error.\n\n**Error:** 1', '**Reasoning:** The Answer provides a detailed explanation about the construction of reflexive, transitive, but non-symmetric relations on set A = {1,2,3} containing pairs (1,2) and (2,3). However, the Answer states ""Similarly, we can obtain R_3 by adding (2,3) to R_1 to get the desired relation"" but does not actually go through the process of creating R_3 or verifying its properties. It is reasonable to assume that the answer should include how R_3 is constructed to ensure it meets all the criteria (reflexive, transitive, but not symmetric). Without this step, the completeness and thoroughness of the answer might be questioned.\n\n**Error:** 0', '**Reasoning:** The answer incorrectly states that R3 can be obtained by adding (2,3) to R1 to get the desired relation. This is incorrect because adding (2,3) does not maintain transitivity while keeping (1,2) and (2,3). Additionally, the statement about adding two pairs simultaneously and maintaining transitivity at the same time is oversimplified and inaccurate.\n\n**Error:** 1', '**Reasoning:**\nThe answer provided does not contain any errors. The explanation begins by correctly identifying the smallest relation R₁ containing \\((1,2)\\) and \\((2,3)\\) which is reflexive and transitive but not symmetric. It then proceeds to explain how adding different pairs to \\(R₁\\) results in new relations that are either still reflexive, transitive, and not symmetric, or become symmetric. This is consistent with the problem statement and mathematical principles involved.\n\n**Error:** 0', '**Reasoning:** The answer mentions adding pairs to R1 to get R2, but it does not explicitly state that R2 must be transitive. The problem statement specifies that we need to find relations containing (1,2) and (2,3) that are reflexive, transitive, and not symmetric. Adding pairs (1,2), (2,3), and (1,3) to R1 results in a relation that is reflexive and transitive but not symmetric. However, the answer does not mention checking the transitivity of R2 before concluding that it is not symmetric. Therefore, there might be a slight mistake in the logic if the relation R2 should also be checked for transitivity before stating it is not symmetric.\n\n**Error:** 1', '**Reasoning:** The answer does not mention any errors within the provided text. It discusses the properties of relations and the construction of relations, but it seems to be concluding with the correct number of desired relations as three. There is no indication of any mathematical inaccuracies or logical mistakes in the solution.\n\n**Error:** 0', '**Reasoning:** The Answer contains a logical error. The statement ""However, we can not add two pairs (2,1), (3,2) or single pair (3,1) to R1 at a time, as by doing so, we will be forced to add the remaining pair in order to maintain transitivity"" is incorrect. It assumes that adding specific pairs results in forcing the addition of another pair, but this does not necessarily follow from the constraints of being reflexive, transitive, and not symmetric. The correct approach would involve considering all possible combinations of additions while ensuring the properties of reflexivity, transitivity, and non-symmetry are maintained.\n\n**Error:** 1']",5,15,Qwen/Qwen2.5-VL-3B-Instruct,100,1.5990147122062977
"If \( a - b = 3 \) and \( a^2 + b^2 = 29 \), find the value of \( ab \).

\begin{enumerate}
    \item[A)] 10
    \item[B)] 12
    \item[C)] 15
    \item[D)] 18
\end{enumerate}

"," Option A
\[
2ab = (a^2 + b^2) - (a - b)^2
\]
\textcolor{red}{Also, recall that the sum of the squares of any two real numbers is always positive.}
\[
= 29 - 9 = 20
\]
\(\Rightarrow ab = 10.\)

",False,True,True,0.5004024235381879,False,0,"['**Reasoning:** The Answer incorrectly concludes that \\(2ab = 29 - 9\\). The correct approach should be to substitute \\(a^2 + b^2 = 29\\) and \\(a - b = 3\\), and then use the identity \\((a - b)^2 = a^2 + b^2 - 2ab\\). This will lead to the correct value of \\(ab\\), which is 10, as presented in the question. The answer given directly calculates \\(2ab\\) as 20, which is incorrect.\n\n**Error:** 1', '**Reasoning:** The solution incorrectly simplifies the equation involving squares and squaring terms. The correct approach should take into account that \\((a-b)^2\\) includes squared terms, leading to a loss of the term \\(ab\\). Therefore, the step where it subtracts \\((a-b)^2\\) from \\((a^2 + b^2)\\) results in losing the product \\(ab\\).\n\n**Error:** 1', '**Reasoning:** The Answer process starts correctly with expressing \\(2ab\\) using the identity \\( (a^2 + b^2) - (a-b)^2 \\). However, the mistake lies in the calculation for substituting \\(a = b+3\\), then squaring and simplifying the expression. Instead of proceeding correctly, the answer suggests \\(29 - 9 = 20\\) instead of directly substituting and simplifying appropriately.\n\n**Error:** 1', '**Reasoning:** The answer provided follows the steps correctly but mistakenly concludes that \\( ab = 20 \\) instead of concluding it should be \\( ab = 10 \\). The question asks to find the value of \\( ab \\) and the correct mathematical derivation shows that \\( ab = 10 \\).\n\n**Error:** 1', '**Reasoning:** The answer provided does not correctly solve the problem. In the given problem, it is stated that \\(a - b = 3\\) and \\(a^2 + b^2 = 29\\), and the goal is to find the value of \\(ab\\). The provided answer incorrectly states that \\(2ab = (a^2 + b^2) - (a - b)^2\\), then simplifies it to \\(29 - 9 = 20\\). However, the correct way to find \\(ab\\) given these equations is to use the identity \\(a^2 + b^2 = (a - b)^2 + 2ab\\). Substituting the values gives us \\(29 = 9 + 2ab\\), which simplifies to \\(2ab = 20\\), thus \\(ab = 10\\). Therefore, the answer should be Option A, not Option B.\n\n**Error:** 1', ""**Reasoning:** The answer process appears correct. The calculation steps align with the question's requirements: the sum of squares minus the square of the difference between \\(a\\) and \\(b\\). There is no indication of an incorrect intermediate step or logical flaw in the calculations involved.\n\n**Error:** 0"", '**Reasoning:** The Answer provides the correct steps to solve the problem but mistakenly selects Option D instead of Option A. The solution calculates \\(2ab = (a^2 + b^2) - (a-b)^2\\) yielding \\(29 - 9 = 20\\), which simplifies to \\(ab = 10\\). The mistake occurs when the answer is given as Option D, which contradicts the correct solution.\n\n**Error:** 1', '**Reasoning:** The answer provided does not correctly follow through with the given algebraic steps to find the value of \\( ab \\). The first step involves substituting \\( a^2 + b^2 \\) and \\( a - b \\) into the equation \\( 2ab = (a^2 + b^2) - (a - b)^2 \\). However, the subsequent steps do not properly simplify this expression to reach the correct final result of \\( ab = 10 \\).\n\n**Error:** 1', '**Reasoning:** The Answer uses the identity \\(2ab = (a^2 + b^2) - (a - b)^2\\) but does not provide a step-by-step derivation or verification of this identity. Additionally, the substitution \\(a - b = 3\\) and \\(a^2 + b^2 = 29\\) should be directly used in the calculations instead of being derived from the given identities. The final calculation \\(29 - 9 = 20\\) seems incorrect as it should be \\(29 - 9 = 20\\), which simplifies to \\(20\\), not \\(\\Rightarrow ab = 10\\). \n\n**Error:** 1', '**Reasoning:** The step where \\(2ab = (a^2 + b^2) - (a-b)^2\\) appears to be incorrect. This step should theoretically lead to the correct expression for \\(2ab\\), but it does not follow from the standard identity \\(a^2 + b^2 - 2ab = (a - b)^2\\). Therefore, the derivation leading to \\(2ab = 29 - 9 = 20\\) is logically flawed and results in an incorrect final value for \\(2ab\\).\n\n**Error:** 1', '**Reasoning:** The answer provided starts with a correct equation: \\(2ab = (a^2 + b^2) - (a - b)^2\\). However, when simplifying this equation, it should be:\n\\[\n2ab = (a^2 + b^2) - ((a - b)^2)\n\\]\nThis simplifies to:\n\\[\n2ab = (a^2 + b^2) - (a^2 - 2ab + b^2)\n\\]\nCombining like terms:\n\\[\n2ab = a^2 + b^2 - a^2 + 2ab - b^2\n\\]\n\\[\n2ab = 2ab\n\\]\nThere seems to be a mistake in the next step of simplification where it states that \\(29 - 9 = 20\\). This is incorrect because \\(29 - 9\\) should equal 20 directly from the original question without further manipulation.\n\n**Error:** 1', '**Reasoning:** The answer incorrectly uses the identity for the square of a difference instead of directly solving for \\(ab\\). The correct approach would be to substitute \\(a - b = 3\\) into the equation \\(a^2 + b^2 = 29\\) and then solve for \\(ab\\).\n\n**Error:** 1', '**Reasoning:** The answer does not clearly explain the step-by-step derivation of how to get from \\( 2ab \\) to \\( 29 - 9 = 20 \\). The equation \\( 2ab = (a^2 + b^2) - (a - b)^2 \\) is correctly derived but the next steps should be more explicit. Specifically, the expression \\( (a - b)^2 \\) should be expanded, which is not done in the provided answer.\n\n**Error:** 1', '**Reasoning:** \nThe answer provided does not contain any mathematical errors in terms of calculations or logic. The steps taken to solve for \\(ab\\) are correct according to the question asked and the mathematical operations performed are logically sound.\n\n**Error:** 0', ""**Reasoning:** \nThe answer presented is correct. The calculation provided to find the value of \\(ab\\) is based on the identity:\n\\[2ab = (a^2 + b^2) - (a - b)^2\\]\nGiven \\(a - b = 3\\) and \\(a^2 + b^2 = 29\\), substituting these values correctly results in:\n\\[2ab = 29 - 3^2 = 29 - 9 = 20\\]\nThen, solving for \\(ab\\):\n\\[ab = \\frac{20}{2} = 10\\]\nTherefore, the student's answer is correct and no errors are present in the calculation or reasoning provided.\n\n**Error:** 0""]",5,15,Qwen/Qwen2.5-VL-3B-Instruct,100,0.24493002679463532
"\textbf{Question 15} Find the equation of the hyperbola with foci \( (0, \pm 3) \) and vertices \( (0, \pm \frac{\sqrt{11}}{2}) \).

"," Since the foci is on the y-axis, the equation of the hyperbola is of the form 
\[
\frac{y^2}{a^2} - \frac{x^2}{b^2} = 1
\]
Since vertices are \( (0, \pm \frac{\sqrt{11}}{2}) \), we have \( a = \frac{\sqrt{11}}{2} \).

Also, since foci are \( (0, \pm 3) \); \( c = 3 \) and \( b^2 = c^2 - a^2 = \textcolor{red}{\frac{25}{2}} \).

Therefore, the equation of the hyperbola is 
\[
\frac{y^2}{\frac{11}{4}} - \frac{x^2}{\textcolor{red}{\frac{25}{2}}} = 1, \text{ i.e., } \textcolor{red}{50}y^2 - \textcolor{red}{88}x^2 = 275.
\]

",True,True,False,0.4850940913022115,True,1,"['**Reasoning:** The given answer seems to contain logical errors. \n1. The question asks for the equation of a hyperbola with foci at \\((0, \\pm 3)\\) and vertices at \\((0, \\pm \\frac{\\sqrt{11}}{2})\\). This implies the hyperbola is centered at the origin (\\(O_0, O_1\\)) in the \\(y\\)-axis.\n2. For the hyperbola with vertices \\((0, \\pm \\frac{\\sqrt{11}}{2})\\), we know \\(a = \\frac{\\sqrt{11}}{2}\\).\n3. Given the foci are at \\((0, \\pm 3)\\), we have \\(c = 3\\).\n4. Using the relationship between \\(a\\), \\(b\\), and \\(c\\) for a hyperbola: \\(c^2 = a^2 + b^2\\). Substituting the known values, we get:\n   \\[\n   c^2 = a^2 + b^2 \\implies 3^2 = \\left(\\frac{\\sqrt{11}}{2}\\right)^2 + b^2 \\implies 9 = \\frac{11}{4} + b^2 \\implies b^2 = 9 - \\frac{11}{4} = \\frac{25}{4}\n   \\]\n5. Therefore, the equation should be:\n   \\[\n   \\frac{y^2}{\\left(\\frac{\\sqrt{11}}{2}\\right)^2} - \\frac{x^2}{\\left(\\frac{\\sqrt{25}}{2}\\right)^2} = 1 \\implies \\frac{y^2}{\\frac{11}{4}} - \\frac{x^2}{\\frac{25}{4}} = 1 \\implies \\frac{4y^2}{11} - \\frac{4x^2}{25} = 1 \\implies 4y^2 - \\frac{4x^2}{25} = 11 \\text{ (or } y^2 - \\frac{x^2}{\\frac{25}{4}} = 1 \\text{)}\n   \\]\n\nHowever, the given answer states the equation as \\(y^2 - 88x^2 =', '**Reasoning:**\nThe Solution incorrectly states that the foci are on the y-axis. Since the foci are given as (0, ±3) and the vertices are (0, ±\\(\\frac{\\sqrt{11}}{2}\\)), it indicates that the hyperbola is horizontally oriented. The correct form for a horizontally oriented hyperbola is \\(\\frac{x^2}{a^2} - \\frac{y^2}{b^2} = 1\\). The correct answer should have \\(a = 3\\) and \\(c^2 - a^2 = \\frac{7}{2}\\), not \\(a = \\frac{\\sqrt{11}}{2}\\).\n\n**Error:** 1', ""**Reasoning:** The answer contains a logical error. The hyperbola's equation should be derived using the relationship between \\(c\\), \\(a\\), and \\(b\\) for a horizontal hyperbola. A horizontal hyperbola opens left and right, and its standard form is \\(\\frac{x^2}{a^2} - \\frac{y^2}{b^2} = 1\\). Here, the foci are at \\((0, \\pm 3)\\) and the vertices are at \\((0, \\pm \\frac{\\sqrt{11}}{2})\\). Therefore, \\(c = 3\\) and \\(a = \\frac{\\sqrt{11}}{2}\\). Also, \\(c^2 = a^2 + b^2\\), so \\(9 = \\left(\\frac{\\sqrt{11}}{2}\\right)^2 + b^2\\), which simplifies to \\(9 = \\frac{11}{4} + b^2\\) or \\(b^2 = \\frac{5}{4}\\). Thus, the correct equation of the hyperbola is \\(\\frac{x^2}{\\left(\\frac{\\sqrt{11}}{2}\\right)^2} - \\frac{y^2}{\\left(\\frac{\\sqrt{5}}{2}\\right)^2} = 1\\), or simplified further as \\(\\frac{4x^2}{11} - \\frac{4y^2}{5} = 1\\). The given answer is incorrect because it does not correctly derive the value of \\(b^2\\).\n\n**Error:** 1"", '**Reasoning:** The answer provides the equation of the hyperbola in standard form, but it seems to contain a mistake in the calculation of \\( b^2 \\). The answer states that \\( b^2 = c^2 - a^2 = \\frac{25}{2} \\), but it should be \\( b^2 = c^2 - a^2 = \\left(\\frac{\\sqrt{11}}{2}\\right)^2 - \\left(\\frac{\\sqrt{11}}{2}\\right)^2 = \\frac{11}{4} - \\frac{11}{4} = 0 \\). Thus, the value of \\( b^2 \\) is incorrect.\n\n**Error:** 1', '**Reasoning:** The problem involves identifying the equation of a hyperbola given its foci and vertices. The equation provided in the answer appears correct. The answer correctly identifies that the hyperbola is in the form \\(\\frac{y^2}{a^2} - \\frac{x^2}{b^2} = 1\\) with \\(a = \\frac{\\sqrt{11}}{2}\\) and \\(c = 3\\). Therefore, \\(b^2 = c^2 - a^2 = 9 - \\left(\\frac{\\sqrt{11}}{2}\\right)^2 = 9 - \\frac{11}{4} = \\frac{25}{4}\\), so \\(b = \\frac{5}{2}\\). The answer then proceeds correctly to find the equation of the hyperbola as \\(\\frac{y^2}{\\frac{11}{4}} - \\frac{x^2}{\\frac{25}{4}} = 1\\).\n\n**Error:** 0', ""**Reasoning:** The answer provided seems to contain a logical error. The equation of the hyperbola should be derived from the given foci and vertices, but the calculation of 'a' is incorrect. The correct value of 'a' should be determined using the distance formula between the vertices, not by dividing the square root of the sum of squares by two. Moreover, the equation derived subsequently does not match the standard form of the hyperbola with given vertices and foci.\n\n**Error:** 1"", '**Reasoning:** The answer provided does not correctly apply the general form of a hyperbola equation. The given vertices and foci should guide us to the correct values of \\(a\\) and \\(c\\). Since the foci are \\((0, \\pm 3)\\) and the vertices are \\((0, \\pm \\frac{\\sqrt{11}}{2})\\), we can deduce that the distance between the foci \\(2c = 6\\) and the distance between the vertices \\(2a = \\sqrt{11}\\). Therefore, \\(c = 3\\) and \\(a = \\frac{\\sqrt{11}}{2}\\). However, when calculating \\(b^2 = c^2 - a^2\\), the given answer incorrectly states \\(b^2 = \\frac{25}{2}\\), while it should be \\(b^2 = \\left(3\\right)^2 - \\left(\\frac{\\sqrt{11}}{2}\\right)^2 = 9 - \\frac{11}{4} = \\frac{27}{4}\\). This calculation error leads to the incorrect equation for the hyperbola being presented at the end.\n\n**Error:** 1', '**Reasoning:** The answer contains a logical error in the derivation of the equation of the hyperbola. The correct form should be \\(\\frac{y^2}{a^2} - \\frac{x^2}{b^2} = 1\\). However, the equation given in the answer is incorrect because it uses \\(c\\) instead of \\(a\\) and \\(b\\). The value of \\(a\\) should be \\(\\frac{\\sqrt{11}}{2}\\) and the value of \\(b\\) should be \\(\\sqrt{c^2 - a^2}\\), but the answer incorrectly substitutes \\(b^2\\) with 25/2.\n\n**Error:** 1', '**Reasoning:** \nThe answer starts with the correct identification that the hyperbola is in the form \\(\\frac{y^{2}}{a^{2}} - \\frac{x^{2}}{b^{2}} = 1\\) because the foci are on the y-axis. However, the values of \\(a\\) and \\(c\\) are incorrectly calculated. The value of \\(a\\) should be the same as the distance from the center to the vertices, which is \\(\\pm \\frac{\\sqrt{11}}{2}\\). But the answer states “we have \\(a=\\frac{\\sqrt{11}}{2}\\),” which is incorrect. Additionally, the value of \\(b^2\\) should be calculated using the relationship \\(b^2 = c^2 - a^2\\), but this calculation is also incorrect in the answer. \n\n**Error:** 1', '**Reasoning:** The answer incorrectly identifies the foci as (0, ±3) instead of (±3, 0). The vertices should be (0, ±√(11)/2) because the foci are on the x-axis. Additionally, the equation derived from the given information has the wrong variables swapped in the y and x terms.\n\n**Error:** 1', '**Reasoning:** The answer includes several mistakes. \n1. In the first mistake, it states ""Since the foci is on the y-axis,"" which should be ""Since the foci are on the y-axis."" This is an error.\n2. In the second mistake, it mentions ""Since vertices are (0,\\pm\\frac{\\sqrt{11}}{2}), we have \\alpha = \\sqrt{\\frac{11}{2}},"" but it should be ""Since vertices are (0,\\pm\\frac{\\sqrt{11}}{2}), we have x = \\frac{\\sqrt{11}}{2}."" This is another error.\n3. In the third mistake, it refers to ""Also since foci are (0,\\pm 3),"" which should be ""Also, since foci are (\\pm 3,0)."" This is yet another error.\n\n**Error:** 1', ""**Reasoning:** The answer provided mentions that the foci are on the y-axis, but it does not correctly derive the equation of the hyperbola from the given information. The correct approach should be to use the relationship between the foci distance and the vertices distance to determine \\(a\\) and \\(c\\), and then find \\(b^2\\) using \\(c^2 - a^2 = b^2\\). However, the provided derivation seems incorrect as it mentions \\(a = \\frac{\\sqrt{11}}{2}\\) without properly calculating it from the given foci distance and the problem's constraints.\n\n**Error:** 1"", '**Reasoning:** The Answer provides the correct steps to find the equation of the hyperbola with given foci and vertices. It correctly identifies the form of the hyperbola equation as \\(\\frac{y^2}{a^2} - \\frac{x^2}{b^2} = 1\\). However, the calculation of \\(b^2\\) seems to be incorrect because it states \\(b^2 = c^2 - a^2 = \\frac{25}{2}\\), whereas the correct value should be determined using the relationship between the parameters \\(c\\), \\(a\\), and \\(b\\) for a hyperbola. Specifically, \\(c^2 = a^2 + b^2\\). Given the foci at \\((0, \\pm 3)\\) and vertices at \\((0, \\pm \\frac{\\sqrt{11}}{2})\\), we can calculate \\(a^2 = (\\frac{\\sqrt{11}}{2})^2 = \\frac{11}{4}\\) and use \\(c^2 = 9\\) to find \\(b^2\\). Solving these equations, we get \\(b^2 = 9 - \\frac{11}{4} = \\frac{25}{4}\\), not \\(\\frac{25}{2}\\). Therefore, the answer incorrectly calculates \\(b^2\\).\n\n**Error:** 1', '**Reasoning:** \nThe solution provided contains several errors. Firstly, it states ""Since the foci is on the y-axis,"" but this should be corrected to ""Since the foci are on the y-axis."" The exclamation mark is unnecessary here. Secondly, it incorrectly identifies ""a = \\frac{\\sqrt{11}}{2}"" instead of using the relationship between c, a, and b as \\(c^2 = a^2 + b^2\\). Thirdly, it incorrectly calculates \\(b^2\\) as \\(\\frac{25}{2}\\) when using \\(c = 3\\) and \\(c^2 = a^2 + b^2\\). Finally, it incorrectly states that the equation of the hyperbola is \\(\\frac{x^2}{4} - \\frac{y^2}{2S/2} = 1\\), which should be \\(\\frac{y^2}{11/4} - \\frac{x^2}{2S/2} = 1\\).\n\n**Error:** 1', '**Reasoning:** The answer contains several logical errors. First, it incorrectly states that since the foci are on the y-axis, the hyperbola must be of the form \\(\\frac{y^2}{a^2} - \\frac{x^2}{b^2} = 1\\). However, the vertices are given as \\((0, \\pm\\frac{\\sqrt{11}}{2})\\), which implies that the hyperbola is centered at \\((0,0)\\) with horizontal transverse axis. Therefore, the correct form should be \\(\\frac{x^2}{a^2} - \\frac{y^2}{b^2} = 1\\). Additionally, the value \\(a\\) is incorrectly given as \\(\\frac{\\sqrt{11}}{2}\\), whereas \\(a = 3\\). Furthermore, the final equation derived is incorrect; it should be \\(\\frac{x^2}{(2S/2)^2} - \\frac{y^2}{(88)^2} = 1\\) instead of \\(\\frac{y^2}{(1/4)^2} - \\frac{x^2}{(2S/2)^2} = 1\\).\n\n**Error:** 1']",5,15,Qwen/Qwen2.5-VL-3B-Instruct,100,0.24493002679463532
"In an experiment, a solution of hydrochloric acid is to be kept between \(30^\circ\) and \(35^\circ\) Celsius. What is the range of temperature in degree Fahrenheit if the conversion formula is given by 

\[
C = \frac{5}{9} (F - 32)
\]

where \(C\) and \(F\) represent temperature in degree Celsius and degree Fahrenheit, respectively?

"," It is given that 

\[
30 < C < 35.
\]

Putting \(C = \frac{5}{9} (F - 32)\), we get 

\[
30 < \textcolor{red}{\frac{9}{5}} (F - 32) < 35.
\]

Multiplying through by \(\frac{9}{5}\):

\[
\frac{9}{5} \times 30 < (F - 32) < \frac{9}{5} \times 35
\]

which simplifies to 

\[
54 < (F - 32) < 63.
\]

Adding \(32\) to all parts gives:

\[
86 < F < 95.
\]

Thus, the required range of temperature is between \(86^\circ\) F and \(95^\circ\) F.

",True,True,True,0.5004024235381879,True,0,"['**Reasoning:** The Answer correctly derives the range of temperature in Fahrenheit from the given Celsius range between 30°C and 35°C using the conversion formula \\( C = \\frac{5}{9}(F - 32) \\). The step-by-step solution is logically sound and accurately follows the algebraic manipulation needed to convert the given Celsius temperatures into Fahrenheit. There are no apparent errors in the sequence of calculations or the interpretation of the results.\n\n**Error:** 0', '**Reasoning:** The error is present in the step where the inequality for \\( F \\) is derived. In the answer, it states ""which simplifies to"" directly from the previous inequality, but there should be an additional step to simplify \\( \\frac{9}{5} \\times 30 \\) and \\( \\frac{9}{5} \\times 35 \\) to their integer equivalents before combining them with the constant term of 32. Specifically, \\( \\frac{9}{5} \\times 30 = 54 \\) and \\( \\frac{9}{5} \\times 35 = 63 \\), which leads to \\( 54 < (F - 32) < 63 \\). However, when adding 32 to all parts, the correct result should be \\( 86 < F < 95 \\), as stated in the question. The answer provided does not include this final step correctly.\n\n**Error:** 1', '**Reasoning:** The given Answer does not contain any mathematical errors. It correctly follows the steps to convert the given temperature range from Celsius to Fahrenheit using the conversion formula \\( F = \\frac{9}{5}C + 32 \\). Each step aligns with standard algebraic operations and the properties of inequalities.\n\n**Error:** 0', '**Reasoning:** The answer correctly begins with the conversion formula but incorrectly states that the range for \\(c\\) in Celsius is between 30° and 35°. This suggests a logical error or misinterpretation in the initial step.\n\n**Error:** 1', '**Reasoning:** The answer incorrectly multiplies through by \\(\\frac{9}{5}\\) instead of \\(\\frac{5}{9}\\). In the conversion formula \\(C = \\frac{5}{9}(F - 32)\\), multiplying by \\(\\frac{9}{5}\\) should yield the correct temperature range in degrees Celsius, not degrees Fahrenheit. Therefore, the multiplication step is incorrect.\n\n**Error:** 1', ""**Reasoning:** The answer sequence appears to be correct but may have a logical or arithmetic oversight due to the lack of clarity in the step-by-step explanation. It seems like the final simplification might have been misunderstood or misinterpreted. However, as the question does not specify, I will assume it's correct for now since no explicit error is pointed out in the text.\n\n**Error:** 1"", '**Reasoning:** The answer incorrectly multiplies the inequality by \\(\\frac{9}{5}\\) instead of \\(\\frac{5}{9}\\). The correct range transformation should be \\(30 < c < 35\\), where \\(c = \\frac{5}{9}(f - 32)\\), leading to \\(30 < \\frac{5}{9}(f - 32) < 35\\). Multiplying through by \\(\\frac{9}{5}\\) would yield \\(54 < f - 32 < 63\\), but then adding 32 to all parts gives \\(86 < f < 95\\), which is incorrect. The step where multiplying by \\(\\frac{9}{5}\\) was performed is erroneous.\n\n**Error:** 1', '**Reasoning:** The answer process starts correctly by stating that \\(30 < C < 35\\). However, when substituting \\(C = \\frac{5}{9}(F - 32)\\) into the inequality, the sign change from \\(<\\) to \\(>\\) should be applied more carefully. Specifically, the step where it goes from \\(30 < \\frac{5}{9}(F - 32) < 35\\) to \\(\\frac{5}{9} \\times 30 < F - 32 < \\frac{5}{9} \\times 35\\) is incorrect because multiplying through by \\(\\frac{9}{5}\\) should preserve the inequality direction. The correct transformation should be \\(60 < F - 32 < 63\\), not \\(54 < F - 32 < 63\\). Adding 32 to all parts gives \\(86 < F < 95\\), which matches the final answer. Therefore, the mistake is in the initial transformation.\n\n**Error:** 1', '**Reasoning:** The answer starts by correctly stating that \\(30 < c < 35\\). However, when multiplying the inequality \\(30 < \\frac{9}{5}(F - 32) < 35\\) by \\(\\frac{9}{5}\\), the resulting inequality should be \\(54 < (F - 32) < 63\\). Instead, the answer incorrectly states \\(54 < 32(F - 32) < 63\\). This is a calculation error because it does not correctly apply the multiplication rule to inequalities.\n\n**Error:** 1', '**Reasoning:** \nThe Answer provides a correct sequence of steps to convert the temperature range from Celsius to Fahrenheit. However, there appears to be a minor discrepancy in the final calculation step. The conversion formula \\( F = \\frac{9}{5}C + 32 \\) should be used instead of multiplying directly by \\( \\frac{g}{5} \\). The student multiplied \\( C \\) by \\( \\frac{9}{5} \\) and then attempted to multiply this result by 30 and 35, which is incorrect. The correct approach would be to substitute the converted Celsius temperatures into the conversion formula and solve for the corresponding Fahrenheit temperatures.\n\n**Error:** 1', '**Reasoning:** The Answer incorrectly multiplies the inequality \\(30 < \\frac{5}{9}(F - 32) < 35\\) by \\(\\frac{9}{5}\\). This results in an incorrect range of temperatures for Fahrenheit (\\(F\\)). Specifically, multiplying by \\(\\frac{9}{5}\\) should preserve the inequality but the sign changes should be consistent. Additionally, the final step subtracting 32 from all parts is correct, but the initial multiplication by \\(\\frac{9}{5}\\) is incorrect as it should be done before applying the sign change. Therefore, the answer should be modified to maintain the inequality correctly.\n\n**Error:** 1', '**Reasoning:** The answer provided does not contain any logical errors. Each step follows the conversion formula correctly. There is no inconsistency or mathematical mistake in the solution process.\n\n**Error:** 0', '**Reasoning:** The answer includes a step where it states ""multiplying through by \\(\\frac{9}{5}\\) :"". This implies that we are multiplying both sides of the inequality by \\(\\frac{9}{5}\\). However, this should be done with \\(C\\), not \\(f\\), because \\(c\\) represents temperature in Celsius and \\(f\\) represents temperature in Fahrenheit. Therefore, the multiplication by \\(\\frac{9}{5}\\) should be applied to \\(C\\) instead of \\(f\\).\n\n**Error:** 1', '**Reasoning:** The answer provided correctly converts the Celsius range (30° to 35°) to Fahrenheit using the correct formula \\( C = \\frac{5}{9}(F - 32) \\). It then correctly applies the transformation step-by-step, including multiplying through by \\( \\frac{9}{5} \\) and adding 32 to all parts. However, there is a minor discrepancy in the final statement where it says ""between 86°F and 95°F."" The correct answer should be between 86°F and 95°F, but the statement uses 95°F directly as the upper limit, which might be a slight oversight in notation or wording.\n\n**Error:** 1', '**Reasoning:** The solution does not correctly apply the conversion formula from Celsius to Fahrenheit. The formula is C = \\(\\frac{5}{9}\\) (F - 32), but the answer incorrectly assumes C = F - 32, which is incorrect. Additionally, the inequality derived should be F < 32 + 35 * (\\(\\frac{5}{9}\\)), not F < 86°F. \n\n**Error:** 1']",5,15,Qwen/Qwen2.5-VL-3B-Instruct,100,0.6277052571971504
"
Differentiate 
\[
y = \sqrt{\frac{(x-3)(x^2 + 4)}{3x^2 + 4x + 5}} \text{ w.r.t. } x.
\]

","
Let 
\[
y = \sqrt{\frac{(x-3)(x^2 + 4)}{3x^2 + 4x + 5}}.
\]
Taking logarithm on both sides, we have
\[
\log y = \frac{1}{2} \left[ \log (x - 3) + \log (x^2 + 4) - \log (3x^2 + 4x + 5) \right].
\]
Now, differentiating both sides w.r.t. \(x\), we get
\[
\frac{1}{y} \frac{dy}{dx} = \frac{1}{2} \left[ \frac{1}{(x-3)} + \frac{2x}{x^2 + 4} - \frac{6x + 4}{3x^2 + 4x + 5} \right]
\]
or
\[
\frac{dy}{dx} = \frac{y}{2} \left[ \frac{1}{(x-3)} + \frac{2x}{x^2 + 4} - \frac{6x + 4}{3x^2 + 4x + 5} \right].
\]
Thus, we have
\[
\frac{dy}{dx} = \frac{1}{2} \sqrt{\frac{(x-3)(x^2 + 4)}{3x^2 + 4x + 5}} \left[ \frac{1}{(x-3)} + \frac{2x}{x^2 + 4} - \frac{6x + 4}{3x^2 + 4x + 5} \right].
\]

\textcolor{red}{Assume that \(x > 3\), so \(x-3 > 0\) and we don't need to worry about the domain of the logarithm.}

",True,True,True,0.8532361505557784,False,1,"['**Reasoning:** The answer provided does not contain any mathematical errors. It correctly differentiates the function \\( y = \\sqrt{\\frac{(x-3)(x^2+4)}{3x^2 + 4x + 5}} \\) using logarithm properties and differentiation rules. The steps presented for finding the derivative \\( \\frac{dy}{dx} \\) are correct and follow standard calculus procedures. There is no instance where the answer contradicts the properties of differentiation, logarithms, or the domain restrictions of the original function.\n\n**Error:** 0', '**Reasoning:** The answer does not contain any typographical errors or logical mistakes. It correctly differentiates the given function \\( y = \\sqrt{\\frac{(x-3)(x^2+4)}{3x^2+4x+5}} \\) using logarithms and differentiation. However, the expression given for the derivative seems to be missing some terms due to the omission of the square root in the differentiation process within the logarithm. The correct derivative should involve taking the derivative inside the logarithm separately and then applying the quotient rule. Therefore, an error exists in the differentiation step of the answer.\n\n**Error:** 1', '**Reasoning:** The Answer describes a process to differentiate the function \\( y = \\sqrt{\\frac{(x-3)(x^2+4)}{3x^2 + 4x + 5}} \\). The differentiation involves taking logarithms on both sides and differentiating both sides with respect to \\( x \\). However, the differentiation should be done after simplifying the expression inside the square root. The given Answer incorrectly proceeds by differentiating directly the original function rather than simplifying it first. This approach can lead to incorrect results because the differentiation process needs to be applied to the simplified form of the function.\n\n**Error:** **1**', '**Reasoning:** The answer appears to be correct. It correctly differentiates the given function \\( y \\) using logarithmic differentiation. The steps taken to differentiate the function, including taking the derivative with respect to \\( x \\) and considering the domain of the logarithm are all appropriately explained and executed. There are no apparent errors in the application of logarithmic differentiation or in the handling of the domain restriction \\( x > 3 \\).\n\n**Error:** 0', '**Reasoning:** The Answer appears to be correct. It correctly differentiates the function \\( y = \\sqrt{\\frac{(x-3)(x^2+4)}{3x^2+4x+5}} \\) using logarithms and then differentiates both sides to find the derivative \\( \\frac{dy}{dx} \\). The steps taken are consistent with standard differentiation techniques for composite functions involving square roots and logarithms. There seems to be no obvious arithmetic mistakes or logical errors in the answer presented.\n\n**Error:** 0', '**Reasoning:** The Answer provided does not contain any errors. It accurately follows the steps outlined in the question to differentiate the given function \\( y = \\sqrt{\\frac{(x-3)(x^2+4)}{3x^2 + 4x +5}} \\). The differentiation process, including taking logarithms on both sides and differentiating both sides with respect to \\( x \\), is correctly applied throughout the steps.\n\n**Error:** 0', '**Reasoning:** The answer includes the expression \\(\\frac{1}{2} \\left[\\log (x^2 + 4)\\right]\\) but it should be \\(\\frac{1}{2} \\left[\\log (x+3)\\right]\\). Additionally, the differentiation step seems to have missed applying the chain rule properly when differentiating \\(y\\) with respect to \\(x\\). \n\n**Error:** 1', '**Reasoning:** The answer appears to be correct. The differentiation process follows standard steps for differentiating a function involving logarithms and rational expressions. The domain consideration is also correctly handled.\n\n**Error:** 0', '**Reasoning:** The answer provided does not contain any apparent errors in the mathematical steps or logic. The solution follows the standard method of differentiating a function involving logarithms and rational expressions. \n\n**Error:** 0', '**Reasoning:** The error lies in differentiating the given function \\( y = \\sqrt{\\frac{(x-3)(x^2+4)}{3x^2 + 4x + 5}} \\). The derivative should be calculated correctly using the quotient rule, but the provided answer uses a simpler approach involving logarithms, which is incorrect for this type of problem. The correct differentiation would involve applying the chain rule and product rule, but the process is not shown in the provided answer.\n\n**Error:** 1', '**Reasoning:** The solution involves taking logarithms on both sides of the equation. However, there is a mistake in the differentiation process. The derivative should be taken directly with respect to \\(x\\) without first substituting into another expression. This results in an incorrect form of the differential equation.\n\n**Error:** 1', '**Reasoning:** The derivation in the answer appears to be correct. The method used involves taking logarithms on both sides, differentiating with respect to \\( x \\), and then solving for the derivative. However, there are some typos in the final line, such as ""need"" instead of ""need."" This does not affect the correctness of the mathematical steps but may confuse the reader if it were a mistake in the original problem.\n\n**Error:** 0', '**Reasoning:** The answer does not contain any calculation errors. It correctly differentiates the function \\( y = \\sqrt{\\frac{(x-3)(x^2+4)}{3x^2+4x+5}} \\) step by step. The differentiation process includes taking logarithms, differentiating both sides, and handling the domain restrictions correctly. There are no mistakes in the calculations or logic presented in the answer.\n\n**Error:** 0', '**Reasoning:** The solution does not contain any mathematical errors in the steps taken to differentiate the given function using logarithmic differentiation. The steps seem logically correct and align with standard methods used for differential equations involving logarithms. There are no apparent mistakes such as arithmetic errors, incorrect application of rules, or logical inconsistencies.\n\n**Error:** 0', '**Reasoning:** The answer provided contains a logical error in the differentiation step. The derivative of \\( y = \\sqrt{\\frac{(x-3)(x^{2}+4)}{3x^{2}+4x+5}} \\) should be calculated using logarithmic differentiation. However, the differentiation process shown is incorrect because it assumes that the original function can be directly differentiated as if it were a simple polynomial under the square root.\n\nThe correct approach involves taking the natural logarithm of both sides and then differentiating implicitly. This is not shown in the given answer, leading to the conclusion that there is an error in the differentiation steps.\n\n**Error:** 1']",5,15,Qwen/Qwen2.5-VL-3B-Instruct,100,1.430280301911093
"\textbf{Question} Prove that 

\[
\frac{\sin(x+y)}{\sin(x-y)} = \frac{\tan x + \tan y}{\tan x - \tan y}.
\]

"," We have 

\[
\text{L.H.S.} = \frac{\sin(x+y)}{\sin(x-y)} = \frac{\sin x \cos y + \cos x \sin y}{\sin x \cos y - \cos x \sin y}.
\]

Dividing the numerator and denominator by \(\cos x \cos y\), we get 

\[
\frac{\sin(x+y)}{\sin(x-y)} = \frac{\textcolor{red}{\cot x} + \textcolor{red}{\cot y}}{\textcolor{red}{\cot x} - \textcolor{red}{\cot y}}.
\]

",True,True,True,0.5799151714181009,True,0,"['**Reasoning:** The answer provided divides the numerator and denominator by \\(\\cos x \\cos y\\) instead of dividing by \\(\\sin x \\sin y\\). This is incorrect, as it should be \\(\\sin x \\sin y\\) to maintain the identity. \n\n**Error:** 1', '**Reasoning:** The answer starts correctly with LHS being simplified as \\(\\frac{\\sin(x+y)}{\\sin(x-y)}\\). However, it then incorrectly divides both the numerator and denominator by \\(\\cos x \\cos y\\) instead of \\(\\cos x \\sin y\\) and \\(\\sin x \\cos y\\), respectively. This leads to incorrect simplification.\n\n**Error:** 1', '**Reasoning:** The answer provided includes a logical step where trigonometric identities are used correctly. However, the last line of the answer seems to have a misplaced expression. It should be:\n\n\\[\n\\frac{\\sin(x+y)}{\\sin(x-y)} = \\cot x + \\cot y\n\\]\n\nInstead, it has been written as:\n\n\\[\n\\frac{\\sin(x+y)}{\\sin(x-y)} = \\cot x - \\cot y\n\\]\n\nThis indicates an error in the final simplification process.\n\n**Error:** 1', '**Reasoning:** The answer provided does not contain any errors. It follows the correct steps to prove the trigonometric identity \\(\\frac{\\sin (x+y)}{\\sin (x-y)} = \\cot x + \\cot y\\) using the sum and difference formulas for sine and tangent. The steps align with standard algebraic manipulations and trigonometric identities, making it correct.\n\n**Error:** 0', '**Reasoning:** The answer provided does not correctly apply the trigonometric identities for sine and tangent. Instead of dividing the numerator and denominator by \\(\\cos x\\cos y\\), it incorrectly divides by \\(\\sin x\\cos y - \\cos x\\sin y\\). This results in a different form of the expression.\n\n**Error:** 1', '**Reasoning:** The answer correctly begins with dividing the numerator and denominator by \\(\\cos x\\cos y\\). However, the expression \\(\\sin(x+y)\\) should be rewritten using the sum-to-product identities as follows:\n\\[ \\sin(x + y) = \\frac{2\\sin(x+y)\\tan(x)\\tan(y)}{\\sin(x)\\cos(y) + \\cos(x)\\sin(y)} \\]\nThis matches part of the given answer but does not complete the equation properly, as it does not match the form required for the original question.\n\n**Error:** 0', '**Reasoning:** The answer provided does not contain any mathematical errors. It correctly applies trigonometric identities to transform the given expression into a form equivalent to the original target equation. However, further simplification would be required to match the final expression exactly as shown in the target.\n\n**Error:** 0', '**Reasoning:** The Solution follows the correct steps to prove the identity. \nThe final simplified form matches the expected result when dividing by \\(\\cos x\\cos y\\):\n\\[ \\frac{\\sin (x+y)}{\\sin (x-y)} = \\frac{\\cot x + \\cot y}{\\cot x - \\cot y} \\]\n\n**Error:** 0', '**Reasoning:** The answer correctly starts with the given question but then makes a mistake by dividing the numerator and denominator by \\(\\cos x\\) instead of \\(\\sin x\\) as it should be. This results in the incorrect step in the proof.\n\n**Error:** 1', '**Reasoning:** The answer provided does not correctly simplify the expression. It starts with the correct LHS, but incorrectly simplifies it as \\(\\frac{\\sin(x+y)}{\\sin(x-y)}\\), while the correct simplified form should be \\(\\cot x + \\cot y\\) rather than \\(\\cot x - \\cot y\\). Additionally, there seems to be a misunderstanding of how sine and cosine should be handled when dividing the numerator and denominator by \\(\\cos x \\cos y\\).\n\n**Error:** 1', '**Reasoning:** The answer does not contain any arithmetic errors. However, it incorrectly states that L.H.S = sin(x+y) = sinx - cosy + cosx - siny instead of dividing the numerator and denominator by cos x * cos y. This results in a different expression from what is actually needed to prove the identity.\n\n**Error:** 1', '**Reasoning:** The answer incorrectly simplifies the expression by dividing the numerator and denominator by \\(\\cos x \\cos y\\). This step should be performed separately for each term inside the fractions, but the provided solution performs the division as a single step, leading to an incorrect simplification.\n\n**Error:** 1', '**Reasoning:** The answer provided contains an incorrect step. In the final step, the numerator and denominator should be divided by \\(\\cos x \\cos y\\) instead of \\(\\cos x \\cos y\\). This results in dividing the entire fraction by \\(\\cos x \\cos y\\), but it should only affect the cosines in the numerator and denominator. The correct expression should be:\n\\[\n\\frac{\\sin(x+y)}{\\sin(x-y)} = \\frac{\\cot x + \\cot y}{\\cot x - \\cot y}\n\\]\nThus, the answer contains an error.\n\n**Error:** 1', '**Reasoning:** The answer provided does not correctly simplify the expression \\(\\frac{\\sin(x+y)}{\\sin(x-y)}\\) using trigonometric identities as shown in the question. Instead, it incorrectly divides the numerator and denominator by \\(\\cos x \\cos y\\), resulting in an incorrect final step where \\(\\cot x + \\cot y\\) is added or subtracted directly from the expression without proper simplification. This leads to a misunderstanding of the process required to prove the identity correctly.\n\n**Error:** 1', '**Reasoning:** The answer provided does not correctly simplify the expression. The numerator and denominator should be divided by \\(\\cos x \\cos y\\) instead of \\(\\sin x \\sin y\\). This results in incorrect simplifications, leading to an incorrect final equation.\n\n**Error:** 1']",5,15,Qwen/Qwen2.5-VL-3B-Instruct,100,0.9495936677167384
"Find \( r \), if \( 5 \, {}^4P_r = 6 \, {}^5P_{r-1} \).

"," We have 
\[
5 \, {}^4P_r = 6 \, {}^5P_{r-1}
\]
or 
\[
\frac{5 \times 4!}{(4-r)!} = 6 \times \frac{5!}{(5-r+1)!}
\]
or 
\[
\frac{5!}{(4-r)!} = \frac{6 \times 5!}{(5-r+1)(5-r)(5-r-1)!}
\]
or 
\[
(6 - r)(5 - r) = 6
\]
or 
\[
r^2 - 11r + 24 = 0
\]
or 
\[
r^2 - 8r - 3r + 24 = 0
\]
or 
\[
(r - 8)(r - 3) = 0
\]
or 
\[
r = 8 \quad \textcolor{red}{\text{or} \quad r = 5}
\]
Hence, \( r = 8, \textcolor{red}{5} \).

",True,True,True,0.5004024235381879,True,0,"[""**Reasoning:** The answer appears to contain a logical error. The problem asks to find \\( x \\) such that \\( 5^x P_{8} = 6^x P_{x-1} \\). The Answer correctly starts with this equation but then incorrectly uses permutations instead of factorials, leading to an incorrect interpretation of the relationship between the numbers 5 and 6. The permutation notation \\( P_x \\) should be replaced with the factorial notation \\( x! \\) to correctly represent the factorial relationships. Additionally, the quadratic equation derived from the problem's condition does not match the correct form \\( 5^2 - 11x + 24 = 0 \\) as written in the solution.\n\n**Error:** 1"", '**Reasoning:** The answer contains several steps that do not logically lead to the correct solution. For instance, the first step suggests solving for \\(x\\) using permutations and combinations, but this does not align with the quadratic equation formed later. Additionally, the final step of finding the roots of the quadratic equation \\((x-8)(x-3) = 0\\) seems correct, but it does not directly relate back to the initial problem statement involving permutations and combinations.\n\n**Error:** 1', '**Reasoning:** The answer includes several steps to solve for \\( x \\) using permutations. However, the sequence of operations is incorrect. Specifically, after reaching the equation \\( (6-x)(5-x)=6 \\), the next step should be solving this quadratic equation properly. Substituting \\( y \\) instead of \\( x \\) leads to the wrong form of the equation \\( (y-8)(y-3)=0 \\). This suggests an error in the application of substitution for the variable \\( x \\).\n\n**Error:** 1', '**Reasoning:** The Answer provided does not contain any logical errors in the steps taken to solve the problem. Each step follows a valid mathematical process and correctly applies the principles of combinatorics and algebra. There is no indication of incorrect arithmetic, misapplication of formulas, or other logical inconsistencies.\n\n**Error:** 0', '**Reasoning:** The Answer provided attempts to solve the problem step-by-step. However, it omits an important step: after finding that \\((6 - x)(5 - x) = 6\\), it should then solve this quadratic equation to find the values of \\(x\\). Instead, it directly states ""Hence, \\(x = 8, 5\\)"" without solving the quadratic equation. This step is crucial because it ensures accuracy in finding the correct values of \\(x\\).\n\n**Error:** 1', '**Reasoning:** The answer does not contain any mathematical errors. Each step follows a logical sequence and is correctly derived from the initial equation \\(5^{H}P_{g} = 6^{5}P_{g}-1\\). The steps involve simplifying the factorial expressions and solving the quadratic equation, which are all correct.\n\n**Error:** 0', '**Reasoning:** The answer contains a logical error. When solving for \\( x \\) in the equation \\( (x-8)(x-3) = 0 \\), the solutions should be \\( x = 8 \\) and \\( x = 3 \\). However, the answer provided lists \\( x = 8 \\) and \\( x = 5 \\). This misidentifies one of the solutions as incorrect.\n\n**Error:** 1', '**Reasoning:** The answer process appears to be correct up to the point where it simplifies the equation \\((6-x)(5-x) = 6\\) into a quadratic equation \\(x^2 - 11x + 24 = 0\\). However, the solution to this quadratic equation is not provided correctly. The correct factorization of \\(x^2 - 11x + 24 = 0\\) should be \\((x - 3)(x - 8) = 0\\), but the answer provided factors as \\((x - 8)(x - 3) = 0\\), which is incorrect because it reverses the order of the factors. Therefore, there is an error in the final step of factoring the quadratic equation.\n\n**Error:** 1', '**Reasoning:** The answer provides several steps to solve for \\( x \\) but makes errors in some of the algebraic manipulations. Specifically:\n1. The step involving the factorials and combinations leads to incorrect simplification.\n2. The quadratic equation derived from the factorial expressions is not correctly solved.\n3. The final answer \\( x = 8 \\) or \\( x = 5 \\) does not match the correct solution to the problem statement.\n\n**Error:** 1', '**Reasoning:** The answer provided does not follow a standard algebraic progression. It incorrectly applies the factorial property without context and does not solve the equation properly. There seems to be no straightforward mistake, but rather a misunderstanding of how to apply permutations and factorials correctly.\n\n**Error:** 1', '**Reasoning:** The answer provided does not include all the necessary steps to solve the problem. It starts with the initial equation but quickly jumps to a quadratic equation and then to the final solution, missing intermediate steps such as expanding the factorials and simplifying expressions. Additionally, the answer concludes with ""Hence,"" without explicitly showing the work leading up to it.\n\n**Error:** 1', '**Reasoning:** The solution provided does not contain any obvious logical errors. However, it seems there might be a discrepancy in how the factors are being set up. Specifically, the equation \\( x^2 - 11x + 24 = 0 \\) should be solved by factoring, but it looks like a mistake was made in simplifying the factorization process.\n\n**Error:** 1', '**Reasoning:** The answer seems to follow the steps correctly but makes an incorrect assumption that \\( x = 8 \\) or \\( x = 5 \\). However, it does not explicitly state that since \\( x = 8 \\) and \\( x = 5 \\) are the solutions, \\( x \\) can be either. The answer should have checked the validity of these solutions by substituting them back into the original equation to ensure they satisfy it. Instead, it concludes with ""Hence, \\( x = 8, 5 \\)"", which is not necessarily valid unless those values are verified.\n\n**Error:** 1', '**Reasoning:** The solution process appears to be correct up until the point of finding the quadratic equation \\((x - 8)(x - 3) = 0\\). However, the final step of solving the equation should have been done correctly, leading to \\(x = 8\\) or \\(x = 5\\). This is because the quadratic equation derived from the combinatorial problem is already factored, and the roots are straightforward to find. However, the mistake lies in the interpretation of the question and the need to write out the complete solution properly. The given solution does not show the full expansion of the factors or the explicit solving steps, which is necessary for clarity.\n\n**Error:** 0', '**Reasoning:** The Answer contains two steps where it appears to mix up different mathematical concepts. First, it incorrectly equates \\(5^hP_5\\) with \\(6^5P_5 - 1\\). This step is incorrect because \\(5^hP_5\\) should be simplified as \\(5^h \\times P_5\\), not \\(6^5P_5 - 1\\). Second, the Answer does not correctly handle the permutation formula, replacing \\(s!\\) with \\((s-r+1)\\), which is a major mistake as it changes the nature of the equation significantly. Additionally, the last step solving for \\(x\\) using quadratic equations is applied improperly, leading to the incorrect solutions \\(x=8\\) and \\(x=5\\). These mistakes in handling permutations and quadratic equations lead to an overall erroneous conclusion.\n\n**Error:** 1']",5,15,Qwen/Qwen2.5-VL-3B-Instruct,100,1.8989267893363289
"Find the value of $\cos(-1710^\circ)$.

"," We know that values of $\cos x$ repeat after an interval of $2\pi$ or $360^\circ$. Therefore,
\[
\cos(-1710^\circ) = \cos(-1710^\circ + 5 \times 360^\circ) = \cos(\textcolor{red}{-1710^\circ + 1700^\circ}) = \cos(-1710^\circ + 1800^\circ) = \cos 90^\circ = 0.
\]

",True,True,False,0.2449300267946353,True,0,"['**Reasoning:** The answer incorrectly states that cosine values repeat every \\(\\pi\\) radians or \\(360^\\circ\\). However, the correct periodicity for cosine functions is actually every \\(2\\pi\\) radians or \\(360^\\circ\\). Therefore, the answer contains an error.\n\n**Error:** 1', '**Reasoning:** The answer does not correctly apply the cosine function properties. Specifically, it incorrectly states that cos(-1710°) = cos(90° - 0°). The correct approach involves reducing the angle within one period of the cosine function, i.e., from 0° to 360°. By adding or subtracting multiples of 360°, we can bring the angle into this range. Therefore, cos(-1710°) should be evaluated as cos(-210°) instead of cos(90° - 0°), since -210° is within the first cycle of the unit circle where cosine values repeat every 360°.\n\n**Error:** 1', '**Reasoning:** \nThe answer contains several errors. First, in the interval part, it states ""interval of 2π or 360°"", but the correct interval should be ""between -3π and 3π"". Second, in the calculation of \\(\\cos(-1710^\\circ)\\), it incorrectly adds \\(5 \\times 360^\\circ\\) instead of \\(180^\\circ\\). Third, in the final step, it incorrectly states \\(\\cos(-1710^\\circ) = \\cos90^\\circ = 0\\) but it should be \\(\\cos(-1710^\\circ + 1800^\\circ) = \\cos90^\\circ = 0\\).\n\n**Error:** 1', '**Reasoning:** The answer process seems to be correct in terms of using the periodicity property of cosine functions. However, there is a mistake in the final step. The cosine function value at 90 degrees should be 0, not -0. Therefore, the entire calculation should have been:\n\\[\n\\cos(-1710^\\circ) = \\cos(-1710^\\circ + 1710^\\circ) = \\cos(0^\\circ) = 1\n\\]\nThis shows that the final answer should be 1, not -0.\n\n**Error:** 1', '**Reasoning:** The answer does not contain any errors in terms of mathematical reasoning and calculations. The steps taken to simplify the expression \\(\\cos(-1710^\\circ)\\) are correct and align with standard trigonometric identities and properties. The answer concludes correctly that \\(\\cos(-1710^\\circ) = \\cos90^\\circ = 0\\).\n\n**Error:** 0', '**Reasoning:** The answer provided contains several errors. First, it incorrectly states that the values of cos(x) repeat after an interval of 2π or 360°, which is incorrect because the cosine function repeats every 360° or π radians. Second, it calculates the value of cos(-1710°) as cos(-1710° + 5 × 360°) = cos(90° - 0), and then correctly calculates cos(180°), but this does not solve the original problem. The original question asks for the value of cos(-1710°), and the answer should have calculated cos(-1710°) directly instead of breaking it into parts.\n\n**Error:** 1', '**Reasoning:** The answer contains an error in the application of trigonometric identities. Specifically, it incorrectly applies the periodicity property of cosine (cos(α) = cos(α + 2kπ)) instead of using the angle sum formula for cosine.\n\n**Error:** 1', '**Reasoning:** The answer provided contains several mathematical errors. First, it incorrectly states that \\(\\cos(-1710^\\circ)\\) repeats every \\(2\\pi\\) or \\(360^\\circ\\). This is incorrect because cosine has a period of \\(360^\\circ\\) or \\(2\\pi\\), not every angle can be expressed as an integer multiple of these values without additional considerations. For example, \\(-1710^\\circ\\) should be reduced modulo \\(360^\\circ\\) before calculating its cosine value. The use of repetitive angles and periods is fundamentally flawed.\n\nSecondly, the expression \\(\\cos(-1710^\\circ + 5 \\times 360^\\circ)\\) does not simplify correctly. It should be \\(\\cos(-1710^\\circ + 1800^\\circ)\\), which simplifies further to \\(\\cos(90^\\circ)\\). However, \\(\\cos(90^\\circ)\\) is not zero but rather undefined due to the division by zero when taking the reciprocal in some trigonometric identities. The step of equating \\(\\cos(-1710^\\circ + 5 \\times 360^\\circ)\\) to \\(\\cos(1710^\\circ + 1700^\\circ)\\) is also incorrect because it does not ensure the correct application of periodicity.\n\nFinally, the step from \\(\\cos(-1710^\\circ + 1800^\\circ)\\) to \\(\\cos(90^\\circ)\\) is unnecessary and incorrect. The correct value of \\(\\cos(-1710^\\circ)\\) involves reducing the angle to a positive equivalent within one full cycle of \\(360^\\circ\\) and then applying the periodic property correctly.\n\n**Error:** 1', ""**Reasoning:** The given answer contains some logical errors. Firstly, it incorrectly simplifies \\(\\cos(-1710^\\circ)\\) to \\(\\cos(-1710^\\circ + 5 \\times 360^\\circ)\\). This step should be \\(\\cos(-1710^\\circ + k \\times 360^\\circ)\\) where \\(k\\) is an integer chosen such that the result falls within the range of \\(0^\\circ\\) to \\(360^\\circ\\). Secondly, when simplifying \\(\\cos(-1710^\\circ + 1800^\\circ)\\), the value of \\(\\cos(90^\\circ)\\) is incorrect because \\(\\cos(90^\\circ) = 0\\), but the method of simplification used is flawed due to improper handling of the cosine function's periodicity.\n\n**Error:** 1"", '**Reasoning:** \nThe answer incorrectly applies the cosine rule to find \\(\\cos(-1710^\\circ)\\) by first finding the equivalent angle within the interval of \\(2\\pi\\) and then using it to find another angle that repeats after a certain number of periods. This approach does not align with the standard method to find the cosine of an angle, which involves reducing the angle to its principal value within the range of \\([0^\\circ, 360^\\circ]\\). The student should reduce \\(-1710^\\circ\\) to a positive equivalent angle within one period (i.e., \\(0^\\circ\\) to \\(360^\\circ\\)) and then find the corresponding cosine value.\n\n**Error:** 1', '**Reasoning:** The answer incorrectly applies the cosine function modulo 360° instead of 2π radians. When dealing with angles, 2π radians is equivalent to 360°, but the formula should be corrected to use 2π radians rather than 360°. This leads to incorrect calculations.\n\n**Error:** 1', '**Reasoning:** The Answer incorrectly states that \\(\\cos(-1710^\\circ) = \\cos90^\\circ - 0\\). The answer should be \\(\\cos(-1710^\\circ + 360^\\circ\\times5) = \\cos(-1710^\\circ + 1800^\\circ) = \\cos90^\\circ = 0\\). The final step where the answer incorrectly subtracts zero from cos(90°) is incorrect.\n\n**Error:** 1', '**Reasoning:** The answer incorrectly applies the cosine function with angles. The value of cos(-1710°) should be found within 0° to 360° using periodicity, but the solution incorrectly subtracts 1800° from -1710° to find an equivalent angle, leading to an incorrect final result of 0. Instead, it should be adjusted properly within the 0° to 360° range.\n\n**Error:** 1', '**Reasoning:** The answer incorrectly calculates \\(\\cos(-1710^\\circ)\\) as \\(\\cos(-1710^\\circ + 5 \\times 360^\\circ)\\). The correct approach should be to reduce the angle to a range within one period of the cosine function, which is \\(0^\\circ\\) to \\(360^\\circ\\). Reducing \\(-1710^\\circ\\) modulo \\(360^\\circ\\) gives \\(210^\\circ\\), not \\(90^\\circ\\). Therefore, the answer should use \\(\\cos(210^\\circ)\\) instead of \\(\\cos(90^\\circ)\\).\n\n**Error:** 1', '**Reasoning:** The answer seems correct but contains a typo. Specifically, it states \\(\\cos(-170°)\\) instead of \\(\\cos(-1710°)\\). The rest of the calculations appear to be correct. Therefore, the main issue is a minor typographical error.\n\n**Error:** 1']",5,15,Qwen/Qwen2.5-VL-3B-Instruct,100,0.7201248812718097
"If Rs. 10 be allowed as true discount on a bill of Rs. 110 due at the end of a certain time, then the discount allowed on the same sum due at the end of double the time is:  
\begin{enumerate}
    \item Rs. 20 
    \item Rs. 21.81 
    \item Rs. 22 
    \item Rs. 18.33 
\end{enumerate}

"," Option D  
S.I. on Rs. (110 - 10) for a certain time = Rs. 10.  
S.I. on Rs. 100 for double the time = Rs. 20.  
T.D. on Rs. 120 = Rs. (120 - 100) = Rs. 20.  
T.D. on Rs. 110 = Rs. \(\left( \frac{20}{120} \textcolor{red}{\div} 110 \right) = \text{Rs. } 18.33\)

",True,False,False,0.5004024235381879,True,0,"['**Reasoning:** The answer provided does not seem to directly address the question. The question asks about discount calculation based on time, but the given answer discusses simple interest on Rs. 110 for double the time period, which is not related to the problem of finding the discount allowed on the same sum at the end of double the time. Therefore, it appears there is an error in the problem-solving approach.\n\n**Error:** 1', '**Reasoning:** The error is present in the calculation of the discount amount. The student incorrectly states that the discount allowed on Rs. 120 for double time is Rs. 0, when it should be Rs. 18.33 as per the correct calculation provided in the Answer. The incorrect calculation is: \\( \\frac{120}{120} \\times 10 = 10 \\), but the correct answer should be \\( \\frac{120}{110} \\times 10 = 18.33 \\).\n\n**Error:** 1', ""**Reasoning:** The answer provided includes a calculation process for finding the discount on a bill of Rs. 110 due at the end of a certain time, followed by a similar calculation for double the time. The approach seems correct as it involves calculating the interest rate and then applying it to the doubled sum to find the new discounted amount. However, the final step, where the answer is calculated to be Rs. 18.33, might need verification if there's a discrepancy with the options given (Rs. 20, Rs. 21.81, Rs. 22). Since the question states that the discount allowed on the same sum due at the end of double the time is supposed to be one of the options provided, the final answer should match one of these values. Without additional context, we can't definitively say there's an error here, but it's worth noting the potential discrepancy between the calculated value and the options.\n\n**Error:** 1"", '**Reasoning:** The answer provided does not seem to directly address the question about the discount on a bill due at the end of certain time period when compared with the same sum due at the end of double the time. It appears to be a calculation related to simple interest but not to the discount mentioned in the question.\n\n**Error:** 1', ""**Reasoning:** The answer provided does not seem to match the question asked. The question asks for the discount on a bill when the discount is allowed on the end of certain time, and then the discount allowed on the same sum due at the end of double the time. However, the answer provided calculates a simple interest rate on a different scenario (simple interest on Rs.10 vs simple interest on Rs.100), which does not align with the question's requirements. Additionally, the calculation presented in the answer does not directly relate to the discount calculation described in the question.\n\n**Error:** 1"", ""**Reasoning:** The logical steps in the given answer appear to be correct according to standard mathematical principles of discount calculation. However, it is important to verify each step for accuracy. Let's break down the solution:\n\n1. **Discount Calculation for First Time:**\n   - Given: Discount = RS. 10 on RS. 110.\n   - Correct: \\( D_1 = \\frac{10}{110} \\times 100\\% = \\frac{9.09}{10}\\% \\approx 9.09\\% \\)\n\n2. **Discount Calculation for Double Time:**\n   - We need to find the new amount after applying the same percentage discount on a doubled bill.\n   - New discounted amount = \\( \\text{Original Amount} \\times (1 - \\text{Discount Rate}) \\)\n   - Here, the original amount is doubled (i.e., \\( 2 \\times 110 = 220 \\)).\n   - \\( D_2 = \\frac{10}{220} \\times 100\\% \\approx 4.55\\% \\)\n   - New amount = \\( 220 \\times (1 - 4.55\\%) \\)\n   - New amount \\( = 220 \\times 0.9545 \\approx 208.20 \\)\n\n3. **Convert Final Amount to Percentage:**\n   - \\( D_2 = 208.20 \\)\n\nUpon re-examining the given answer:\n- It seems the original calculation was incorrect. The final conclusion should match the calculated amount, not approximately 18.33.\n\n**Error:** 1"", '**Reasoning:** The answer provided seems correct. The steps taken by the solver to calculate the discount allowed on the same sum at the end of double time are correct. Given the discount formula for simple interest, R = P(1 - t/r) and the interest rate being a constant fraction of the principal, the calculation should yield the expected result.\n\n**Error:** 0', ""**Reasoning:** The answer provided incorrectly calculates the discount. According to the rules of simple interest, the correct calculation should be: \n\n\\[ \\text{Discount} = P \\times \\frac{r}{100} \\times t \\]\n\nWhere:\n- \\( P \\) is the principal amount,\n- \\( r \\) is the rate of interest per annum,\n- \\( t \\) is the time period in years.\n\nGiven the situation in this problem:\n- Principal (P) = Rs. 110\n- Rate of interest (r) = 10% (since it's a discount, the rate would typically be negative)\n- Time (t) = not specified, but doubling the time period means doubling the time, so we consider it as \\( t + t = 2t \\)\n\nHowever, the answer provided does not match these calculations. Instead, it seems to have used a different formula or logic, leading to an incorrect result. The calculations presented do not align with standard financial mathematics principles for calculating discounts.\n\n**Error:** 1"", '**Reasoning:** \nIn the given answer, there is an error in the calculation of the discount. The formula used to calculate the discount rate when the time is doubled is incorrect. The correct formula should be:\n\n\\[ \\text{Discount Rate} = \\left( \\frac{\\text{Interest}}{\\text{Principal}} \\right) \\]\n\nGiven:\n- Principal (\\(P\\)) = 110\n- Interest (\\(I\\)) = 10\n\nThe interest rate for the first period is:\n\\[ r_{1} = \\frac{I}{P} = \\frac{10}{110} = \\frac{1}{11} \\]\n\nThe interest rate for the second period, considering the time is doubled, would be:\n\\[ r_{2} = \\frac{I}{P} = \\frac{10}{110} = \\frac{1}{11} \\]\n\nSince the time is doubled and the interest rates remain the same, the effective discount rate over the doubled period can be calculated as:\n\\[ \\text{Effective Discount Rate} = \\left( 1 - e^{-r_2 \\cdot 2T} \\right) \\]\n\nWhere \\( T \\) is the time period. However, the answer provided does not correctly apply this formula and instead provides a simplified fraction, which is an approximation rather than the correct calculation.\n\n**Error:** 1', '**Reasoning:** The answer provided does not correctly apply the proper formula for calculating simple interest when the time is doubled. The correct approach would involve calculating the interest on Rs. 110 for a certain period and then finding the interest on Rs. 100 for double the same period, but the given calculation is incorrect as it uses a different method than the one stated in the question.\n\n**Error:** 1', '**Reasoning:** The answer provided does not contain any errors. The steps and calculations align correctly with the question asked and follow the necessary mathematical principles. \n\n**Error:** 0', '**Reasoning:** The answer provided does not match the options given in the question. The correct answer should be an option among those listed (Rs. 20, Rs. 21.81, Rs. 22, Rs. 18.33). However, the answer given is Rs. 18.33, which corresponds to one of the options but the calculation seems to be incorrect. The step-by-step explanation provided does not align with the expected solution pattern for this type of problem. Therefore, the error lies in the interpretation or calculation steps.\n\n**Error:** 1', '**Reasoning:** The answer provided seems correct. The calculation follows standard interest discount formula logic, considering the discount rate as 9% (since 10% interest over 1 year results in a 10% discount). The calculation for double the time (120 days) is consistent with the interest calculated for double the period. Therefore, there is no apparent error in the Answer.\n\n**Error:** 0', '**Reasoning:** The answer provided does not follow the correct steps of the problem. The discount calculation should be applied as follows: \n\nOriginal amount = 110\nDiscount = 10%\nDiscounted amount = 110 - 10% of 110 = 110 - (0.10 * 110) = 110 - 11 = 99\n\nThen, for double the time period:\nNew amount after doubling the discount = 99 + 20% of 99 = 99 + (0.20 * 99) = 99 + 19.8 = 118.8\n\nTherefore, the correct answer should be Rs. 118.8, not Rs. 18.33.\n\n**Error:** 1', '**Reasoning:** The answer provided contains a step where it states ""S.J. on Rs. 10"" as if it\'s referring to simple interest, but the question involves compound interest. The calculation steps assume simple interest when they should be calculating compound interest based on the problem statement.\n\n**Error:** 1']",5,15,Qwen/Qwen2.5-VL-3B-Instruct,100,0.48509409130221154
"Compute \( (98)^5 \).

"," We express 98 as the sum or difference of two numbers whose powers are easier to calculate, and then use the Binomial Theorem.

Write \( 98 = 100 - 2 \).

Therefore, 
\[
\textcolor{red}{10000000000 - 1000000000 + 40000000 - 1600000 - 32}
\]
\[
(98)^5 = (100 - 2)^5 
\]
\[
= {5 \choose 0} (100)^5 - {5 \choose 1} (100)^4 \cdot 2 - {5 \choose 3} (100)^2 \cdot (2)^3 + {5 \choose 2} (100)^3 \cdot (2)^2 + {5 \choose 4} (100) \cdot (2)^4 - {5 \choose 5} (2)^5
\]
\[
\textcolor{red}{10040008000 - 100800032 = 9039207968.}
\]

Calculating each term:
\[
= 10000000000 - 5 \cdot 100000000 \cdot 2 + 10 \cdot 1000000 \cdot 4 - 10 \cdot 10000 \cdot 16 - 32
\]
\[
= 10000000000 - 1000000000 + 40000000 - 1600000 - 32
\]

\[
\textcolor{red}{= 10040008000 - 100800032}
\]
\[
= 9039207968.
\]

",True,True,True,0.3926744672275521,True,0,"['**Reasoning:** The solution incorrectly calculates each term using incorrect coefficients. In the binomial theorem expansion, the coefficients should be calculated from \\(\\binom{5}{3} = \\frac{5!}{3!(5-3)!} = 10\\) and \\(\\binom{5}{4} = \\binom{5}{1} = 5\\). However, the solution uses incorrect values such as \\(\\frac{5!}{2!3!} = 10\\) and \\(\\binom{5}{2} = 10\\). These coefficients are incorrect because they do not match the binomial coefficients correctly.\n\n**Error:** 1', '**Reasoning:** The solution incorrectly applies the Binomial Theorem to compute \\((98)^5\\). The use of \\((100-2)^5\\) instead of directly computing \\(98^5\\) with the binomial theorem leads to an incorrect answer. Additionally, there is a misunderstanding in the expansion of the binomial expression, as it should be expanded using the formula for binomial coefficients rather than directly substituting and simplifying.\n\n**Error:** 1', '**Reasoning:** The answer provided contains several logical errors. Firstly, the expression \\((98)^5\\) should be calculated, but it is not derived correctly using the binomial theorem or any other method. Instead, it incorrectly simplifies \\(98\\) to \\(100 - 2\\), which is not valid for the purpose of calculating powers. Secondly, the subsequent calculations involving \\((100-2)^5\\) are not aligned with standard algebraic operations and do not lead to the correct result of \\(9039207968\\). Therefore, the entire approach is flawed and cannot be considered correct.\n\n**Error:** 1', '**Reasoning:** The answer provides a step-by-step breakdown of how to compute \\((98)^5\\) using the Binomial Theorem. However, when it comes to calculating each term, the calculation seems to be incorrect. Specifically, the calculations for each term appear to be incorrect as they result in a value significantly different from \\(9039207968\\). For instance, the calculation of the first term appears to be wrong because the coefficient and the power do not match up correctly with the binomial expansion formula.\n\n**Error:** 1', '**Reasoning:** The answer uses $98$ as $100 - 2$, which is incorrect because it should be expressed as a difference of squares ($a^2 - b^2 = (a-b)(a+b)$). The correct expression for $98$ would be $100 - 2$, but this is not valid for binomial expansion.\n\n**Error:** 1', '**Reasoning:** The answer involves breaking down the number 98 as \\(100 - 2\\) and then applying powers of 10 to approximate the result. However, the calculations shown for each term are incorrect and do not align with standard binomial expansion methods. For instance, the expression \\((100 - 2)^5\\) should be expanded correctly using the binomial theorem, but the calculations are not done accurately. The use of large numbers like 1000000000 and 40000000 is not typical and seems to be a mistake in the approximation process.\n\n**Error:** 1', '**Reasoning:** The answer incorrectly applies the Binomial theorem to compute \\((98)^5\\). The student incorrectly expresses \\(98\\) as \\(100 - 2\\) instead of directly using it. The Binomial theorem should be applied directly with \\(98\\) as the base, not \\(100 - 2\\). Additionally, the calculation of each term seems to be incorrect due to improper handling of decimal points and lack of proper application of the binomial coefficients.\n\n**Error:** 1', '**Reasoning:** The method used to solve the problem appears correct up to the point where it expresses 98 as 100 - 2 and then applies the Binomial Theorem correctly. However, the calculation of each term is incorrect. Specifically, the coefficients and terms should be calculated using the binomial expansion formula \\( \\binom{5}{r} (100)^{5-r} (2)^r \\), but the computation shown does not match this expansion properly.\n\nFor example, when calculating \\( \\binom{5}{3}(100)^2(2)^3 + \\binom{5}{2}(100)^3(2)^2 \\), the numbers given do not correspond to the expected values derived from the binomial expansion. This is evident from the incorrect simplifications and arithmetic operations performed.\n\n**Error:** 1', ""**Reasoning:** The answer uses the binomial theorem incorrectly. While the approach of expressing 98 as 100 - 2 and applying the binomial theorem is correct, the calculation does not correctly apply the theorem's coefficients. Specifically, the term \\(\\binom{5}{4}(100)^2(2)^4\\) should be \\(\\binom{5}{4}(100)^3(2)^2\\), not \\(\\binom{5}{4}(100)(2)^4\\). This mistake leads to incorrect results in subsequent calculations.\n\n**Error:** 1"", '**Reasoning:** The answer incorrectly applies the Binomial Theorem to compute \\((98)^5\\). The expression should be simplified correctly using algebraic identities rather than expanding the binomial theorem directly. The correct approach would involve breaking down \\(98\\) into a sum of numbers whose powers can be calculated easily.\n\n**Error:** 1', '**Reasoning:** The solution applies the Binomial Theorem correctly to expand \\((98)^5\\). However, there seems to be a misunderstanding in interpreting the form of \\(98\\) as \\(100 - 2\\). The Binomial Theorem should use \\((100 - 2)^5 = C(5; 5) \\times 100^5 + C(4; 5) \\times 100^4 \\times 2 + C(3; 5) \\times 100^3 \\times 2^2 + C(2; 5) \\times 100^2 \\times 2^3 + C(1; 5) \\times 100 \\times 2^4 + C(0; 5) \\times 100^0 \\times 2^5\\). Since there is no term with \\(2^5\\), the coefficient for \\(2^5\\) is zero. Therefore, the solution is essentially correct but incorrectly concludes that it will be equal to 100800032.\n\n**Error:** 0', '**Reasoning:** The answer incorrectly applies the binomial theorem to compute \\((98)^5\\). The binomial theorem is typically used for expressions like \\((a+b)^n\\) or \\((a-b)^n\\), but here \\(98\\) is not expressed as a difference of numbers raised to powers within the binomial theorem. Instead, it should be written as \\(100-2\\), and the calculation should be done correctly using the binomial theorem. However, since the instruction requires identifying if an error exists based on the provided steps and not the final result, we need to check if the steps leading to the final answer were correctly followed.\n\n**Error:** 0', '**Reasoning:** The answer uses the binomial theorem incorrectly. In the binomial theorem, when \\( a \\) and \\( b \\) are negative numbers such as \\( (a-b)^n \\), the terms should be calculated with appropriate signs. Specifically, the expression provided does not correctly apply the formula for \\( (98)^5 \\). Additionally, the calculation of each term seems incorrect due to misapplication of the binomial theorem.\n\n**Error:** 1', '**Reasoning:** The calculation in the answer appears to be incorrect. The binomial theorem expansion for \\((98)^5\\) should be calculated correctly using the formula \\((a - b)^n = {n \\choose 0}a^n + {n \\choose 1}a^{n-1}b + {n \\choose 2}a^{n-2}b^2 + ... + {n \\choose n}b^n\\). However, the expansion in the answer seems to have been done incorrectly, leading to a different result than expected.\n\n**Error:** 1', '**Reasoning:** The answer sheet does not provide all necessary steps to compute \\( (98)^5 \\). It starts with expressing 98 as \\( 100 - 2 \\) and then using the Binomial Theorem, which is correct. However, it skips the actual calculation of each term in the expansion due to a logical gap. Specifically, the explanation is incomplete as it should continue with the computation of the binomial coefficients and their products, which were not listed in detail, leading to a missing step in the calculation process.\n\n**Error:** 1']",5,15,Qwen/Qwen2.5-VL-3B-Instruct,100,0.7201248812718097
"Find the value of \( \sin^{-1} \left( \sin \frac{3\pi}{5} \right) \).

"," We know that \( \sin^{-1}(\sin x) = x \). Therefore, 
\[
\sin^{-1} \left( \sin \frac{3\pi}{5} \right) = \frac{3\pi}{5}.
\]

But 
\[
\frac{3\pi}{5} \not\in \left[-\frac{\pi}{2}, \frac{\pi}{2}\right],
\]
which is the principal branch of \( \sin^{-1} x \).

However, 
\[
\sin \left( \frac{3\pi}{5} \right) = \sin \left( \pi - \frac{3\pi}{5} \right) = \sin \textcolor{red}{\frac{8\pi}{5}} = \sin \frac{2\pi}{5}
\] 
and 
\[
\frac{2\pi}{5} \in \left[-\frac{\pi}{2}, \frac{\pi}{2}\right].
\]

Therefore,
\[
\sin^{-1} \left( \sin \frac{3\pi}{5} \right) = \sin^{-1} \left( \sin \frac{2\pi}{5} \right) = \frac{2\pi}{5}.
\]

",True,False,True,0.0,True,0,"['**Reasoning:**\nLet\'s examine the Answer step-by-step to identify any potential errors.\n\n1. The question asks to find the value of \\(\\sin^{-1}(\\sin\\frac{3x}{5})\\).\n2. The answer states that ""we know that \\(\\sin^{-1}(\\sin x) = x\\). Therefore,"" but this statement is incorrect because the principal value of \\(\\sin^{-1}(\\sin x)\\) does not necessarily equal \\(x\\). For example, \\(\\sin^{-1}(\\sin \\frac{\\pi}{2}) = \\frac{\\pi}{2}\\), not \\(\\frac{\\pi}{2}\\).\n3. The answer proceeds by saying \\(\\sin^{-1}(\\sin \\frac{3x}{5}) = \\frac{3x}{5}\\), which is incorrect. The correct way to approach this is to consider the principal range of the inverse sine function, which is \\([- \\frac{\\pi}{2}, \\frac{\\pi}{2}]\\).\n4. The answer then mentions that \\(\\frac{3x}{5} \\not\\in [-\\frac{x}{2}, \\frac{x}{2}]\\), which is also incorrect. The correct range should be considered for the input \\(x\\) itself.\n5. Finally, the answer concludes with \\(\\sin^{-1}(\\sin \\frac{3x}{5}) = \\sin^{-1}(\\sin \\frac{2x}{5}) = \\frac{2x}{5}\\), which again is incorrect. The correct approach involves considering the periodicity and range of the sine function.\n\nTherefore, the entire Answer has several errors.\n\n**Error:** 1\n\n', ""**Reasoning:** The answer process starts off correct but makes an incorrect assumption about the range of \\(\\sin^{-1}(x)\\). It states that \\(\\frac{3\\pi}{5} \\neq [\\frac{\\pi}{2}, \\frac{2\\pi}{2}]\\), which is incorrect because \\(\\frac{3\\pi}{5}\\) is indeed within the principal branch of \\(\\sin^{-1}(x)\\). However, the solution then incorrectly applies the property of inverse trigonometric functions by equating \\(\\sin^{-1}\\left(\\sin\\frac{3\\pi}{5}\\right)\\) to \\(\\sin^{-1}\\left(\\sin\\frac{2\\pi}{5}\\right)\\), which is true but doesn't address the original question's requirement for finding the exact value of \\(\\sin^{-1}\\left(\\sin\\frac{3\\pi}{5}\\right)\\).\n\n**Error:** 1"", '**Reasoning:** The answer contains two main parts. First, it correctly states that \\(\\sin^{-1}(\\sin x) = x\\). However, the second part of the answer attempts to find the principal branch of \\(\\sin^{-1}x\\) using the value \\(3\\frac{\\pi}{5}\\). The issue arises because \\(\\sin^{-1}(x)\\) for \\(x = \\frac{3\\pi}{5}\\) does not lie within the interval \\([- \\frac{\\pi}{2}, \\frac{\\pi}{2}]\\). Instead, \\(\\frac{3\\pi}{5}\\) is greater than \\(\\frac{\\pi}{2}\\), so its inverse sine would be in the range \\([\\frac{\\pi}{2}, \\pi]\\), not \\([- \\frac{\\pi}{2}, \\frac{\\pi}{2}]\\). Therefore, the step involving finding the principal branch of \\(\\sin^{-1}x\\) is incorrect, as this value cannot be used directly in the calculation.\n\n**Error:** 1', '**Reasoning:** The answer indicates that \\(\\sin^{-1}(\\sin \\frac{3\\pi}{5}) = \\frac{3\\pi}{5}\\). However, this is incorrect because \\(\\frac{3\\pi}{5}\\) lies outside the range of the principal branch of \\(\\sin^{-1}(x)\\), which is \\([- \\frac{\\pi}{2}, \\frac{\\pi}{2}]\\). Therefore, the value should be adjusted to fit within this range.\n\n**Error:** 1', ""**Reasoning:** The answer contains an error in the step where it states that \\(\\sin^{-1}\\left(\\sin\\frac{3\\pi}{5}\\right) = \\frac{3\\pi}{5}\\). This is incorrect because \\(\\frac{3\\pi}{5}\\) is not within the range of the principal branch of the inverse sine function, which is \\([- \\frac{\\pi}{2}, \\frac{\\pi}{2}]\\). Instead, \\(\\sin^{-1}\\left(\\sin\\frac{3\\pi}{5}\\right)\\) should be evaluated based on the angle's position relative to \\(\\frac{\\pi}{2}\\). The correct value would involve finding an equivalent angle within the principal branch.\n\n**Error:** 1"", '**Reasoning:** The answer provided contains an error. In the step involving \\(\\sin^{-1}\\left(\\sin\\frac{3x}{5}\\right)\\), the calculation should consider the principal branch of the inverse sine function, which restricts the input to the interval \\([- \\frac{\\pi}{2}, \\frac{\\pi}{2}]\\). However, the solution assumes that \\(\\frac{3x}{5}\\) falls within this interval, but it does not explicitly check this condition or adjust the result accordingly. This oversight could lead to incorrect answers if not corrected.\n\n**Error:** 1', '**Reasoning:** The answer incorrectly states that \\(\\sin^{-1} \\left( \\sin \\frac{3\\pi}{5} \\right) = \\frac{3\\pi}{5}\\). This is incorrect because \\(\\sin^{-1} \\left( \\sin \\theta \\right)\\) returns the angle whose sine is \\(\\theta\\) within the principal range of \\([- \\frac{\\pi}{2}, \\frac{\\pi}{2}]\\). Since \\(\\frac{3\\pi}{5}\\) is outside this range, \\(\\sin^{-1} \\left( \\sin \\frac{3\\pi}{5} \\right)\\) should be calculated as \\(\\frac{3\\pi}{5} - \\pi = -\\frac{\\pi}{5}\\).\n\n**Error:** 1', '**Reasoning:** The answer incorrectly concludes that \\(\\sin^{-1}\\left(\\sin\\frac{3\\pi}{5}\\right) = \\frac{3\\pi}{5}\\). The correct value should be \\(\\frac{2\\pi}{5}\\), because \\(\\sin^{-1}(x)\\) returns the angle whose sine is \\(x\\). The argument \\(\\frac{3\\pi}{5}\\) is within the interval \\([-\\frac{\\pi}{2}, \\frac{\\pi}{2}]\\) but it does not correspond to the principal value of the inverse sine function which is \\(\\frac{2\\pi}{5}\\).\n\n**Error:** 1', ""**Reasoning:** The answer contains a logical error. In the context of the question, we need to find the value of \\(\\sin^{-1} (\\sin \\frac{3\\pi}{5})\\). However, when taking the inverse sine of \\(\\sin \\frac{3\\pi}{5}\\), it should be noted that \\(\\sin \\frac{3\\pi}{5}\\) is positive but does not fall within the principal range of the arc sine function, which is \\([- \\frac{\\pi}{2}, \\frac{\\pi}{2}]\\). The correct value of \\(\\sin^{-1} (\\sin \\frac{3\\pi}{5})\\) is \\(\\frac{3\\pi}{5}\\), but since it's not in the principal range, we must adjust it by subtracting \\(\\pi\\). Therefore, \\(\\sin^{-1} (\\sin \\frac{3\\pi}{5}) = -\\frac{\\pi}{5}\\), not \\(\\frac{3\\pi}{5}\\).\n\n**Error:** 1"", '**Reasoning:** The answer starts by stating ""But"" and then proceeds with a calculation that involves dividing \\(\\frac{3\\overline{x}}{5}\\) by 2. However, this step does not make sense because it is trying to find the value of \\(\\sin^{-1}(\\sin(\\frac{3\\overline{x}}{5}))\\) through a division operation, which is not valid for inverse trigonometric functions. The correct approach should involve understanding the principal branch of \\(\\sin^{-1}(x)\\) and calculating it correctly according to the properties of arc sine and sine functions.\n\n**Error:** 1', '**Reasoning:** The answer contains a logical error in the final step. The answer states that \\(\\sin^{-1}(\\sin(\\frac{3\\pi}{5})) = \\sin^{-1}(\\sin(\\frac{2\\pi}{5})) = \\frac{2\\pi}{5}\\). However, this is incorrect because \\(\\sin(\\frac{3\\pi}{5})\\) corresponds to an angle greater than \\(\\frac{\\pi}{2}\\) but less than \\(\\pi\\), and \\(\\sin^{-1}\\) returns the principal branch, which is between \\(-\\frac{\\pi}{2}\\) and \\(\\frac{\\pi}{2}\\). Therefore, \\(\\sin^{-1}(\\sin(\\frac{3\\pi}{5}))\\) should return \\(\\pi - \\frac{3\\pi}{5} = \\frac{2\\pi}{5}\\), not just \\(\\frac{2\\pi}{5}\\).\n\n**Error:** 1', '**Reasoning:** The answer contains logical errors. In the process of solving \\(\\sin^{-1}(\\sin (\\frac{3\\pi}{5}))\\), it incorrectly states that the value should be \\(\\frac{3\\pi}{5}\\) because it is within the principal branch \\([- \\frac{\\pi}{2}, \\frac{\\pi}{2}]\\). However, this is incorrect because \\(\\sin^{-1}(\\sin x)\\) can take multiple values depending on the context, especially when \\(x\\) is outside the range \\([- \\frac{\\pi}{2}, \\frac{\\pi}{2}]\\). The correct approach should consider the periodicity and symmetry properties of the sine function. Therefore, the solution presented is flawed.\n\n**Error:** 1', '**Reasoning:** The answer incorrectly concludes that \\(\\sin^{-1}(\\sin\\frac{3x}{5}) = \\frac{2x}{5}\\). This is because \\(\\sin^{\\prime}(x)\\) does not necessarily map \\(\\sin(x)\\) directly to \\(x\\) but rather to the principal value of the arc sine function within a specific interval. The correct approach involves considering the range of the sine function and ensuring that the angle lies within the principal range of the inverse sine function. The value \\(\\frac{2x}{5}\\) should be adjusted to lie within the interval \\([- \\frac{\\pi}{2}, \\frac{\\pi}{2}]\\), and this requires additional trigonometric identities or transformations beyond basic substitution.\n\n**Error:** 1', '**Reasoning:** The calculation of \\(\\sin^{-1}(\\sin\\frac{3\\pi}{5})\\) should involve considering the principal value of the inverse sine function. The given answer calculates it as \\(\\frac{3\\pi}{5}\\) directly, but this value is not within the principal range of \\(\\sin^{-1}(x)\\), which is \\([- \\frac{\\pi}{2}, \\frac{\\pi}{2}]\\). Instead, \\(\\sin^{-1}(\\sin x)\\) generally returns \\(x\\) when \\(x\\) is within the principal range, but since \\(\\frac{3\\pi}{5}\\) is outside this range, we need to find an equivalent angle within the principal range. This requires finding an angle whose sine is \\(\\frac{3\\pi}{5}\\) and then taking its inverse sine. However, the given answer does not correctly address this issue and incorrectly states that the result is \\(\\frac{3\\pi}{5}\\).\n\n**Error:** 1', '**Reasoning:** The answer has made a logical error when substituting \\(\\frac{3x}{5}\\) into \\(sin^{-1}(\\sin x)\\). It should be \\(\\frac{2\\pi}{5}\\), not \\(\\frac{3\\pi}{5}\\). The error lies in the incorrect substitution and handling of the inverse trigonometric function.\n\n**Error:** 1']",5,15,Qwen/Qwen2.5-VL-3B-Instruct,100,0.24493002679463532
"The ratio between the length and the breadth of a rectangular park is \( 3 : 2 \). If a man cycling along the boundary of the park at the speed of \( 12 \) km/hr completes one round in \( 8 \) minutes, then the area of the park (in sq. m) is:
\begin{itemize}
    \item[A)] 15360
    \item[B)] 153600
    \item[C)] 30720
    \item[D)] 307200
\end{itemize}

"," \textcolor{red}{The perimeter of the park is 1600 m.}

",True,True,True,0.0,True,0,"['**Reasoning:** The question asks for the area of the park given the ratio between the length and breadth, and the speed at which it is cycled. The correct formula to find the area of a rectangle is length × breadth. However, the answer provided states that the perimeter of the park is 1600 meters, which is incorrect for finding the area. The area should be calculated using the ratio given and the perimeter, but the answer only provides the perimeter without solving for the actual dimensions that would give the area.\n\n**Error:** 1', '**Reasoning:** The answer does not provide the correct calculation steps to determine the area of the park. Instead, it directly states the perimeter as 1600 meters, which is incorrect because the perimeter is already given in the question as 8 minutes at a speed of 12 km/h, so the correct calculation should be related to the perimeter rather than the area. Therefore, the answer is incorrect.\n\n**Error:** 1', '**Reasoning:** The answer states that the perimeter of the park is 1600 m, but the calculation in the Problem description shows that the man completes one round in 8 minutes at a speed of 12 km/h, which does not directly translate to the area of the park. The Answer incorrectly associates the perimeter with the area without showing how the given data relates to finding the area.\n\n**Error:** 1', '**Reasoning:** The Answer states that the perimeter of the park is 1600 m. However, without calculating the correct perimeter using the given ratio and speed, it cannot be determined if this calculation matches the options provided. The given Answer does not provide enough context to validate whether the chosen answer is correct or incorrect based solely on the perimeter information.\n\n**Error:** 1', '**Reasoning:** The Answer incorrectly calculates the area of the park. It states that the perimeter of the park is 1600 meters, but it does not provide the necessary dimensions to calculate the area correctly. The question mentions that the man completes one round in 8 minutes at a speed of 12 km/h, which does not directly help in calculating the area of the rectangular park. Therefore, the answer does not provide enough information to determine the correct area, indicating an error.\n\n**Error:** 1', '**Reasoning:** The answer provided does not explain how to calculate the area of the park based on the given information. It only states that the perimeter of the park is 1600 m, but it does not compute the area using the ratio between length and breadth, which is required to find the area. Therefore, there is no clear error in the answer as presented; however, it lacks the necessary steps to arrive at the correct answer.\n\n**Error:** 1', ""**Reasoning:** The Answer incorrectly states that the perimeter of the park is 1600 m instead of the correct calculation. The perimeter can be calculated using the given ratio and speed. Let's break it down:\n\nGiven:\n- Speed = 12 km/hr = 12 * 1000 / 60 = 200 m/min\n- Time taken to complete one round = 8 minutes\n\nPerimeter = Speed * Time = 200 m/min * 8 min = 1600 m\n\nThe area of the park can then be calculated using the ratio of length and breadth, but this part of the calculation is not relevant to the question asked.\n\n**Error:** 1"", '**Reasoning:** The answer provided does not match the problem statement. The problem asks for the area of the park, but the solution calculates the perimeter instead. The calculation for the perimeter is correct but the final answer should be the area, which is not provided in the solution. Therefore, there is an error in the provided answer.\n\n**Error:** 1', '**Reasoning:** The Answer incorrectly states that the perimeter of the park is 1600 meters, but it does not provide the correct perimeter calculation based on the given ratio and speed. The perimeter of a rectangle can be calculated as \\(2 \\times (\\text{length} + \\text{breadth})\\). Given the ratio of length to breadth is 3:2 and the speed of 12 km/h completes one round in 8 minutes, we need to calculate the perimeter first before finding the area. The student seems to have skipped this crucial step and directly provided an incorrect answer without solving the problem correctly.\n\n**Error:** 1', '**Reasoning:** The Answer states ""The perimeter of the park is 1600m,"" but it does not provide calculations or steps to arrive at this answer. Since the question asks for the area of the park in square meters, including the perimeter information alone is insufficient to determine the area. Therefore, the solution lacks proper calculations, making it incorrect.\n\n**Error:** 1', '**Reasoning:** The Answer does not provide a clear step-by-step calculation or logical progression to solve the problem. Instead, it mentions ""The perimeter of the park is 1600 m,"" but does not explain how this length is used to find the area of the park, which is required as part of the question. Therefore, it is unclear if the answer process correctly leads to the correct area of the park.\n\n**Error:** 1', ""**Reasoning:** The solution provided in the answer does not follow the steps required to solve the problem correctly. It mentions the perimeter of the park being 1600 meters, but it lacks the necessary calculations to find the area of the park using the given ratio between the length and breadth, as well as the speed and time taken to complete one round. Therefore, there is an error in the solution because it does not align with the problem's requirements.\n\n**Error:** 1"", '**Reasoning:** The provided answer does not contain any calculation or logical steps to arrive at the correct area of the park. Instead, it simply states that the perimeter of the park is 1600 m, but it does not use this information to find the area of the rectangular park with a length-to-breadth ratio of 3:2. Therefore, it appears that the answer lacks necessary mathematical operations and calculations to solve the problem correctly.\n\n**Error:** 1', ""**Reasoning:** The Answer states that the perimeter of the park is 1600 meters, but it does not provide any steps to calculate this perimeter from the given information about the ratio between the length and breadth of the rectangular park and the man's speed. Therefore, the answer does not contain sufficient information to determine the area of the park based on the given options.\n\n**Error:** 1"", '**Reasoning:** The answer provided is incorrect because it states that the perimeter of the park is 1600 meters, but the correct calculation based on the speed and time taken should be used to find the area of the park. \n\n**Error:** 1']",5,15,Qwen/Qwen2.5-VL-3B-Instruct,100,0.24493002679463532
"Find the square of the following numbers without actual multiplication.  
(i) 39  
(ii) 42  

","  
(i) \( 39^2 = (30 + 9)^2 = 30(30 + 9) + 9(30 + 9) \)  
\(\quad = 30^2 + 30 \times 9 + 9 \times 30 + 9^2 \)  
\(\quad = 900 + 270 + 270 + 81 = \textcolor{red}{1500} \)  

(ii) \( 42^2 = (40 + 2)^2 = 40(40 + 2) + 2(40 + 2) \)  
\(\quad = 40^2 + 40 \times 2 + 2 \times 40 + 2^2 \)  
\(\quad = 1600 + 80 + 80 + 4 = \textcolor{red}{1800} \)  

",True,False,False,0.3926744672275521,True,0,"['**Reasoning:** There is an error in the expansion of the square of 39. The correct expansion should be:\n\\[\n39^2 = (40-1)^2 = 40^2 - 2 \\times 40 \\times 1 + 1^2 = 1600 - 80 + 1 = 1521\n\\]\nHowever, the original answer expands it as:\n\\[\n39^2 = (30+9)^2 = 30(30+9) + 9(30+9)\n\\]\n\\[\n= 30^2 + 30 \\times 9 + 9 \\times 30 + 9^2\n\\]\n\\[\n= 900 + 270 + 270 + 81 = 1521\n\\]\nThis step by step expansion is correct, but substituting the value of \\(30\\) instead of \\(39\\) results in an incorrect final answer of \\(1500\\), not \\(1521\\).\n\nTherefore, the error lies in the initial incorrect assumption about the value of \\(30\\) being used instead of the actual value of \\(39\\).\n\n**Error:** 1', '**Reasoning:** The answer does not correctly expand and simplify the expressions to find the squares of the numbers without multiplication as described in the question. Specifically, when expanding \\((30+9)^2\\) and \\((40+2)^2\\), the terms are not correctly distributed within the binomial expansions, leading to incorrect results. For example, \\((30+9)^2\\) should be expanded as \\(30^2 + 2 \\cdot 30 \\cdot 9 + 9^2\\), but the provided expansion includes additional terms that do not match this pattern.\n\n**Error:** 1', '**Reasoning:** In the solution provided, there is a slight error in the step where the second term of the expansion for \\(42^2\\) is computed. The correct computation should be \\(40 \\times 3\\), but it was incorrectly written as \\(40 \\times 2\\). This results in the incorrect answer of \\(1800\\), which does not match the expected result of \\(1804\\).\n\n**Error:** 1', '**Reasoning:** The answer for \\(39^2\\) is correct. However, for \\(42^2\\), the expansion process is incorrect. The correct expansion should be:\n\\[42^2 = (40+2)^2 = 40(40+2) + 2(40+2)\\]\nThis expands to:\n\\[= 40^2 + 40 \\times 2 + 2 \\times 40 + 2^2\\]\n\\[= 1600 + 80 + 80 + 4 = 1764\\]\nThus, the answer given for \\(42^2\\) is incorrect.\n\n**Error:** 1', 'Reasoning: The answer correctly uses the binomial expansion formula to find the square of \\(39\\) and \\(42\\). However, there seems to be a mistake in the final calculation for \\(39^2 = (30+9)^2\\):\n\\[39^2 = (30+9)^2 = 30 \\cdot 30 + 2 \\cdot 30 \\cdot 9 + 9 \\cdot 9.\\]\nThis simplifies to:\n\\[39^2 = 30^2 + 2 \\cdot 30 \\cdot 9 + 9^2 = 900 + 540 + 81 = 1521.\\]\nThe correct value should be \\(1521\\), not \\(1500\\).\n\n**Error:** 1', '**Reasoning:** The given answer contains two parts corresponding to the numbers 39 and 42, but the calculations are incorrect. For 39^2:\n- The expansion should be:\n\\[ 39^2 = (40 - 1)^2 = 40^2 - 2 \\cdot 40 + 1^2 \\]\n- This simplifies to:\n\\[ 40^2 - 80 + 1 = 1600 - 80 + 1 = 1521 \\]\n\nFor 42^2:\n- The expansion should be:\n\\[ 42^2 = (40 + 2)^2 = 40^2 + 2 \\cdot 40 + 2^2 \\]\n- This simplifies to:\n\\[ 40^2 + 80 + 4 = 1600 + 80 + 4 = 1684 \\]\n\nThe given answers are incorrect.\n\n**Error:** 1', '**Reasoning:** \nIn the answer for \\(39^2\\), the expansion is performed correctly as \\((30+9)^2 = 30(30+9) + 9(30+9)\\). However, the term \\(9^2\\) should be considered separately rather than included within the expanded form of \\(30^2 + 30 \\times 9 + 9 \\times 30 + 9^2\\). The correct approach would be:\n\\[39^2 = (40-1)^2 = 40^2 - 2 \\cdot 40 \\cdot 1 + 1^2 = 1600 - 80 + 1 = 1521.\\]\nThis shows an error in the original answer due to the incorrect inclusion of \\(9^2\\) during the expansion.\n\n**Error:** 1', '**Reasoning:** The answer for \\(39^2\\) is missing a step. Instead of calculating it as \\((30+9)^2\\), the steps should be correct from the start. The initial attempt to simplify \\(39^2\\) to \\((30+9)^2\\) is incorrect because it assumes a form that does not directly lead to the correct result. The correct approach would involve expanding \\((30+9)^2 = 30^2 + 2*30*9 + 9^2\\), which gives \\(900 + 540 + 81 = 1521\\). \n\n**Error:** 1', '**Reasoning:** The answer provided for \\(39^2\\) is incorrect. The correct approach involves recognizing that \\(39^2 = (40 - 1)^2\\), which expands to:\n\\[\n(40 - 1)^2 = 40^2 - 2 \\times 40 \\times 1 + 1^2\n\\]\nSubstituting the values, we get:\n\\[\n40^2 = 1600, \\quad 2 \\times 40 = 80, \\quad 1^2 = 1\n\\]\nSo,\n\\[\n1600 - 80 + 1 = 1521\n\\]\n\nThe given answer does not match this calculation, as it results in 1500 instead of 1521.\n\n**Error:** 1', '**Reasoning:** The answer does not correctly apply the formula for squaring a number when considering the digits individually as shown in the question.\n\n**Error:** 0', '**Reasoning:** The mistake is in the expansion of \\(39^2\\). The correct expression should be \\((40-1)^2 = 40^2 - 2 \\cdot 40 \\cdot 1 + 1^2\\). However, the student expanded it incorrectly as \\(30(30+9) + 9(30+9)\\), which does not match the correct method.\n\n**Error:** 1', '**Reasoning:** The answer for \\( 39^2 \\) is incorrect because it does not use the binomial expansion correctly. The correct expansion should be:\n\\[ 39^2 = (40 - 1)^2 = 40^2 - 2 \\times 40 \\times 1 + 1^2 = 1600 - 80 + 1 = 1521 \\]\nHowever, the given answer incorrectly expands \\( 39^2 \\) as \\( 30^2 + 30 \\times 9 + 9 \\times 30 + 9^2 \\), which simplifies to \\( 900 + 270 + 270 + 81 = 1521 \\). This is the same as the correct answer but with a different approach.\n\n**Error:** 1', '**Reasoning:** The answer to question (i) appears to be incorrect. The calculation for \\(39^2\\) should be:\n\n\\[39^2 = (40 - 1)^2 = 40^2 - 2 \\cdot 40 \\cdot 1 + 1^2\\]\n\\[= 1600 - 80 + 1 = 1521\\]\n\nHowever, the given answer states:\n\\[39^2 = (30 + 9)^2 = 30(30 + 9) + 9(30 + 9)\\]\n\\[= 30^2 + 30 \\cdot 9 + 9 \\cdot 30 + 9^2\\]\n\\[= 900 + 270 + 270 + 81 = 1521\\]\n\nThis matches the correct calculation but the step-by-step process is not clear and potentially confusing due to the use of parentheses to group parts incorrectly.\n\nThere is no explicit mistake in the algebraic manipulations, but the presentation could be improved for clarity. The final result of \\(1521\\) is correct, so the error here would be in the interpretation of the steps leading to it.\n\n**Error:** 0', '**Reasoning:** \nThe answer first calculates \\(39^2\\) as \\((30+9)^2\\). The formula used here is incorrect because we need to use the binomial expansion formula for squaring a binomial. The correct formula should be \\((a+b)^2 = a^2 + 2ab + b^2\\). However, the step \\(30(30+9) + 9(30+9)\\) does not follow this rule correctly since it combines terms without following the correct algebraic expansion. \n\nFor \\(42^2\\), the steps are correct but the final result is incorrect. The first term is correctly expanded as \\(40^2 + 40 \\times 2 + 2 \\times 40 + 2^2\\), but when calculating the sum of these terms, the final result is incorrectly computed as \\(1600 + 80 + 80 + 4 = 1764\\) instead of \\(1800\\).\n\n**Error:** 1', '**Reasoning:** The solution for \\(39^2\\) appears correct; however, the calculation for \\(42^2\\) is incorrect. The student incorrectly calculates \\(42^2\\) as \\((40+2)^2 = 40(40+2) + 2(40+2)\\), which is not the correct formula for squaring a number using the binomial expansion. Instead, it should be \\(42^2 = (40+2)^2 = 40 \\times 40 + 2 \\times 2\\). This results in an incorrect final answer of 1684 instead of 1764. Therefore, there is an error in the calculation of \\(42^2\\).\n\n**Error:** 1']",5,15,Qwen/Qwen2.5-VL-3B-Instruct,100,0.48509409130221154
"Find the roots of the equation \(2x^2 - 5x + 3 = 0\), by factorisation.

"," Let us first split the middle term \(-5x\) as \(-2x - 3x\) [because \((-2x) \times (-3) = 6x^2 = (2x) \times 3\)].

So,
\[
2x^2 - 5x + 3 = 2x^2 - 2x - 3x + 3 = 2x(x - 1) - 3(x - 1) = \textcolor{red}{(2x - 3(x - 1)}
\]

Now, \(2x^2 - 5x + 3 = 0\) can be rewritten as \(\textcolor{red}{(2x - 3(x - 1)} = 0\).

So, the values of \(x\) for which \(2x^2 - 5x + 3 = 0\) are the same for which \(\textcolor{red}{(2x - 3(x - 1)} = 0\), i.e., either \(\textcolor{red}{2x - 3(x - 1)} = 0\) or \(x - 1 = 0\).

Now, \(\textcolor{red}{2x - 3(x - 1)} = 0\) gives \(x = \frac{3}{2}\) and \(x - 1 = 0\) gives \(x = 1\).

So, \(x = \frac{3}{2}\) and \(x = 1\) are the solutions of the equation.

In other words, \(1\) and \(\frac{3}{2}\) are the roots of the equation \(2x^2 - 5x + 3 = 0\).

",True,True,False,0.6909233093138181,True,0,"['**Reasoning:** The answer contains a logical flaw in the factorization process. It incorrectly states that \\((-2x)\\) times \\(X\\) equals the middle term of the quadratic equation. This statement is incorrect because the factorization should be done considering the correct coefficients and terms. The proper factorization should involve finding values that multiply to the constant term (\\(6\\)) and add up to the coefficient of the linear term (\\(-5\\)). The correct factorization should result in two factors that multiply to \\(6\\) and add up to \\(-5\\).\n\n**Error:** 1', '**Reasoning:** The answer does not contain any mathematical errors. The steps and calculations presented are correct, following standard procedures for factoring quadratic equations.\n\n**Error:** 0', '**Reasoning:** The answer provided does not contain any errors. It correctly follows the steps to factorize the quadratic equation \\(2x^2 - 5x + 3 = 0\\) by splitting the middle term and then factoring it into \\((2x - 3)(x - 1) = 0\\). The solutions obtained, \\(x = 1\\) and \\(x = \\frac{3}{2}\\), are correctly identified as the roots of the equation.\n\n**Error:** 0', '**Reasoning:** The solution does not contain any logical or computational errors. It correctly identifies and applies the process of factoring the quadratic equation \\(2x^2 - 5x + 3 = 0\\) step-by-step. The steps shown are accurate in splitting the middle term, recognizing the factors, and rewriting the equation, leading to the correct factorization \\((2x - 3)(x - 1) = 0\\). The values of \\(x\\) that satisfy the equation are also derived correctly as \\(x = 1\\) and \\(x = \\frac{3}{2}\\).\n\n**Error:** 0', '**Reasoning:** The answer correctly factors the quadratic equation \\(2x^2 - 5x + 3 = 0\\) by splitting the coefficient of \\(x\\) into two terms: \\(-2x - 3x = (-2x) \\times 3\\). The resulting factorization is correct. However, the answer seems to suggest that the roots are \\(\\frac{3}{2}\\) and \\(1\\), but it should be \\(1\\) and \\(\\frac{3}{2}\\) instead. This is because when we set each factor equal to zero, \\(2x - 3(x - 1) = 0\\) gives us \\(x = 1\\) and \\(2x - 3 = 0\\) gives us \\(x = \\frac{3}{2}\\). Therefore, the roots are actually \\(1\\) and \\(\\frac{3}{2}\\).\n\n**Error:** 0', '**Reasoning:** The answer does not contain any mathematical errors. The step-by-step factorization process is correct, leading to the roots of the equation being found as \\( x = \\frac{3}{2} \\) and \\( x = 1 \\). \n\n**Error:** 0', '**Reasoning:** The answer starts correctly but has a mistake in the factorization step. The equation \\(2x^2 - 5x + 3\\) should be factored as \\((2x - 1)(x - 3)\\) instead of \\((2x - 3)(x - 1)\\). This is because the middle term coefficient is -5, so the correct factors would be \\(-1\\) and \\(-3\\), not \\(-3\\) and \\(1\\).\n\n**Error:** 1', '**Reasoning:** The solution provided has a logical flaw in the step where it concludes the values of \\( x \\) for which \\( 2x^2 - 5x + 3 = 0 \\) are the same for which \\( (2x - 3)(x - 1) = 0 \\). The solutions to \\( (2x - 3)(x - 1) = 0 \\) are \\( x = \\frac{3}{2} \\) and \\( x = 1 \\), but these are not necessarily the same as the roots of the original equation \\( 2x^2 - 5x + 3 = 0 \\). The correct approach should involve factoring the quadratic equation properly and solving for \\( x \\).\n\n**Error:** 1', '**Reasoning:** The answer does not contain any mathematical errors. It correctly explains the steps to factorize the quadratic equation \\(2x^2 - 5x + 3 = 0\\) by identifying pairs of factors that multiply to the constant term and add up to the coefficient of the linear term. The solution method is correct and follows standard algebraic techniques for factoring quadratics.\n\n**Error:** 0', ""**Reasoning:** The answer contains several errors. First, the factorization step is incorrect because the correct factorization should be \\((2x - 3)\\) instead of \\(-(2x)\\). This leads to an incorrect expanded form. Additionally, when solving for \\(x\\), the value derived is incorrect since it does not match the original equation's solutions. The steps leading to the final answer are also flawed.\n\n**Error:** 1"", '**Reasoning:** In the Answer, it appears that the factorization of the quadratic equation \\(2x^2 - 5x + 3 = 0\\) might have been incorrectly simplified. The answer states that the equation can be rewritten as \\((2x - 3)(x - 1) = 0\\). However, upon closer inspection, the correct factorization should be \\((2x - 3) = 0\\) and \\((x - 1) = 0\\), leading to the solutions \\(x = \\frac{3}{2}\\) and \\(x = 1\\). \n\n**Error:** 1', '**Reasoning:** The Answer begins with splitting the middle term correctly but then makes several algebraic mistakes. It incorrectly factors the equation, resulting in an incorrect expression for the solutions. Additionally, it incorrectly states that \\(x = \\frac{3}{2}\\) is the solution, which is incorrect as per the Factorization method. Therefore, the answer contains multiple errors.\n\n**Error:** 1', '**Reasoning:** The answer contains a mistake in the factorization step. The correct factorized form should be \\( (2x - 3)(x - 1) \\) rather than \\( (2x - 3)(x - 1) \\). The second factorization step is incorrect because it introduces a negative sign that does not align with the correct factorization of the quadratic equation.\n\n**Error:** 1', '**Reasoning:** The answer does not contain any logical errors. The steps taken to solve the quadratic equation by factoring are correct. The values of \\(x\\) found by setting each factor equal to zero are indeed the roots of the equation. There is nothing incorrect or unnecessary in the process described.\n\n**Error:** 0', '**Reasoning:** The Answer contains an error in the factorization process. When splitting the middle term, \\(-5x\\) as \\(-2x - 3x\\) does not work because it does not yield integer coefficients. Instead, it should be split as \\(-6x\\). This leads to incorrect factorization steps later on.\n\n**Error:** 1']",5,15,Qwen/Qwen2.5-VL-3B-Instruct,100,1.2634794940650305
"Solve \(\frac{6x+1}{3} + 1 = \frac{x-3}{6}\)

"," Multiplying both sides of the equation by 6,

\[
6 \left(\frac{6x+1}{3}\right) + 6 \times 1 = 6 \left(\frac{x-3}{6}\right)
\]

This simplifies to:

\[
2(6x + 1) + 6 = x - 3
\]

Expanding the brackets gives:

\[
12x + 2 + 6 = x - 3
\]

Which simplifies to:

\[
\textcolor{red}{13x} + 8 = x - 3
\]

Rearranging the equation results in:

\[
\textcolor{red}{13x} - x + 8 = -3
\]

This simplifies to:

\[
12x + 8 = -3
\]

Then, isolating \(x\):

\[
12x = -3 - 8
\]

Which simplifies to:

\[
12x = -11
\]

Finally, we find:

\[
x = -\frac{11}{12}
\]

",True,True,True,0.3926744672275521,True,0,"['**Reasoning:** The answer provided incorrectly simplifies the equation \\(6\\left(\\frac{6x+1}{3}\\right) + 6 \\times 1 = 6\\left(\\frac{x-3}{6}\\right)\\) to \\(12x + 8 = x - 3\\). The correct simplification after multiplication should be \\(12x + 2 + 6 = x - 3\\), which then simplifies to \\(13x + 8 = x - 3\\), not \\(12x + 8 = x - 3\\). Therefore, there is an error at the step where the equation is simplified.\n\n**Error:** 1', '**Reasoning:** The error is present in the final step where it is stated that \\( x = \\frac{-11}{12} \\). The calculation should be \\( x = -\\frac{11}{12} \\) instead of \\( x = \\frac{-11}{12} \\). When solving for \\( x \\), dividing by -3 should result in a negative value, so the correct calculation should simplify to \\( x = -\\frac{11}{12} \\).\n\n**Error:** 1', ""**Reasoning:**\nThe student's answer contains a series of logical mistakes. Let's go through them step-by-step:\n\n1. **Multiplying both sides of the equation**: \n   - The student correctly multiplies both sides by 6.\n   - However, the term \\( +6 \\times 1 \\) should be \\( +6 \\cdot 1 = +6 \\), not simply \\( +6 \\).\n\n2. **Expanding the brackets**: \n   - This step is correct as it results in \\( 12x + 8 = x - 3 \\).\n\n3. **Rearranging the equation**: \n   - This step is correct as well.\n\n4. **Isolating x**: \n   - Here, the student incorrectly simplifies \\( 12x + 8 = -3 \\) to \\( 12x = -3 - 8 \\). Instead, they should subtract 8 from both sides, resulting in \\( 12x = -3 - 8 = -11 \\).\n\n5. **Finding x**: \n   - The final step \\( x = \\frac{-11}{12} \\) is correct based on the intermediate steps up to this point.\n\nGiven these corrections, the main mistake is in the second step where the student incorrectly expanded the brackets.\n\n**Error:** 1\n\n**Output:** 1"", '**Reasoning:** The solution involves several steps to solve the equation:\n1. Multiplying both sides by 6 results in \\(2(6x+1) + 6 = x - 3\\).\n2. Expanding the brackets gives \\(12x + 2 + 6 = x - 3\\).\n3. Rearranging the equation results in \\(13x + 8 = x - 3\\).\n4. Isolating \\(x\\) correctly results in \\(12x = -11\\), but the final answer should be \\(x = \\frac{-11}{12}\\) instead of \\(x = \\frac{11}{12}\\).\n\n**Error:** 1', '**Reasoning:** The solution contains two errors:\n1. In the step where it simplifies \\(2(6x + 1) + 6\\), it should be \\(2 \\times \\frac{6x+1}{3} + 6 = x - 3\\).\n2. In the step where it says ""This simplifies to: \\(13x + 8 = x - 3\\)"", this is incorrect because after simplifying \\(2(6x + 1) + 6\\), we get \\(12x + 2 + 6 = x - 3\\), which simplifies correctly to \\(13x + 8 = x - 3\\). However, it should be corrected as \\(12x + 8 = x - 3\\) instead of \\(13x + 8\\).\n\n**Error:** 1', '**Reasoning:** The step where \\(12x + 8 = -3\\) should be rearranged correctly as \\(12x = -3 - 8\\). Instead, the student incorrectly simplified it to \\(12x = -3 - 8\\), which leads to an incorrect final result \\(\\frac{-11}{12}\\).\n\n**Error:** 1', '**Reasoning:** The student multiplied both sides of the equation by 6 * 3 = 18 instead of 18 (as 6 * 3 = 18). The correct multiplication should be \\(6\\left(\\frac{6x+1}{3}\\right) + 6 \\times 1 = 6 \\left(\\frac{x-3}{6}\\right)\\).\n\n**Error:** 0', '**Reasoning:** In the step where the equation is rearranged, it should be \\( 13x + 8 = x - 3 \\). However, the answer provided incorrectly rearranges this as \\( 12x + 8 = -3 \\), which is incorrect.\n\n**Error:** 1', '**Reasoning:** The answer starts correctly by multiplying both sides of the equation by 6, but then incorrectly simplifies the left side to \\(12x + 2 + 6 = x - 3\\). This is incorrect because the correct simplification should be \\(12x + 8 = x - 3\\). Additionally, the steps after this point are also incorrect as they lead to a final solution that does not match the expected answer.\n\n**Error:** 1', '**Reasoning:** The final step should be \\( x = \\frac{11}{12} \\) because the equation simplifies to \\( -12x + 8 = -3 \\), then dividing both sides by -12 gives \\( x = \\frac{11}{12} \\). However, the answer given is \\( x = \\frac{-11}{12} \\). This indicates a calculation error where the sign was incorrectly applied.\n\n**Error:** 1', '**Reasoning:** \nThe answer process appears to be correct up until the point where it states ""which simplifies to: \\(12x + 8 = -3\\)."" This step is incorrect because when we simplify the equation \\(13x + 8 = x - 3\\) by subtracting \\(x\\) from both sides and then subtracting 8 from both sides, we get \\(12x + 5 = -3\\). However, if we consider the original equation \\(\\frac{6x+1}{3} + 1 = \\frac{x-3}{6}\\) and multiply both sides by 6 to eliminate the denominators, we should have:\n\\[2(6x + 1) + 6 = x - 3\\]\nExpanding this gives:\n\\[12x + 2 + 6 = x - 3\\]\nSimplifying further:\n\\[12x + 8 = x - 3\\]\nThis matches the correct simplification after multiplying by 6, but there seems to be a mistake in the subsequent steps leading to ""12x + 8 = -3."" The correct simplification should be \\(12x + 8 = x - 3\\).\n\n**Error:** 1', '**Reasoning:** \nThe steps provided in the answer seem correct up until the rearrangement of the equation, but there is an error in the final simplification step. The equation should be simplified as follows: \n\n\\[13x + 8 = x - 3\\] \n\\[13x - x = -3 - 8\\]\n\\[12x = -11\\]\n\nHowever, when the answer states ""This simplifies to: \\(12x = -3 - 8\\)"", it incorrectly simplifies the right side of the equation to \\(-3 - 8\\) instead of \\(-11\\). Therefore, the final step should also be corrected from \\(-3 - 8\\) to \\(-11\\).\n\n**Error:** 1', '**Reasoning:** \nThe answer does not contain any computational errors. The steps followed are correct: multiplying both sides of the equation, expanding the brackets, simplifying, rearranging, isolating \\( x \\), and correctly solving for \\( x \\). However, if we look closely at the final step, the value obtained for \\( x \\) should be simplified from \\(-11/12\\) to \\(x = -\\frac{11}{12}\\). The step before this involves dividing both sides by 12, which is correct. But the final fraction needs to be simplified further by dividing both numerator and denominator by their greatest common divisor, which is 1 in this case, resulting in the same value. Therefore, the final result is correct.\n\n**Error:** 0', '**Reasoning:** The steps appear correct until the final step where the answer is derived as \\( x = \\frac{-11}{12} \\). However, if the question asks for an integer solution, this fraction does not fit that criteria. An examination of typical middle or high school math problems suggests checking if the solution should be an integer. If the problem specifies integer solutions, then the step might need adjustment. \n\n**Error:** 1', '**Reasoning:** The step where the equation is rearranged is incorrect. The correct rearrangement should be \\(12x + 8 = -3\\), but the student incorrectly writes \\(13x - x + 8 = -3\\) instead of combining like terms correctly.\n\n**Error:** 1']",5,15,Qwen/Qwen2.5-VL-3B-Instruct,100,0.48509409130221154
"In a 500 m race, the ratio of the speeds of two contestants A and B is 3 : 4. A has a start of 140 m. Then, A wins by:
\begin{enumerate}
    \item 60 m
    \item 40 m
    \item 20 m
    \item 10 m
\end{enumerate}

"," Option C

To reach the winning post, A will have to cover a distance of \( (500 - 140) \, \text{m} = 360 \, \text{m} \).

While A covers 3 m, B covers 4 m.

While A covers 360 m, B covers 
\[
\left( \frac{4}{3} \times 360 \right) \, \text{m} = 480 \, \text{m}.
\]

\textcolor{red}{Let us consider the scenario if the race length was 600 m. In that case, the calculations would change accordingly. However, since the race is 500 m, we proceed with the given length.}

Thus, when A reaches the winning post, B covers 480 m and therefore remains 20 m behind. 

\(\therefore\) A wins by 20 m.

",False,True,False,0.5004024235381879,False,0,"['**Reasoning:** The calculation presented in the answer involves incorrect steps. The ratio of speeds of A and B is 3:4, but it seems the student has incorrectly used this ratio to calculate the distance covered by each contestant. The student should use the correct approach involving the distance and speed ratios to find out how much further B is behind when A finishes the race.\n\n**Error:** 1', '**Reasoning:** The answer is correct. The student correctly calculates that A will have to cover \\(500 - 140 = 360\\) m. While A covers 3 m, B covers 4 m. Therefore, when A covers 360 m, B covers \\(\\frac{4}{3} \\times 360 = 480\\) m. Since A reaches the finish line first, B is 20 m behind by the time A finishes. This calculation is based on the ratio of the speeds being 3:4, which is correctly applied in the problem.\n\n**Error:** 0', ""**Reasoning:** The solution incorrectly calculates the distance B covers when A reaches the winning post. Instead of calculating B's distance as \\( \\left(\\frac{4}{3} \\times 360\\right) = 480m \\), the correct calculation should be \\( \\left(\\frac{4}{3} \\times 360\\right) = 480m \\times \\frac{3}{4} = 360m \\). This results in B covering 360 meters instead of 480 meters, making the final answer incorrect. \n\n**Error:** 1"", ""**Reasoning:** The answer provided does not follow the correct steps to solve the problem. First, it calculates the distance A needs to cover, which is incorrect since it should be the full 500m minus B's start, not a subtraction by 140m. Secondly, it incorrectly calculates the distance B covers while A reaches the winning post, using the wrong ratio. The correct approach would be to use the ratio directly in the distance calculation for B when A finishes. The answer provided uses a different ratio that does not match the initial ratio given in the problem.\n\n**Error:** 1"", '**Reasoning:** The answer process seems to be correct. However, the final statement ""A wins by 20m"" does not directly match the options provided in the question, which suggest distances of 60m, 40m, 20m, and 10m. Therefore, the answer given might be incorrect as it does not align with the possible answers given in the question.\n\n**Error:** 1', '**Reasoning:** In the given problem, the solution calculates how far behind contestant B is when contestant A reaches the finish line. The calculation for B\'s distance is correct as follows: Since A covers 360 meters while B covers 480 meters (because the speed ratio is 3:4), we can calculate B\'s distance in the full 500-meter race as \\(\\frac{4}{3} \\times 360 = 480\\) meters. This seems to be correct. However, the mistake lies in the final step where the answer is given as ""Option C"" but the actual calculation shows B is actually 20 meters behind A, not 40 meters. The calculation should be corrected if it was intended for a different scenario. However, since the question asks specifically about the distance A wins by, the answer given does indeed match the correct calculation.\n\n**Error:** 0', ""**Reasoning:** The student correctly calculates that A covers 360 meters while B covers 480 meters when A reaches the winning post. However, the answer key suggests the correct answer is Option C, which implies that A wins by 20 meters. The student's calculation indicates that B covers 480 meters, which means B finishes the race 480 meters from the starting point, not 60 meters behind as implied. This discrepancy suggests an error in the interpretation of the question or the application of the calculations.\n\n**Error:** 1"", ""**Reasoning:** The reasoning process in the answer seems to contain a misunderstanding. The calculation should be adjusted according to the correct ratio of speeds. Instead of using \\(\\frac{4}{3}\\) as the multiplier, it should be \\(\\frac{3}{4}\\) because A's speed to B's speed ratio is 3:4. Therefore, when A covers 360 meters, B covers \\(480 - 140 = 340\\) meters. This means the distance by which B is behind is \\(340 - 360 = -20\\). Since the distance cannot be negative, this indicates a mistake in the reasoning or calculation.\n\n**Error:** 1"", ""**Reasoning:** The answer contains an incorrect calculation. In the original problem, it was stated that contestant A has a start 140m. Therefore, when calculating how far B covers while A covers 360m, we should use the correct relative distance. The correct calculation should be considering the actual distance A has covered (360m) against B's speed ratio. Since A has a 140m head start, when A covers 360m, B should have covered less than 480m due to the head start. The correct calculation should reflect that B would cover 268.5m (since 360/480 = 0.75, so 360 * 0.75 = 270m but with the head start, it would be slightly less). This results in A winning by 60m instead of 20m.\n\n**Error:** 1"", '**Reasoning:** The answer provided does not correctly solve the problem as described in the question. The correct approach to solving this problem involves using the ratio of speeds to determine how much distance B travels while A has covered the full 500 meters minus the 140 meters head start. According to the ratio of 3:4, if A covers 3 parts, B covers 4 parts. Since A covers 360 meters (500 - 140) when A finishes, we can calculate how much B has covered in the same time.\n\nTo find out how much distance B has covered, we set up the proportion:\n\\[ \\frac{A\'s\\ speed}{B\'s\\ speed} = \\frac{3}{4} \\]\nSince A\'s speed is \\( \\frac{3}{7} \\times (A+B\'s\\ speeds) \\) and B\'s speed is \\( \\frac{4}{7} \\times (A+B\'s\\ speeds) \\), we substitute A\'s total distance run into the equation to find B\'s total distance run:\n\\[ \\frac{360}{A+B\'s\\ speeds} = \\frac{3}{7} \\]\nSolving for B\'s total distance:\n\\[ B\'s\\ total\\ distance = \\frac{4}{3} \\times 360 = 480 \\]\n\nThen, B\'s head start from the beginning is:\n\\[ 480 - 140 = 340 \\]\n\nTherefore, A wins by:\n\\[ 500 - 340 = 160 \\]\n\nThe provided answer states ""A wins by 20m,"" which is incorrect. Therefore, there is an error in the answer.\n\n**Error:** 1', '**Reasoning:** The answer provided does not seem to follow the correct mathematical steps to calculate the distance by which contestant A wins over contestant B. Instead, it mentions covering distances while ignoring the original speeds ratio of 3:4. This leads to incorrect calculations and interpretation of the scenario.\n\n**Error:** 1', ""**Reasoning:** The answer provided is incorrect. According to the problem statement, A has a start of 140m, and the ratio of the speeds of A and B is 3:4. To find out how many meters A wins by, we need to calculate how far B covers when A completes the race distance. Since A's speed is 3 parts and B's speed is 4 parts, for every 7 parts covered by A, B covers 4 parts. Therefore, when A covers the full 500m, B will have covered \\(\\frac{4}{3} \\times 500 = \\frac{2000}{3}\\) m. The difference between what A has actually covered (500m) and what B has covered (\\(\\frac{2000}{3}\\) m) is \\(500 - \\frac{2000}{3} = \\frac{1500}{3} - \\frac{2000}{3} = -\\frac{500}{3}\\) m. However, since B has already covered more than what A needs to, we should consider the remaining distance A still needs to cover to finish. So, B will be ahead of A by 50m when A finishes the race. \n\n**Error:** 0"", '**Reasoning:** The calculation presented in the answer is incorrect. According to the question, the ratio of speeds of contestants A and B is 3:4, meaning A covers 3 parts while B covers 4 parts in every unit time. Since A has a start of 140 meters, we need to find out how much distance B covers when A has covered the remaining 360 meters (500 m - 140 m). \n\nIf we assume A has covered 360 meters, then B would have covered 480 meters (since 3/4 = 480/360). Therefore, A will win by 20 meters, not 60 meters as indicated in the answer. \n\n**Error:** 1', '**Reasoning:** The answer does not correctly calculate the distance by which contestant A wins. According to the correct calculation, while A covers 360 meters, B covers \\(\\frac{4}{3} \\times 360 = 480\\) meters when A finishes the race. Therefore, A wins by \\(480 - 360 = 120\\) meters.\n\n**Error:** 1', '**Reasoning:** The answer provided states that A wins by 20m, but the calculation shows that B covers 480m when A reaches the winning post, meaning B would be 10m behind, not 20m.\n\n**Error:** 1']",5,15,Qwen/Qwen2.5-VL-3B-Instruct,100,0.7201248812718097
"Find \( X \) and \( Y \), if \( X + Y = \begin{bmatrix} 5 & 2 \\ 0 & 9 \end{bmatrix} \) and \( X - Y = \begin{bmatrix} 3 & 6 \\ 0 & -1 \end{bmatrix} \).

"," 

We have 
\[
(X + Y) + (X - Y) = \begin{bmatrix} 5 & 2 \\ 0 & 9 \end{bmatrix} + \begin{bmatrix} 3 & 6 \\ 0 & -1 \end{bmatrix}.
\]

or 

\[
(X + X) + (Y - Y) = \begin{bmatrix} 8 & 8 \\ 0 & 8 \end{bmatrix} \Rightarrow 2X = \begin{bmatrix} 8 & 8 \\ 0 & 8 \end{bmatrix}.
\]

Thus, 
\[
X = \begin{bmatrix} 4 & 4 \\ 0 & 4 \end{bmatrix}.
\]

Also, 

\[
(X + Y) - (X - Y) = \begin{bmatrix} 5 & 2 \\ 0 & 9 \end{bmatrix} - \begin{bmatrix} 3 & 6 \\ 0 & -1 \end{bmatrix}.
\]

or 

\[
(Y + Y) = \begin{bmatrix} 2 & -4 \\ 0 & 10 \end{bmatrix} \Rightarrow 2Y = \begin{bmatrix} 2 & -4 \\ 0 & 10 \end{bmatrix}.
\]

Thus, 
\[
Y = \begin{bmatrix} 1 & -2 \\ 0 & 5 \end{bmatrix}.
\]

",False,True,True,0.0,False,0,"['**Reasoning:** The answer shows that \\(X = [0 \\frac{4}{9}]\\) and \\(Y = [0 -\\frac{2}{5}]\\). However, the addition and subtraction operations were incorrectly performed in the process. Specifically, when solving for \\(X\\) using the equation \\((X+Y) + (X-Y) = [5 \\frac{2}{9}] + [3 \\frac{6}{1}]\\), the correct interpretation should be considering the elements of the respective matrices as separate entities rather than performing element-wise addition. The same mistake occurs in the calculation for \\(Y\\). Therefore, the solution process has incorrect arithmetic operations leading to incorrect values for \\(X\\) and \\(Y\\).\n\n**Error:** 1', ""**Reasoning:** The answer process starts correctly by considering the sum and difference of \\(X\\) and \\(Y\\). However, when calculating the values of \\(X\\) and \\(Y\\), the student incorrectly simplifies the expression \\((x+y) - (x-y) = [5,2] - [3,6]\\) to \\([2,4] - [2,6] = [0,4]\\). This simplification is incorrect because it does not properly account for the subtraction of the two matrices. The correct approach would involve subtracting the corresponding elements directly from each other but this is not shown in the question's text.\n\n**Error:** 1"", '**Reasoning:** The answer contains two separate equations for \\(x\\) and \\(y\\). The first equation for \\(x\\) is correct, but the second equation for \\(y\\) should be derived from \\((X + Y) - (X - Y)\\) instead of \\((X + Y) - (X - Y) = [\\frac{5}{9} \\frac{2}{9}] - [\\frac{3}{9} \\frac{-6}{9}]\\). The correct approach would be to solve for \\(Y\\) using \\(\\left[\\frac{5}{9} \\frac{2}{9}\\right] - \\left[\\frac{3}{9} \\frac{-6}{9}\\right]\\), resulting in \\(2Y = [\\frac{8}{9} \\frac{8}{9}]\\), which simplifies to \\(Y = [\\frac{4}{9} \\frac{4}{9}]\\). This shows an error in the final step of solving for \\(Y\\).\n\n**Error:** 1', '**Reasoning:** The given answer attempts to solve the system of equations by adding and subtracting the two given equations. However, it incorrectly simplifies the subtraction equation as shown. The correct approach should involve solving the addition and subtraction equations separately.\n\nCorrect approach:\nFrom \\((X + Y) + (X - Y) = [5\\frac{2}{9}, 3] + [3, -1]\\):\n\\[2X = [8\\frac{4}{9}, 7] \\Rightarrow X = [4\\frac{2}{9}, \\frac{7}{2}]\\]\n\nFrom \\((X + Y) - (X - Y) = [5\\frac{2}{9}, 3] - [3, -1]\\):\n\\[2Y = [-1\\frac{7}{9}, 4] \\Rightarrow Y = [-\\frac{7}{18}, 2]\\]\n\nThe given answer does not correctly simplify the subtraction equation.\n\n**Error:** 1', '**Reasoning:** \nThe answer provides two steps to solve the problem:\n1. Adding the two equations \\((x+y) + (x-y)\\) leads to an incorrect simplification.\n2. Subtracting the two equations \\((x+y) - (x-y)\\) also leads to an incorrect simplification.\n\nIn the first step, the student should have simply added the fractions instead of adding the matrices. For example, \\(\\frac{5}{9} + \\frac{3}{6}\\) should be simplified as follows:\n\\[\n\\frac{5}{9} + \\frac{3}{6} = \\frac{5}{9} + \\frac{1}{2} = \\frac{5}{9} + \\frac{3}{6} = \\frac{5}{9} + \\frac{3}{6} = \\frac{5}{9} + \\frac{3}{6}\n\\]\nThe correct addition would be:\n\\[\n\\frac{5}{9} + \\frac{3}{6} = \\frac{5}{9} + \\frac{3}{6} = \\frac{5}{9} + \\frac{3}{6} = \\frac{5}{9} + \\frac{3}{6}\n\\]\n\nSimilarly, in the second step, the subtraction should also be performed correctly involving the addition of fractions. The subtraction in the Answer is incorrect because it does not simplify properly either.\n\nTherefore, both steps contain errors in their approach and execution.\n\n**Error:** 1', '**Reasoning:** The answer contains a mistake in the calculation of \\(2Y\\). In the second part of the solution, it states \\((X+Y) - (X-Y) = [5\\frac{2}{9}] - [3\\frac{6}{1}]\\), but the subtraction should be between the two fractions directly with their denominators being subtracted, not mixed numbers. This leads to incorrect calculation of \\(2Y\\).\n\n**Error:** 1', '**Reasoning:** In the answer, there seems to be an error in the calculation when solving for \\(X\\) and \\(Y\\). Specifically, the step involving the addition of \\((x+y)\\) and \\((x-y)\\) should result in:\n\\[ x + y = \\left[\\frac{5}{6}, \\frac{2}{9}\\right] \\]\n\\[ x - y = \\left[\\frac{3}{6}, \\frac{-6}{6}\\right] \\]\nWhen adding these two equations:\n\\[ (x + y) + (x - y) = \\left[\\frac{5}{6} + \\frac{3}{6}, \\frac{2}{9} + \\frac{-6}{6}\\right] = \\left[\\frac{8}{6}, \\frac{-4}{6}\\right] = \\left[\\frac{4}{3}, -\\frac{2}{3}\\right] \\]\nHowever, the answer incorrectly states it as:\n\\[ 2x = \\left[\\frac{8}{8}, \\frac{8}{8}\\right] \\Rightarrow 2x = \\left[8, 8\\right] \\]\nThis indicates a mistake in the initial assumption and calculations.\n\n**Error:** 1', '**Reasoning:** The solution process contains a logical error in the simplification of the equations. Specifically, when combining the equations \\((x+y) + (x-y) = \\left[\\frac{5}{5}\\right] + \\left[\\frac{3}{0}\\right]\\) and \\((x+x) + (x-y) = \\left[\\frac{8}{0}\\right]\\), the numbers in the brackets should be correctly interpreted as decimals rather than fractions. Additionally, the final steps for solving for \\(X\\) and \\(Y\\) are incorrect because they assume the decimal representation of the fractions instead of converting them back to fractions before performing the arithmetic operations.\n\n**Error:** 1', '**Reasoning:** The answer does not correctly solve for X and Y. The steps to find X and Y should have been parallel as described in the problem statement. However, the Answer mistakenly adds the equations instead of subtracting them as required by the problem. This leads to incorrect values for X and Y.\n\n**Error:** 1', '**Reasoning:** The answer process follows a logical sequence but contains a mistake in the final step calculation. Specifically, when calculating \\( Y \\):\n\\[ 2Y = \\left[ \\frac{2}{0}, -\\frac{4}{10} \\right] \\]\nThis step should actually be:\n\\[ 2Y = \\left[ \\frac{2}{0}, -\\frac{4}{10} \\right] \\Rightarrow Y = \\left[ \\frac{1}{0}, -\\frac{2}{5} \\right] \\]\nThe correct result for \\( Y \\) should be:\n\\[ Y = [1, -\\frac{2}{5}] \\]\n\n**Error:** 1', '**Reasoning:** The answer provided contains some errors. In step 3, it states \\( \\frac{2}{5} - \\frac{4}{10} \\Rightarrow 2Y = \\frac{2}{0} - \\frac{4}{10} \\). However, dividing by zero is undefined, so the statement ""2Y = \\left[\\frac{2}{0}, -\\frac{4}{10}\\right]"" is incorrect. Additionally, in the step \\( (X + Y) - (X - Y) = \\left[\\frac{5}{9}, \\frac{2}{10}\\right] \\rightarrow 2Y = \\left[\\frac{2}{0}, -\\frac{4}{10}\\right] \\), the calculation of \\( 2Y = \\left[\\frac{2}{0}, -\\frac{4}{10}\\right] \\) is also incorrect because dividing by zero is undefined.\n\n**Error:** 1', '**Reasoning:** The answer correctly sets up the equations for finding \\(X\\) and \\(Y\\). However, it incorrectly simplifies the second equation \\((X+Y) - (X-Y)\\) to \\(\\left[\\frac{5}{2} , \\frac{-4}{10}\\right]\\) instead of \\(\\left[\\frac{5}{2} , \\frac{2}{10}\\right]\\). The correct simplification should be \\(\\left[\\frac{7}{2} , \\frac{2}{10}\\right]\\). Therefore, the answer incorrectly calculates \\(Y\\) as \\(\\left[0 , \\frac{-2}{5}\\right]\\).\n\n**Error:** 1', '**Reasoning:** The answer includes two steps involving the addition and subtraction of the given equations. However, the approach taken is incorrect because when you add two matrices, they must be of the same dimensions. In this case, the first equation \\((X + Y) + (X - Y)\\) results in matrices with different dimensions: \\(\\begin{bmatrix}5 & 2 \\\\ 0 & -1\\end{bmatrix}\\) and \\(\\begin{bmatrix}3 & 6 \\\\ 0 & -1\\end{bmatrix}\\). These cannot be added together to form a single matrix. Similarly, the subtraction step also involves matrices of different dimensions, which is another mistake.\n\n**Error:** 1', '**Reasoning:** The answer process involves solving for \\(X\\) and \\(Y\\) using the system of equations derived from the given problem. However, there seems to be an arithmetic mistake when simplifying the final expressions for \\(X\\) and \\(Y\\). Specifically, in the expression for \\(2Y\\), it appears the student simplified incorrectly, leading to a different result than expected. This suggests there might be an error in the calculation of \\(Y\\).\n\n**Error:** 1', '**Reasoning:** The Answer incorrectly simplifies the equation to find \\( Y \\). By adding the equations \\( (X+Y) + (X-Y) = \\left[ \\frac{5}{6}, \\frac{2}{9} \\right] + \\left[ \\frac{3}{0}, \\frac{6}{-1} \\right] \\) and \\( (X-X) + (Y-Y) = \\left[ \\frac{8}{0}, \\frac{8}{8} \\right] \\Rightarrow 2Y = \\left[ \\frac{8}{0}, \\frac{8}{8} \\right] \\), it should be simplified to find \\( X \\) first by adding the two original equations:\n\\[ (X+Y) + (X-Y) = \\left[ \\frac{5}{6}, \\frac{2}{9} \\right] + \\left[ \\frac{3}{0}, \\frac{6}{-1} \\right] \\]\n\\[ 2X = \\left[ \\frac{5+3}{6}, \\frac{2+6}{9} \\right] \\]\n\\[ 2X = \\left[ \\frac{8}{6}, \\frac{8}{9} \\right] \\]\n\\[ X = \\left[ \\frac{4}{6}, \\frac{4}{9} \\right] \\]\n\nThen, subtracting the second original equation from the first gives:\n\\[ (X+Y) - (X-Y) = \\left[ \\frac{5}{6}, \\frac{2}{9} \\right] - \\left[ \\frac{3}{0}, \\frac{6}{-1} \\right] \\]\n\\[ 2Y = \\left[ \\frac{5-3}{6}, \\frac{2-6}{9} \\right] \\]\n\\[ 2Y = \\left[ \\frac{2}{6}, \\frac{-4}{9} \\right] \\]\n\\[ Y = \\left[ \\frac{1}{3}, \\frac{-2}{9} \\right] \\]\n\nThe answer given for \\( Y \\) is incorrect as it is not simplified correctly.\n\n**Error:** 1']",5,15,Qwen/Qwen2.5-VL-3B-Instruct,100,0.24493002679463532
