orig_q,pert_a,has_error,handwriting_style,image_quality,perception_entropy,reasoning_entropy,temp0_entropy_transcription,temp0_entropy_grading,transcription_correct,grading_correct,n_transcription_parse_failures,n_grading_parse_failures,all_transcription_samples_raw,all_grading_samples_raw,temp0_transcription_raw,temp0_grading_raw,model_id,n_items
"Find \( \int \frac{3x - 2}{(x+1)^2(x+3)} \, dx \)

"," 

\[
\textcolor{red}{\frac{11}{4} \log |x+1| + \frac{5}{2(x+1)} - \frac{11}{4} \log |x+3| + C}
\]

\textcolor{red}{Thus, the integrand is given by}

\[
\textcolor{red}{\int \frac{3x - 2}{(x+1)^2(x+3)} \, dx = \frac{11}{4} \int \frac{dx}{x+1} - \frac{5}{2} \int \frac{dx}{(x+1)^2} - \frac{11}{4} \int \frac{dx}{x+3}}
\]

\textcolor{red}{Solving these equations, we get}

\[
\textcolor{red}{A = \frac{11}{4}, \quad B = -\frac{5}{2}, \quad C = -\frac{11}{4}}
\]

So that 

\[
3x - 2 = A(x + 1)(x + 3) + B(x + 3) + C(x + 1)^2
\]

We compare the coefficients of \( x^2 \), \( x \), and the constant term on both sides:

\[
A + C = 0, \quad 4A + B + 2C = 3, \quad 3A + 3B + C = -2
\]

\textcolor{red}{Therefore,}

\[
\textcolor{red}{= \frac{11}{4} \log |x+1| + \frac{5}{2(x+1)} - \frac{11}{4} \log |x+3| + C}
\]

\textcolor{red}{Final result:}

\[
= \frac{11}{4} \log \left| \frac{x+1}{x+3} \right| + \frac{5}{2(x+1)} + C
\]

",True,True,True,1.6094379124341005,0.0,0.0,0.0,False,False,0,0,"['**Question:**\n\\[\\int \\frac{3x-2}{(x+1)^{2}+(x+3)} dx\\]\n\n**Answer:**\n\\[\n\\begin{align*}\n\\text{Answer:} & \\quad \\frac{11}{4}\\log{|x+1|} + \\frac{5}{2(x+1)} - \\frac{11}{4}\\log{|x+3|} + C\n\\end{align*}\n\\]', '**Question:**\n\\[\n\\text{Find } \\int \\frac{3x - 2}{(x + 1)^2 + (x + 3)} dx\n\\]\n\n**Answer:**\n\\[\n= \\frac{11}{4} \\log |x + 1| + \\frac{5}{2(x + 1)} - \\frac{11}{4} \\log |x + 3| + C\n\\]', '**Question:**\n\\[\n\\int \\frac{3x-2}{(x+1)^2+(x+3)} dx\n\\]\n\n**Answer:**\n\\[\n= \\frac{11}{4} \\log |x+1| + \\frac{5}{2(x+1)} - \\frac{11}{4} \\log |x+3| + C\n\\]', '**Question:** Find \\(\\int \\frac{3x - 2}{(x + 1)^2 + (x + 3)} dx\\)\n\n**Answer:**\n\\[\n\\frac{11}{4} \\log |x + 1| + \\frac{5}{2(x + 1)} - \\frac{11}{4} \\log |x + 3| + C\n\\]', '**Question:**\n\\[ \\text{Find } \\int \\frac{3x - 2}{(x + 1)^2 + (x + 3)} \\, dx \\]\n\n**Answer:**\n\\[\n\\boxed{\\frac{11}{4} \\log|x+1| + \\frac{5}{2(x+1)} - \\frac{11}{4} \\log|x+3| + C}\n\\]']","['**Reasoning:** The answer shows a step where the integrand is expressed as \\(\\int \\frac{3x-2}{(x+1)^2} + \\frac{5}{2(x+1)}\\). However, the original question integrates the function \\(\\int \\frac{3x-2}{(x+1)^2+(x+3)}dx\\). The term \\(\\frac{5}{2(x+1)}\\) should be part of the integrand as well since it is an integral term that contributes to the final solution. The error lies in the omission of the second integral term \\(\\frac{5}{2(x+1)}\\).\n\n**Error:** 1', '**Reasoning:** The answer provided has a mistake in the final expression. The correct final result should be \\(\\frac{11}{4} \\log |x+3| + \\frac{5}{2(x+1)}\\), not \\(\\frac{11}{4} \\log |x+1| + \\frac{5}{2(x+1)}\\). The initial integrand was split into \\(\\frac{11}{4} \\log |x+1| - \\frac{5}{2(x+1)}\\) but the correct integral form should include \\(\\log |x+3|\\) instead of \\(\\log |x+1|\\).\n\n**Error:** 1', '**Reasoning:** The Answer contains an error. In the Answer, the integration process seems correct up until the point where it splits the integrand into parts involving logarithmic terms. However, the final result in the Answer includes an additional term \\(\\frac{5}{2(x+1)}\\) that was not part of the original integrand. This suggests that some steps were incorrectly applied or omitted during the simplification process.\n\n**Error:** 1', '**Reasoning:** The answer contains an error. The final result should be simplified properly. In the original question, the integrand \\(\\int \\frac{3x - 2}{(x+1)^2(x+3)} dx\\) is correctly identified with \\(A = \\frac{11}{4}\\), \\(B = -\\frac{5}{2}\\), and \\(C = \\frac{-11}{4}\\). However, when simplifying \\(\\int \\frac{dx}{(x+1)^2} + \\int \\frac{5dx}{2(x+1)} - \\int \\frac{11dx}{4(x+3)}\\), the terms in the final result should be combined correctly. The correct simplification would be:\n\n\\[ \\int \\frac{3x - 2}{(x+1)^2(x+3)} dx = \\frac{11}{4} \\log |x+1| + \\frac{5}{2(x+1)} - \\frac{11}{4} \\log |x+3| + C \\]\n\nThe steps taken to reach this simplified form are correct, but the final result must be correctly written as shown above.\n\n**Error:** 1', '**Reasoning:** The Answer provided contains a mistake in the final result. In the original problem, the integrand was \\(\\frac{3x-2}{(x+1)^2 + (x+3)}\\). However, the Answer simplifies this into \\(\\frac{11}{4} \\log |x+1| + \\frac{5}{2(x+1)} - \\frac{11}{4} \\log |x+3| + C\\). This suggests that the simplified form does not match the expected answer from the integration process. Additionally, the coefficients for \\(A\\), \\(B\\), and \\(C\\) are incorrect as per the solution steps shown. \n\n**Error:** 1']","['**Question:**\n\\[\n\\int \\frac{3x - 2}{(x + 1)^2 + (x + 3)} dx\n\\]\n\n**Answer:**\n\\[\n\\frac{11}{4} \\log |x + 1| + \\frac{5}{2(x + 1)} - \\frac{11}{4} \\log |x + 3| + C\n\\]', '**Question:**\n\\[\n\\int \\frac{3x - 2}{(x + 1)^2 + (x + 3)} dx\n\\]\n\n**Answer:**\n\\[\n\\frac{11}{4} \\log |x + 1| + \\frac{5}{2(x + 1)} - \\frac{11}{4} \\log |x + 3| + C\n\\]']","['**Reasoning:** The answer provided does not correctly solve the integral \\(\\int \\frac{3x-2}{(x+1)^2 + (x+3)} dx\\). The steps taken to find the partial fractions do not match the correct method for solving this type of integral. Instead, it appears to be using logarithmic properties incorrectly, leading to an incorrect final result. The integration process should involve finding the partial fractions first, then integrating each term separately, but the given solution does not follow these steps accurately.\n\n**Error:** 1', '**Reasoning:** The answer provided does not correctly solve the integral \\(\\int \\frac{3x-2}{(x+1)^2 + (x+3)} dx\\). The steps taken to find the partial fractions do not match the correct method for solving this type of integral. Instead, it appears to be using logarithmic properties incorrectly, leading to an incorrect final result. The integration process should involve finding the partial fractions first, then integrating each term separately, but the given solution does not follow these steps accurately.\n\n**Error:** 1']",Qwen/Qwen2.5-VL-3B-Instruct,25
"In an experiment, a solution of hydrochloric acid is to be kept between \(30^\circ\) and \(35^\circ\) Celsius. What is the range of temperature in degree Fahrenheit if the conversion formula is given by 

\[
C = \frac{5}{9} (F - 32)
\]

where \(C\) and \(F\) represent temperature in degree Celsius and degree Fahrenheit, respectively?

"," It is given that 

\[
30 < C < 35.
\]

Putting \(C = \frac{5}{9} (F - 32)\), we get 

\[
30 < \frac{5}{9} (F - 32) < 35.
\]

Multiplying through by \(\frac{9}{5}\):

\[
\frac{9}{5} \times 30 < (F - 32) < \frac{9}{5} \times 35
\]

which simplifies to 

\[
\textcolor{red}{59} < (F - 32) < \textcolor{red}{62}.
\]

Adding \(32\) to all parts gives:

\[
\textcolor{red}{91} < F < \textcolor{red}{94}.
\]

Thus, the required range of temperature is between \(\textcolor{red}{91}^\circ\) F and \(\textcolor{red}{94}^\circ\) F.

",True,True,False,1.6094379124341005,0.5004024235381879,0.0,0.0,False,False,0,0,"[""**Question:**\nIn an Experiment, a solution of hydrochloric acid is to be kept between $30°$ and $35°$ Celsius. What is the range of temperature in degree Fahrenheit if the conversion formula is given by:\n\n\\[\nC = \\frac{5}{9}(F - 32)\n\\]\n\nwhere 'C' and 'F' represents temperature in degree Celsius and degree Fahrenheit, respectively?\n\n**Answer:**\nIt is given that,\n\n\\[ 30 < C < 35 \\]\n\nputting \\( C = \\frac{5}{9}(F - 32) \\), we get,\n\n\\[ 30 < \\frac{5}{9}(F - 32) < 35 \\]\n\nmultiplying through by \\(\\frac{9}{5}\\):\n\n\\[ \\frac{9}{5} \\times 30 < (F - 32) < \\frac{9}{5} \\times 35 \\]\n\nwhich simplifies to,\n\n\\[ 54 < (F - 32) < 63 \\]\n\nAdding 32 to all parts gives:\n\n\\[ 86 < F < 95 \\]\n\nThus, the required range of temperature is between $90°F$ and $94°F$."", ""**Question:**\nIn an Experiment, a solution of hydrochloric acid is to be kept between 30° and 35° Celsius. What is the range of temperature in degree Fahrenheit if the conversion formula is given by:\n\n\\[ C = \\frac{5}{9} (F - 32) \\]\n\nwhere 'C' and 'F' represents temperature in degree Celsius and degree Fahrenheit, respectively?\n\n**Answer:**\nIt is given that,\n\\[ 30 < C < 35. \\]\n\nPutting \\( C = \\frac{5}{9} (F - 32) \\), we get,\n\n\\[ 30 < \\frac{5}{9} (F - 32) < 35. \\]\n\nMultiplying through by \\(\\frac{9}{5}\\):\n\n\\[ \\frac{9}{5} \\times 30 < (F - 32) < \\frac{9}{5} \\times 35 \\]\n\nwhich simplifies to,\n\n\\[ 54 < (F - 32) < 63. \\]\n\nAdding 32 to all parts gives:\n\n\\[ 86 < F < 94. \\]\n\nThus, the required range of temperature is between \\(86^\\circ F\\) and \\(94^\\circ F\\)."", ""**Question:**\nIn an Experiment, a solution of hydrochloric acid is to be kept between 30° and 35° Celsius. What is the range of temperature in degree Fahrenheit if the conversion formula is given by:\n\n\\[ C = \\frac{9}{5} (F - 32) \\]\n\nwhere 'C' and 'F' represents temperature in degree Celsius and degree Fahrenheit respectively?\n\n**Answer:**\nIt is given that,\n\\[ 30 < C < 35. \\]\n\nPutting \\( C = \\frac{9}{5} (F - 32) \\), we get,\n\n\\[ 30 < \\frac{9}{5} (F - 32) < 35. \\]\n\nMultiplying through by \\(\\frac{5}{9}\\):\n\n\\[ \\frac{5}{9} \\times 30 < (F - 32) < \\frac{5}{9} \\times 35 \\]\n\nwhich simplifies to,\n\n\\[ 59 < (F - 32) < 62. \\]\n\nAdding 32 to all parts gives:\n\n\\[ 91 < F < 94. \\]\n\nThus, the required range of temperature is between 91° F and 94° F."", ""**Question:**\nIn an Experiment, a solution of hydrochloric acid is to be kept between 30° and 35° Celsius. What is the range of temperature in degree Fahrenheit if the conversion formula is given by:\n\n\\[ C = \\frac{9}{5} (F - 32) \\]\n\nwhere 'C' and 'F' represents temperature in degree Celsius and degree Fahrenheit, respectively?\n\n**Answer:**\nIt is given that,\n\n\\[ 30 < C < 35 \\]\n\nPutting \\( C = \\frac{5}{9} (F - 32) \\), we get,\n\n\\[ 30 < \\frac{5}{9} (F - 32) < 35 \\]\n\nMultiplying through by \\(\\frac{9}{5}\\):\n\n\\[ \\frac{9}{5} \\times 30 < (F - 32) < \\frac{9}{5} \\times 35 \\]\n\nWhich simplifies to,\n\n\\[ 54 < (F - 32) < 63 \\]\n\nAdding 32 to all parts gives:\n\n\\[ 86 < F < 95 \\]\n\nThus, the required range of temperature is between 86°F and 95°F."", ""**Question:**\n\\[\nC = \\frac{5}{9} (F - 32)\n\\]\nwhere 'C' and 'F' represents temperature in degree Celsius and degree Fahrenheit, respectively?\n\n**Answer:**\nIt is given that,\n\\[30 < C < 35.\\]\nPutting \\( C = \\frac{5}{9} (F - 32) \\), we get,\n\\[30 < \\frac{5}{9} (F - 32) < 35.\\]\nMultiplying through by \\(\\frac{9}{5}\\),\n\\[\\frac{9}{5} \\times 30 < (F - 32) < \\frac{9}{5} \\times 35.\\]\nWhich simplifies to,\n\\[54 < (F - 32) < 63.\\]\nAdding 32 to all parts gives,\n\\[86 < F < 94.\\]\nThus, the required range of temperature is between 86°F and 94°F.""]","['**Reasoning:** The solution starts with the conversion formula \\( C = \\frac{5}{9} (F - 32) \\). Then it correctly states that \\( 30 < C < 35 \\), leading to \\( 30 < \\frac{5}{9} (F - 32) < 35 \\). This step is correct. However, when multiplying through by \\( \\frac{9}{5} \\), the sign change should be applied as well. The correct step should be \\( \\frac{9}{5} \\times 30 < \\frac{9}{5} \\times (F - 32) < \\frac{9}{5} \\times 35 \\), simplifying to \\( 54 < F - 32 < 63 \\). Adding 32 to all parts gives \\( 86 < F < 95 \\). Therefore, the final range of temperature in Fahrenheit is from 86°F to 95°F, not between 91°F and 94°F as stated in the answer.\n\n**Error:** 0', '**Reasoning:** The calculation in the answer is incorrect. After multiplying by \\( \\frac{9}{5} \\), the correct range should be:\n\\[ 80 < F - 32 < 86 \\]\nAdding 32 to all parts of the inequality gives:\n\\[ 110 < F < 116 \\]\nThis means the temperature range should be between 110°F and 116°F, not between 91°F and 94°F as stated in the answer.\n\n**Error:** 1', '**Reasoning:** \nTheAnswer provided does not follow a typical algebraic manipulation when dealing with inequalities. It incorrectly multiplies each part of the inequality by 5/9 instead of 9/5 as required by the conversion formula. The correct step should be multiplying by 9/5 due to the reciprocal relationship between Fahrenheit and Celsius temperatures. \n\n**Error:** 1', '**Reasoning:** The answer provided does not correctly apply the conversion formula from Celsius to Fahrenheit. The correct steps should involve multiplying the range of Celsius temperatures (30°C to 35°C) by the conversion factor (9/5) to convert them into Fahrenheit temperatures. The final step of adding 32 to each part of the inequality ensures consistency with the original conversion formula.\n\n**Error:** 1', '**Reasoning:** The solution is correct up to the point where it multiplies through by \\(\\frac{9}{5}\\). However, the step of multiplying by \\(\\frac{9}{5}\\) should be applied to both sides of the inequality:\n\n\\[30 < \\frac{5}{9}(F - 32) < 35\\]\n\nMultiplying all parts by \\(\\frac{9}{5}\\) gives:\n\n\\[30 \\times \\frac{9}{5} < F - 32 < 35 \\times \\frac{9}{5}\\]\n\nSimplifying this yields:\n\n\\[54 < F - 32 < 63\\]\n\nAdding 32 to each part of the inequality results in:\n\n\\[86 < F < 95\\]\n\nThis means that the final range for Fahrenheit temperature should be between 86°F and 95°F, not between 91°F and 94°F as stated in the answer.\n\n**Error:** 1']","[""**Question:**\nIn an Experiment, a solution of hydrochloric acid is to be kept between 30° and 35° Celsius. What is the range of temperature in degree Fahrenheit if the conversion formula is given by:\n\n\\[ C = \\frac{5}{9} (F - 32) \\]\n\nwhere 'C' and 'F' represents temperature in degree Celsius and degree Fahrenheit, respectively?\n\n**Answer:**\nIt is given that,\n\n\\[ 30 < C < 35 \\]\n\nPutting \\( C = \\frac{5}{9} (F - 32) \\), we get,\n\n\\[ 30 < \\frac{5}{9} (F - 32) < 35 \\]\n\nMultiplying through by \\(\\frac{9}{5}\\):\n\n\\[ \\frac{9}{5} \\times 30 < (F - 32) < \\frac{9}{5} \\times 35 \\]\n\nWhich simplifies to,\n\n\\[ 54 < (F - 32) < 63 \\]\n\nAdding 32 to all parts gives:\n\n\\[ 86 < F < 95 \\]\n\nThus, the required range of temperature is between 86°F and 95°F."", ""**Question:**\nIn an Experiment, a solution of hydrochloric acid is to be kept between 30° and 35° Celsius. What is the range of temperature in degree Fahrenheit if the conversion formula is given by:\n\n\\[ C = \\frac{5}{9} (F - 32) \\]\n\nwhere 'C' and 'F' represents temperature in degree Celsius and degree Fahrenheit, respectively?\n\n**Answer:**\nIt is given that,\n\n\\[ 30 < C < 35 \\]\n\nPutting \\( C = \\frac{5}{9} (F - 32) \\), we get,\n\n\\[ 30 < \\frac{5}{9} (F - 32) < 35 \\]\n\nMultiplying through by \\(\\frac{9}{5}\\):\n\n\\[ \\frac{9}{5} \\times 30 < (F - 32) < \\frac{9}{5} \\times 35 \\]\n\nWhich simplifies to,\n\n\\[ 54 < (F - 32) < 63 \\]\n\nAdding 32 to all parts gives:\n\n\\[ 86 < F < 95 \\]\n\nThus, the required range of temperature is between 86°F and 95°F.""]","['**Reasoning:** The answer does not contain any mathematical errors. The steps taken to convert the temperature range from Celsius to Fahrenheit are correct. The conversion formula \\( C = \\frac{5}{9} (F - 32) \\) is applied correctly, and the resulting inequality \\( 59 < (F - 32) < 62 \\) is simplified to \\( 91 < F < 94 \\), which matches the final result stated in the answer.\n\n**Error:** 0', '**Reasoning:** The answer does not contain any mathematical errors. The steps taken to convert the temperature range from Celsius to Fahrenheit are correct. The conversion formula \\( C = \\frac{5}{9} (F - 32) \\) is applied correctly, and the resulting inequality \\( 59 < (F - 32) < 62 \\) is simplified to \\( 91 < F < 94 \\), which matches the final result stated in the answer.\n\n**Error:** 0']",Qwen/Qwen2.5-VL-3B-Instruct,25
"Find the coordinates of the point which divides the line segment joining the points \( (4, -3) \) and \( (8, 5) \) in the ratio \( 3 : 1 \) internally.

"," Let \( P(x, y) \) be the required point. Using the section formula, we get:
\[
x = \frac{3(8) + 1(4)}{3 + 1} = 7, \quad y = \frac{3(5) + 1(-3)}{3 + 1} = \textcolor{red}{\frac{3(5) + 1(-3)}{3 \times 1} = \frac{15 - 3}{3} = 4}
\]
Therefore, \( (7, \textcolor{red}{4}) \) is the required point.

",True,False,True,1.6094379124341005,0.0,0.0,0.0,False,False,0,0,"['**Question:** Find the Coordinates of the point which divides the line segment joining the points $(4,-3)$ and $(8,5)$ in the ratio $3:1$ internally.\n\n**Answer:** Let $P(x,y)$ be the required point. Using the section formula, we get: \\begin{align*}\nx &= \\frac{3(4) + 1(8)}{3+1} = \\frac{12 + 8}{4} = 5, \\\\\ny &= \\frac{3(-3) + 1(5)}{3+1} = \\frac{-9 + 5}{4} = -1.\n\\end{align*} Therefore, $P(5,-1)$ is the required point.', '**Question:** Find the coordinates of the point which divides the line segment joining the points $(8,5)$ and $(4,-3)$ internally in the ratio $3:1$.\n\n**Answer:** Let $P(x,y)$ be the required point. Using the section formula, we get:\n\\[\nx = \\frac{3(8) + 1(4)}{3+1}, y = \\frac{3(5) + 1(-3)}{3+1}\n\\]\nThen $P(7,4)$ is the required point.', '**Question:** Find the coordinates of the point which divides the line segment joining the points $(8,5)$ and $(2,-3)$ in the ratio $3:1$ internally.\n\n**Answer:** Let $P(x,y)$ be the required point.\nUsing the section formula, we get:\n$x = \\frac{3 \\cdot 8 + 1 \\cdot 2}{3+1} = \\frac{24 + 2}{4} = 6$\n\n$y = \\frac{3 \\cdot (-3) + 1 \\cdot 5}{3+1} = \\frac{-9 + 5}{4} = -1$\n\nTherefore, $P(6,-1)$ is the required point.', '**Question:**\nFind the coordinates of the point which divides the line segment joining the points \\( (4, -3) \\) and \\( (8, 5) \\) in the ratio \\( 3 : 1 \\) internally.\n\n**Answer:**\nLet \\( P(x, y) \\) be the required point.\n\nUsing the section formula, we get:\n\n\\( x = \\frac{3(8) + 1(4)}{3 + 1}, \\quad y = \\frac{3(5) + 1(-3)}{3 + 1} \\)\n\nThen \\( P(7, 4) \\) is the required point.', '**Question:**\nFind the coordinates of the point which divides the line segment joining the points $(8,5)$ and $(2,-3)$ in the ratio $3:1$ internally.\n\n**Answer:**\nLet $P(x,y)$ be the required point.\nUsing the section formula, we get:\n\n$x = \\frac{3(8) + 1(-3)}{3+1} = \\frac{24 - 3}{4} = \\frac{21}{4}$\n\n$y = \\frac{3(5) + 1(-3)}{3+1} = \\frac{15 - 3}{4} = 3$\n\nThus, $P\\left(\\frac{21}{4}, 3\\right)$ is the required point.\n\n\\[\nx = \\frac{3(8) + 1(-3)}{3+1} = \\frac{24 - 3}{4} = \\frac{21}{4}\n\\]\n\n\\[\ny = \\frac{3(5) + 1(-3)}{3+1} = \\frac{15 - 3}{4} = 3\n\\]']","['**Reasoning:** The answer provided contains a mistake in the calculation of the x-coordinate. In the formula for finding the x-coordinate of the point dividing the line segment in the ratio \\(3:1\\), the denominator should be \\(3+1\\) instead of \\(3 \\times 1\\). Therefore, the correct calculation for the x-coordinate should be \\(\\frac{3(5) + 1(-2)}{4} = \\frac{15 - 2}{4} = \\frac{13}{4}\\).\n\n**Error:** 1', '**Reasoning:** The answer shows a correct application of the section formula for finding the coordinates of a point that divides a line segment externally in the ratio 3:1. However, there is a small mistake in the calculation of the x-coordinate. The correct x-coordinate should be calculated as \\(x = \\frac{3(8) + (-1)(5)}{3+1} = \\frac{24 - 5}{4} = \\frac{19}{4}\\). The given answer incorrectly states \\(n = \\frac{3(8) + 1(4)}{3+1} = \\frac{24 + 4}{4} = \\frac{28}{4} = 7\\). This indicates an error in the calculation of the x-coordinate.\n\n**Error:** 1', '**Reasoning:** The answer provided contains a mistake in the calculation of the x-coordinate. When using the section formula to find the coordinates of the point that divides the line segment joining two points in the ratio \\(3:1\\), the correct formula should be:\n\\[ x = \\frac{mx_2 + nx_1}{m + n} \\]\nwhere \\((x_1, y_1) = (8, 5)\\) and \\((x_2, y_2) = (4, -3)\\) with \\(m = 3\\) and \\(n = 1\\). Plugging these values into the formula gives:\n\\[ x = \\frac{3(4) + 1(8)}{3 + 1} = \\frac{12 + 8}{4} = \\frac{20}{4} = 5 \\]\nThus, the correct x-coordinate should be \\(5\\) instead of \\(7\\).\n\n**Error:** 1', '**Reasoning:** The calculation for \\(x\\) is incorrect. According to the section formula, when dividing a line segment joining points \\((x_1, y_1)\\) and \\((x_2, y_2)\\) internally in the ratio \\(m:n\\), the coordinates of the point \\(P(x, y)\\) are given by:\n\\[ x = \\frac{mx_2 + nx_1}{m+n} \\]\n\\[ y = \\frac{my_2 + ny_1}{m+n} \\]\n\nFor the given problem, we have points \\((8, 5)\\) and \\((-4, -3)\\) with the ratio \\(3:1\\). Using the section formula:\n\\[ x = \\frac{3(-4) + 1(8)}{3+1} = \\frac{-12 + 8}{4} = \\frac{-4}{4} = -1 \\]\n\\[ y = \\frac{3(-3) + 1(5)}{3+1} = \\frac{-9 + 5}{4} = \\frac{-4}{4} = -1 \\]\n\nThe correct coordinates should be \\((-1, -1)\\), but the answer given is \\(x = \\frac{3(8) + 1(4)}{3+1} = \\frac{15}{4}\\) and \\(y = \\frac{3(5) + 1(-3)}{3+1} = 3\\), which are incorrect.\n\n**Error:** 1', '**Reasoning:** The answer calculation for finding the coordinates of the point which divides the line segment joining points (4, -3) and (8, 5) internally in the ratio 3:1 is incorrect. The correct formula for finding the x-coordinate is \\(\\frac{3(8) + 1(4)}{3+1}\\) and for the y-coordinate is \\(\\frac{3(-3) + 1(5)}{3+1}\\). The given answer incorrectly calculates the y-coordinate as \\(y = \\frac{3(5) + 1(-3)}{3+1}\\), which should be \\(y = \\frac{3(-3) + 1(5)}{3+1}\\). The result for the y-coordinate is not aligned with the correct formula.\n\n**Error:** 1']","['**Question:**\nFind the coordinates of the point which divides the line segment joining the points $(8,5)$ and $(4,-3)$ in the ratio $3:1$ internally.\n\n**Answer:**\nLet $P(x,y)$ be the required point.\nUsing the section formula, we get:\n$x = \\frac{3(8) + 1(4)}{3+1} = \\frac{24 + 4}{4} = 7$\n$y = \\frac{3(5) + 1(-3)}{3+1} = \\frac{15 - 3}{4} = 3$\n\nThus, $P(7,3)$ is the required point.', '**Question:**\nFind the coordinates of the point which divides the line segment joining the points $(8,5)$ and $(4,-3)$ in the ratio $3:1$ internally.\n\n**Answer:**\nLet $P(x,y)$ be the required point.\nUsing the section formula, we get:\n$x = \\frac{3(8) + 1(4)}{3+1} = \\frac{24 + 4}{4} = 7$\n$y = \\frac{3(5) + 1(-3)}{3+1} = \\frac{15 - 3}{4} = 3$\n\nThus, $P(7,3)$ is the required point.']","['**Reasoning:** The answer provided contains a calculation error. In the section formula, the numerator should be \\(3(8) + 1(-3)\\) instead of \\(3(5) + 1(-3)\\). This results in incorrect values for \\(x\\) and \\(y\\). Additionally, the final step of dividing by 3 should be done after calculating the numerator, not before.\n\n**Error:** 1', '**Reasoning:** The answer provided contains a calculation error. In the section formula, the numerator should be \\(3(8) + 1(-3)\\) instead of \\(3(5) + 1(-3)\\). This results in incorrect values for \\(x\\) and \\(y\\). Additionally, the final step of dividing by 3 should be done after calculating the numerator, not before.\n\n**Error:** 1']",Qwen/Qwen2.5-VL-3B-Instruct,25
"Find the general solution of the differential equation 
\[
\frac{dy}{dx} = \frac{1+y^2}{1+x^2}.
\]

"," Since \(1 + y^2 \neq 0\), we can separate the variables. The given differential equation can be written as
\[
\frac{dy}{1+y^2} = \frac{dx}{1+x^2} \quad \cdots (1)
\]
Integrating both sides of equation (1), we get
\[
\int \frac{dy}{1+y^2} = \int \frac{dx}{1+x^2}
\]
which results in 
\[
\tan^{-1} \textcolor{red}{z} = \tan^{-1} \textcolor{red}{t} + C,
\]
where \(C\) is the constant of integration. This is the general solution of equation (1).

",False,True,True,1.6094379124341005,0.5004024235381879,0.0,0.0,False,False,1,0,"['**Question:**\n\\[\n\\text{Find the general solution of the differential equation}\n\\]\n\\[\n\\frac{dy}{dx} = \\frac{1 + y^2}{1 + x^2}.\n\\]\n\n**Answer:**\nSince \\( 1 + y^2 \\neq 0 \\), we can separate the variables. The given differential equation can be written as.\n\\[\n\\frac{dy}{1 + y^2} = \\frac{dx}{1 + x^2} \\quad \\ldots (1)\n\\]\nIntegrating both sides of equation (1), we get\n\\[\n\\int \\frac{dy}{1 + y^2} = \\int \\frac{dx}{1 + x^2}\n\\]\nwhich results in\n\\[\n\\tan^{-1}y = \\tan^{-1}x + C,\n\\]\nwhere \\( C \\) is the constant of integration. This is the general solution of equation (1).', '**Question:**\n\\begin{equation}\n\\text{Find the general solution of the differential equation} \\\\\n\\frac{dy}{dx} = \\frac{1+y^2}{1+x^2}.\n\\end{equation}\n\n**Answer:**\n\\begin{equation}\n\\text{Since } 1+y^2 \\neq 0, \\text{ we can separate the variables. The given differential equation can be written as:} \\\\\n\\frac{dy}{1+y^2} = \\frac{dx}{1+x^2} \\quad \\ldots (1)\n\\end{equation}\n\\begin{equation}\n\\text{Integrating both sides of equation (1), we get:} \\\\\n\\int \\frac{dy}{1+y^2} = \\int \\frac{dx}{1+x^2}\n\\end{equation}\n\\begin{equation}\n\\text{which results in} \\\\\n\\tan^{-1} y = \\tan^{-1} x + c,\n\\end{equation}\n\\begin{equation}\n\\text{where } c \\text{ is the constant of integration}. \\text{ This is the general solution of equation (1).}\n\\end{equation}', '**Question:** Find the general solution of the differential equation\n\n$$ \\frac{dy}{dx} = \\frac{1+y^2}{1+x^2}. $$\n\n**Answer:** Since \\( 1 + y^2 \\neq 0 \\), we can separate the variables. The given differential equation can be written as:\n\n$$ \\frac{dy}{1+y^2} = \\frac{dx}{1+x^2} \\quad \\dots (1) $$\n\nIntegrating both sides of equation (1), we get\n\n$$ \\int \\frac{dy}{1+y^2} = \\int \\frac{dx}{1+x^2} $$\n\nwhich results in\n\n$$ \\tan^{-1}z = \\tan^{-1}t+c, $$\n\nwhere \\( c \\) is the constant of integration. This is the general solution of equation (1).', '```latex\n\\textbf{Question:} Find the general solution of the differential equation\n\n\\begin{equation}\n    \\frac{dy}{dx} = \\frac{1 + y^2}{1 + x^2} .\n\\end{equation}\n\n\\textbf{Answer:} Since \\( 1 + y^2 \\neq 0 \\), we can separate the variables. The given differential equation can be written as:\n\n\\begin{equation}\n    \\frac{dy}{1+y^2} = \\frac{dx}{1+x^2} \\quad \\cdots (1)\n\\end{equation}\n\nIntegrating both sides of equation (1), we get\n\n\\begin{equation}\n    \\int \\frac{dy}{1+y^2} = \\int \\frac{dx}{1+x^2}\n\\end{equation}\n\nwhich results in\n\n\\begin{equation}\n    \\tan^{-1}z = \\tan^{-1}t + c,\n\\end{equation}\n\nwhere \\( c \\) is the constant of integration. This is the general solution of equation (1).\n```', '**Question:**\n\\[\n\\text{Find the general solution of the differential equation}\n\\]\n\\[\n\\frac{dy}{dx} = \\frac{1+y^2}{1+x^2}.\n\\]\n\n**Answer:**\nSince \\(1+y^2 \\neq 0\\), we can separate the variables. The given differential equation can be written as.\n\\[\n\\frac{dy}{1+y^2} = \\frac{dx}{1+x^2} \\quad \\cdots (1)\n\\]\nIntegrating both sides of equation (1), we get\n\\[\n\\int \\frac{dy}{1+y^2} = \\int \\frac{dx}{1+x^2},\n\\]\nwhich results in\n\\[\n\\tan^{-1} y = \\tan^{-1} x + C,\n\\]\nwhere \\(C\\) is the constant of integration. This is the general solution of equation (1).']","['**Reasoning:** The answer correctly separates the variables as indicated by step (I). However, the substitution \\( z = \\tan^{-1} y \\) should be used instead of \\( t = \\tan^{-1} x \\) or \\( t = \\tan^{-1} y \\). The correct substitution is \\( z = \\tan^{-1} y \\), which allows us to solve the integral more easily. The substitution \\( z = \\tan^{-1} y \\) leads to \\( dz = \\frac{dy}{1 + y^2} \\), which matches the form of the integrand in equation (I). Therefore, the final expression should be \\( \\int dz = \\int \\frac{dx}{1 + x^2} \\), leading to \\( z = \\tan^{-1} x + C \\), which is equivalent to \\( \\tan^{-1} y = \\tan^{-1} x + C \\).\n\n**Error:** 1', '**Reasoning:** The answer correctly identifies two steps: separating variables and integrating both sides of the differential equation. However, the notation used for the separation is incorrect. Instead of ""Separate the variables,"" it should be ""Separate the terms."" The integration step appears correct, but the notation for the variable in the integral should match the variable used earlier. Specifically, the integral should use \\( z \\) instead of \\( t \\).\n\n**Error:** 1', '**Reasoning:** The Answer correctly identifies that since \\(1 + y^2 \\neq 0\\), we can separate the variables. However, the integration step seems to contain a mistake. The Answer states that integrating both sides of equation (1) results in \\(\\arctan z = \\arctan t + c\\), which is incorrect because the variable in the integrand should be \\(y\\) instead of \\(z\\). The correct integral form should be \\(\\int \\frac{dy}{1+y^2} = \\int \\frac{dx}{1+x^2}\\), leading to \\(\\arctan y = \\arctan x + c\\). Therefore, the Answer has an error in the integration process and the final result.\n\n**Error:** 1', '**Reasoning:** The answer provided does not correctly identify the general solution of the differential equation. The correct general solution should be \\( y = \\tan^{-1}(x) + C \\), where \\( C \\) is the constant of integration. However, the answer provided incorrectly states \\( \\tan^{-1}z = \\tan^{-1}t + C \\). There is an error in the use of the variable \\( z \\) instead of \\( x \\).\n\n**Error:** 1', '**Reasoning:** The answer does not contain any mathematical errors in its logical steps. The process of separating variables, integrating both sides, and introducing the constant of integration is correct for solving this differential equation. There are no logical mistakes or incorrect application of mathematical rules in the answer provided.\n\n**Error:** 0']","['**Question:**\n\\[\n\\text{Find the general solution of the differential equation}\n\\]\n\\[\n\\frac{dy}{dx} = \\frac{1 + y^2}{1 + x^2}.\n\\]\n\n**Answer:**\n\\[\n\\text{Since } 1 + y^2 \\neq 0, \\text{ we can separate the variables. The given differential equation can be written as:}\n\\]\n\\[\n\\frac{dy}{1 + y^2} = \\frac{dx}{1 + x^2} \\quad \\cdots (1)\n\\]\n\\[\n\\text{Integrating both sides of equation (1), we get:}\n\\]\n\\[\n\\int \\frac{dy}{1 + y^2} = \\int \\frac{dx}{1 + x^2}\n\\]\n\\[\n\\text{which results in}\n\\]\n\\[\n\\tan^{-1} y = \\tan^{-1} x + C,\n\\]\n\\[\n\\text{where } C \\text{ is the constant of integration. This is the general solution of equation (1).}\n\\]', '**Question:**\n\\[\n\\text{Find the general solution of the differential equation}\n\\]\n\\[\n\\frac{dy}{dx} = \\frac{1 + y^2}{1 + x^2}.\n\\]\n\n**Answer:**\n\\[\n\\text{Since } 1 + y^2 \\neq 0, \\text{ we can separate the variables. The given differential equation can be written as:}\n\\]\n\\[\n\\frac{dy}{1 + y^2} = \\frac{dx}{1 + x^2} \\quad \\cdots (1)\n\\]\n\\[\n\\text{Integrating both sides of equation (1), we get:}\n\\]\n\\[\n\\int \\frac{dy}{1 + y^2} = \\int \\frac{dx}{1 + x^2}\n\\]\n\\[\n\\text{which results in}\n\\]\n\\[\n\\tan^{-1} y = \\tan^{-1} x + C,\n\\]\n\\[\n\\text{where } C \\text{ is the constant of integration. This is the general solution of equation (1).}\n\\]']","['**Reasoning:** The answer does not contain any mathematical errors. It correctly separates the variables, integrates both sides, and arrives at the correct general solution involving the constant of integration \\(C\\). There are no logical or arithmetic mistakes in the steps taken to solve the differential equation.\n\n**Error:** 0', '**Reasoning:** The answer does not contain any mathematical errors. It correctly separates the variables, integrates both sides, and arrives at the correct general solution involving the constant of integration \\(C\\). There are no logical or arithmetic mistakes in the steps taken to solve the differential equation.\n\n**Error:** 0']",Qwen/Qwen2.5-VL-3B-Instruct,25
"The sum of three times a number and 11 is 32. Find the number.

"," 
\begin{itemize}
    \item If the unknown number is taken to be \( \textcolor{red}{y} \), then three times the number is \( 3\textcolor{red}{y} \) and the sum of \( 3\textcolor{red}{y} \) and 11 is 32. That is, 
    \[
    3\textcolor{red}{y} + 11 = 32
    \]

    \item To solve this equation, we transpose 11 to the right-hand side (RHS), so that 
    \[
    3\textcolor{red}{y} = 32 - 11 \quad \text{or} \quad 3\textcolor{red}{y} = 21
    \]
    
    Now, divide both sides by 3:
    \[
    \textcolor{red}{y} = \frac{21}{3} = 7
    \]
    
    The required number is \( \textcolor{red}{y} \).
\end{itemize}

",True,True,True,1.6094379124341005,0.5004024235381879,0.0,0.0,False,False,1,0,"['**Question:**\n\\[ \\text{The sum of three times a number and 11 is 32. Find the number.} \\]\n\nIf the unknown number is taken to be \\( y \\), then three times the number is \\( 3y \\) and the sum of \\( 3y \\) and 11 is 32. That is,\n\n\\[ 3y + 11 = 32 \\]\n\nTo solve this equation, we transpose 11 to the right-hand side (RHS), so that\n\n\\[ 3y = 32 - 11 \\]\nor\n\\[ 3y = 21 \\]\n\nNow, divide both sides by 3:\n\n\\[ y = \\frac{21}{3} = 7 \\]\n\nThe required number is \\( y \\).\n\n**Answer:**\n\\[ \\boxed{7} \\]', '**Question:**\nThe sum of three times a number and 11 is 32. Find the number.\nIf the unknown number is taken to be y, then three times the number is \\(3y\\) and the sum of \\(3y\\) and 11 is 32. That is,\n\\[3y + 11 = 32\\]\nTo solve this equation, we transpose 11 to the right-hand side (RHS), so let\n\\[3y = 32 - 11 \\text{ or } 3y = 21\\]\nNow, divide both sides by 3:\n\\[y = \\frac{21}{3} = 7\\]\nThe required number is \\(y\\).\n\n**Answer:**\n\\[3y + 11 = 32\\]\n\\[3y = 32 - 11 \\text{ or } 3y = 21\\]\n\\[y = \\frac{21}{3} = 7\\]', '**Question:**\n\\begin{align*}\n\\text{Question:} & \\quad \\text{The sum of three times a number and 11 is 32. Find the number.}\\\\\n& \\quad \\text{If the unknown number is taken to be y, then three times the number is 3y and the sum of 3y and 11 is 32. That is, }\\\\\n& \\quad 3y + 11 = 32.\n\\end{align*}\n\n**Answer:**\n\\begin{align*}\n\\text{To solve this equation, we transpose 11 to the right-hand side (RHS), so that} \\\\\n3y = 32 - 11 \\quad \\text{or} \\quad 3y = 21 \\\\\n\\text{Now, divide both sides by 3:} \\\\\ny = \\frac{21}{3} = 7\n\\end{align*}\nThe required number is \\( y \\).', '**Question:**\n\\[\n\\text{The sum of three times a number and 11 is 32. Find the number.}\n\\]\n\n**Answer:**\n\\[\n\\begin{align*}\n&\\text{If the unknown number is taken to be } y, \\text{ then three times the number is } 3y \\text{ and the sum of } 3y \\text{ and 11 is 32. That is,} \\\\[5pt]\n&3y + 11 = 32 \\\\\n&\\text{To solve this equation, we transpose 11 to the right-hand side (RHS), so that} \\\\\n&3y = 32 - 11 \\text{ or } 3y = 21 \\\\\n&\\text{Now, divide both sides by 3:} \\\\\n&y = \\frac{21}{3} = 7 \\\\\n&\\text{The required number is } y.\n\\end{align*}\n\\]', '```latex\n\\begin{align*}\n\\textbf{Question:} & \\quad \\text{The sum of three times a number and 11 is 32. Find the number.} \\\\\n& \\quad \\textbf{If the unknown number is taken to be } y, \\text{ then three times the number is } 3y \\text{ and the sum of } 3y \\text{ and 11 is } 32. Therefore,} \\\\\n& \\quad 3y + 11 = 32 \\\\\n& \\quad \\text{To solve this equation, we transpose } 11 \\text{ to the right-hand side (RHS), so that} \\\\\n& \\quad 3y = 32 - 11 \\text{ or } 3y = 21 \\\\\n& \\quad \\text{Now, divide both sides by 3:} \\\\\n& \\quad y = \\frac{21}{3} = 7 \\\\\n& \\quad \\text{The required number is } y.\n\\end{align*}\n```']","['**Reasoning:** The solution appears to be correct. The steps taken to solve the equation \\(3y + 11 = 32\\) are logically sound. First, the unknown number is found by subtracting 11 from both sides, resulting in \\(3y = 21\\). Then, dividing both sides by 3 yields \\(y = \\frac{21}{3} = 7\\). Therefore, the solution is valid and does not contain any errors.\n\n**Error:** 0', '**Reasoning:**\nThe answer incorrectly states that \\(\\frac{21}{3} = 7\\). However, when dividing 21 by 3, the result should be 7, not 7 as it appears to be written in the answer. The correct value of \\(y\\) after division is indeed 7, not \\(\\frac{21}{3} = 7\\).\n\n**Error:** 1', '**Reasoning:** The step from ""3y = 21"" to ""y = \\frac{21}{3} = 7"" is incorrect because dividing both sides of an equation by a number doesn\'t necessarily simplify it to the same value unless the number cancels out. In this case, 21 is not simply the answer, but rather it represents the result before simplifying further.\n\n**Error:** 1', '**Reasoning:** The answer incorrectly states that \\( y = \\frac{21}{3} = 7 \\). This calculation should be \\( y = \\frac{21}{3} = 7 \\), but instead it incorrectly simplifies to \\( y = 7 \\), which is incorrect because it implies \\( 3y + 11 = 7 \\) rather than \\( 3y + 11 = 32 \\). The correct step would involve solving for \\( y \\) correctly after transposing 11 from the right-hand side of the equation to the left, resulting in \\( 3y = 32 - 11 = 21 \\), and then dividing both sides by 3 to get \\( y = \\frac{21}{3} = 7 \\).\n\n**Error:** 1', '**Reasoning:** The answer process is correct up to the point where \\(\\frac{3y}{3} = 7\\). However, the result should be \\(y = 7\\) instead of \\(y = \\frac{21}{3}\\). The error lies in the incorrect calculation of dividing \\(21\\) by \\(3\\).\n\n**Error:** 1']","['**Question:**\nThe sum of three times a number and 11 is 32. Find the number.\nIf the unknown number is taken to be \\( y \\), then three times the number is \\( 3y \\) and the sum of \\( 3y \\) and 11 is 32. That is,\n\\[ 3y + 11 = 32 \\]\n\n**Answer:**\nTo solve this equation, we transpose 11 to the right-hand side (RHS), so that\n\\[ 3y = 32 - 11 \\]\nor\n\\[ 3y = 21 \\]\n\nNow, divide both sides by 3:\n\\[ y = \\frac{21}{3} = 7 \\]\n\nThe required number is \\( y \\).', '**Question:**\nThe sum of three times a number and 11 is 32. Find the number.\nIf the unknown number is taken to be \\( y \\), then three times the number is \\( 3y \\) and the sum of \\( 3y \\) and 11 is 32. That is,\n\\[ 3y + 11 = 32 \\]\n\n**Answer:**\nTo solve this equation, we transpose 11 to the right-hand side (RHS), so that\n\\[ 3y = 32 - 11 \\]\nor\n\\[ 3y = 21 \\]\n\nNow, divide both sides by 3:\n\\[ y = \\frac{21}{3} = 7 \\]\n\nThe required number is \\( y \\).']","['**Reasoning:** The answer provided does not contain any mathematical errors. The steps taken to solve the equation are correct: first, the unknown number \\( y \\) is correctly identified as being multiplied by 3, then the sum of 3y and 11 is set equal to 32. After solving the equation, the value of \\( y \\) is correctly calculated as \\( \\frac{21}{3} = 7 \\). Therefore, the answer is correct.\n\n**Error:** 0', '**Reasoning:** The answer provided does not contain any mathematical errors. The steps taken to solve the equation are correct: first, the unknown number \\( y \\) is correctly identified as being multiplied by 3, then the sum of 3y and 11 is set equal to 32. After solving the equation, the value of \\( y \\) is correctly calculated as \\( \\frac{21}{3} = 7 \\). Therefore, the answer is correct.\n\n**Error:** 0']",Qwen/Qwen2.5-VL-3B-Instruct,25
"Reena took a loan of Rs. 1200 with simple interest for as many years as the rate of interest. If she paid Rs. 432 as interest at the end of the loan period, what was the rate of interest? 

\begin{enumerate}
    \item[A)] 3.6
    \item[B)] 6
    \item[C)] 18
    \item[D)] Cannot be determined
    \item[E)] None of these
\end{enumerate}

"," Option B Let rate = R\% and time = R years.

Then, 
\[
\frac{1200 \times R \times R}{100} = 432
\]

\[
\Rightarrow 12R^2 = 432
\]

\[
\Rightarrow R^2 = 36
\]

\textcolor{red}{Since the square root of 36 is 6, and 36 is also a perfect square, we can safely take R to be 6. Additionally, 36 is divisible by 1, 2, 3, 4, 6, 9, 12, 18, and 36 which confirms it is a perfect square.}

\[
\Rightarrow R = 6.
\]

",False,True,True,1.6094379124341005,0.0,0.0,0.0,False,False,0,0,"['**Question:**\nReena took a loan @ Rs 1200 with simple interest for as many years as the rate @ interest. If she paid Rs .432 as interest at the end of the loan period, what was the rate @ interest\n\nA) 3.6\nB) 6\nC) 18\nD) Cannot be determined\nE) None of these\n\n**Answer:**\nOption B\n\nLet rate = R% and time = R years\n\nThen,\n\n\\[\n\\frac{1200 \\times R \\times R}{100} = 432\n\\]\n\n\\[\n\\Rightarrow 12R^2 = 432\n\\]\n\n\\[\n\\Rightarrow R^2 = 36\n\\]\n\nSince the square root of 36 is 6, and 36 is also a perfect square, we can safely take R to be 6.\n\nAdditionally, 36 is divisible by 1, 2, 3, 4, 6, 9, 12, 18, and 36 which confirms it is a perfect square\n\n\\[\n\\Rightarrow R = 6\n\\]', '**Question:**\nReena took a loan @ Rs 1200 with simple interest for as many years as the rate of interest. If she paid Rs 432 as interest at the end of the loan period, what was the rate of interest?\n\nA) 3.6\nB) 6\nC) 18\nD) Cannot be determined\nE) None of these\n\n**Answer:**\nLet the rate of interest be \\( R\\% \\) and the time be \\( R \\) years.\n\nThen,\n\\[ \\frac{1200 \\times R \\times R}{100} = 432 \\]\n\\[ \\Rightarrow 12R^2 = 432 \\]\n\\[ \\Rightarrow R^2 = 36 \\]\n\nSince the square root of 36 is 6, and 36 is also a perfect square, we can safely take \\( R \\) to be 6.\n\nAdditionally, 36 is divisible by 1, 2, 3, 4, 6, 9, 12, 18, and 36, which confirms it is a perfect square.\n\n\\[ \\Rightarrow R = 6 \\]', '**Question:** Reena took a loan @ Rs 1200 with simple interest for as many years @ the rate @ the interest. If she paid Rs 432 as interest at the end @ the loan period, what was the rate @ interest\n\nA) 3.6\n\nB) 6\n\nC) 18\n\nD) Cannot be determined\n\nE) None of these\n\n**Answer:** Option B Let rate = R% and time = R years\n\nThen,\n\n\\[\n\\frac{1200 \\times R \\times R}{100} = 432\n\\]\n\n\\[\n\\Rightarrow 12R^2 = 432\n\\]\n\n\\[\n\\Rightarrow R^2 = 36\n\\]\n\nSince the square root of 36 is 6, and 36 is also a perfect square, we can safely take R to be 6.\n\nAdditionally, 36 is divisible by 1, 2, 3, 4, 6, 9, 12, 18, and 36 which conforms it is a perfect square\n\n\\[\n\\Rightarrow R = 6\n\\]', '**Question:**\nReena took a loan @ Rs \\cdot 1200 with simple interest for as many years as the rate @ interest. If she paid Rs \\cdot 432 as interest at the end of the loan period, what was the rate @ interest?\n\nA) 3.6\n\nB) 6\n\nC) 18\n\nD) Cannot be determined\n\nE) None of these\n\n**Answer:**\nOption B\nLet rate = R% and time = T years\n\nThen,\n\\[\n\\frac{1200 \\times R \\times R}{100} = 432\n\\]\n\\[\n\\Rightarrow 12R^2 = 432\n\\]\n\\[\n\\Rightarrow R^2 = 36\n\\]\n\nSince the square root of 36 is 6, and 36 is also a perfect square, we can safely take R to be 6.\n\nAdditionally, 36 is divisible by 1, 2, 3, 4, 6, 9, 12, 18, and 36 which confirms it is a perfect square.\n\\[\n\\Rightarrow R = 6\n\\]', '**Question:** Reena took a loan @ Rs. 1200 with simple interest for as many years as the rate @ 8% interest. If she paid Rs. 432 as interest at the end of the loan period, what was the rate @ interest?\n\nA) 3.6\n\nB) 6\n\nC) 18\n\nD) Cannot be determined\n\nE) None of these\n\n**Answer:** Option B Let rate = R% and time = R years Then,\n\n\\[\n\\frac{1200 \\times R \\times R}{100} = 432\n\\]\n\n\\[\n\\Rightarrow 12R^2 = 432\n\\]\n\n\\[\n\\Rightarrow R^2 = 36\n\\]\n\nSince the square root of 36 is 6, and 36 is also a perfect square, we can safely take R to be 6.\n\nAdditionally, 36 is divisible by 1, 2, 3, 4, 6, 9, 12, 18, and 36, which confirms it is a perfect square.\n\nTherefore, \\(R = 6\\)']","['**Reasoning:** The answer does not provide the steps taken to solve the equation. Instead, it directly states the result without showing the intermediate steps, which is necessary for understanding the process.\n\n**Error:** 1', '**Reasoning:** The answer process is incorrect. The equation derived from the simple interest formula should be \\(\\frac{1200 \\times R \\times T}{100} = 432\\), where \\(T\\) is the time in years. However, the provided answer uses \\(R^2 = 36\\) instead of solving for \\(R\\) correctly. Hence, there is an error in the derivation of \\(R\\).\n\n**Error:** 1', '**Reasoning:** The answer process starts with setting up the equation correctly, equating the interest paid to the formula for simple interest: \\(\\frac{1200 \\times R \\times R}{100} = 432\\). However, the next step involves taking the square root of 36, resulting in \\(R = 6\\). This calculation appears correct, but the question asks for ""the rate @% interest,"" not just the rate itself. The solution should explicitly state that the rate is 6%. The answer concludes with ""R=6"" without specifying that this is the rate percentage.\n\n**Error:** 1', '**Reasoning:** The answer provided calculates the rate of interest correctly using the formula for simple interest: \\(\\frac{P \\times R \\times T}{100}\\). However, it incorrectly states that the square root of 36 is 6, leading to the incorrect conclusion that \\(R = 6\\). In reality, the square root of 36 is 6, but since we are dealing with a perfect square, we need to consider that \\(R\\) can be either 6 or -6. Since time cannot be negative, \\(R\\) must be positive. Therefore, the correct value of \\(R\\) should be 6.\n\n**Error:** 1', '**Reasoning:** The answer provided in the image contains several logical errors. First, the equation used to solve for R^2 is incorrect because it should be \\( \\frac{1200 \\times R \\times R}{100} = 432 \\) instead of \\( \\frac{1200 \\times R \\times R}{100} = 432 \\). This mistake is critical as it changes the value of R, making the correct answer different from what was stated in the options. Additionally, the conclusion that R = 6 is based on the assumption that 36 is a perfect square and can be factored into 6, which is not necessarily true. Furthermore, the answer does not explicitly state that the rate could not be 6% as it is part of the range 6%, 18%, or cannot be determined, but concludes with the answer being 6%. Therefore, while the final step of finding R = 6 seems logically flawed, it does not entirely negate the potential correctness of the method leading up to it unless the entire problem setup is revisited.\n\n**Error:** 1']","['**Question:**\nReena took a loan @ Rs 1200 with simple interest for as many years as the rate @ interest. If she paid Rs 432 as interest at the end of the loan period, what was the rate @ interest?\n\nA) 3.6\n\nB) 6\n\nC) 18\n\nD) Cannot be determined\n\nE) None of these\n\n**Answer:**\nLet rate = R% and time = R years\n\nThen,\n\n\\[\n\\frac{1200 \\times R \\times R}{100} = 432\n\\]\n\n\\[\n\\Rightarrow 12R^2 = 432\n\\]\n\n\\[\n\\Rightarrow R^2 = 36\n\\]\n\nSince the square root of 36 is 6, and 36 is also a perfect square, we can safely take R to be 6.\n\nAdditionally, 36 is divisible by 1, 2, 3, 4, 6, 9, 12, 18, and 36 which confirms it is a perfect square.\n\n\\[\n\\Rightarrow R = 6\n\\]', '**Question:**\nReena took a loan @ Rs 1200 with simple interest for as many years as the rate @ interest. If she paid Rs 432 as interest at the end of the loan period, what was the rate @ interest?\n\nA) 3.6\n\nB) 6\n\nC) 18\n\nD) Cannot be determined\n\nE) None of these\n\n**Answer:**\nLet rate = R% and time = R years\n\nThen,\n\n\\[\n\\frac{1200 \\times R \\times R}{100} = 432\n\\]\n\n\\[\n\\Rightarrow 12R^2 = 432\n\\]\n\n\\[\n\\Rightarrow R^2 = 36\n\\]\n\nSince the square root of 36 is 6, and 36 is also a perfect square, we can safely take R to be 6.\n\nAdditionally, 36 is divisible by 1, 2, 3, 4, 6, 9, 12, 18, and 36 which confirms it is a perfect square.\n\n\\[\n\\Rightarrow R = 6\n\\]']","['**Reasoning:** The answer provided does not contain any mathematical errors. The steps taken to solve the problem are correct and logically sound. The calculation of the interest rate using the formula for simple interest is accurate, and the subsequent steps to find the value of R are also correct. There is no indication of incorrect calculations or logical errors in the provided solution.\n\n**Error:** 0', '**Reasoning:** The answer provided does not contain any mathematical errors. The steps taken to solve the problem are correct and logically sound. The calculation of the interest rate using the formula for simple interest is accurate, and the subsequent steps to find the value of R are also correct. There is no indication of incorrect calculations or logical errors in the provided solution.\n\n**Error:** 0']",Qwen/Qwen2.5-VL-3B-Instruct,25
"Find all the points of local maxima and local minima of the function given by 

\[
f(x) = 2x^3 - 6x^2 + 6x + 5.
\]

"," We have 

\[
f'(x) = 6x^2 - 12x + 6 = 6(x - 1)^2
\]

Thus, \( x = 1 \) is the only critical point of \( f \). We shall now examine this point for local maxima and/or local minima of \( f \). Observe that \textcolor{red}{\( f''(x) \geq 0 \)} \textcolor{red}{for all \( x \in \mathbb{R} \)} and in particular \textcolor{red}{\( f''(x) > 0 \)} \textcolor{red}{for values close to 1 and to the left and to the right of 1}. Therefore, by first derivative test, the point \( x = 1 \) is neither a point of local maxima nor a point of local minima. Hence \( x = 1 \) is a point of inflexion.

",True,True,True,1.6094379124341005,0.0,0.0,0.0,False,False,1,0,"[""**Question:**\nFind all the points of local maxima and local minima of all functions given by,\n\\[ f(x) = 2x^2 - 6x^2 + 6x + 5 \\]\n\n**Answer:**\nWe have,\n\n\\[ f'(x) = 6x^2 - 12x + 6 = 6(x - 1)^2 \\]\n\nThus, \\( x = 1 \\) is the only critical point of \\( f' \\). We shall now examine this point for local maxima and/or local minima of \\( f \\).\n\nObserve that \\( f''(x) > 0 \\) for all \\( x \\in \\mathbb{R} \\) and in particular \\( f''(x) > 0 \\) for values close to 1 and to the left and to the right of 1. Therefore, by first derivative test, the point \\( x = 1 \\) is neither a point of local maxima nor a point of local minima. Hence \\( x = 1 \\) is a point of inflection."", ""**Question:**\n\\[\n\\text{Find all the points of local maxima and local minima of all function given by } \\\\\nf(x) = 2x^2 - 6x^2 + 6x + 5.\n\\]\n\n**Answer:**\nWe have,\n\\[ f'(x) = 6x^2 - 12x + 6 = 6(x - 1)^2 \\]\nThus, \\( x = 1 \\) is the only critical point of \\( f \\). We shall now examine this point for local maxima and/or local minima of \\( f \\).\n\nObserve that \\( f''(x) \\geq 0 \\) for all \\( x \\in \\mathbb{R} \\) and in particular \\( f''(x) > 0 \\) for values close to 1 and to the left and to the right of 1. Therefore, by first derivative test, the point \\( x = 1 \\) is neither a point of local maxima nor a point of local minima. Hence, \\( x = 1 \\) is a point of inflection."", ""**Question:**\nFind all the points of local maxima and local minima of the function given by \\( f(x) = 2x^2 - 6x^2 + 6x + 5 \\).\n\n**Answer:**\nWe have,\n\\[ f'(x) = 6x^2 - 12x + 6 = 6(x - 1)^2 \\]\n\nThus, \\( x = 1 \\) is the only critical point of \\( f' \\). We shall now examine this point for local maxima and/or local minima of \\( f \\). Observe that \\( f''(x) > 0 \\) for all \\( x \\in \\mathbb{R} \\) and in particular, \\( f''(x) > 0 \\) for values close to 1 and to the left and to the right of 1. Therefore, by first derivative test, the point \\( x = 1 \\) is neither a point of local maxima nor a point of local minima. Hence \\( x = 1 \\) is a point of inflection."", ""**Question:** Find all the points of local maxima and local minima of all functions given by\n\n\\[ f(x) = 2x^3 - 6x^2 + 6x + 5 \\]\n\n**Answer:** We have,\n\n\\[ f'(x) = 6x^2 - 12x + 6 = 6(x - 1)^2 \\]\n\nThus, \\( x = 1 \\) is the only critical point of \\( f \\). We shall now examine this point for local maxima and/or local minima of \\( f \\).\n\nObserve that \\( f''(x) > 0 \\) for all \\( x \\in \\mathbb{R} \\) and in particular, \\( f''(x) > 0 \\) for values close to 1 and to the left and to the right of 1. Therefore, by first derivative test, the point \\( x = 1 \\) is neither a point of local maxima nor a point of local minima. Hence \\( x = 1 \\) is a point of inflection."", ""\\textbf{Question:}\nFind all the points of local maxima and local minima of all functions \\( f(x) \\) given by:\n\n\\[ f(x) = 2x^3 - 6x^2 + 6x + 5 \\]\n\n\\textbf{Answer:}\nWe have,\n\n\\[ f'(x) = 6x^2 - 12x + 6 = 6(x - 1)^2 \\]\n\nThus, \\( x = 1 \\) is the only critical point of \\( f' \\). We shall now examine this point for local maxima and/or local minima of \\( f \\).\n\nObserve that \\( f''(x) > 0 \\) for all \\( x \\in \\mathbb{R} \\) and in particular, \\( f''(x) > 0 \\) for values close to 1 and to the left and to the right of 1. Therefore, by first derivative test, the point \\( x = 1 \\) is neither a point of local maxima nor a point of local minima. Hence, \\( x = 1 \\) is a point of inflection.""]","[""**Reasoning:** The given answer contains a logical error. According to the chain of thought, we need to find the points of local maxima and minima for the function \\( f(x) = 2x^3 - 6x^2 + 6x + 5 \\). First, we find the first derivative \\( f'(x) \\) and set it to zero to find critical points. Then, we use the second derivative test to determine if these points are maxima, minima, or neither. However, the answer incorrectly states that the point \\( x = 1 \\) is neither a point of local maxima nor minima because it uses the incorrect conclusion from the second derivative test. This suggests a misunderstanding or an oversight in applying the second derivative test correctly.\n\n**Error:** 1"", ""**Reasoning:** The answer provides a correct process for finding the critical points of the function \\( f(x) = 2x^3 - 6x^2 + 6x + 5 \\) by first finding the first derivative \\( f'(x) = 6x^2 - 12x + 6 \\). However, the solution incorrectly concludes that \\( x = 1 \\) is neither a local maximum nor minimum by using the second derivative test as described. The second derivative \\( f''(x) = 12x - 12 \\) evaluated at \\( x = 1 \\) yields \\( f''(1) = 0 \\), which is inconclusive for determining local extrema. The final statement about \\( x = 1 \\) being a point of inflection is valid but incorrect since it incorrectly uses the second derivative test.\n\n**Error:** 1"", ""**Reasoning:** The answer does not correctly identify all local maxima and minima of the function \\( f(x) = 2x^3 - 6x^2 + 6x + 5 \\). While it correctly identifies \\( x = 1 \\) as a critical point, it incorrectly states that \\( x = 1 \\) is neither a local maxima nor a local minima using the derivative test. However, the function actually has a local maximum at \\( x = 1 \\) because the second derivative \\( f''(x) = 12x - 12 \\) changes sign at \\( x = 1 \\), indicating a change from concave to convex. \n\n**Error:** 1"", ""**Reasoning:** The answer incorrectly states that \\( x = 1 \\) is neither a point of local maximum nor a point of local minimum. However, since the function \\( f(x) = 2x^3 - 6x^2 + 6x + 5 \\) has been differentiated and its first derivative \\( f'(x) = 6x^2 - 12x + 6 \\) at \\( x = 1 \\) results in \\( f'(1) = 0 \\), this point should be checked using the second derivative test. The second derivative \\( f''(x) = 12x - 12 \\) evaluated at \\( x = 1 \\) gives \\( f''(1) = 0 \\), indicating that the second derivative test cannot definitively determine if it's a maximum or minimum. However, since the problem asks for critical points, \\( x = 1 \\) is indeed a critical point, but further differentiation tests are needed to confirm if it's a maximum, minimum, or inflection point.\n\n**Error:** 1"", ""**Reasoning:** The answer incorrectly states that \\( f''(x) > 0 \\) for all \\( x \\in \\mathbb{R} \\). This is incorrect because the derivative \\( f'(x) = 6x^2 - 12x + 6 \\) has a critical point at \\( x = 1 \\), but \\( f''(x) = 12x - 12 \\) changes sign at \\( x = 1 \\). Therefore, \\( x = 1 \\) is neither a maximum nor a minimum, and the correct interpretation should be that it is a point of inflection.\n\n**Error:** 1""]","[""**Question:**\nFind all the points of local maxima and local minima of all functions given by,\n\\[ f(x) = 2x^2 - 6x^2 + 6x + 5 \\]\n\n**Answer:**\nWe have,\n\\[ f'(x) = 6x^2 - 12x + 6 = 6(x - 1)^2 \\]\n\nThus, \\( x = 1 \\) is the only critical point of \\( f' \\). We shall now examine this point for local maxima and/or local minima of \\( f \\).\n\nObserve that \\( f''(x) > 0 \\) for all \\( x \\in \\mathbb{R} \\) and in particular, \\( f''(x) > 0 \\) for values close to 1 and to the left and to the right of 1. Therefore, by first derivative test, the point \\( x = 1 \\) is neither a point of local maxima nor a point of local minima. Hence \\( x = 1 \\) is a point of inflection."", ""**Question:**\nFind all the points of local maxima and local minima of all functions given by,\n\\[ f(x) = 2x^2 - 6x^2 + 6x + 5 \\]\n\n**Answer:**\nWe have,\n\\[ f'(x) = 6x^2 - 12x + 6 = 6(x - 1)^2 \\]\n\nThus, \\( x = 1 \\) is the only critical point of \\( f' \\). We shall now examine this point for local maxima and/or local minima of \\( f \\).\n\nObserve that \\( f''(x) > 0 \\) for all \\( x \\in \\mathbb{R} \\) and in particular, \\( f''(x) > 0 \\) for values close to 1 and to the left and to the right of 1. Therefore, by first derivative test, the point \\( x = 1 \\) is neither a point of local maxima nor a point of local minima. Hence \\( x = 1 \\) is a point of inflection.""]","[""**Reasoning:** The answer incorrectly states that \\( x = 1 \\) is neither a point of local maximum nor a point of local minimum. However, it should be noted that \\( f(x) = 2x^3 - 6x^2 + 6x + 5 \\) has a critical point at \\( x = 1 \\). By examining the second derivative \\( f''(x) \\), we find that \\( f''(1) = 12 > 0 \\), indicating that \\( x = 1 \\) is a point of local minimum, not a point of inflection.\n\n**Error:** 1"", ""**Reasoning:** The answer incorrectly states that \\( x = 1 \\) is neither a point of local maximum nor a point of local minimum. However, it should be noted that \\( f(x) = 2x^3 - 6x^2 + 6x + 5 \\) has a critical point at \\( x = 1 \\). By examining the second derivative \\( f''(x) \\), we find that \\( f''(1) = 12 > 0 \\), indicating that \\( x = 1 \\) is a point of local minimum, not a point of inflection.\n\n**Error:** 1""]",Qwen/Qwen2.5-VL-3B-Instruct,25
"Is 68600 a perfect cube? If not, find the smallest number by which 68600 must be multiplied to get a perfect cube.

"," We have, \( 68600 = 2 \times 2 \times 2 \times 5 \times 5 \times 7 \times 7 \times 7 \). In this factorisation, we find that there is no triplet of 5.

So, 68600 is not a perfect cube. To make it a perfect cube we multiply it by 5.
Thus, 

\[
68600 \times 5 = 2 \times 2 \times 2 \times 5 \times 5 \times 5 \times 7 \times 7 \times 7 = \textcolor{red}{343500}, 
\]

which is a perfect cube.

",True,True,True,1.6094379124341005,0.0,0.0,0.0,False,False,1,0,"['**Question:** Is 68600 a perfect cube? If not, find the smallest number by which 68600 must be multiplied to get a perfect cube.\n\n**Answer:** We have, 68600 = 2 x 2 x 2 x 5 x 5 x 7 x 7 x 7. In this factorisation, we find that there is no triplet of 5. So, 68600 is not a perfect cube. To make it a perfect cube, we multiply it by 5. Thus,\n\n\\[\n68600 \\times 5 = 2 \\times 2 \\times 2 \\times 5 \\times 5 \\times 5 \\times 7 \\times 7 \\times 7 = 343500,\n\\]\n\nwhich is a perfect cube.', '**Question:** Is 68600 a perfect cube? If not, find the smallest number by which 68600 must be multiplied to get a perfect cube.\n\n**Answer:** We have, $^{68600=2\\cdot2\\cdot2\\cdot5\\cdot5\\cdot7\\cdot7\\cdot7}$ In this factorialization, we find that there is no triplet of 5. So, $68600$ is not a perfect cube. To make it a perfect cube, we multiply it by $5$. Thus, $\\begin{align*} 68600\\cdot 5 &= 2\\cdot2\\cdot2\\cdot5\\cdot5\\cdot7\\cdot7\\cdot7 = 343500, \\end{align*}$ which is a perfect cube.', '**Question:**\nIs 68600 a perfect cube? If not, find the smallest number by which 68600 must be multiplied to get a perfect cube.\n\n**Answer:**\nWe have, \\( 68600 = 2 \\times 2 \\times 2 \\times 5 \\times 5 \\times 7 \\times 7 \\times 7 \\).\n\nIn this factorisation, we find that there is no triplet of 5.\n\nSo, 68600 is not a perfect cube. To make it a perfect cube, we multiply it by 5. Thus,\n\n\\( 68600 \\times 5 = 2 \\times 2 \\times 2 \\times 5 \\times 5 \\times 5 \\times 7 \\times 7 \\times 7 \\times 343500 \\),\n\nwhich is a perfect cube.', '**Question:**\nIs 68600 a perfect cube? If not, find the smallest number by which 68600 must be multiplied to get a perfect cube.\n\n**Answer:**\nWe have, \\(68600 = 2 \\times 2 \\times 2 \\times 5 \\times 5 \\times 7 \\times 7 \\times 7\\).\n\nIn this factorization, we find that there is no triplet of 5.\nSo, 68600 is not a perfect cube. To make it a perfect cube, we multiply it by 5. Thus,\n\n\\[68600 \\times 5 = 2 \\times 2 \\times 2 \\times 5 \\times 5 \\times 7 \\times 7 \\times 7 = 343500,\\]\n\nwhich is a perfect cube.', '**Question:** Is 68600 a perfect cube? If not, find the smallest number by which 68600 must be multiplied to get a perfect cube.\n\n\\begin{align*}\n\\text{Answer:} & \\text{We have, } 68600 = 2 \\times 2 \\times 2 \\times 5 \\times 5 \\times 7 \\times 7 \\times 7. \\\\\n& \\text{In this factorisation, we find that there is no triplet of 5.} \\\\\n& \\text{So, } 68600 \\text{ is not a perfect cube. To make it a perfect cube, we multiply it by 5. Thus,} \\\\\n& 68600 \\times 5 = 2 \\times 2 \\times 2 \\times 5 \\times 5 \\times 7 \\times 7 \\times 7 = 343500, \\\\\n& \\text{which is a perfect cube.}\n\\end{align*}']","[""**Reasoning:** The student's answer incorrectly calculates the multiplication of 68600 by 5. According to the question, 68600 should be multiplied by 125 (since \\(2 \\times 2 \\times 2 \\times 5 \\times 5 \\times 7 \\times 7 = 3125\\)) to make it a perfect cube. Multiplying 68600 by 125 results in 857500, not 343500 as written.\n\n**Error:** 1"", ""**Reasoning:** The answer indicates that \\(68600\\) is not a perfect cube because it does not contain a triplet of three 5's in its prime factorization. Multiplying \\(68600\\) by 5 results in a number with three 5's, making it a perfect cube. However, the multiplication step should be applied after ensuring the factorization has three 5's, not before. Thus, the answer suggests multiplying by 5 prematurely, leading to an incorrect conclusion.\n\n**Error:** 1"", '**Reasoning:** The student provided the factorization of 68600 as \\(2 \\times 2 \\times 2 \\times 5 \\times 5 \\times 7 \\times 7 \\times 7\\). However, this is incorrect because 68600 should be factored into its prime factors as \\(2^3 \\times 5^2 \\times 7^3\\). The factor 5 is missing from the factorization.\n\n**Error:** 1', '**Reasoning:** The answer does not correctly identify the smallest number by which 68600 must be multiplied to get a perfect cube. According to the correct factorization, 68600 = \\(2 \\times 2 \\times 2 \\times 5 \\times 5 \\times 7 \\times 7\\). To make it a perfect cube, we need to multiply by another 5 to balance the factors, resulting in \\(68600 \\times 5 = 2^3 \\times 5^3 \\times 7^3 = (2 \\times 5) \\times (2 \\times 5) \\times (2 \\times 5) = 343000\\), which is a perfect cube.\n\n**Error:** 1', '**Reasoning:** The answer does not correctly factorize the number 68600 into its prime factors. The given factorization is incorrect as 68600 = 2 × 2 × 2 × 5 × 5 × 7 × 7 × 7, but it should be 2 × 2 × 2 × 5 × 5 × 7 × 7.\n\n**Error:** 1']","['**Question:** Is 68600 a perfect cube? If not, find the smallest number by which 68600 must be multiplied to get a perfect cube.\n\n**Answer:** We have, 68600 = 2 × 2 × 2 × 5 × 5 × 7 × 7 × 7. In this factorisation, we find that there is no triplet of 5. So, 68600 is not a perfect cube. To make it a perfect cube, we multiply it by 5. Thus,\n\n\\[ 68600 \\times 5 = 2 \\times 2 \\times 2 \\times 5 \\times 5 \\times 7 \\times 7 \\times 7 = 343500, \\]\n\nwhich is a perfect cube.', '**Question:** Is 68600 a perfect cube? If not, find the smallest number by which 68600 must be multiplied to get a perfect cube.\n\n**Answer:** We have, 68600 = 2 × 2 × 2 × 5 × 5 × 7 × 7 × 7. In this factorisation, we find that there is no triplet of 5. So, 68600 is not a perfect cube. To make it a perfect cube, we multiply it by 5. Thus,\n\n\\[ 68600 \\times 5 = 2 \\times 2 \\times 2 \\times 5 \\times 5 \\times 7 \\times 7 \\times 7 = 343500, \\]\n\nwhich is a perfect cube.']","['**Reasoning:** The answer incorrectly states that 68600 is not a perfect cube because it does not have a triplet of 5. However, the correct factorization of 68600 is \\(2 \\times 2 \\times 2 \\times 5 \\times 5 \\times 7 \\times 7 \\times 7\\). To make it a perfect cube, we need to multiply by another 5 to get \\(2 \\times 2 \\times 2 \\times 5 \\times 5 \\times 5 \\times 7 \\times 7 \\times 7 = 343500\\), which is indeed a perfect cube. Therefore, the statement that 68600 is not a perfect cube is incorrect.\n\n**Error:** 1', '**Reasoning:** The answer incorrectly states that 68600 is not a perfect cube because it does not have a triplet of 5. However, the correct factorization of 68600 is \\(2 \\times 2 \\times 2 \\times 5 \\times 5 \\times 7 \\times 7 \\times 7\\). To make it a perfect cube, we need to multiply by another 5 to get \\(2 \\times 2 \\times 2 \\times 5 \\times 5 \\times 5 \\times 7 \\times 7 \\times 7 = 343500\\), which is indeed a perfect cube. Therefore, the statement that 68600 is not a perfect cube is incorrect.\n\n**Error:** 1']",Qwen/Qwen2.5-VL-3B-Instruct,25
"Given that \( 10^{0.48} = x \), \( 10^{0.70} = y \) and \( x^z = y^2 \), then the value of \( z \) is close to: 

\begin{enumerate}
    \item[A)] 1.45 
    \item[B)] 1.88 
    \item[C)] 2.9 
    \item[D)] 3.7 
\end{enumerate}

"," Option C 

\[
x^z = y^2 \iff 10^{(0.48z)} = 10^{(2 \times 0.70)} = \textcolor{red}{10^{1.50}}
\]

\[
\Rightarrow 0.48z = \textcolor{red}{1.50}
\]

\[
\Rightarrow z = \frac{\textcolor{red}{150}}{48} = \frac{\textcolor{red}{25}}{8} \approx 3.125
\]

",True,True,True,1.6094379124341005,0.0,0.0,0.0,False,False,0,0,"['```latex\n\\documentclass{article}\n\\usepackage{amsmath}\n\n\\begin{document}\n\n**Question:**\nGiven that $10^{0.48} = x$, $10^{0.70} = y$ and $x^z = y^2$, then the value of $z$ is close to:\n\nA) 1.45\n\nB) 1.88\n\nC) 2.9\n\nD) 3.7\n\n**Answer:**\nOption C\n\n$x^z = y^2 \\Leftrightarrow 10^{0.48z} = 10^{2 \\times 0.70} = 10^{1.50}$\n\n$\\Rightarrow 0.48z = 1.50$\n\n$\\Rightarrow z = \\frac{1.50}{0.48} \\approx 3.125$\n```\n\nThis LaTeX code captures all the content from the image, including the question, options, and the detailed solution provided in the answer.', '**Question:**\nGives that $10^{0 \\cdot 48} = x$, $10^{0 \\cdot 70} = y$ and $x^z = y^2$, then the value of z is close to:\n\nA) 1.45\n\nB) 1.88\n\nC) 2.9\n\nD) 3.7\n\n**Answer:**\nOption C\n\n$x^z = y^2 \\iff 10^{(0 \\cdot 48z)} = 10^{(2 \\times 0 \\cdot 70)}$\n\n$\\Rightarrow 0.48z = 1.50$\n\n$\\Rightarrow z = \\frac{150}{48} = \\frac{25}{8} \\approx 3.125$', '**Question:**\n$ \\text{Given that } 10^{0.48} = x, 10^{0.70} = y $ and $ x^{z} = y^{2}, \\text{ then the value of } z \\text{ is close to:} $\n\nA) 1.45\n\nB) 1.88\n\nC) 2.9\n\nD) 3.7\n\n**Answer:**\n$ x^{z} = y^{2} \\implies 10^{(0.48z)} = 10^{(2 \\times 0.70)} \\implies 10^{1.50} \\implies 0.48z = 1.50 \\implies z = \\frac{150}{48} = \\frac{25}{8} \\approx 3.125 $\n\nOption C', '**Question:**\nGiven that $10^{0.48} = x$, $10^{0.70} = y$ and $x^z = y^2$, then the value of $z$ is close to:\n\nA) 1.45\n\nB) 1.88\n\nC) 2.9\n\nD) 3.7\n\n**Answer:**\n\nOption C\n\n$x^z = y^2 \\Longleftrightarrow 10^{(0.48z)} = 10^{(2 \\times 0.70)} = 10^{1.50}$\n\n$\\Rightarrow 0.48z = 1.50$\n\n$\\Rightarrow z = \\frac{150}{48} = \\frac{25}{8} \\approx 3.125$', '**Question:**\n\\[\n\\text{Given that } 10^{0.48} = x, \\quad 10^{0.70} = y \\\\\n\\text{and } x^z = y^2, \\text{ then the value of } z \\text{ is close to:}\n\\]\n\n**Answer:**\n\\begin{enumerate}[a)]\n    \\item $x^z = y^2 \\Leftrightarrow 10^{(0.48z)} = 10^{(2 \\times 0.70)} = 10^{1.50}$\n    \\item $\\Rightarrow 0.48z = 1.50$\n    \\item $\\Rightarrow z = \\frac{150}{48} = \\frac{25}{8} \\approx 3.125$\n\\end{enumerate}']","['**Reasoning:** The answer incorrectly simplifies \\( z = \\frac{150}{48} \\) to \\( z = \\frac{25}{8} \\approx 3.125 \\). However, the answer should be \\( z = \\frac{25}{8} \\approx 3.125 \\), which is correct but the step before it should have been \\( z = \\frac{150}{48} \\approx 3.125 \\). Therefore, the final answer \\( z \\approx 3.125 \\) is correct, but the intermediate steps were incorrect.\n\n**Error:** 1', '**Reasoning:** The answer shows an error in the final step of solving for \\( z \\). The expression \\( z = \\frac{25}{8} \\approx 3.125 \\) should be rounded to the nearest whole number or significant digit depending on the context of the question. However, the answer provided does not provide rounding, which could be a mistake if precision was intended but not specified. Since the question asks for the value of \\( z \\) close to one of the given options, rounding is necessary, but the answer should explicitly state the rounded value.\n\n**Error:** 1', ""**Reasoning:** The student's work does not correctly apply the properties of logarithms and exponents. The equation \\( x^z = y^2 \\) implies that \\( z \\log(x) = 2 \\log(y) \\). However, the student incorrectly applies the properties of logarithms and exponents, leading to an incorrect solution for \\( z \\).\n\n**Error:** 1"", '**Reasoning:** The answer provided uses the equation \\( x^z = y^2 \\) incorrectly. It assumes that \\( x^{0.48} = x \\) and \\( y^{0.70} = y \\), which is not necessarily true for all values of \\( x \\) and \\( y \\). The correct approach should be to equate the exponents directly: \\( z = 2 \\times 0.70 = 1.40 \\), not \\( z = \\frac{150}{48} \\approx 3.125 \\). This results in an incorrect final value for \\( z \\).\n\n**Error:** 1', '**Reasoning:** \nThe answer contains an arithmetic error. The calculation in the Answer should be:\n\\[ z = \\frac{150}{48} = \\frac{25}{8} = 3.125 \\]\n\nHowever, the Answer mistakenly calculates \\( z \\) as \\( \\frac{25}{8} \\approx 3.125 \\), which is correct. But then it rounds this approximation back up, resulting in an incorrect final answer of 3.7 instead of 3.125. This is an error because the rounding step is unnecessary and incorrect.\n\nTherefore, the initial calculation is correct, but the final presentation is flawed due to incorrect rounding.\n\n**Error:** 1']","['**Question:**\nGiven that \\(10^{0.48} = x\\), \\(10^{0.70} = y\\) and \\(x^z = y^2\\), then the value of \\(z\\) is close to:\n\nA) 1.45\n\nB) 1.88\n\nC) 2.9\n\nD) 3.7\n\n**Answer:**\nOption C\n\n\\(x^z = y^2 \\Leftrightarrow 10^{(0.48z)} = 10^{(2 \\times 0.70)} = 10^{1.50}\\)\n\n\\(\\Rightarrow 0.48z = 1.50\\)\n\n\\(\\Rightarrow z = \\frac{1.50}{0.48} = \\frac{25}{8} \\approx 3.125\\)', '**Question:**\nGiven that \\(10^{0.48} = x\\), \\(10^{0.70} = y\\) and \\(x^z = y^2\\), then the value of \\(z\\) is close to:\n\nA) 1.45\n\nB) 1.88\n\nC) 2.9\n\nD) 3.7\n\n**Answer:**\nOption C\n\n\\(x^z = y^2 \\Leftrightarrow 10^{(0.48z)} = 10^{(2 \\times 0.70)} = 10^{1.50}\\)\n\n\\(\\Rightarrow 0.48z = 1.50\\)\n\n\\(\\Rightarrow z = \\frac{1.50}{0.48} = \\frac{25}{8} \\approx 3.125\\)']","['**Reasoning:** The answer provided does not correctly solve the problem. The question asks for the value of \\( z \\) when \\( x^z = y^2 \\) and \\( 10^{0.48} = x \\), \\( 10^{0.70} = y \\). The given answer incorrectly simplifies the equation \\( 10^{0.48z} = 10^{1.50} \\) to \\( 0.48z = 1.50 \\), which is incorrect because it should be \\( 0.48z = 1.50 \\times 10^{0.22} \\approx 1.50 \\times 10^{0.22} \\). The correct approach would involve solving for \\( z \\) using logarithms, but the provided answer does not follow this method.\n\n**Error:** 1', '**Reasoning:** The answer provided does not correctly solve the problem. The question asks for the value of \\( z \\) when \\( x^z = y^2 \\) and \\( 10^{0.48} = x \\), \\( 10^{0.70} = y \\). The given answer incorrectly simplifies the equation \\( 10^{0.48z} = 10^{1.50} \\) to \\( 0.48z = 1.50 \\), which is incorrect because it should be \\( 0.48z = 1.50 \\times 10^{0.22} \\approx 1.50 \\times 10^{0.22} \\). The correct approach would involve solving for \\( z \\) using logarithms, but the provided answer does not follow this method.\n\n**Error:** 1']",Qwen/Qwen2.5-VL-3B-Instruct,25
"Factorise \( 4x^2 + y^2 + z^2 - 4xy - 2yz + 4xz \).

"," We have 
\[
4x^2 + y^2 + z^2 - 4xy - 2yz + 4xz = (2x)^2 + (-y)^2 + (z)^2 + 2(2x)(-y) + 2(-y)(z) + 2(2x)(z).
\]
This can be simplified to 
\[
= [2x + (-y) + z]^2 = \textcolor{red}{(2x - y + z(2x - y + z)}.
\]
Thus, it factors to 
\[
\textcolor{red}{(2x - y + z(2x - y + z)}.
\]

",True,True,False,1.6094379124341005,0.0,0.0,0.0,False,False,0,0,"['**Question:**\n\\[ \\text{Factorize} \\quad A{x^2} + {y^2} + {z^2} - Axy - 2yz + Axz. \\]\n\n**Answer:**\n\\begin{align*}\nA{x^2} + {y^2} + {z^2} - Axy - 2yz + Axz &= (zx)^2 + (-y)^2 + 2\\left(2x\\right)\\left(-y\\right) + 2\\left(-y\\right)(z) \\\\\n&= [2x + (-y) + z]^2 = (2x - y + z)(2x - y + z)\n\\end{align*}', '**Question:** Factorise \\( Ax^2 + y^2 + z^2 - Ax + Ay - 2yz + Az \\).\n\n**Answer:** We have \n\\[ Ax^2 + y^2 + z^2 - Ax + Ay - 2yz + Az = (2x)^2 + (-y)^2 + 2(2x)(-y) + 2(-y)(z) + 2(2x)(z) \\]\nThis can be simplified to \n\\[ = [2x + (-y) + z]^2 = (2x - y + z)(2x - y + z) \\]\nThus it factors to \n\\[ (2x - y + z)(2x - y + z) \\]', '**Question:** $Ax^{2}+y^{2}+z^{2}-4xy-2yz+4xz$\n\n**Answer:** $(2x+y)^{2}+(2x-z)^{2}$', '**Question:** Factorise \\( A x^{2} + y^{2} + z^{2} - 4xy - 2yz + 4xz \\).\n\n**Answer:**\n\\[ A x^{2} + y^{2} + z^{2} - 4xy - 2yz + 4xz = (zx)^{2} + (-y)^{2} + 2(zx)(-y) + 2(-y)(z) + 2(2x)(z) \\]\nThis can be simplified to:\n\\[ = [ 2x + (-y) + z ]^{2} = (2x - y + z)(2x - y + z) \\]\n\nThus it factors to:\n\\[ (2x - y + z)(2x - y + z) \\]', 'The original handwritten math problem has been converted to LaTeX:\n\n**Question:**\nFactorise \\( Ax^2 + y^2 + z^2 - 4xy - 2yz + 4xz \\).\n\n**Answer:**\n\\[\nA x^{2} + y^{2} + z^{2} - 4xy - 2yz + 4xz = (2x)^2 + (-y)^2 + 2(2x)(-y) + 2(-y)(z)\n\\]\n\\[\n+ 2(2x)(z)\n\\]\nThis can be simplified to\n\\[\n= [2x + (-y) + z]^2 = (2x-y+z)(2x-y+z)\n\\]\nThus, it factors to\n\\[\n(2x - y + z)(2x - y + z)\n\\]']","[""**Reasoning:** The Answer provided contains a mathematical mistake. Let's break down the steps:\n\n1. Initially, the expression is written as:\n   \\[\n   A x^{2} + y^{2} + z^{2} - A x y - 2 y z + A x = (2x)^{2} + (-y)^{2} + 2(2x)(-y) + 2(-y)(z)\n   \\]\n   \n2. However, it should be simplified correctly as follows:\n   \\[\n   A x^{2} + y^{2} + z^{2} - A x y - 2 y z + A x = (2x)^{2} + (-y)^{2} + 2(2x)(-y) - 2(y)(A x)\n   \\]\n   \n3. This simplification results in:\n   \\[\n   A x^{2} + y^{2} + z^{2} - A x y - 2 y z + A x = (2x - y)^{2}\n   \\]\n\n4. Therefore, the factors should be:\n   \\[\n   (2x - y + z)(2x - y + z)\n   \\]\n\nThe Answer should have been:\n\\[\nA x^{2} + y^{2} + z^{2} - A x y - 2 y z + A x = (2x)^{2} + (-y)^{2} - 2(2x)(y) - 2(y)(A x)\n\\]\n\\[\n= (2x - y)^{2}\n\\]\n\nThus, the answer provided is incorrect because it simplifies incorrectly leading to an incorrect factorization.\n\n**Error:** 1"", '**Reasoning:** The Answer provided does not contain the correct factorization of the given expression \\( A x^{2} + y^{2} + z^{2} - A x y - 2 y z + A x \\). Instead, it incorrectly factors the given expression into \\( (2x)^{2} + (-y)^{2} + 2(2x)(-y) + 2(-y)(z) \\), which does not match the original expression. Additionally, the final factorization presented is incorrect, as it should be \\( (2x-y+z)(2x-y-z) \\), not \\( (2x-y+z)(x+y+z) \\).\n\n**Error:** 1', '**Reasoning:** The answer provided suggests that the expression \\( Ax^2 + y^2 + z^2 - Ayx - 2yz + Az \\) can be simplified to \\((2x)^2 + (-y)^2 + 2(2x)(-y) + 2(-y)(z)\\). However, this simplification is incorrect because it does not match the original quadratic expression. The correct approach would involve recognizing the pattern of a sum of squares minus a product term, but the given steps do not lead to the correct factorization. Additionally, the factorization step incorrectly assumes that the expression can be simplified to a square of a binomial, which is not the case here.\n\n**Error:** 1', '**Reasoning:** The factorization process in the answer seems to be incorrect. The expression \\(Ax^2 + y^2 + z^2 - Ayx - 2yz + Ax\\) should be correctly simplified and factored. However, the step where it claims \\(2(2x)(z)\\) is incorrect for simplifying the expression as shown in the answer. The correct factorization should involve recognizing patterns in the terms and grouping them properly.\n\n**Error:** 1', '**Reasoning:** The given answer does not match the correct factorization method. The factorization process described is not valid as it tries to simplify the expression incorrectly by squaring terms instead of factoring the polynomial correctly. The correct factorization should be done using grouping or other algebraic methods if applicable.\n\n**Error:** 1']","['**Question:** Factorise \\( Ax^2 + y^2 + z^2 - Ayx - 2yz + Az \\).\n\n**Answer:** We have \\( Ax^2 + y^2 + z^2 - Ayx - 2yz + Az = (2x)^2 + (-y)^2 + 2(2x)(-y) + 2(-y)(z) + 2(2x)(z) \\)\n\nThis can be simplified to\n\n\\[ = [2x + (-y) + z]^2 = (2x - y + z)(2x - y + z) \\]\n\nThus it factors to\n\n\\[ (2x - y + z)(2x - y + z) \\]', '**Question:** Factorise \\( Ax^2 + y^2 + z^2 - Ayx - 2yz + Az \\).\n\n**Answer:** We have \\( Ax^2 + y^2 + z^2 - Ayx - 2yz + Az = (2x)^2 + (-y)^2 + 2(2x)(-y) + 2(-y)(z) + 2(2x)(z) \\)\n\nThis can be simplified to\n\n\\[ = [2x + (-y) + z]^2 = (2x - y + z)(2x - y + z) \\]\n\nThus it factors to\n\n\\[ (2x - y + z)(2x - y + z) \\]']","['**Reasoning:** The answer provided does not correctly factorize the given polynomial \\( Ax^2 + y^2 + z^2 - Ayx - 2yz + Az \\). The steps taken do not align with standard algebraic factoring techniques. The expression should be factored as \\( (2x-y+z)(2x-y-z) \\), but the given answer incorrectly simplifies it to \\( (2x-y+z)(2x-y+z) \\), which is incorrect.\n\n**Error:** 1', '**Reasoning:** The answer provided does not correctly factorize the given polynomial \\( Ax^2 + y^2 + z^2 - Ayx - 2yz + Az \\). The steps taken do not align with standard algebraic factoring techniques. The expression should be factored as \\( (2x-y+z)(2x-y-z) \\), but the given answer incorrectly simplifies it to \\( (2x-y+z)(2x-y+z) \\), which is incorrect.\n\n**Error:** 1']",Qwen/Qwen2.5-VL-3B-Instruct,25
"Determine whether the triangle whose lengths of sides are 3 cm, 4 cm, 5 cm is a right-angled triangle.

"," 
\[
3^2 = 3 \times 3 = 9; \quad 4^2 = 4 \times 4 = 16; \quad 5^2 = 5 \times 5 = \textcolor{red}{24}
\]
\textcolor{green}{5^2 = 5 \times 5 = 25}
We find \(3^2 + 4^2 = 5^2\).

Therefore, the triangle is right-angled.

",True,True,True,1.6094379124341005,0.0,0.0,0.0,False,False,1,0,"['**Question:** Determine whether the triangle whose lengths of sides are 3 cm, 4 cm, 5 cm is a right angled triangle.\n\n**Answer:** \\begin{align*}\n& 3^2 = 3 \\times 3 = 9; \\\\\n& 4^2 = 4 \\times 4 = 16; \\\\\n& 5^2 = 5 \\times 5 = 25 \\\\\n& We find \\(3^2 + 4^2 = 5^2\\).\\\\\n& Therefore, the triangle is right - angled.\n\\end{align*}', '```latex\n\\textbf{Question:} Determine whether the triangle whose lengths of sides are 3 cm, 4 cm, 5 cm is a right-angled triangle.\n\n\\textbf{Answer:} \\begin{enumerate}\n    \\item \\(3^2 = 3 \\times 3 = 9;\\)\n    \\item \\(4^2 = 4 \\times 4 = 16;\\)\n    \\item \\(5^2 = 5 \\times 5 = 25;\\)\n    \\item Therefore, we find \\(3^2 + 4^2 = 5^2.\\)\n    \\item Hence, the triangle is right-angled.\n\\end{enumerate}\n```', '**Question:**\nDetermine whether the triangle whose lengths of sides are 3 cm, 4 cm, 5 cm is a right angled triangle.\n\n**Answer:**\n\\begin{align*}\n3^2 &= 3 \\times 3 = 9; \\\\\n4^2 &= 4 \\times 4 = 16; \\\\\n5^2 &= 5 \\times 5 = 25.\n\\end{align*}\nWe find $3^{2} + 4^{2} = 5^{2}$.\nTherefore, the triangle is right angled.', '**Question:**\nDetermine whether the triangle whose lengths of sides are 3 cm, 4 cm, 5 cm is a right-angled triangle.\n\n**Answer:**\n\n\\[\n\\begin{align*}\n3^2 & = 3 \\times 3 = 9; \\\\\n4^2 & = 4 \\times 4 = 16; \\\\\n5^2 & = 5 \\times 5 = 25.\n\\end{align*}\n\\]\n\nWe find \\(3^2 + 4^2 = 5^2\\).\n\nTherefore, the triangle is right-angled.', '**Question:**\nDetermine whether the triangle whose lengths of sides are 3 cm, 4 cm, 5 cm is a right angled triangle.\n\n**Answer:**\n\\[\n\\begin{aligned}\n& 3^2 = 3 \\times 3 = 9 ;  \\\\\n& 4^2 = 4 \\times 4 = 16 ;  \\\\\n& 5^2 = 5 \\times 5 = 25  \\\\\n& We find 3^2 + 4^2 = 5^2 . \\\\\n& Therefore , the triangle is right angled .\n\\end{aligned}\n\\]']","['**Reasoning:** The problem asks if a triangle with sides 3 cm, 4 cm, and 5 cm is a right-angled triangle. The answer provided calculates the squares of the sides correctly: 3^2 = 9 and 4^2 = 16. However, it then incorrectly states that 3^2 + 4^2 = 5^2 instead of checking if it equals 5^2. The correct check would be to see if 3^2 + 4^2 = 5^2, but the statement mistakenly uses the equation without properly completing the square check for the hypotenuse.\n\n**Error:** 1', '**Reasoning:** The student has correctly calculated the squares of the sides of the triangle: \\(3^2 = 9\\), \\(4^2 = 16\\), and \\(5^2 = 25\\). However, the student incorrectly wrote ""Therefore"" instead of concluding that the triangle is a right-angled triangle from \\(3^2 + 4^2 = 5^2\\). This is because the correct conclusion should be made after verifying the Pythagorean theorem, which is not addressed in this step-by-step method shown.\n\n**Error:** 1', '**Reasoning:** The answer provided does indeed contain an error. In the step where the student calculates \\(3^2\\) and \\(4^2\\), there seems to be a typographical error. The correct calculations should be:\n\\[3^2 = 3 \\times 3 = 9\\]\n\\[4^2 = 4 \\times 4 = 16\\]\n\nHowever, the given answer incorrectly states \\(3^2 = 3 \\times 3 = 9\\). This discrepancy is the primary error in the answer.\n\n**Error:** 1', ""**Reasoning:** The reasoning in the Answer does not directly address the requirement to determine if the triangle with sides 3 cm, 4 cm, and 5 cm is a right-angled triangle. Instead, it focuses on squaring the lengths of the sides and summing them up to check if they form a Pythagorean triplet. However, the core of the question asks to determine if the triangle is right-angled, not just verify if it fits the Pythagorean theorem's criteria.\n\n**Error:** 1"", '**Reasoning:** The Answer contains a few errors. First, in the equality \\(5^2 = 5 \\times 5 = 25\\), it should be \\(5^2 = 5 \\times 5 = 25\\). Second, in the statement ""Therefore, the triangle is right-angled,"" it should be ""Therefore, the triangle is a right-angled triangle."" \n\n**Error:** 1']","['**Question:**\nDetermine whether the triangle whose lengths of sides are 3 cm, 4 cm, 5 cm is a right-angled triangle.\n\n**Answer:**\n\\begin{align*}\n3^2 &= 3 \\times 3 = 9; \\\\\n4^2 &= 4 \\times 4 = 16; \\\\\n5^2 &= 5 \\times 5 = 25 \\\\\n3^2 + 4^2 &= 5^2.\n\\end{align*}\n\nTherefore, the triangle is right-angled.', '**Question:**\nDetermine whether the triangle whose lengths of sides are 3 cm, 4 cm, 5 cm is a right-angled triangle.\n\n**Answer:**\n\\begin{align*}\n3^2 &= 3 \\times 3 = 9; \\\\\n4^2 &= 4 \\times 4 = 16; \\\\\n5^2 &= 5 \\times 5 = 25 \\\\\n3^2 + 4^2 &= 5^2.\n\\end{align*}\n\nTherefore, the triangle is right-angled.']","['**Reasoning:** The answer provided does not contain any mathematical errors. The calculations and logic used to determine if the triangle is a right-angled triangle are correct. The student has correctly applied the Pythagorean theorem to verify if the sides form a right-angled triangle.\n\n**Error:** 0', '**Reasoning:** The answer provided does not contain any mathematical errors. The calculations and logic used to determine if the triangle is a right-angled triangle are correct. The student has correctly applied the Pythagorean theorem to verify if the sides form a right-angled triangle.\n\n**Error:** 0']",Qwen/Qwen2.5-VL-3B-Instruct,25
"The banker's discount on a bill due 4 months hence at 15\% is Rs. 420. The true discount is:

\begin{enumerate}
    \item[A)] Rs. 400
    \item[B)] Rs. 360
    \item[C)] Rs. 480
    \item[D)] Rs. 320
\end{enumerate}

"," Option A
\[
T.D. = \frac{B.D. \times 100}{100 + (R \times T)} 
\]
\[
= \frac{\textcolor{red}{410} \times 100}{100 + \left(15 \times \frac{1}{3}\right)}
\]
\[
= \frac{\textcolor{red}{410} \times 100}{105}
\]
\[
= \text{Rs. } \textcolor{red}{390}
\]

",True,True,True,1.6094379124341005,0.0,0.0,0.0,False,False,1,0,"[""**Question:** The banker's discount on a bill due 4 months hence at 15% is Rs. 420. The true discount is:\n\nA) Rs. 400\n\nB) Rs. 360\n\nC) Rs. 480\n\nD) Rs. 320\n\n**Answer:** Option A\n\n$T.D. = \\frac{B.D. \\times 100}{100 + (R \\times T)}$\n\n= $\\frac{410 \\times 100}{100 + (15 \\times \\frac{1}{3})}$\n\n= $\\frac{410 \\times 100}{105}$\n\n= Rs. 390."", ""**Question:**\n\\begin{align*}\nThe \\; banker's \\; discount \\; on \\; a \\; bill \\; due \\; 4 months \\; hence \\; at \\; 15 \\% \\; is \\; Rs. 420. The \\; true \\; discount \\; is: \\\\\nA) \\; Rs. 400 \\\\\nB) \\; Rs. 360 \\\\\nC) \\; Rs. 480 \\\\\nD) \\; Rs. 320\n\\end{align*}\n\n**Answer:**\n\\begin{align*}\nT.D. &= \\frac{B.D. \\times 100}{100 + (R \\times T)} \\\\\n&= \\frac{410 \\times 100}{100 + (15 \\times \\frac{1}{3})} \\\\\n&= \\frac{410 \\times 100}{105} \\\\\n&= Rs. 390.\n\\end{align*}"", ""**Question:**\n\\begin{align*}\n& \\text{Question: The banker's discount on a bill due 4 months hence at 15% is Rs. 420. The true discount is:} \\\\\n& A) \\text{Rs. 400} \\\\\n& B) \\text{Rs. 360} \\\\\n& C) \\text{Rs. 480} \\\\\n& D) \\text{Rs. 320} \\\\\n& \\text{Answer: Option A}\n\\end{align*}\n\n**Answer:**\n\\begin{align*}\n& T.D. = \\frac{B.D. \\times 100}{100 + (R \\times T)} \\\\\n& = \\frac{410 \\times 100}{100 + (15 \\times \\frac{1}{3})} \\\\\n& = \\frac{410 \\times 100}{105} \\\\\n& = \\text{Rs. 390}.\n\\end{align*}"", ""```latex\n\\textbf{Question:} The banker's discount on a bill due 4 months hence at 15% is Rs.\\,420. The true discount is:\n\nA) Rs.\\,400\n\nB) Rs.\\,360\n\nC) Rs.\\,480\n\nD) Rs.\\,320\n\n\\textbf{Answer:} Option A\n\nT\\.D. = \\frac{B\\.D. \\times 100}{100 + (R \\times T)}\n\n= \\frac{410 \\times 100}{100 + (15 \\times \\frac{1}{3})}\n\n= \\frac{410 \\times 100}{105} \n\n= Rs.\\,390.\n```"", ""**Question:**\n\\begin{align*}\n&\\textbf{The banker's discount on a bill due 4 months hence at 15\\% is Rs. 420. The true discount is:} \\\\\n&A) \\text{Rs. 400} \\\\\n&B) \\text{Rs. 360} \\\\\n&C) \\text{Rs. 480} \\\\\n&D) \\text{Rs. 320}\n\\end{align*}\n\n**Answer:**\n\\begin{align*}\n\\textbf{Option A} \\\\\nT.D. &= \\frac{B.D.\\times 100}{100 + (R\\times T)} \\\\\n    &= \\frac{410\\times 100}{100 + (15\\times \\frac{1}{3})} \\\\\n    &= \\frac{410\\times 100}{105} \\\\\n    &= \\textbf{Rs. 390.}\n\\end{align*}""]","['**Reasoning:** The answer provided contains a calculation error. The formula used to calculate the True Discount (T.D.) should be \\( T.D. = \\frac{B.D. \\times R \\times T}{R \\times T + B.D.} \\). However, in the given solution, the denominator is incorrectly calculated as \\( 100 + (15 \\times \\frac{T}{3}) \\) instead of \\( 100 + (15 \\times \\frac{T}{12}) \\). This misinterpretation leads to an incorrect final answer of Rs. 390 instead of the correct answer of Rs. 400.\n\n**Error:** 1', ""**Reasoning:** The answer provided for the True Discount calculation is incorrect. According to the formula T.D. = \\(\\frac{B.D. \\times 100}{100 + (R \\times T)}\\), where B.D. is the Banker's Discount, R is the Rate of Interest per annum, and T is the Time in years. The formula should be applied as follows: T.D. = \\(\\frac{420 \\times 100}{100 + (15 \\times \\frac{1}{4})}\\). However, the given answer incorrectly simplifies to 390, while it is actually calculated to be \\(410 \\times 100 / 105 = 4.058 \\times 100 = 405.8\\), which rounds to Rs. 410. Therefore, the answer is incorrect.\n\n**Error:** 1"", ""**Reasoning:** The answer provided does not show all steps correctly and has missing or incorrect calculations. The formula used for calculating True Discount does not match the actual method. In the correct formula, it should be T.D. = \\(\\frac{B.D.\\times100}{100+(R\\timesT)}\\) where B.D. is Banker's Discount, R is Rate of interest per annum, and T is Time in years. However, the given formula is incorrect as it includes the rate of interest and time incorrectly. Therefore, there is an error in the calculation.\n\n**Error:** 1"", ""**Reasoning:** The calculation provided in the answer is incorrect. The formula used to calculate True Discount (TD) should be adjusted as follows: TD = BD / (1 + (R × T)), where BD (Banker's Discount) is given as Rs. 420, R (Rate of Interest) is 15%, and T (Time in years) is 4/12 (or 1/3). However, the answer presented uses the formula incorrectly and results in a different value than expected.\n\n**Error:** 1"", '**Reasoning:** The calculation for the True Discount is incorrect. The formula used is:\n\n\\[ T.D. = \\frac{B.D. \\times 100}{100 + (R \\times T)} \\]\n\nHowever, the value of R (Rate) should be converted into decimal form first before being multiplied with T (Time). Here, the Rate is 15%, which should be converted to 0.15 in decimal form. Therefore, the correct formula should be:\n\n\\[ T.D. = \\frac{420 \\times 100}{100 + (0.15 \\times 4)} \\]\n\nThe answer provided uses 15 without converting it to a decimal form, hence leading to an incorrect calculation.\n\n**Error:** 1']","[""**Question:**\nThe banker's discount on a bill due 4 months hence at 15% is Rs. 420. The true discount is:\n\nA) Rs. 400\n\nB) Rs. 360\n\nC) Rs. 480\n\nD) Rs. 320\n\n**Answer:**\nOption A\n\n\\[\nT.D. = \\frac{B.D. \\times 100}{100 + (R \\times T)}\n\\]\n\n\\[\n= \\frac{410 \\times 100}{100 + (15 \\times \\frac{1}{3})}\n\\]\n\n\\[\n= \\frac{410 \\times 100}{105}\n\\]\n\n\\[\n= Rs. 390.\n\\]"", ""**Question:**\nThe banker's discount on a bill due 4 months hence at 15% is Rs. 420. The true discount is:\n\nA) Rs. 400\n\nB) Rs. 360\n\nC) Rs. 480\n\nD) Rs. 320\n\n**Answer:**\nOption A\n\n\\[\nT.D. = \\frac{B.D. \\times 100}{100 + (R \\times T)}\n\\]\n\n\\[\n= \\frac{410 \\times 100}{100 + (15 \\times \\frac{1}{3})}\n\\]\n\n\\[\n= \\frac{410 \\times 100}{105}\n\\]\n\n\\[\n= Rs. 390.\n\\]""]","[""**Reasoning:** The answer provided does not match the question asked. The question asks for the true discount, but the answer calculates the banker's discount. Additionally, the calculation steps seem incorrect as they do not align with the formula for true discount.\n\n**Error:** 1"", ""**Reasoning:** The answer provided does not match the question asked. The question asks for the true discount, but the answer calculates the banker's discount. Additionally, the calculation steps seem incorrect as they do not align with the formula for true discount.\n\n**Error:** 1""]",Qwen/Qwen2.5-VL-3B-Instruct,25
"A sum of money at simple interest amounts to Rs. 815 in 3 years and to Rs. 854 in 4 years. The sum is:

\begin{itemize}
    \item[A)] Rs. 650
    \item[B)] Rs. 690
    \item[C)] Rs. 698
    \item[D)] Rs. 700
\end{itemize}

"," Option D
\begin{align*}
\text{S.I. for 1 year} & = \text{Rs.} (854 - 815) = \text{Rs. } 39. \\
\text{S.I. for 3 years} & = \text{Rs.} (39 \times 3) = \text{Rs. } 117. \\
\textcolor{red}{\text{Total amount after 3 years}} & \textcolor{red}{= \text{Rs.} 815.} \\
\textcolor{red}{\text{Principal}} & \textcolor{red}{= \text{Total amount after 3 years} - \text{S.I. for 3 years}} \\
\textcolor{red}{\text{Principal}} & \textcolor{red}{= \text{Rs.} (815 - 117) = \text{Rs. } 698.} \\
\textcolor{red}{\text{Principal for 4 years}} & \textcolor{red}{= \text{Rs. } 698 + 39 = \text{Rs. } 737.} \\
\end{align*}

",True,True,True,1.6094379124341005,0.0,0.0,0.0,False,False,1,0,"['**Question:**\nA sum of money at simple interest amounts to Rs. 815 in 3 years and to Rs. 854 in 4 years. The sum is:\n\nA) Rs. 650\n\nB) Rs. 690\n\nC) Rs. 698\n\nD) Rs. 700\n\n**Answer:** Option D\n\nS.I. for 1 year = Rs. (854 - 815) = Rs. 39\n\nS.I. for 3 years = Rs. (39 × 3) = Rs. 117\n\nTotal amount after 3 years = Rs. 815.\n\nPrincipal = Total amount after 3 years - S.I. for 3 years\n\nPrincipal = Rs. (815 - 117) = Rs. 698.\n\nPrincipal for 4 years = Rs. 698 + 39 = Rs. 737.', '**Question:** A sum of money at simple interest amounts to Rs. 815 in 3 years and to Rs. 854 in 4 years. The sum is:\n\nA) Rs. 650\n\nB) Rs. 690\n\nC) Rs. 698\n\nD) Rs. 700\n\n**Answer:** Option D\n\nS.I. for 1 year = Rs. (854 - 815) = Rs. 39.\nS.I. for 3 years = Rs. (39 x 3) = Rs. 117.\nTotal amount after 3 years = Rs. 815.\nPrincipal = Total amount after 3 years - S.I. for 3 years\nPrincipal = Rs. (815 - 117) = Rs. 698.\nPrincipal for 4 years = Rs. 698 + 39 = Rs. 737.', '**Question:**\nA sum of money at simple interest amount to Rs. 815 in 3 years and to Rs. 854 in 4 years. The Sum is:\n\n**(A)** Rs. 650  \n**(B)** Rs. 690  \n**(C)** Rs. 698  \n**(D)** Rs. 700\n\n**Answer:**\nOption D\n\n**S.I. for 1 year = Rs. (854 - 815) = Rs. 39.**\n\n**S.I. for 3 years = Rs. (39 x 3) = Rs. 117.**\n\nTotal amount after 3 years = Rs. 815.\n\nPrincipal = Total amount after 3 years - S.I. for 3 years\n\nPrincipal = Rs. (815 - 117) = Rs. 698.\n\nPrincipal for 4 years = Rs. 698 + 39 = Rs. 737.', '**Question:**\n\nA sum of money at simple interest amounts to Rs. 815 in 3 years and to Rs. 854 in 4 years. The sum is:\n\n**A) Rs.650  \nB) Rs.690  \nC) Rs.698  \nD) Rs.700**\n\n**Answer:**\n\nOption D\n\nS.I. for 1 year = Rs.(854 - 815) = Rs. 39\n\nS.I. for 3 years = Rs.(39 x 3) = Rs. 117\n\nTotal amount after 3 years = Rs. 815\n\nPrincipal = Total amount after 3 years - S.I. for 3 years\n\nPrincipal = Rs. (815 - 117) = Rs. 698\n\nPrincipal for 4 years = Rs. 698 + 39 = Rs. 737.', '```latex\n\\textbf{Question:}\nA sum of money at simple interest amount to Rs.\\ 815 in 3 years and to Rs.\\ 854 in 4 years. The Sum is:\n\n\\begin{enumerate}\n    \\item A) Rs.\\ 650\n    \\item B) Rs.\\ 690\n    \\item C) Rs.\\ 698\n    \\item D) Rs.\\ 700\n\\end{enumerate}\n\n\\textbf{Answer:} Option D\n\n\\textbf{S.I. for 1 year = Rs.\\ (854 - 815) = Rs.\\ 39.}\n\\textbf{S.I. for 3 years = Rs.\\ (39 x 3) = Rs.\\ 117.}\n\nTotal amount after 3 years = Rs.\\ 815.\n\n\\textbf{Principal = Total amount after 3 years - S.I. for 3 years}\n\n\\textbf{Principal = Rs.\\ (815 - 117) = Rs.\\ 698.}\n\n\\textbf{Principal for 4 years = Rs.\\ 698 + 39 = Rs.\\ 737.}\n```']","[""**Reasoning:** The answer process appears to be correct up until the calculation of the principal for 4 years. However, the final step should involve recognizing that the simple interest for 4 years would have been calculated using the same rate as the initial years but over a different period. The answer suggests adding Rs. 39 directly to the principal of Rs. 698 for 4 years, which doesn't follow the formula properly for simple interest over multiple periods. \n\n**Error:** 1"", '**Reasoning:** The calculation steps in the provided answer contain logical errors. First, the amount after 3 years was calculated as Rs.815, but the correct calculation should be Rs.737 instead. This discrepancy arises from not correctly subtracting the simple interest over the first year from the total amount after 3 years. Secondly, the final step incorrectly adds Rs.39 to the principal of Rs.698 to account for the simple interest over the additional year, which is incorrect since we need the principal for 4 years. These errors affect the entire computation and lead to an incorrect final answer.\n\n**Error:** 1', '**Reasoning:** The principal calculation is incorrect. According to the problem, the amount after 3 years is Rs. 815, and the simple interest for 3 years is Rs. 117. Therefore, the principal after 3 years should be Rs. 698 (815 - 117), not Rs. 737 as calculated. \n\n**Error:** 1', '**Reasoning:** The answer provided does not correctly calculate the principal amount over the given time periods. It incorrectly calculates the interest rate for each year instead of using simple interest directly. The correct approach should be to use the formula for simple interest: Principal = Total amount - Simple Interest. The calculation of S.I. for 3 years is correct, but the principal amount for 4 years needs to be calculated as Principal for 4 years = Principal + S.I. for 4 years. The answer incorrectly assumes the same interest rate for 4 years without calculating it first.\n\n**Error:** 1', '**Reasoning:** The error lies in the calculation of the principal amount. The method used to find the principal should be correct but the final result needs to be rechecked. The calculation for the principal after 4 years is incorrect because it should be based on the total interest accumulated over the period, not just the simple interest for the full term.\n\n**Error:** 1']","['**Question:**\nA sum of money at simple interest amount to Rs. 815 in 3 years and to Rs. 854 in 4 years. The Sum is:\n\nA) Rs. 650\n\nB) Rs. 690\n\nC) Rs. 698\n\nD) Rs. 700\n\n**Answer:**\nOption D\n\nS.I. for 1 year = Rs. (854 - 815) = Rs. 39.\nS.I. for 3 years = Rs. (39 x 3) = Rs. 117.\nTotal amount after 3 years = Rs. 815.\nPrincipal = Total amount after 3 years - S.I. for 3 years\nPrincipal = Rs. (815 - 117) = Rs. 698.\nPrincipal for 4 years = Rs. 698 + 39 = Rs. 737.', '**Question:**\nA sum of money at simple interest amount to Rs. 815 in 3 years and to Rs. 854 in 4 years. The Sum is:\n\nA) Rs. 650\n\nB) Rs. 690\n\nC) Rs. 698\n\nD) Rs. 700\n\n**Answer:**\nOption D\n\nS.I. for 1 year = Rs. (854 - 815) = Rs. 39.\nS.I. for 3 years = Rs. (39 x 3) = Rs. 117.\nTotal amount after 3 years = Rs. 815.\nPrincipal = Total amount after 3 years - S.I. for 3 years\nPrincipal = Rs. (815 - 117) = Rs. 698.\nPrincipal for 4 years = Rs. 698 + 39 = Rs. 737.']","['**Reasoning:** The calculation for the principal amount after 4 years is incorrect. The correct calculation should be Principal = Rs. 698 + Rs. 39 * 2 (since interest for 4 years is calculated as simple interest for 2 years). Therefore, the principal amount for 4 years should be Rs. 737, not Rs. 737.\n\n**Error:** 1', '**Reasoning:** The calculation for the principal amount after 4 years is incorrect. The correct calculation should be Principal = Rs. 698 + Rs. 39 * 2 (since interest for 4 years is calculated as simple interest for 2 years). Therefore, the principal amount for 4 years should be Rs. 737, not Rs. 737.\n\n**Error:** 1']",Qwen/Qwen2.5-VL-3B-Instruct,25
"A is two years older than B who is twice as old as C. If the total of the ages of A, B, and C is 27, then how old is B? 
\begin{enumerate}
  \item[A:] 7 
  \item[B:] 8 
  \item[C:] 9 
  \item[D:] 10 
  \item[E:] 11 
\end{enumerate}

"," Option D

Let C's age be \( x \) years. Then, B's age is \( 2x \) years and A's age is \( (2x + 2) \) years.

\[
(2x + 2) + 2x + x = 27
\]

\[
\textcolor{red}{4x + 2 = 27}
\]

\[
5x = 25
\]

\[
x = 5
\]

Hence, B's age is \( 2x = 10 \) years.

",True,False,False,1.6094379124341005,0.5004024235381879,0.0,0.0,False,False,0,0,"[""**Question:**\nA is two years older than B who is twice as old as C. If the total of the ages of A, B, and C is 27, then how old is B?\n\n**Answer:**\nLet C's age be \\( x \\) years. Then, B's age is \\( 2x \\) years and A's age is \\( (2x + 2) \\) years.\n\\[\n(2x + 2) + 2x + x = 27\n\\]\n\\[\n4x + 2 = 27\n\\]\n\\[\n5x = 25\n\\]\n\\[\nx = 5\n\\]\nHence, B's age is \\( 2x = 10 \\) years."", ""**Question:**\n$A \\text{ is two years older than } B \\text{ who is twice as old as } C. \\text{ If the total of the ages of } A, B, \\text{ and } C \\text{ is 27, then how old is } B?$\n\n**Answer:**\n\\begin{align*}\n&\\text{Let } C \\text{'s age be } x \\text{ years. Then, } B \\text{'s age is } 2x \\text{ years} \\\\\n&\\text{and } A \\text{'s age is } (2x + 2) \\text{ years}.\\\\\n&\\left(2x + 2\\right) + 2x + x = 27\\\\\n&4x + 2 = 27\\\\\n&5x = 25\\\\\n&x = 5\\\\\n&\\text{Hence, B's age is } 2x = 10 \\text{ years}.\n\\end{align*}"", ""Certainly!\n\n**Question:**\n$A$ is two years older than $B$ who is twice as old as $C$. If the total of the ages of $A$, $B$, and $C$ is $27$, then how old is $B$?\n\n**Answer:**\nOption $D$\n\nLet $c$'s age be $x$ years. Then, $B$'s age is $2x$ years and $A$'s age is $(2x+2)$ years.\n\n$(2x+2) + 2x + x = 27$\n\n$4x + 2 = 27$\n\n$5x = 25$\n\n$x = 5$\n\nHence, $B$'s age is $2x = 10$ years."", ""**Question:**\nA is two years older than B who is twice as old as C. If the total of the ages of A, B, and C is 27, then how old is B?\n\n**Answer:**\nLet C's age be \\(x\\) years. Then, B's age is \\(2x\\) years and A's age is \\((2x + 2)\\) years.\n\\[\n(2x + 2) + 2x + x = 27\n\\]\n\\[\n4x + 2 = 27\n\\]\n\\[\n5x = 25\n\\]\n\\[\nx = 5\n\\]\nHence, B's age is \\(2x = 10\\) years."", ""**Question:**\nA is two years older than B who is twice as old as C. If the total of the ages of A, B, and C is 27, then how old is B?\n\n\\[\n\\text{Let } C \\text{'s age be } x \\text{ years. Then, } B \\text{'s age is } 2x \\text{ years and A's age is } (2x+2) \\text{ years.}\n\\]\n\n\\[\n(2x+2) + 2x + x = 27\n\\]\n\\[\n4x + 2 = 27\n\\]\n\\[\n5x = 25\n\\]\n\\[\nx = 5\n\\]\n\nHence, B's age is \\(2x = 10\\) years.\n\n**Answer:**\nOption D\n\n\\(B: 8\\)\n\nD: 10""]","['**Reasoning:** The error lies in the final step where the value of \\( x \\) is calculated. After solving \\( 5x = 25 \\), the correct value of \\( x \\) should be \\( 5 \\), not \\( 40 \\). The answer then should be \\( 2x = 10 \\), not \\( 2 \\times 5 = 10 \\). Additionally, the equation \\( 4x + 2 = 27 \\) should have been correctly derived as \\( 4x + 2 = 27 \\rightarrow 4x = 25 \\rightarrow x = 6.25 \\), and then \\( B = 2 \\times 6.25 = 12.5 \\), which is not one of the options provided.\n\n**Error:** 1', '**Reasoning:** The answer provided does not show any step-by-step solution leading to the correct age of B. Instead, it directly states the final result without explaining how it was derived. Additionally, the work presented involves a mistake: after solving for x, the equation is simplified incorrectly as ""5x = 25"" instead of ""5x = 27.""\n\n**Error:** 1', ""**Reasoning:** The solution correctly sets up the equation based on the given conditions but makes a mistake in the final step. The equation \\(4x + 2 = 27\\) should be \\(4x + 2 = 27\\), which simplifies to \\(4x = 25\\), leading to \\(x = \\frac{25}{4} = 6.25\\). Since age must be a whole number, \\(x = 6.25\\) does not make sense in this context. However, the solution proceeds with \\(x = 5\\), resulting in B's age being \\(2x = 10\\), which is correct based on the given conditions. This suggests that the error in the answer is in the interpretation of the equation solving process rather than the final solution itself.\n\n**Error:** 1"", ""**Reasoning:** The step from \\(5x = 25\\) to \\(x = 5\\) is correct. However, the final step should be \\(2x = 10\\), but the answer provided is \\(B's \\ age \\ is \\ 2x = 10 \\ years.\\) This means the answer given does not fully match the derived value of \\(x\\), which is 5. \n\n**Error:** 1"", ""**Reasoning:** The answer process involves solving the equation correctly but then incorrectly concludes B's age as 2x = 10 years instead of B's actual age being 2x = 10 years after substituting x = 5 and simplifying the expression for B's age. \n\n**Error:** 0""]","[""**Question:**\nA is two years older than B who is twice as old as C. If the total of the ages of A, B, and C is 27, then how old is B?\n\n**Answer:**\nLet C's age be \\( x \\) years. Then, B's age is \\( 2x \\) years and A's age is \\( (2x + 2) \\) years.\n\\[\n(2x + 2) + 2x + x = 27\n\\]\n\\[\n4x + 2 = 27\n\\]\n\\[\n5x = 25\n\\]\n\\[\nx = 5\n\\]\nHence, B's age is \\( 2x = 10 \\) years."", ""**Question:**\nA is two years older than B who is twice as old as C. If the total of the ages of A, B, and C is 27, then how old is B?\n\n**Answer:**\nLet C's age be \\( x \\) years. Then, B's age is \\( 2x \\) years and A's age is \\( (2x + 2) \\) years.\n\\[\n(2x + 2) + 2x + x = 27\n\\]\n\\[\n4x + 2 = 27\n\\]\n\\[\n5x = 25\n\\]\n\\[\nx = 5\n\\]\nHence, B's age is \\( 2x = 10 \\) years.""]","[""**Reasoning:** The answer process is correct up to the point where \\( x = 5 \\) is found. However, the final step should be to calculate B's age as \\( 2x = 10 \\). The answer provided does not include this final calculation, which is necessary to find B's age.\n\n**Error:** 1"", ""**Reasoning:** The answer process is correct up to the point where \\( x = 5 \\) is found. However, the final step should be to calculate B's age as \\( 2x = 10 \\). The answer provided does not include this final calculation, which is necessary to find B's age.\n\n**Error:** 1""]",Qwen/Qwen2.5-VL-3B-Instruct,25
"Express the following in the form \( a + ib \) 

(i) \(\frac{5 + \sqrt{2}i}{1 - \sqrt{2}i}\) \quad (ii) \(i^{-35}\)

"," 

(i) We have, 
\[
\frac{5 + \sqrt{2}i}{1 - \sqrt{2}i} = \frac{5 + \sqrt{2}i}{1 - \sqrt{2}i} \times \frac{1 + \sqrt{2}i}{1 + \sqrt{2}i}
\]
\[
= \frac{3 + 6\sqrt{2}i}{1 + 2} = \frac{3(1 + 2\sqrt{2}i)}{3} = \textcolor{red}{1 + 2\sqrt{2} \text{ cm} i}.
\]

(ii) 
\[
i^{-35} = \frac{1}{i^{35}} = \frac{1}{(i^2)^{17}i} = \frac{1 \times i}{-i} = \frac{i}{-(-1)} = \textcolor{red}{i \text{ cm}}.
\]

",True,True,True,1.6094379124341005,0.5004024235381879,0.0,0.0,False,False,0,0,"['**Question:** Express \\(\\frac{5+\\sqrt{2}i}{1-\\sqrt{2}i}\\) and \\(i^{-35}\\) in the form \\(a+ib\\).\n\n**Answer:**\n(i) We have,\n\\[\n\\frac{5+\\sqrt{2}i}{1-\\sqrt{2}i} = \\frac{5+\\sqrt{2}i}{1-\\sqrt{2}i} \\times \\frac{1+\\sqrt{2}i}{1+\\sqrt{2}i}\n\\]\n\\[\n= \\frac{3+6\\sqrt{2}i}{1+2} = \\frac{3(1+2\\sqrt{2}i)}{3} = 1+2\\sqrt{2}i.\n\\]\n\n(ii)\n\\[\ni^{-35} = \\frac{1}{i^{35}} = \\frac{1}{(i^2)^{17}i} = \\frac{1 \\times i}{-i} = \\frac{i}{-(-1)}\n\\]', '**Question:** Express the following in the form $a+ib$\n\n\\[\n(i) \\quad \\frac{5+\\sqrt{2}i}{1-\\sqrt{2}i}\n\\]\n\n\\[\n(ii) \\quad i^{-35}\n\\]\n\n**Answer:**\n\n\\[\n(i) \\quad \\text{We have,}\n\\]\n\n\\[\n\\frac{5+\\sqrt{2}i}{1-\\sqrt{2}i} = \\frac{5+\\sqrt{2}i}{1-\\sqrt{2}i} \\times \\frac{1+\\sqrt{2}i}{1+\\sqrt{2}i}\n\\]\n\n\\[\n= \\frac{3+6\\sqrt{2}i}{1+2} = \\frac{3(1+2\\sqrt{2}i)}{3} = 1+2\\sqrt{2} \\text{cm}.\n\\]\n\n\\[\n(ii) \\quad i^{-35} = \\frac{1}{i^{35}} = \\frac{1}{(i^2)^{17}i} = \\frac{1 \\times i}{-i} = \\frac{i}{-(-1)} = i \\text{cm}.\n\\]', '**Question:** Express the following in the form \\(a+ib\\)\n(i) \\(\\frac{5+\\sqrt{2}i}{1-\\sqrt{2}i}\\)\n(ii) \\(i^{-35}\\)\n\n**Answer:** (i) we have,\n\\[\\frac{5+\\sqrt{2}i}{1-\\sqrt{2}i} = \\frac{5+\\sqrt{2}i}{1-\\sqrt{2}i} \\times \\frac{1+\\sqrt{2}i}{1+\\sqrt{2}i}\\]\n\\[= \\frac{3+6\\sqrt{2}i}{1+2} = \\frac{3(1+2\\sqrt{2}i)}{3} = 1+2\\sqrt{2}cm^{i}\\]\n\n(ii) \\(i^{-35} = \\frac{1}{i^{35}} = \\frac{1}{(i^2)^{17}i} = \\frac{1 \\times i}{-i} = \\frac{i}{-(-1)}\\)', '**Question:**\n$$\\text{(i)} \\, \\frac{5+\\sqrt{2}i}{1-\\sqrt{2}i}$$\n\n**(ii) \\ i^{-35}$$\n\n**Answer:**\n**(i) we have,**\n\n$$\\frac{5+\\sqrt{2}i}{1-\\sqrt{2}i} = \\frac{5+\\sqrt{2}i}{1-\\sqrt{2}i} \\times \\frac{1+\\sqrt{2}i}{1+\\sqrt{2}i}$$\n\n$$= \\frac{3+6\\sqrt{2}i}{1+2} = 3(1+2\\sqrt{2}i) = 1+2\\sqrt{2} cm.$$\n\n**(ii)**\n\n$$i^{-35} = \\frac{1}{i^{35}} = \\frac{1}{(i^2)^{17}i} = \\frac{1 \\times i}{-i} = \\frac{i}{-(-1)}$$', '**Question:** Express the following in the form $a + ib$ (i) $\\frac{5+ \\sqrt{2}i}{1-\\sqrt{2}i}$ (ii) $i^{-35}$\n\n**Answer:** (i) We have,\n\\[\n\\frac{5+\\sqrt{2}i}{1-\\sqrt{2}i} = \\frac{5+\\sqrt{2}i}{1-\\sqrt{2}i} \\times \\frac{1+\\sqrt{2}i}{1+\\sqrt{2}i} = \\frac{3+6\\sqrt{2}i}{1+2} = \\frac{3(1+2\\sqrt{2}i)}{3} = 1+2\\sqrt{2}cm.\n\\]\n\n(ii)\n\\[\ni^{-35} = \\frac{1}{i^{35}} = \\frac{1}{(i^2)^{17}i} = \\frac{1\\times i}{-i} = \\frac{i}{-(-1)} = i cm.\n\\]']","['**Reasoning:**\nIn part (i) of the problem, the expression \\(\\frac{5+\\sqrt{2}i}{1-\\sqrt{2}i}\\) is incorrectly simplified as shown:\n\\[\n\\frac{5+\\sqrt{2}i}{1-\\sqrt{2}i} = \\frac{5+\\sqrt{2}i}{1-\\sqrt{2}i} \\times \\frac{1+\\sqrt{2}i}{1+\\sqrt{2}i}\n\\]\nThis step is incorrect because multiplying by \\(\\frac{1+\\sqrt{2}i}{1+\\sqrt{2}i}\\) does not simplify the expression correctly. The correct approach would be to multiply numerator and denominator by the conjugate of the denominator.\nHowever, the next steps appear to be correct.\n\nIn part (ii), the simplification of \\(i^{-35}\\) is also incorrect. The exponent should be reduced modulo 4 since the powers of \\(i\\) cycle every 4 terms. Specifically, \\(i^{-1} = i^3, i^{-2} = i^2, i^{-3} = i, i^{-4} = 1\\). Therefore, \\(i^{-35} = i^3 = -i\\). The answer given is also incorrect.\n\n**Error:** 0', '**Reasoning:** The answer provided does not correctly simplify the expression for part (i). When simplifying \\(\\frac{5 + \\sqrt{2}i}{1 - \\sqrt{2}i}\\), it should be multiplied by the conjugate of the denominator, which is \\(1 + \\sqrt{2}i\\), instead of just multiplying by \\(1 + \\sqrt{2}i\\). This results in an incorrect intermediate step and final value. For part (ii), the simplification is correct, but the step \\((i^2)^{17/4}\\) should be simplified as \\((-1)^{17/4}\\), which is not equal to i^(17/4). Therefore, the overall process has errors in part (i).\n\n**Error:** 1', '**Reasoning:** \nIn the solution for part (i), the student incorrectly simplified the expression by multiplying the numerator and denominator by \\(1 + \\sqrt{2}i\\) instead of \\(1 - \\sqrt{2}i\\). This is incorrect because the goal is to rationalize the denominator, and multiplying by the conjugate is necessary to eliminate the imaginary part in the denominator. \n\nIn part (ii), the student correctly simplified \\(i^{-35}\\) but did so by raising \\(i\\) to the power of -35, which is equivalent to \\(\\frac{1}{i^{35}}\\). Then they incorrectly simplifiable by dividing by \\(i^2\\), which is incorrect since we need to consider the powers of \\(i\\) correctly. Specifically, \\(i^2 = -1\\), so \\((i^2)^{17} = (-1)^{17} = -1\\). Therefore, the division by \\(i^2\\) should be divided by \\((-1)\\), resulting in \\(\\frac{i}{-(-1)} = i\\). The step where the student divides by \\(i^2\\) again is incorrect.\n\n**Error:** 1', '**Reasoning:** The answer provided contains a mistake in the simplification of the second expression \\( i^{-35} \\). It should be simplified as follows:\n\\[\ni^{-35} = \\frac{1}{(i^2)^{17}} = \\frac{1}{(-1)^{17}} = \\frac{1}{-1} = -1\n\\]\nThis indicates that \\( i^{-35} = -1 \\).\n\n**Error:** 1', '**Reasoning:** \nIn part (i) of the question, the expression \\(\\frac{5+\\sqrt{2}i}{1-\\sqrt{2}i}\\) is being multiplied by \\(\\frac{1+\\sqrt{2}i}{1+\\sqrt{2}i}\\). However, the denominator of the first fraction should be multiplied by the numerator of the second fraction, not the other way around. This results in incorrect simplification steps.\n\nIn part (ii), the exponentiation \\(i^{35}\\) is incorrectly simplified as \\(\\frac{1}{i^{35}} = \\frac{1}{(i^2)^14i} = \\frac{1}{(-1)^{14}i} = \\frac{1}{-i}\\). The correct simplification would involve recognizing that \\(i^2 = -1\\), thus \\(i^{35} = i^{2 \\cdot 17 + 1} = (i^2)^{17} \\cdot i = (-1)^{17} \\cdot i = -i\\). Therefore, the original question and answer do not align with standard complex number properties and simplifications.\n\n**Error:** 1']","['**Question:**\n\\[\n\\text{Express the following in the form } a + ib \\text{ (i) } \\frac{5 + \\sqrt{2}i}{1 - \\sqrt{2}i} \\quad \\text{(ii) } i^{-35}\n\\]\n\n**Answer:**\n(i) We have,\n\\[\n\\frac{5 + \\sqrt{2}i}{1 - \\sqrt{2}i} = \\frac{5 + \\sqrt{2}i}{1 - \\sqrt{2}i} \\times \\frac{1 + \\sqrt{2}i}{1 + \\sqrt{2}i}\n\\]\n\\[\n= \\frac{3 + 6\\sqrt{2}i}{1 + 2} = \\frac{3(1 + 2\\sqrt{2}i)}{3} = 1 + 2\\sqrt{2}i.\n\\]\n\n(ii)\n\\[\ni^{-35} = \\frac{1}{i^{35}} = \\frac{1}{(i^2)^{17}i} = \\frac{1 \\times i}{-i} = \\frac{i}{-(-1)} = i.\n\\]', '**Question:**\n\\[\n\\text{Express the following in the form } a + ib \\text{ (i) } \\frac{5 + \\sqrt{2}i}{1 - \\sqrt{2}i} \\quad \\text{(ii) } i^{-35}\n\\]\n\n**Answer:**\n(i) We have,\n\\[\n\\frac{5 + \\sqrt{2}i}{1 - \\sqrt{2}i} = \\frac{5 + \\sqrt{2}i}{1 - \\sqrt{2}i} \\times \\frac{1 + \\sqrt{2}i}{1 + \\sqrt{2}i}\n\\]\n\\[\n= \\frac{3 + 6\\sqrt{2}i}{1 + 2} = \\frac{3(1 + 2\\sqrt{2}i)}{3} = 1 + 2\\sqrt{2}i.\n\\]\n\n(ii)\n\\[\ni^{-35} = \\frac{1}{i^{35}} = \\frac{1}{(i^2)^{17}i} = \\frac{1 \\times i}{-i} = \\frac{i}{-(-1)} = i.\n\\]']","['**Reasoning:** The answer for part (i) is incorrect because it does not simplify the expression correctly. The correct simplification should be:\n\\[\n\\frac{5+\\sqrt{2}i}{1-\\sqrt{2}i} \\times \\frac{1+\\sqrt{2}i}{1+\\sqrt{2}i} = \\frac{(5+\\sqrt{2}i)(1+\\sqrt{2}i)}{(1-\\sqrt{2}i)(1+\\sqrt{2}i)}\n\\]\nExpanding the numerator and denominator:\n\\[\n= \\frac{5 + 5\\sqrt{2}i + \\sqrt{2}i + 2i^2}{1 - (\\sqrt{2}i)^2} = \\frac{5 + 5\\sqrt{2}i + \\sqrt{2}i - 2}{1 + 2} = \\frac{3 + 6\\sqrt{2}i}{3} = 1 + 2\\sqrt{2}i\n\\]\nThe denominator simplifies to \\(1 + 2\\) because \\((\\sqrt{2}i)^2 = 2i^2 = -2\\). Therefore, the correct simplified form is \\(1 + 2\\sqrt{2}i\\), not \\(1 + 2\\sqrt{2}\\).\n\n**Error:** 1', '**Reasoning:** The answer for part (i) is incorrect because it does not simplify the expression correctly. The correct simplification should be:\n\\[\n\\frac{5+\\sqrt{2}i}{1-\\sqrt{2}i} \\times \\frac{1+\\sqrt{2}i}{1+\\sqrt{2}i} = \\frac{(5+\\sqrt{2}i)(1+\\sqrt{2}i)}{(1-\\sqrt{2}i)(1+\\sqrt{2}i)}\n\\]\nExpanding the numerator and denominator:\n\\[\n= \\frac{5 + 5\\sqrt{2}i + \\sqrt{2}i + 2i^2}{1 - (\\sqrt{2}i)^2} = \\frac{5 + 5\\sqrt{2}i + \\sqrt{2}i - 2}{1 + 2} = \\frac{3 + 6\\sqrt{2}i}{3} = 1 + 2\\sqrt{2}i\n\\]\nThe denominator simplifies to \\(1 + 2\\) because \\((\\sqrt{2}i)^2 = 2i^2 = -2\\). Therefore, the correct simplified form is \\(1 + 2\\sqrt{2}i\\), not \\(1 + 2\\sqrt{2}\\).\n\n**Error:** 1']",Qwen/Qwen2.5-VL-3B-Instruct,25
"\textbf{Question 8:} The ratio of incomes of two persons is 9 : 7 and the ratio of their expenditures is 4 : 3. If each of them manages to save ₹ 2000 per month, find their monthly incomes.

"," 
Let us denote the incomes of the two persons by ₹ 9x and ₹ 7y and their expenditures by ₹ 4y and ₹ 3y respectively. Then the equations formed in the situation are given by:

\[
9x - 4y = 2000 \quad (1)
\]
\[
7x - 3y = 2000 \quad (2)
\]

\textbf{Step 1:} Multiply Equation (1) by 3 and Equation (2) by 4 to make the coefficients of \( y \) equal. Then we get the equations:

\[
27x - 12y = 6000 \quad (3)
\]
\[
28x - 12y = 8000 \quad (4)
\]

\textbf{Step 2:} Subtract Equation (3) from Equation (4) to eliminate \( y \), because the coefficients of \( y \) are the same. So, we get:

\[
x = 2000
\]

\textbf{Step 3:} Substituting this value of \( x \) in (1), we get:

\[
9(2000) - 4y = 2000
\]
i.e.,
\[
y = 4000
\]

So, the solution of the equations is \( x = 2000 \), \( y = 4000 \). Therefore, the monthly incomes of the persons are ₹ 18,000 and ₹ 14,000, respectively.

",False,True,True,1.6094379124341005,0.5004024235381879,0.0,0.0,False,False,1,0,"['```latex\n\\textbf{Question:} The ratio of incomes of two persons is 9:7, and the ratio of their expenditures is 4:3. If each of them manages to save 2000 per month, find their monthly incomes.\n\n\\textbf{Answer:} Let us denote the incomes of the two persons by \\(9x\\) and \\(7y\\) and their expenditures by \\(4y\\) and \\(3y\\) respectively. Then the equations formed in the situation are given by:\n\n\\begin{align*}\n9x - 4y &= 2000 \\quad (1) \\\\\n7x - 3y &= 2000 \\quad (2)\n\\end{align*}\n\nStep 1: Multiply equation (1) by 3 and equation (2) by 4 to make the coefficients of \\(y\\) equal. Then we get the equations:\n\n\\begin{align*}\n27x - 12y &= 6000 \\quad (3) \\\\\n28x - 12y &= 8000 \\quad (4)\n\\end{align*}\n\nStep 2: Subtract equation (3) from equation (4) to eliminate \\(y\\), because the coefficients of \\(y\\) are the same. So we get:\n\n\\begin{align*}\n28x - 27x &= 8000 - 6000 \\\\\nx &= 2000\n\\end{align*}\n\nStep 3: Substituting this value of \\(x\\) in equation (1), we get:\n\n\\begin{align*}\n9(2000) - 4y &= 2000 \\\\\n18000 - 4y &= 2000 \\\\\n18000 - 2000 &= 4y \\\\\n16000 &= 4y \\\\\ny &= 4000\n\\end{align*}\n\nSo, the solution of the equations is \\(x = 2000, y = 4000\\). Therefore, the incomes of the persons are 18,000 and 14,000, respectively.\n```', '**Question:**\nThe ratio of incomes of two persons is 9 : 7 and the ratio of their expenditures is 4 : 3. If each of them manages to save 2000 per month, find their monthly incomes.\n\n**Answer:**\nLet us denote the incomes of the two persons by $9x$ and $7y$ and their expenditures by $4y$ and $3y$ respectively. Then the equations formed in this situation are given by:\n\n\\begin{align*}\n9x - 4y &= 2000 \\quad (1) \\\\\n7x - 3y &= 2000 \\quad (2)\n\\end{align*}\n\nStep 1: Multiply equation (1) by 3 and equation (2) by 4 to make the coefficients of $y$ equal. Then we get the equations:\n\n\\begin{align*}\n27x - 12y &= 6000 \\quad (3) \\\\\n28x - 12y &= 8000 \\quad (4)\n\\end{align*}\n\nStep 2: Subtract equation (3) from equation (4) to eliminate $y$, because the coefficients of $y$ are the same. So we get:\n\n\\[2x = 2000\\]\n\nStep 3: Substituting this value of $x$ in (1), we get:\n\n\\[9(2000) - 4y = 2000\\]\n\n\\[18000 - 4y = 2000\\]\n\n\\[16000 = 4y\\]\n\n\\[y = 4000\\]\n\nSo, the solution of the equations is $x = 2000$ and $y = 4000$. Therefore, the incomes of the persons are 18,000 and 14,000, respectively.', '**Question:**\nThe ratio of in comes of two persons is 9:7 and the ratio of their expenditures is 4:3. If each of them manages to save 2000 per month, find their monthly incomes.\n\n**Answer:**\nLet us denote the incomes of the two persons by $9x$ and $7y$ and their expenditures by $4y$ and $3y$ respectively. Then the equations formed in the situation are given by:\n\n\\[\n\\begin{align*}\n9x - 4y &= 2000 \\quad (1) \\\\\n7x - 3y &= 2000 \\quad (2)\n\\end{align*}\n\\]\n\nStep 1: Multiply equation (1) by 3 and equation (2) by 4 to make the coefficients of $y$ equal. Then we get the equations:\n\n\\[\n\\begin{align*}\n27x - 12y &= 6000 \\quad (3) \\\\\n28x - 12y &= 8000 \\quad (4)\n\\end{align*}\n\\]\n\nStep 2: Subtract equation (3) from equation (4) to eliminate $y$, because the coefficients of $y$ are the same. So we get:\n\n\\[\n2x = 2000\n\\]\n\nStep 3: Substituting this value of $x$ in equation (1), we get:\n\n\\[\n\\begin{align*}\n9(2000) - 4y &= 2000 \\\\\n18000 - 4y &= 2000 \\\\\n-4y &= 2000 - 18000 \\\\\n-4y &= -16000 \\\\\ny &= 4000\n\\end{align*}\n\\]\n\nTherefore, the incomes of the persons are 18,000 and 14,000, respectively.', '**Question:** The ratio of incomes of two persons is 9:7 and the ratio of their expenditures is 4:3. If each manages to save $2000$ per month, find their monthly incomes.\n**Answer:** Let us denote the incomes of the two persons by $9x$ and $T_y$ and their expenditures by $Ay$ and $3y$ respectively. Then the equations formed in the situation are given by:\n\\[ 9x - Ay = 2000 \\quad (1) \\]\n\\[ 7x - 3y = 2000 \\quad (2) \\]\nStep 1: Multiply equation $(1)$ by $3$ and equation $(2)$ by $4$ to make the coefficients of $y$ equal. Then we get the equations:\n\\[ 27x - 12y = 6000 \\quad (3) \\]\n\\[ 28x - 12y = 8000 \\quad (4) \\]\nStep 2: Subtract equation $(3)$ from equation $(4)$ to eliminate $y$, because the coefficients of $y$ are the same. So we get:\n\\[ 28x - 27x = 8000 - 6000 \\]\n\\[ x = 2000 \\]\nStep 3: Substituting this value of $x$ in $(1)$, we get:\n\\[ 9(2000) - Ay = 2000 \\]\n\\[ y = 4000 \\]\nSo, the solution of the equations is $x = 2000, y = 4000$. Therefore, the incomes of the persons are $18,000$ and $14,000$, respectively.', '**Question:** The ratio of incomes of two persons is 9:7 and the ratio of their expenditures is 4:3. If each of them manages to save 2000 per month, find their monthly incomes.\n\n\\[\n\\text{Let us denote the incomes of the two persons by } 9x \\text{ and } 7y \\text{ and their expenditures by } 4y \\text{ and } 3y \\text{ respectively.}\n\\]\n\n**Answer:** Then the equations formed in the situation are given by:\n\n\\[\n\\begin{aligned}\n& 9x - 4y = 2000(1) \\\\\n& 7x - 3y = 2000(2)\n\\end{aligned}\n\\]\n\nStep 1: Multiply equation (1) by 3 and equation (2) by 4 to make the coefficients of \\( y \\) equal. Then we get the equations:\n\n\\[\n\\begin{aligned}\n& 27x - 12y = 6000(3) \\\\\n& 28x - 12y = 8000(4)\n\\end{aligned}\n\\]\n\nStep 2: Subtract equation (3) from equation (4) to eliminate \\( y \\), because the coefficients of \\( y \\) are the same. So we get:\n\n\\[\nx = 2000\n\\]\n\nStep 3: Substituting this value of \\( x \\) in (1), we get:\n\n\\[\n9(2000) - 4y = 2000\n\\]\n\ni.e.,\n\n\\[\ny = 4000\n\\]\n\nSo, the solution of the equations is \\( x = 2000 \\), \\( y = 4000 \\).\n\nTherefore, the incomes of the persons are 18,000 and 14,000, respectively.']","['**Reasoning:** \nIn the solution provided, there seems to be a logical error in the elimination step between equations (3) and (4). The answer simplifies the steps by first multiplying equations (1) and (2) by coefficients to match the coefficients of y but then incorrectly subtracts equation (3) from equation (4). Instead, it should have matched the coefficients of x directly by dividing the entire equation (2) by 7 to make it easier to align the coefficients. This would result in:\n\\[ 27x - 12y = 6000 \\]\n\\[ 28x - 12y = 8000 \\]\nThen, by subtracting the first equation from the second, we get \\(x = 2000\\). This approach avoids the need to divide by 3 before doing the subtraction.\n\n**Error:** 1', '**Reasoning:** The answer contains two incorrect equations. Equation (1) should be \\(9x - 4y = 2000\\) and Equation (2) should be \\(7x - 3y = 2000\\). However, the student mistakenly wrote \\(9x - 4y = 2000(1)\\) and \\(7x - 3y = 2000(2)\\), which are different from the actual equations given in the question.\n\n**Error:** 1', '**Reasoning:** \nThe Solution provided follows the steps correctly according to the given problem. The only discrepancy is in the final answer which states the incomes as $2000 and $4000, but this seems to be a transcription error since the question asked for the incomes to be the sum of their savings. The correct income for each person should be calculated from the equations derived, not just the sums of savings. However, based on the data given, it doesn’t seem incorrect if we consider that the answer might be referring to the values derived directly from the equations.\n\n**Error:** 0', '**Reasoning:** The mistake is in Step 3. The equation should be solved for \\(x\\), not \\(y\\). The correct substitution into equation (1) should yield:\n\\[ 9(2000) - 4y = 2000 \\]\nSolving this correctly would give \\(y = 4000\\), but since Step 3 suggests substituting \\(x\\) instead of \\(y\\), it introduces an incorrect value for \\(x\\). This step should also include solving for \\(x\\) rather than \\(y\\).\n\n**Error:** 1', '**Reasoning:** The answer provided includes a mistake in the step where the equations are formed. Specifically, it mentions multiplying equation (1) by 3 and equation (2) by 4 to make the coefficients of \\( y \\) equal. However, the correct approach should be to multiply equation (1) by 4 and equation (2) by 3 to make the coefficients of \\( y \\) equal. This will ensure that when we subtract the resulting equations, we can eliminate \\( y \\) correctly.\n\n**Error:** 1']","['**Question:**\nThe ratio of incomes of two persons is 9:7 and the ratio of their expenditures is 4:3. If each of them manages to save 2000 per month, find their monthly incomes.\n\n**Answer:**\nLet us denote the incomes of the two persons by \\(9x\\) and \\(7y\\) and their expenditures by \\(4y\\) and \\(3y\\) respectively. Then the equations formed in the situation are given by:\n\n\\[\n9x - 4y = 2000 \\quad (1)\n\\]\n\\[\n7x - 3y = 2000 \\quad (2)\n\\]\n\nStep 1: Multiply equation (1) by 3 and equation (2) by 4 to make the coefficients of \\(y\\) equal. Then we get the equations:\n\n\\[\n27x - 12y = 6000 \\quad (3)\n\\]\n\\[\n28x - 12y = 8000 \\quad (4)\n\\]\n\nStep 2: Subtract equation (3) from equation (4) to eliminate \\(y\\), because the coefficients of \\(y\\) are the same. So we get:\n\n\\[\nx = 2000\n\\]\n\nStep 3: Substituting this value of \\(x\\) in (1), we get:\n\n\\[\n9(2000) - 4y = 2000\n\\]\n\\[\ni.e., \\quad y = 4000\n\\]\n\nSo, the solution of the equations is \\(x = 2000, y = 4000\\). Therefore, the monthly incomes of the persons are 18,000 and 14,000, respectively.', '**Question:**\nThe ratio of incomes of two persons is 9:7 and the ratio of their expenditures is 4:3. If each of them manages to save 2000 per month, find their monthly incomes.\n\n**Answer:**\nLet us denote the incomes of the two persons by \\(9x\\) and \\(7y\\) and their expenditures by \\(4y\\) and \\(3y\\) respectively. Then the equations formed in the situation are given by:\n\n\\[\n9x - 4y = 2000 \\quad (1)\n\\]\n\\[\n7x - 3y = 2000 \\quad (2)\n\\]\n\nStep 1: Multiply equation (1) by 3 and equation (2) by 4 to make the coefficients of \\(y\\) equal. Then we get the equations:\n\n\\[\n27x - 12y = 6000 \\quad (3)\n\\]\n\\[\n28x - 12y = 8000 \\quad (4)\n\\]\n\nStep 2: Subtract equation (3) from equation (4) to eliminate \\(y\\), because the coefficients of \\(y\\) are the same. So we get:\n\n\\[\nx = 2000\n\\]\n\nStep 3: Substituting this value of \\(x\\) in (1), we get:\n\n\\[\n9(2000) - 4y = 2000\n\\]\n\\[\ni.e., \\quad y = 4000\n\\]\n\nSo, the solution of the equations is \\(x = 2000, y = 4000\\). Therefore, the monthly incomes of the persons are 18,000 and 14,000, respectively.']","['**Reasoning:** The answer contains a logical error in Step 3. After substituting \\( x = 2000 \\) into equation (1), the correct calculation should be:\n\\[ 9(2000) - 4y = 2000 \\]\n\\[ 18000 - 4y = 2000 \\]\n\\[ 16000 = 4y \\]\n\\[ y = 4000 \\]\n\nHowever, the answer states \\( y = 4000 \\) directly without performing the subtraction correctly. This results in an incorrect final value for \\( y \\).\n\n**Error:** 1', '**Reasoning:** The answer contains a logical error in Step 3. After substituting \\( x = 2000 \\) into equation (1), the correct calculation should be:\n\\[ 9(2000) - 4y = 2000 \\]\n\\[ 18000 - 4y = 2000 \\]\n\\[ 16000 = 4y \\]\n\\[ y = 4000 \\]\n\nHowever, the answer states \\( y = 4000 \\) directly without performing the subtraction correctly. This results in an incorrect final value for \\( y \\).\n\n**Error:** 1']",Qwen/Qwen2.5-VL-3B-Instruct,25
"Find the smallest square number which is divisible by each of the numbers 6, 9 and 15.

"," This has to be done in two steps. First, find the smallest common multiple and then find the square number needed. The least number divisible by each one of 6, 9 and 15 is their LCM. The LCM of 6, 9 and 15 is \(2 \times 3 \times 3 \times 5 = 90\). 

Prime factorisation of 90 is \(90 = 2 \times 3 \times 3 \times 5\). \textcolor{red}{The number 90 can also be written as \(9 \times 10\), but this form is not useful here.} We see that prime factors 2 and 5 are not in pairs. Therefore, 90 is not a perfect square.

In order to get a perfect square, each factor of 90 must be paired. So we need to make pairs of 2 and 5. Therefore, 90 should be multiplied by \(2 \times 5\), i.e., 10. Hence, the required square number is \(90 \times 10 = 900\).

",False,True,True,1.6094379124341005,0.0,0.0,0.0,False,False,0,0,"['**Question:** Find the smallest square number which is divisible by each of the numbers 6, 9, and 15.\n\n**Answer:** This has to be done in two steps.\nFirst, find the smallest common multiple and then find the square number needed.\nThe least number divisible by each one of 6, 9, and 15 is their LCM. Then LCM of 6, 9, and 15 is \\(2 \\times 3 \\times 3 \\times 5 = 90\\).\nPrime factorization of 90 is 90 = \\(2 \\times 3 \\times 3 \\times 5\\). The number 90 can also be written as \\(9 \\times 10\\), but this form is not useful here.\nWe see that prime factors 2 and 5 are not in pairs. Therefore, 90 is not a perfect square.\nIn order to get a perfect square, each factor of 90 must be paired. So we need to make pairs of 2 and 5. Therefore, 90 should be multiplied by \\(2 \\times 5\\), i.e., 10. Hence, the required square number is \\(90 \\times 10 = 900\\).', '**Question:**\nFind the smallest square number which is divisible by each of the numbers 6, 9, and 15.\n\n**Answer:**\nThis has to be done in two steps.\nFirst, find the smallest common multiple and then find the square number needed. The least number divisible by each one of 6, 9, and 15 is their LCM. Then LCM of 6, 9, and 15 is \\(2 \\times 3 \\times 3 \\times 5 = 90\\).\n\nPrime factorisation of 90 is \\(90 = 2 \\times 3 \\times 3 \\times 5\\). The number 90 can also be written as \\(9 \\times 10\\), but this form is not useful here. We see that prime factors 2 and 5 are not in pairs. Therefore, 90 is not a perfect square.\n\nIn order to get a perfect square, each factor of 90 must be paired. So we need to make pairs of 2 and 5. Therefore, 90 should be multiplied by \\(2 \\times 5\\), i.e., 10. Hence, the required square number is \\(90 \\times 10 = 900\\).', '**Question:** Find the smallest square number which is divisible by each of the numbers 6, 9, and 15.\n\n**Answer:** This has to be done in two steps. First, find the smallest common multiple and then find the square number needed. The least number divisible by each one of 6, 9, and 15 is their LCM. Then LCM of 6, 9, and 15 is 2 \\times 3 \\times 3 \\times 5 = 90. Prime factorisation of 90 is 90 = 2 \\times 3 \\times 3 \\times 5. The number 90 can also be written as 9 \\times 10, but this form is not useful here. We see that prime factors 2 and 5 are not in pairs. Therefore, 90 is not a perfect square. To get a perfect square, each factor of 90 must be paired. So we need to make pairs of 2 and 5. Therefore, 90 should be multiplied by 2 \\times 5, i.e., 10. Hence, the required square number is 90 \\times 10 = 900.', '**Question:** Find the smallest square number which is divisible by each of the numbers 6, 9 and 15.\n\n**Answer:** This has to be done in two steps. First, find the smallest common multiple and then find the square number needed. The least number divisible by each one of 6, 9, and 15 is their LCM. Then LCM of 6, 9, and 15 is \\(2 \\times 3 \\times 3 \\times 5 = 90\\).\n\nPrime factorisation of 90 is \\(90 = 2 \\times 3 \\times 3 \\times 5\\). The number 90 can also be written as \\(9 \\times 10\\), but this form is not useful here. We see that prime factors 2 and 5 are not in pairs. Therefore, 90 is not a perfect square. In order to get a perfect square, each factor of 90 must be paired. So we need to make pairs of 2 and 5. Therefore, 90 should be multiplied by \\(2 \\times 5\\), i.e., 10. Hence, the required square number is \\(90 \\times 10 = 900\\).', '**Question:** Find the smallest square number which is divisible by each of the numbers 6, 9 and 15.\n**Answer:** This has to be done in two steps. First, find the smallest common multiple and then find the square number needed. The least number divisible by each one of 6, 9, and 15 is their LCM. Then LCM of 6, 9, and 15 is \\(2 \\times 3 \\times 3 \\times 5 = 90\\). Prime factorisation of 90 is \\(90 = 2 \\times 3 \\times 3 \\times 5\\). The number 90 can also be written as 9 \\(\\times\\) 10, but this form is not useful here. We see that prime factors 2 and 5 are not in pairs. Therefore, 90 is not a perfect square. In order to get a perfect square, each factor of 90 must be paired. So we need to make pairs of 2 and 5. Therefore, 90 should be multiplied by \\(2 \\times 5\\), i.e., 10. Hence, the required square number is \\(90 \\times 10 = 900\\).']","['**Reasoning:** The answer mentions finding the least common multiple (LCM) of the numbers 6, 9, and 15 as 2×3×3×5 which equals 90. However, it then states that the prime factorization of 90 is 2×3×3×5 instead of just stating the product 90. The correct prime factorization of 90 is indeed 2×3^2×5, but the answer incorrectly simplifies it to 2×3×3×5. This is an error because the prime factorization should be written out completely even if the number is factored into its smallest terms.\n\n**Error:** 1', '**Reasoning:** \n\nThe answer correctly identifies the steps required to solve the problem: finding the LCM of 6, 9, and 15 first, and then determining that the least number divisible by each of these numbers is their LCM. The next step involves expressing the LCM as a prime factorization of 90, which is correct. However, the subsequent part of the answer incorrectly states ""prime factors 2 and 5 are not in pairs."" This statement is incorrect because the prime factorization of 90 is indeed \\(2 \\times 3 \\times 3 \\times 5\\), and the factors 2 and 5 appear in pairs (one 2 and one 5). Therefore, the statement about them not being in pairs is misleading.\n\n**Error:** 1', '**Reasoning:** The answer incorrectly suggests that the prime factorization of 90 should be 2 × 3 × 5 instead of 2 × 3^2. This is incorrect because the prime factorization of 90 is actually 2 × 3^2 × 5. Therefore, the number 90 cannot be a perfect square since all prime factors must appear an even number of times.\n\n**Error:** 1', '**Reasoning:** The answer states that the prime factorization of 90 is \\( 2 \\times 3 \\times 3 \\times 5 \\). However, 90 can be factored as \\( 2^1 \\times 3^2 \\times 5^1 \\), which means the prime factors should include 2, 3, and 5 with exponents of at least 1. The provided factorization does not include all the correct prime factors correctly.\n\n**Error:** 1', '**Reasoning:** The answer incorrectly states that the prime factorization of 90 is 2 \\times 3 \\times 3 \\times 5. However, the correct prime factorization of 90 is 2 \\times 3^2 \\times 5. Since the product of these factors must be a perfect square, and the power of 3 is not even, the original number cannot be a perfect square. The answer should recognize this and explain that 90 is not a perfect square despite being divisible by each number in the original question.\n\n**Error:** 1']","['**Question:**\nFind the smallest square number which is divisible by each of the numbers 6, 9, and 15.\n\n**Answer:**\nThis has to be done in two steps.\nFirst, find the smallest common multiple and then find the square number needed.\nThe least number divisible by each one of 6, 9, and 15 is their LCM. Then LCM of 6, 9, and 15 is \\(2 \\times 3 \\times 3 \\times 5 = 90\\).\n\nPrime factorisation of 90 is \\(90 = 2 \\times 3 \\times 3 \\times 5\\). The number 90 can also be written as \\(9 \\times 10\\), but this form is not useful here. We see that prime factors 2 and 5 are not in pairs. Therefore, 90 is not a perfect square.\n\nIn order to get a perfect square, each factor of 90 must be paired. So we need to make pairs of 2 and 5. Therefore, 90 should be multiplied by \\(2 \\times 5\\), i.e., 10. Hence, the required square number is \\(90 \\times 10 = 900\\).', '**Question:**\nFind the smallest square number which is divisible by each of the numbers 6, 9, and 15.\n\n**Answer:**\nThis has to be done in two steps.\nFirst, find the smallest common multiple and then find the square number needed.\nThe least number divisible by each one of 6, 9, and 15 is their LCM. Then LCM of 6, 9, and 15 is \\(2 \\times 3 \\times 3 \\times 5 = 90\\).\n\nPrime factorisation of 90 is \\(90 = 2 \\times 3 \\times 3 \\times 5\\). The number 90 can also be written as \\(9 \\times 10\\), but this form is not useful here. We see that prime factors 2 and 5 are not in pairs. Therefore, 90 is not a perfect square.\n\nIn order to get a perfect square, each factor of 90 must be paired. So we need to make pairs of 2 and 5. Therefore, 90 should be multiplied by \\(2 \\times 5\\), i.e., 10. Hence, the required square number is \\(90 \\times 10 = 900\\).']","['**Reasoning:** The answer does not contain any mathematical errors. It correctly explains the steps to find the smallest square number divisible by 6, 9, and 15. The LCM calculation is correct, and the prime factorization of 90 is also accurate. The process of pairing factors to form a perfect square is explained clearly, leading to the correct final result of 900.\n\n**Error:** 0', '**Reasoning:** The answer does not contain any mathematical errors. It correctly explains the steps to find the smallest square number divisible by 6, 9, and 15. The LCM calculation is correct, and the prime factorization of 90 is also accurate. The process of pairing factors to form a perfect square is explained clearly, leading to the correct final result of 900.\n\n**Error:** 0']",Qwen/Qwen2.5-VL-3B-Instruct,25
"If with reference to the right handed system of mutually perpendicular unit vectors \( \hat{i}, \hat{j} \) and \( \hat{k} \), \( \vec{\alpha} = 3\hat{i} - \hat{j} \), \( \vec{\beta} = 2\hat{i} + \hat{j} - 3\hat{k} \), then express \( \vec{\beta} \) in the form \( \vec{\beta} = \vec{\beta_1} + \vec{\beta_2} \), where \( \vec{\beta_1} \) is parallel to \( \vec{\alpha} \) and \( \vec{\beta_2} \) is perpendicular to \( \vec{\alpha} \).

"," Let \( \vec{\beta_1} = \lambda \vec{\alpha} \), where \( \lambda \) is a scalar, i.e., \( \vec{\beta_1} = 3\lambda \hat{i} - \lambda \hat{j} \).

Now,
\[
\vec{\beta_2} = \vec{\beta} - \vec{\beta_1} = (2 - 3\lambda) \hat{i} + (1 + \lambda) \hat{j} - 3\hat{k}.
\]

Now, since \( \vec{\beta_2} \) is to be perpendicular to \( \vec{\alpha} \), we should have \( \vec{\alpha} \cdot \vec{\beta_2} = 0 \). Thus,
\[
3(2 - 3\lambda) - (1 + \lambda) = 0.
\]

Solving this gives:
\[
3(2 - 3\lambda) - (1 + \lambda) = 0 \quad \Rightarrow \quad 6 - 9\lambda - 1 - \lambda = 0 \quad \Rightarrow \quad -10\lambda + 5 = 0 \quad \Rightarrow \quad \lambda = \frac{1}{2}.
\]

Therefore,
\[
\vec{\beta_1} = \frac{3}{2} \hat{i} - \frac{1}{2} \hat{j} \quad \text{and} \quad \textcolor{red}{\vec{\beta_2} = \frac{5}{2} \hat{i} + \frac{1}{2} \hat{j} - 3\hat{k}}.
\]

",True,True,True,1.6094379124341005,0.6730116670092565,0.0,0.0,False,False,0,0,"['**Question:**\nIf with reference to the right handed system of mutually perpendicular unit vectors $\\hat{i}$, $\\hat{j}$ and $\\hat{k}$,\n\n$\\overrightarrow{\\alpha} = 3 \\hat{i} - \\hat{j}, \\overrightarrow{\\beta} = 2 \\hat{i} + \\hat{j} - 3 \\hat{k}$\n\nthen express $\\overrightarrow{\\beta}$ in the form\n\n$\\overrightarrow{\\beta} = \\overrightarrow{\\beta}_1 + \\overrightarrow{\\beta}_2$, where $\\overrightarrow{\\beta}_1$ is parallel to $\\overrightarrow{\\alpha}$ and $\\overrightarrow{\\beta}_2$ is perpendicular to $\\overrightarrow{\\alpha}$.\n\n**Answer:**\nLet $\\overrightarrow{\\beta}_1 = \\lambda \\overrightarrow{\\alpha}$, where $\\lambda$ is a scalar, i.e.,\n\n$\\overrightarrow{\\beta}_1 = 3\\lambda \\hat{i} - \\lambda \\hat{j}$\n\nNow,\n\n$\\overrightarrow{\\beta}_2 = \\overrightarrow{\\beta} - \\overrightarrow{\\beta}_1 = (2 - 3\\lambda) \\hat{i} + (1 + \\lambda) \\hat{j} - 3 \\hat{k}$\n\nNow, since $\\overrightarrow{\\beta_2}$ is to be perpendicular to $\\overrightarrow{\\alpha}$, we should have\n\n$\\overrightarrow{\\alpha} \\cdot \\overrightarrow{\\beta_2} = 0$\n\nThus,\n\n$3(2 - 3\\lambda) - (1 + \\lambda) = 0$\n\nSolving this gives:\n\n$3(2 - 3\\lambda) - (1 + \\lambda) = 0 \\Rightarrow 6 - 9\\lambda - 1 - \\lambda = 0 \\Rightarrow -10\\lambda + 5 = 0 \\Rightarrow \\lambda = \\frac{1}{2}$\n\nTherefore,\n\n$\\overrightarrow{\\beta}_1 = \\frac{3}{2} \\hat{i} - \\frac{1}{2} \\hat{j}$ and $\\overrightarrow{\\beta}_2 = \\frac{5}{2} \\hat{i} + \\frac{1}{2} \\hat{j} - 3 \\hat{k}$', '**Question:**\nIf with reference to the right handed system of mutually perpendicular unit vectors $\\hat{i}$, $\\hat{j}$ and $\\hat{k}$,\n\\[\n\\vec{\\alpha} = 3\\hat{i} - \\hat{j}, \\vec{\\beta} = 2\\hat{i} + \\hat{j} - 3\\hat{k},\n\\]\nthen express $\\vec{\\beta}$ in the form\n\\[\n\\vec{\\beta} = \\vec{\\beta}_1 + \\vec{\\beta}_2,\n\\]\nwhere $\\vec{\\beta}_1$ is parallel to $\\vec{\\alpha}$ and $\\vec{\\beta}_2$ is perpendicular to $\\vec{\\alpha}$.\n\n**Answer:**\nLet $\\vec{\\beta}_1 = \\lambda \\vec{a}$, where $\\lambda$ is a scalar. Therefore, $\\vec{\\beta}_1 = 3\\lambda\\hat{i} - \\lambda\\hat{j}$.\n\nNow,\n\\[\n\\vec{\\beta}_2 = \\vec{\\beta} - \\vec{\\beta}_1 = (2 - 3\\lambda)\\hat{i} + (1 + \\lambda)\\hat{j} - 3\\hat{k}.\n\\]\n\nNow, since $\\vec{\\beta}_2$ is to be perpendicular to $\\vec{\\alpha}$, we should have\n\\[\n\\vec{\\alpha} \\cdot \\vec{\\beta}_2 = 0.\n\\]\nThus,\n\\[\n3(2 - 3\\lambda) - (1 + \\lambda) = 0.\n\\]\nSolving this gives:\n\\[\n3(2 - 3\\lambda) - (1 + \\lambda) = 0 \\Rightarrow 6 - 9\\lambda - 1 - \\lambda = 0 \\Rightarrow -10\\lambda + 5 = 0 = \\lambda = \\frac{1}{2}.\n\\]\nTherefore,\n\\[\n\\vec{\\beta}_1 = \\frac{3}{2}\\hat{i} - \\frac{1}{2}\\hat{j} \\text{ and } \\vec{\\beta}_2 = \\frac{5}{2}\\hat{i} + \\frac{1}{2}\\hat{j} - 3\\hat{k}.\n\\]', '**Question:**\nIf with reference to the right handed system of mutually perpendicular unit vectors i, j and k,\n\\[\n\\vec{\\alpha} = 3\\hat{i} - \\hat{j}, \\; \\vec{\\beta} = 2\\hat{i} + \\hat{j} - 3\\hat{k},\n\\]\nthen express $\\vec{\\beta}$ in the form\n\\[\n\\vec{\\beta} = \\vec{\\beta}_{1} + \\vec{\\beta}_{2},\n\\]\nwhere $\\vec{\\beta}_{1}$ is parallel to $\\vec{\\alpha}$ and $\\vec{\\beta}_{2}$ is perpendicular to $\\vec{\\alpha}$.\n\n**Answer:**\nLet $\\vec{\\beta}_{1} = \\lambda\\vec{\\alpha}$, where $\\lambda$ is a scalar, i.e., $\\vec{\\beta}_{1} = 3\\hat{i} - \\lambda\\hat{j}$.\nNow,\n\\[\n\\vec{\\beta}_{2} = \\vec{\\beta} - \\vec{\\beta}_{1} = (2 - 3\\lambda)\\hat{i} + (1 + \\lambda)\\hat{j} - 3\\hat{k}.\n\\]\nNow, since $\\vec{\\beta}_{2}$ is to be perpendicular to $\\vec{\\alpha}$, we should have\n\\[\n\\vec{\\alpha} \\cdot \\vec{\\beta}_{2} = 0.\n\\]\nThus,\n\\[\n3(2 - 3\\lambda) - (1 + \\lambda) = 0.\n\\]\nSolving this gives:\n\\[\n3(2 - 3\\lambda) - (1 + \\lambda) = 0 \\Rightarrow 6 - 9\\lambda - 1 - \\lambda = 0 \\Rightarrow -10\\lambda + 5 = 0 \\Rightarrow \\lambda = \\frac{1}{2}.\n\\]\nTherefore,\n\\[\n\\vec{\\beta}_{1} = \\frac{3}{2}\\hat{i} - \\frac{1}{2}\\hat{j} \\text{ and } \\vec{\\beta}_{2} = \\frac{5}{2}\\hat{i} + \\frac{1}{2}\\hat{j} - 3\\hat{k}.\n\\]', '**Question:**\nIf with reference to the right handed system of mutually perpendicular unit vectors \\(\\hat{i}\\), \\(\\hat{j}\\) and \\(\\hat{k}\\),\n\\[\n\\vec{\\alpha}=3\\hat{i}-\\hat{j}, \\quad \\vec{\\beta}=2\\hat{i}+\\hat{j}-3\\hat{k},\n\\]\nthen express \\(\\vec{\\beta}\\) in the form \\(\\vec{\\beta}=\\vec{\\beta}_{1}+\\vec{\\beta}_{2}\\), where \\(\\vec{\\beta}_{1}\\) is parallel to \\(\\vec{\\alpha}\\) and \\(\\vec{\\beta}_{2}\\) is perpendicular to \\(\\vec{\\alpha}\\).\n\n**Answer:**\nLet \\(\\vec{\\beta}_{1}=\\lambda\\vec{\\alpha}\\), where \\(\\lambda\\) is a scalar, i.e., \\(\\vec{\\beta}_{1}=3\\lambda\\hat{i}-\\lambda\\hat{j}\\).\n\nNow,\n\\[\n\\vec{\\beta}_{2}=\\vec{\\beta}-\\vec{\\beta}_{1}=(2-3\\lambda)\\hat{i}+(1+\\lambda)\\hat{j}-3\\hat{k}.\n\\]\n\nNow, since \\(\\vec{\\beta}_{2}\\) is to be perpendicular to \\(\\vec{\\alpha}\\), we should have \\(\\vec{\\alpha}.\\vec{\\beta}_{2}=0\\). Thus,\n\\[\n3(2-3\\lambda)-(1+\\lambda)=0.\n\\]\n\nSolving this gives:\n\\[ 3(2-3\\lambda)-(1+\\lambda)=0 \\Rightarrow 6-9\\lambda-1-\\lambda=0 \\Rightarrow -10\\lambda+5=0 \\Rightarrow \\lambda=\\frac{1}{2}. \\]\n\nTherefore,\n\\[\n\\vec{\\beta}_{1}=\\frac{3}{2}\\hat{i}-\\frac{1}{2}\\hat{j}\\text{ and }\\vec{\\beta}_{2}=\\frac{5}{2}\\hat{i}+\\frac{1}{2}\\hat{j}-3\\hat{k}.\n\\]', '**Question:**\nIf with reference to the right handed system of mutually perpendicular unit vectors $\\hat{i}$, $\\hat{j}$ and $\\hat{k}$,\n\n$\\overrightarrow{a}=3\\hat{i}-\\hat{j}, \\overrightarrow{\\beta}=2\\hat{i}+\\hat{j}-3\\hat{k},$ then express $\\overrightarrow{\\beta}$ in the form\n\n$\\overrightarrow{\\beta}=\\overrightarrow{\\beta}_{1}+\\overrightarrow{\\beta}_{2},$ where $\\overrightarrow{\\beta}_{{1}}$ is parallel to $\\overrightarrow{a}$ and $\\overrightarrow{\\beta}_{{2}}$ is perpendicular to $\\overrightarrow{a}$.\n\n**Answer:**\n\nLet $\\overrightarrow{\\beta}_{1}=\\lambda\\overrightarrow{a}$, where $\\lambda$ is a scalar, i.e., $\\overrightarrow{\\beta}_{1}=3\\lambda\\hat{i}-\\lambda\\hat{j}$.\n\nNow,\n\n$\\overrightarrow{\\beta}_{2}=\\overrightarrow{\\beta}-\\overrightarrow{\\beta}_{1}=(2-3\\lambda)\\hat{i}+(1+\\lambda)\\hat{j}-3\\hat{k}.$\n\nNow, since $\\overrightarrow{\\beta}_{2}$ is to be perpendicular to $\\overrightarrow{a}$, we should have\n\n$\\overrightarrow{a}\\cdot \\overrightarrow{\\beta}_{2}=0$. Thus,\n\n$3(2-3\\lambda)-(1+\\lambda)=0$\n\nSolving this gives:\n\n$3(2-3\\lambda)-(1+\\lambda)=0 \\Rightarrow 6-9\\lambda-1-\\lambda=0 \\Rightarrow -10\\lambda+5=0 = \\lambda=\\frac{1}{2}$.\n\nTherefore,\n\n$\\overrightarrow{\\beta}_{1}=\\frac{3}{2}\\hat{i}-\\frac{1}{2}\\hat{j}$ and $\\overrightarrow{\\beta}_{2}=\\frac{5}{2}\\hat{i}+\\frac{1}{2}\\hat{j}-3\\hat{k}$.']","['**Reasoning:** The answer provided does not contain any logical errors in the mathematical steps taken to solve the problem. Each step follows the correct algebraic manipulations and principles involved in vector operations, including finding components in the basis vectors and using the dot product for perpendicularity. There are no apparent mistakes in the use of scalar multiplication, vector addition, or solving linear equations.\n\n**Error:** 0', '**Reasoning:** The solution does not seem incorrect as it follows the logical steps to find \\(\\overrightarrow{\\beta}_2\\) from \\(\\overrightarrow{\\alpha}\\) and \\(\\overrightarrow{B}\\) based on their orthogonality condition. The calculations provided match the expected result if interpreted correctly.\n\n**Error:** 0', '**Reasoning:** The solution does not correctly express \\(\\overrightarrow{\\beta}\\) as a linear combination of \\(\\overrightarrow{\\alpha}\\). The incorrect expression should be \\(\\overrightarrow{\\beta} = 3\\hat{i} - \\hat{j}\\). The correct answer should be \\(\\overrightarrow{\\beta} = 3\\hat{i} - \\hat{j}\\) because it is already given in terms of unit vectors \\(\\hat{i}\\) and \\(\\hat{j}\\). The steps involving \\(\\lambda\\) and solving for it are correct but do not directly address the expression of \\(\\overrightarrow{\\beta}\\).\n\n**Error:** 1', '**Reasoning:** The answer contains an arithmetic mistake in the final step. The equation \\(3(2 - 3\\lambda) - (1 + \\lambda) = 0\\) simplifies to \\(6 - 9\\lambda - 1 - \\lambda = 0\\), which further simplifies to \\(-10\\lambda + 5 = 0\\). Solving for \\(\\lambda\\), we get \\(\\lambda = \\frac{1}{2}\\). However, the correct value should be \\(\\lambda = \\frac{1}{3}\\), not \\(\\frac{1}{2}\\). This discrepancy suggests an error in solving the quadratic equation, leading to the incorrect value for \\(\\lambda\\).\n\n**Error:** 1', '**Reasoning:** The answer does not appear to contain any mathematical errors. It follows the steps outlined in the question correctly, showing how to express \\(\\overrightarrow{\\beta}\\) in terms of \\(\\overrightarrow{\\alpha}\\) and \\(\\overrightarrow{\\beta_2}\\) being perpendicular to \\(\\overrightarrow{\\alpha}\\). There are no arithmetic mistakes, logical errors, or misinterpretations in the given steps.\n\n**Error:** 0']","['**Question:**\nIf with reference to the right handed system of mutually perpendicular unit vectors \\(\\hat{i}\\), \\(\\hat{j}\\) and \\(\\hat{k}\\),\n\\[\n\\vec{\\alpha} = 3\\hat{i} - \\hat{j}, \\quad \\vec{\\beta} = 2\\hat{i} + \\hat{j} - 3\\hat{k},\n\\]\nthen express \\(\\vec{\\beta}\\) in the form\n\\[\n\\vec{\\beta} = \\vec{\\beta}_1 + \\vec{\\beta}_2,\n\\]\nwhere \\(\\vec{\\beta}_1\\) is parallel to \\(\\vec{\\alpha}\\) and \\(\\vec{\\beta}_2\\) is perpendicular to \\(\\vec{\\alpha}\\).\n\n**Answer:**\nLet \\(\\vec{\\beta}_1 = \\lambda\\vec{\\alpha}\\), where \\(\\lambda\\) is a scalar, i.e., \\(\\vec{\\beta}_1 = 3\\lambda\\hat{i} - \\lambda\\hat{j}\\).\n\nNow,\n\\[\n\\vec{\\beta}_2 = \\vec{\\beta} - \\vec{\\beta}_1 = (2 - 3\\lambda)\\hat{i} + (1 + \\lambda)\\hat{j} - 3\\hat{k}.\n\\]\n\nNow, since \\(\\vec{\\beta}_2\\) is to be perpendicular to \\(\\vec{\\alpha}\\), we should have\n\\[\n\\vec{\\alpha} \\cdot \\vec{\\beta}_2 = 0.\n\\]\nThus,\n\\[\n3(2 - 3\\lambda) - (1 + \\lambda) = 0.\n\\]\n\nSolving this gives:\n\\[\n3(2 - 3\\lambda) - (1 + \\lambda) = 0 \\Rightarrow 6 - 9\\lambda - 1 - \\lambda = 0 \\Rightarrow -10\\lambda + 5 = 0 \\Rightarrow \\lambda = \\frac{1}{2}.\n\\]\n\nTherefore,\n\\[\n\\vec{\\beta}_1 = \\frac{3}{2}\\hat{i} - \\frac{1}{2}\\hat{j} \\text{ and } \\vec{\\beta}_2 = \\frac{5}{2}\\hat{i} + \\frac{1}{2}\\hat{j} - 3\\hat{k}.\n\\]', '**Question:**\nIf with reference to the right handed system of mutually perpendicular unit vectors \\(\\hat{i}\\), \\(\\hat{j}\\) and \\(\\hat{k}\\),\n\\[\n\\vec{\\alpha} = 3\\hat{i} - \\hat{j}, \\quad \\vec{\\beta} = 2\\hat{i} + \\hat{j} - 3\\hat{k},\n\\]\nthen express \\(\\vec{\\beta}\\) in the form\n\\[\n\\vec{\\beta} = \\vec{\\beta}_1 + \\vec{\\beta}_2,\n\\]\nwhere \\(\\vec{\\beta}_1\\) is parallel to \\(\\vec{\\alpha}\\) and \\(\\vec{\\beta}_2\\) is perpendicular to \\(\\vec{\\alpha}\\).\n\n**Answer:**\nLet \\(\\vec{\\beta}_1 = \\lambda\\vec{\\alpha}\\), where \\(\\lambda\\) is a scalar, i.e., \\(\\vec{\\beta}_1 = 3\\lambda\\hat{i} - \\lambda\\hat{j}\\).\n\nNow,\n\\[\n\\vec{\\beta}_2 = \\vec{\\beta} - \\vec{\\beta}_1 = (2 - 3\\lambda)\\hat{i} + (1 + \\lambda)\\hat{j} - 3\\hat{k}.\n\\]\n\nNow, since \\(\\vec{\\beta}_2\\) is to be perpendicular to \\(\\vec{\\alpha}\\), we should have\n\\[\n\\vec{\\alpha} \\cdot \\vec{\\beta}_2 = 0.\n\\]\nThus,\n\\[\n3(2 - 3\\lambda) - (1 + \\lambda) = 0.\n\\]\n\nSolving this gives:\n\\[\n3(2 - 3\\lambda) - (1 + \\lambda) = 0 \\Rightarrow 6 - 9\\lambda - 1 - \\lambda = 0 \\Rightarrow -10\\lambda + 5 = 0 \\Rightarrow \\lambda = \\frac{1}{2}.\n\\]\n\nTherefore,\n\\[\n\\vec{\\beta}_1 = \\frac{3}{2}\\hat{i} - \\frac{1}{2}\\hat{j} \\text{ and } \\vec{\\beta}_2 = \\frac{5}{2}\\hat{i} + \\frac{1}{2}\\hat{j} - 3\\hat{k}.\n\\]']","['**Reasoning:** The answer provided does not contain any mathematical errors. The steps taken to solve the problem are correct and logically consistent with the given question. The calculations for finding \\(\\overrightarrow{\\beta}_1\\) and \\(\\overrightarrow{\\beta}_2\\) are accurate, and the final result is correctly derived.\n\n**Error:** 0', '**Reasoning:** The answer provided does not contain any mathematical errors. The steps taken to solve the problem are correct and logically consistent with the given question. The calculations for finding \\(\\overrightarrow{\\beta}_1\\) and \\(\\overrightarrow{\\beta}_2\\) are accurate, and the final result is correctly derived.\n\n**Error:** 0']",Qwen/Qwen2.5-VL-3B-Instruct,25
"Write four more numbers in the following pattern:
\[
-\frac{1}{3}, -\frac{2}{6}, -\frac{3}{9}, -\frac{4}{12}, \ldots
\]

"," We have,
\[
-\frac{2}{6} = \frac{-1 \times 2}{3 \times 2}, \quad -\frac{3}{9} = \frac{-1 \times 3}{3 \times 3}, \quad -\frac{4}{12} = \frac{-1 \times 4}{3 \times 4}
\]
or
\[
\frac{-1 \times 1}{3 \times 1} = \frac{-1}{3}, \quad \frac{-1 \times 2}{6}, \quad \frac{-2 \times 1}{6}, \quad \frac{-3 \times 1}{9}, \quad \frac{-1 \times 4}{12} = \frac{-4}{12}
\]

Thus, we observe a pattern in these numbers.

The other numbers would be
\[
-\frac{5}{15}, \quad -\frac{1 \times 6}{3 \times 6}, \quad -\frac{6}{18}, \quad -\frac{1 \times 7}{3 \times 7} = \textcolor{red}{-\frac{2}{17}}.
\]

",True,True,True,1.6094379124341005,0.0,0.0,0.0,False,False,0,0,"['**Question:** Write four more numbers in the following pattern: $\\frac{1}{3}$, $\\frac{2}{6}$, $\\frac{3}{9}$, $\\frac{4}{12}$, ...\n\n**Answer:** We have:\n\n\\[\n\\begin{array}{l}\n-\\frac{2}{6} = \\frac{-1 \\times 2}{3 \\times 2}, \\quad -\\frac{3}{9} = \\frac{-1 \\times 3}{3 \\times 3}, \\quad -\\frac{4}{12} = \\frac{-1 \\times 4}{3 \\times 4} \\\\\n0 = \\frac{-1 \\times 1}{3 \\times 1}, \\quad -\\frac{1 \\times 2}{6}, \\quad -\\frac{2 \\times 1}{6}, \\quad -\\frac{3 \\times 1}{9}, \\quad -\\frac{1 \\times 4}{12} = -\\frac{4}{12} \\\\\n\\text{Thus, we observe a pattern in these numbers. The other numbers would be } \\\\\n-\\frac{5}{15}, \\quad -\\frac{1 \\times 6}{3 \\times 6}, \\quad -\\frac{6}{18}, \\quad -\\frac{1 \\times 7}{3 \\times 7} = -\\frac{2}{17}.\n\\end{array}\n\\]', '**Question:**\nWrite four more numbers in the following pattern:\n\n\\[\n-\\frac{1}{3}, \\quad \\frac{2}{6}, \\quad \\frac{3}{9}, \\quad \\frac{4}{12}, \\ldots\n\\]\n\n**Answer:**\nWe have,\n\n\\[\n-\\frac{2}{6} = -\\frac{1 \\times 2}{3 \\times 2}, \\quad -\\frac{3}{9} = -\\frac{1 \\times 3}{3 \\times 3}, \\quad -\\frac{4}{12} = -\\frac{1 \\times 4}{3 \\times 4}\n\\]\n\nObserving the pattern in these numbers, we observe a pattern in these numbers.\n\nThe other numbers would be\n\n\\[\n-\\frac{5}{15} = -\\frac{1 \\times 5}{3 \\times 5}, \\quad -\\frac{6}{18} = -\\frac{1 \\times 6}{3 \\times 6}, \\quad -\\frac{7}{21} = -\\frac{1 \\times 7}{3 \\times 7}\n\\]', '**Question:** Write four more numbers in the following pattern: \\(\\frac{1}{3}, \\frac{2}{6}, \\frac{3}{9}, \\frac{4}{12}, ...\\)\n\n**Answer:** we have,\n\n\\(-\\frac{2}{6} = -\\frac{1\\times2}{3\\times2}\\), \\(-\\frac{3}{9} = -\\frac{1\\times3}{3\\times3}\\), \\(-\\frac{4}{12} = -\\frac{1\\times4}{3\\times4}\\) \n\nor\n\n\\(-\\frac{1\\times1}{3\\times1} = -\\frac{1}{3}\\), \\(-\\frac{1\\times2}{6} = -\\frac{2\\times1}{6}\\), \\(-\\frac{3\\times1}{9} = -\\frac{1\\times4}{12}\\) \nThus, we observe a pattern in these numbers.\n\nThe other numbers would be:\n\n\\(-\\frac{5}{15}\\), \\(-\\frac{1\\times6}{3\\times6}\\), \\(-\\frac{6}{18}\\), \\(-\\frac{1\\times7}{3\\times7}\\)', '**Question:**\n\\[\n\\text{Write four more numbers in the following pattern:}\n\\]\n\\[\n-\\frac{1}{3}, \\frac{2}{6}, \\frac{3}{9}, \\frac{4}{12}, \\ldots\n\\]\n\n**Answer:**\n\\[\n\\text{We have,}\n\\]\n\\[\n-\\frac{2}{6} = -\\frac{1 \\times 2}{3 \\times 2}, \\quad -\\frac{3}{9} = -\\frac{1 \\times 3}{3 \\times 3}, \\quad -\\frac{4}{12} = -\\frac{1 \\times 4}{3 \\times 4}\n\\]\n\\[\n\\vdots\n\\]\n\\[\n-\\frac{1 \\times 5}{3 \\times 5} = -\\frac{5}{15}, \\quad -\\frac{1 \\times 6}{3 \\times 6} = -\\frac{6}{18}, \\quad -\\frac{1 \\times 7}{3 \\times 7} = -\\frac{7}{21}\n\\]', '**Question:**\nWrite four more numbers in the following pattern:n:\n\n\\[\n-\\frac{1}{3}, \\frac{2}{6}, \\frac{3}{9}, \\frac{4}{12}, \\dots\n\\]\n\n**Answer:**\nWe have,\n\\[\n-\\frac{2}{6} = -\\frac{1 \\times 2}{3 \\times 2}, \\quad -\\frac{3}{9} = -\\frac{1 \\times 3}{3 \\times 3}, \\quad -\\frac{4}{12} = -\\frac{1 \\times 4}{3 \\times 4}\n\\]\nor\n\\[\n-\\frac{1 \\times 1}{3 \\times 1} = -\\frac{1}{3}, \\quad -\\frac{1 \\times 2}{6} = -\\frac{2 \\times 1}{6}, \\quad -\\frac{3 \\times 1}{9} = -\\frac{3 \\times 1}{9}, \\quad -\\frac{1 \\times 4}{12} = -\\frac{4 \\times 1}{12}\n\\]\nThus, we observe a pattern in these numbers.\nThe other numbers would be\n\\[\n-\\frac{5}{15}, -\\frac{1 \\times 6}{3 \\times 6}, \\quad -\\frac{6}{18}, \\quad -\\frac{1 \\times 7}{3 \\times 7}, \\quad -\\frac{-2}{17}\n\\]']","['**Reasoning:** The answer does not correctly identify the pattern in the sequence. The student incorrectly states that the numbers are multiples of -1 multiplied by the current position number. However, the correct pattern is that each term is \\(\\frac{1}{3n}\\) for \\(n > 2\\). Therefore, the first four terms should be \\(\\frac{1}{3}, \\frac{2}{6}, \\frac{3}{9}, \\frac{4}{12}\\), and so on. The solution provided does not reflect this pattern.\n\n**Error:** 1', '**Reasoning:** In the Answer, the student incorrectly simplifies \\(\\frac{-1 \\times 6}{3 \\times 6}\\) as \\(\\frac{-6}{18}\\) instead of correctly simplifying it to \\(\\frac{-1}{3}\\). The correct simplification should be \\(\\frac{-1 \\times 6}{3 \\times 6} = \\frac{-1}{3}\\), but the answer provided is \\(\\frac{-6}{18}\\), which is incorrect because it should be simplified further to \\(\\frac{-1}{3}\\).\n\n**Error:** 1', '**Reasoning:** The answer incorrectly concludes with the numbers as -\\(\\frac{5}{15}\\), \\(-\\frac{1\\times6}{3\\times6}\\), \\(-\\frac{6}{18}\\), \\(-\\frac{1\\times7}{3\\times7}\\), and \\(\\frac{-2}{17}\\). These fractions do not follow the pattern observed earlier, which was the sequence \\(-\\frac{1}{3},-\\frac{2}{6},-\\frac{3}{9},-\\frac{4}{12},...\\) and thus, the conclusion is incorrect.\n\n**Error:** 1', '**Reasoning:** The answer provided contains several mathematical errors. First, the pattern observed does not match the sequence given in the question. The sequence in the question is \\(-\\frac{1}{3}, -\\frac{2}{6}, -\\frac{3}{9}, -\\frac{4}{12}, ...\\) while the answer suggests a different pattern with \\(-\\frac{1 \\times 2}{3 \\times 2}\\), \\(-\\frac{1 \\times 3}{3 \\times 3}\\), etc., which contradicts the original sequence. Additionally, the pattern described in the answer does not align with the original sequence either. For example, \\(-\\frac{1 \\times 1}{3 \\times 1} = -\\frac{1}{3}\\) should be \\(-\\frac{1}{3}\\) but is incorrectly written as \\(-\\frac{1 \\times 2}{3 \\times 2}\\). The answer also omits the next number in the sequence after \\(\\frac{4}{12}\\), which should be \\(-\\frac{5}{15}\\).\n\n**Error:** 1', ""**Reasoning:** The student's answer follows a pattern for writing more numbers in the sequence starting from \\(\\frac{-1}{3}\\), \\(\\frac{2}{6}\\), \\(\\frac{3}{9}\\), \\(\\frac{4}{12}\\). However, the way they continue the sequence is incorrect. The student writes \\(-\\frac{5}{15}\\) instead of following the pattern correctly. For example, if the next number should be written as \\(-\\frac{3 \\times 4}{12}\\), it should actually be \\(-\\frac{12}{12} = -1\\). This step-by-step approach does not match the correct continuation of the sequence.\n\n**Error:** 1""]","['**Question:** Write four more numbers in the following pattern:\n\n\\[\n-\\frac{1}{3}, \\frac{2}{6}, \\frac{3}{9}, \\frac{4}{12}, \\ldots\n\\]\n\n**Answer:** We have,\n\n\\[\n-\\frac{2}{6} = -\\frac{1 \\times 2}{3 \\times 2}, \\quad -\\frac{3}{9} = -\\frac{1 \\times 3}{3 \\times 3}, \\quad -\\frac{4}{12} = -\\frac{1 \\times 4}{3 \\times 4}\n\\]\n\nObserving the pattern, we can write the other numbers as:\n\n\\[\n-\\frac{5}{15}, \\quad -\\frac{1 \\times 6}{3 \\times 6}, \\quad -\\frac{6}{18}, \\quad -\\frac{1 \\times 7}{3 \\times 7}, \\quad -\\frac{2}{17}\n\\]', '**Question:** Write four more numbers in the following pattern:\n\n\\[\n-\\frac{1}{3}, \\frac{2}{6}, \\frac{3}{9}, \\frac{4}{12}, \\ldots\n\\]\n\n**Answer:** We have,\n\n\\[\n-\\frac{2}{6} = -\\frac{1 \\times 2}{3 \\times 2}, \\quad -\\frac{3}{9} = -\\frac{1 \\times 3}{3 \\times 3}, \\quad -\\frac{4}{12} = -\\frac{1 \\times 4}{3 \\times 4}\n\\]\n\nObserving the pattern, we can write the other numbers as:\n\n\\[\n-\\frac{5}{15}, \\quad -\\frac{1 \\times 6}{3 \\times 6}, \\quad -\\frac{6}{18}, \\quad -\\frac{1 \\times 7}{3 \\times 7}, \\quad -\\frac{2}{17}\n\\]']","['**Reasoning:** The answer provided does not correctly identify the pattern in the sequence. The pattern should be \\(-\\frac{1}{3}, -\\frac{2}{6}, -\\frac{3}{9}, -\\frac{4}{12}\\) instead of \\(-\\frac{2}{6}, -\\frac{3}{9}, -\\frac{4}{12}\\). The correct pattern is that each term is \\(-\\frac{n}{3n}\\) for \\(n = 1, 2, 3, 4, \\ldots\\). Therefore, the next terms would be \\(-\\frac{5}{15}, -\\frac{6}{18}, -\\frac{7}{21}, -\\frac{8}{24}\\).\n\n**Error:** 1', '**Reasoning:** The answer provided does not correctly identify the pattern in the sequence. The pattern should be \\(-\\frac{1}{3}, -\\frac{2}{6}, -\\frac{3}{9}, -\\frac{4}{12}\\) instead of \\(-\\frac{2}{6}, -\\frac{3}{9}, -\\frac{4}{12}\\). The correct pattern is that each term is \\(-\\frac{n}{3n}\\) for \\(n = 1, 2, 3, 4, \\ldots\\). Therefore, the next terms would be \\(-\\frac{5}{15}, -\\frac{6}{18}, -\\frac{7}{21}, -\\frac{8}{24}\\).\n\n**Error:** 1']",Qwen/Qwen2.5-VL-3B-Instruct,25
"Find the value of \( \left( \frac{2}{3} \right)^{-2} \).

"," 
\[
\left( \frac{2}{3} \right)^{-2} = \frac{2^{-2}}{3^{-2}} = \frac{3^{2}}{2^{2}} = \frac{9}{4} = \textcolor{red}{2.25}
\]

",True,True,False,1.6094379124341005,0.0,0.0,0.0,False,False,0,0,"['**Question:**\nFind the value of \\left(\\frac{2}{3}\\right)^{-2}.\n\n**Answer:**\n\\begin{align*}\n\\left(\\frac{2}{3}\\right)^{-2} &= \\frac{2^{-2}}{3^{-2}} = \\frac{\\frac{3^{2}}{2^{2}}}{1} = 2.75\n\\end{align*}', '**Question:** Find the value of \\left(\\frac{2}{3}\\right)^{-2}.\n\n**Answer:** \\left(\\frac{2}{3}\\right)^{-2} = \\frac{2^{-2}}{3^{-2}} = \\frac{\\frac{9}{1}}{2^{2}} = 2.25', '**Question:** Find the value of \\(\\left( \\frac{2}{3} \\right)^{-2}\\).\n\n**Answer:** \\(\\left( \\frac{2}{3} \\right)^{-2} = \\frac{2^{-2}}{3^{-2}} = \\frac{\\frac{1}{4}}{\\frac{1}{9}} = \\frac{9}{4} = 2.25\\)', '**Question:**Find the value of \\left(\\frac{2}{3}\\right)^{-2}.\n\n**Answer:**\n\\begin{align*}\n\\left(\\frac{2}{3}\\right)^{-2} &= \\frac{2^{-2}}{3^{-2}} = \\frac{\\left(3^2\\right)}{2^2} = \\frac{9}{4} = 2.25\n\\end{align*}', '**Question:**\nFind the value of \\left(\\frac{2}{3}\\right)^{-2}.\n\n**Answer:**\n\\left(\\frac{2}{3}\\right)^{-2} = \\frac{2^{-2}}{3^{-2}} = \\frac{\\frac{1}{4}}{\\frac{1}{9}} = \\frac{9}{4} = 2.25']","['**Reasoning:** The answer key incorrectly simplifies \\((\\frac{2}{3})^{-2}\\) by using 2 as the base instead of the fraction. The correct approach should be to first simplify the expression inside the parenthesis before applying the exponent. \n\n**Error:** 1', '**Reasoning:** The answer provided contains a few inaccuracies:\n1. In the line (\\frac{2}{3})^{-2} = \\frac{2^-2}{3^-2}, it should be expressed as \\left(\\frac{2}{3}\\right)^{-2} = \\frac{3^2}{2^2}, because the exponent rule states that \\left(\\frac{a}{b}\\right)^{-n} = \\frac{b^n}{a^n}. Additionally, the numerator should be 3^2 instead of 2^-2.\n2. The final step should result in \\frac{9}{4} = 2.25, but this is incorrect as it should be \\frac{9}{4} = 2.25 / 1 = 2.25.\n\n**Error:** 1', '**Reasoning:** The answer provided has a mathematical error in the final step. The expression \\(\\left(\\frac{2}{3}\\right)^{-2}\\) is correctly calculated as follows:\n\\[\n\\left(\\frac{2}{3}\\right)^{-2} = \\left(\\frac{3}{2}\\right)^2 = \\frac{9}{4} = 2.25\n\\]\nHowever, the answer given states \\(\\frac{9}{4}\\) instead of \\(2.25\\). This is correct but it should be written more precisely to align with the standard notation of decimal representation.\n\n**Error:** 1', '**Reasoning:** The answer mistakenly writes \\(\\frac{2^{-2}}{3^{-2}}\\) instead of \\(\\frac{2^2}{3^2}\\). The exponent operation in the denominator should be positive when taking the reciprocal, so \\((\\frac{2}{3})^{-2} = \\frac{3^2}{2^2}\\) should result in \\(\\frac{9}{4}\\), not \\(\\frac{2^{-2}}{3^{-2}}\\).\n\n**Error:** 1', '**Reasoning:** The answer provided contains a mistake in the final step. It should be \\(\\frac{3^2}{2^2}\\) instead of \\(\\frac{9}{7}\\). The correct calculation leads to \\(\\frac{9}{4} = 2.25\\), not \\(9/7\\).\n\n**Error:** 1']","['**Question:** Find the value of \\left(\\frac{2}{3}\\right)^{-2}.\n\n**Answer:** \\left(\\frac{2}{3}\\right)^{-2} = \\frac{2^{-2}}{3^{-2}} = \\frac{3^2}{2^2} = \\frac{9}{4} = 2.25', '**Question:** Find the value of \\left(\\frac{2}{3}\\right)^{-2}.\n\n**Answer:** \\left(\\frac{2}{3}\\right)^{-2} = \\frac{2^{-2}}{3^{-2}} = \\frac{3^2}{2^2} = \\frac{9}{4} = 2.25']","['**Reasoning:** The answer provided contains a logical error. In the step \\(\\left(\\frac{2}{3}\\right)^{-2} = \\frac{2^{-2}}{3^{-2}}\\), it should be \\(\\left(\\frac{2}{3}\\right)^{-2} = \\frac{3^2}{2^2}\\) instead of \\(\\frac{2^{-2}}{3^{-2}}\\). This is because when raising a fraction to a negative power, the numerator and denominator are raised to the same power but with opposite signs. Therefore, the correct expression should be \\(\\left(\\frac{2}{3}\\right)^{-2} = \\frac{3^2}{2^2}\\).\n\n**Error:** 1', '**Reasoning:** The answer provided contains a logical error. In the step \\(\\left(\\frac{2}{3}\\right)^{-2} = \\frac{2^{-2}}{3^{-2}}\\), it should be \\(\\left(\\frac{2}{3}\\right)^{-2} = \\frac{3^2}{2^2}\\) instead of \\(\\frac{2^{-2}}{3^{-2}}\\). This is because when raising a fraction to a negative power, the numerator and denominator are raised to the same power but with opposite signs. Therefore, the correct expression should be \\(\\left(\\frac{2}{3}\\right)^{-2} = \\frac{3^2}{2^2}\\).\n\n**Error:** 1']",Qwen/Qwen2.5-VL-3B-Instruct,25
"The volume of a cube is increasing at a rate of 9 cubic centimetres per second. How fast is the surface area increasing when the length of an edge is 10 centimetres?

"," Let \( x \) be the length of a side, \( V \) be the volume, and \( S \) be the surface area of the cube. Then, \( V = x^3 \) and \( S = 6x^2 \), where \( x \) is a function of time \( t \).

Now,
\[
\frac{dV}{dt} = 9 \, \text{cm}^3/\text{s} \quad \text{(Given)}
\]

Therefore,
\[
9 = \frac{dV}{dt} = \frac{d}{dt}(x^3) = \frac{d(x^3)}{dx} \cdot \frac{dx}{dt} \quad \text{(By Chain Rule)}
\]
\[
= 3x^2 \cdot \frac{dx}{dt}
\]

or
\[
\frac{dx}{dt} = \frac{3}{\textcolor{red}{y}^2} \quad \text{... (1)}
\]

Now,
\[
\frac{dS}{dt} = \frac{d}{dt}(6x^2) = \frac{d(6x^2)}{dx} \cdot \frac{dx}{dt} \quad \text{(By Chain Rule)}
\]
\[
= 12x \cdot \left(\frac{3}{\textcolor{red}{y}^2}\right) = \frac{36}{x} \quad \text{(Using (1))}
\]

Hence, when \( \textcolor{red}{y} = 10 \, \text{cm} \),
\[
\frac{dS}{dt} = \frac{36}{10} = 3.6 \, \text{cm}^2/\text{s}
\]

",True,True,True,1.6094379124341005,0.0,0.0,0.0,False,False,0,0,"['**Question:** The volume of a cube is increasing at a rate of 9 cubic centimeters per second. How fast is the surface area increasing when the length of an edge is 10 centimeters?\n\n**Answer:** Let \\( x \\) be the length of a side, \\( V \\) be the volume, and \\( S \\) be the surface area of the cube. Then \\( V = x^3 \\) and \\( S = 6x^2 \\), where \\( x \\) is a function of time \\( t \\). Now,\n\n\\[\n\\frac{dV}{dt} = 9 \\text{ cm}^3/s \\text{ (given)}\n\\]\n\nTherefore,\n\n\\[\n\\frac{dV}{dt} = \\frac{dV}{dx} \\cdot \\frac{dx}{dt} = \\frac{d(x^3)}{dx} \\cdot \\frac{dx}{dt} \\quad \\text{(By chain rule)}\n\\]\n\n\\[\n= 3x^2 \\cdot \\frac{dx}{dt}\n\\]\n\nor\n\n\\[\n\\frac{dx}{dt} = \\frac{3}{y^2} \\quad \\text{①}\n\\]\n\nNow,\n\n\\[\n\\frac{ds}{dt} = \\frac{d}{dx}(6x^2) \\cdot \\frac{dx}{dt} = \\frac{d(6x^2)}{dx} \\cdot \\frac{dx}{dt} \\quad \\text{(By chain rule)}\n\\]\n\n\\[\n= 12x \\left(\\frac{3}{y^2}\\right) - \\frac{36}{x} \\quad \\text{(using ①)}\n\\]\n\nHence, when \\( y = 10 \\text{ cm} \\),\n\n\\[\n\\frac{ds}{dt} = \\frac{36}{10} = 3.6 \\text{ cm}^2/s.\n\\]', '**Question:**\nThe volume of a cube is increasing at a rate of 9 cubic centimeters per second. How fast is the surface area increasing when the length of an edge is 10 centimeters?\n\n**Answer:**\nLet \\( x \\) be the length of a side, \\( V \\) be the volume, and \\( S \\) be the surface area of the cube. Then \\( V = x^3 \\) and \\( S = 6x^2 \\), where \\( x \\) is a function of time \\( t \\). Now,\n\\[\n\\frac{dV}{dt} = 9 \\, \\text{cm}^3/\\text{s} \\, (\\text{Given})\n\\]\nTherefore,\n\\[\ng = \\frac{dV}{dt} \\cdot \\frac{d}{dt}(x^3) = \\frac{d(x^3)}{dx} \\cdot \\frac{dx}{dt}\n\\]\n\\[\n= 3x^2 \\cdot \\frac{dx}{dt}\n\\]\nor\n\\[\n\\frac{dx}{dt} = \\frac{3}{42}\n\\]\nNow, \\(\\frac{ds}{dt} \\cdot \\frac{d}{dt}(6x^2) = \\frac{d(6x^2)}{dx} \\cdot \\frac{dx}{dt}\\)\n\\[\n= 12x \\left( \\frac{3}{42} \\right) - \\frac{36}{x} \\quad (\\text{using } \\mathbf{①})\n\\]\nHence, when \\( x = 10 \\, \\text{cm} \\)\n\\[\n\\frac{ds}{dt} = \\frac{36}{10} = 3.6 \\, \\text{cm}^2/\\text{s}.\n\\]', '```latex\n\\documentclass{article}\n\\usepackage[utf8]{inputenc}\n\n\\begin{document}\n\n**Question:**\nThe volume of a cube is increasing at a rate of $9$ cubic centimeters per second. How fast is the surface area increasing when the length of an edge is $10$ centimeters?\n\n**Answer:**\nLet $x$ be the length of a side, $V$ be the volume, and $S$ be the surface area of the cube. Then, $V = x^3$ and $S = 6x^2$, where $x$ is a function of time $t$.\n\nNow,\n\\[\n\\frac{dV}{dt} = 9 \\text{ cm}^3/s \\text{ (Given)}\n\\]\nTherefore,\n\\[\n\\frac{dV}{dt} = \\frac{dV}{dx} \\cdot \\frac{dx}{dt} = \\frac{d(x^3)}{dx} \\cdot \\frac{dx}{dt} \\quad (\\text{By chain rule})\n\\]\n\\[\n= 3x^2 \\cdot \\frac{dx}{dt}\n\\]\nor\n\\[\n\\frac{dx}{dt} = \\frac{3}{9} \\cdots \\tag{①}\n\\]\n\nNow,\n\\[\n\\frac{dS}{dt} = \\frac{d(6x^2)}{dx} = \\frac{d(6x^2)}{dx} \\cdot \\frac{dx}{dt} \\quad (\\text{By chain rule})\n\\]\n\\[\n= 12x \\cdot \\left(\\frac{3}{9}\\right) = \\frac{36}{x} \\quad (\\text{using (①)})\n\\]\n\nHence, when $x = 10$ cm,\n\\[\n\\frac{dS}{dt} = \\frac{36}{10} = 3.6 \\text{ cm}^2/s.\n\\]\n\n\\end{document}\n```', '**Question:**\nLet \\(x\\) be the length of a side, \\(V\\) be the volume, and \\(S\\) be the surface area of the cube. Then, \\(y = x^3\\) and \\(S = 6x^2\\), where \\(x\\) is a function of time \\(t\\). Now, \\(\\frac{dV}{dt} = g \\, cm^3/s\\) (Given)\n\nTherefore,\n\\[ \n\\frac{dV}{dt} = \\frac{d(V)}{dt}(x^3) = \\frac{d(x^3)}{dx} \\cdot \\frac{dx}{dt}\n\\]\n\\[ \n= 3x^2 \\cdot \\frac{dx}{dt}\n\\]\n\nOr\n\\[ \n\\frac{dx}{dt} = \\frac{3}{y^2} \\quad \\therefore ①\n\\]\n\nNow, \\(\\frac{ds}{dt} = \\frac{d(6x^2)}{dt} = \\frac{d(6x^2)}{dx} \\cdot \\frac{dx}{dt}\\)\n\\[ \n= 12x \\cdot \\left(\\frac{3}{y^2}\\right) - \\frac{36}{x} \\quad \\text{(using ①)}\n\\]\n\nHence, when \\(y = 10 cm\\)\n\n\\[ \n\\frac{ds}{dt} = \\frac{36}{10} = 3.6 \\, cm^2/s\n\\]\n\n**Answer:**\nLet \\(x\\) be the length of a side, \\(V\\) be the volume, and \\(S\\) be the surface area of the cube. Then, \\(y = x^3\\) and \\(S = 6x^2\\), where \\(x\\) is a function of time \\(t\\). Now, \\(\\frac{dV}{dt} = g \\, cm^3/s\\) (Given)\n\nTherefore,\n\\[ \n\\frac{dV}{dt} = \\frac{d(V)}{dt}(x^3) = \\frac{d(x^3)}{dx} \\cdot \\frac{dx}{dt}\n\\]\n\\[ \n= 3x^2 \\cdot \\frac{dx}{dt}\n\\]\n\nOr\n\\[ \n\\frac{dx}{dt} = \\frac{3}{y^2} \\quad \\therefore ', '**Question:**\nThe volume of a cube is increasing at a rate of 9 cubic centimeters per second. How fast is the surface area increasing when the length of an edge is 10 centimeters?\n\n**Answer:**\nLet \\( x \\) be the length of a side, \\( V \\) be the volume, and \\( S \\) be the surface area of the cube. Then \\( y = x^3 \\) and \\( S = 6x^2 \\), where \\( x \\) is a function of time \\( t \\). Now, \n\n\\[\n\\frac{dV}{dt} = 9 \\text{ cm}^3/\\text{s} \\quad (\\text{Given})\n\\]\n\nTherefore,\n\n\\[\n\\frac{dy}{dt} = \\frac{dV}{dt} \\cdot \\frac{d(x^3)}{dx} = \\frac{d(x^3)}{dx} \\cdot \\frac{dx}{dt} \\quad (\\text{By chain rule})\n\\]\n\n\\[\n= 3x^2 \\cdot \\frac{dx}{dt}\n\\]\n\nor\n\n\\[\n\\frac{dx}{dt} = \\frac{3}{x^2} \\quad \\text{(①)}\n\\]\n\nNow, \\( \\frac{ds}{dt} = \\frac{d(6x^2)}{dx} \\cdot \\frac{dx}{dt} = \\frac{d(6x^2)}{dx} \\cdot \\frac{dx}{dt} \\)\n\n\\[\n= 12x \\cdot \\left(\\frac{3}{x^2}\\right) - \\frac{36}{x} \\quad (\\text{using (①)})\n\\]\n\nHence, when \\( x = 10 \\) cm,\n\n\\[\n\\frac{ds}{dt} = \\frac{36}{10} = 3.6 \\text{ cm}^2/\\text{s}.\n\\]']","[""**Reasoning:**\nLet's analyze the steps taken in the answer:\n\n1. The initial step involves setting up the relationship between the volume \\( V \\) and the side length \\( x \\):\n   \\[\n   V = x^3\n   \\]\n   This is correct.\n\n2. The next step states:\n   \\[\n   \\frac{dV}{dt} = 9 \\text{ cm}^3/\\text{s}\n   \\]\n   This is correct because it directly follows from the rate of change of the volume being given as 9 cubic centimeters per second.\n\n3. The next step is:\n   \\[\n   \\frac{dV}{dt} = \\frac{d(V)}{dx} \\cdot \\frac{dx}{dt}\n   \\]\n   Applying the chain rule correctly:\n   \\[\n   \\frac{dV}{dt} = 3x^2 \\cdot \\frac{dx}{dt}\n   \\]\n   This is also correct since we differentiate \\( x^3 \\) with respect to \\( x \\), resulting in \\( 3x^2 \\), and this multiplied by \\( \\frac{dx}{dt} \\) gives us the rate of change of the volume with respect to time.\n\n4. The next steps involve setting up the equation for surface area \\( S \\):\n   \\[\n   S = 6x^2\n   \\]\n   This is correct.\n\n5. The next step incorrectly states:\n   \\[\n   \\frac{ds}{dt} = \\frac{dS}{dt} \\cdot \\frac{dx}{dt} = 12x \\cdot \\frac{dx}{dt}\n   \\]\n   This is incorrect because the derivative of \\( 6x^2 \\) with respect to \\( dx \\) should be \\( 12x \\), but then multiplying by \\( \\frac{dx}{dt} \\) would give \\( 12x^2 \\cdot \\frac{dx}{dt} \\), not \\( 12x \\cdot \\frac{dx}{dt} \\).\n\n6. Finally, when substituting \\( x = 10 \\) cm:\n   \\[\n   \\frac{ds}{dt} = \\frac{36}{10} = 3.6 \\text{ cm}^2/\\text{s}\n   \\]\n   This is also correct because it follows from the previous result.\n\n**Error:** 1"", '**Reasoning:** In the problem, the answer process seems correct up until the final calculation. However, the initial step of using the chain rule to find \\(\\frac{dV}{dt}\\) and substituting the given rate of volume increase (\\(g = 9 \\, \\text{cm}^3/\\text{s}\\)) with the derivative expression involving \\(x\\) seems to be correct. The subsequent steps leading to \\(\\frac{dx}{dt}\\) also appear to be accurate. However, when calculating \\(\\frac{ds}{dt}\\) as \\(12x\\left(\\frac{3}{12}\\right)\\), there seems to be a misunderstanding. The term \\(\\frac{36}{x}\\) is derived from \\(\\frac{dV}{dt} \\cdot 3x^2\\), but it should instead be simplified to \\(\\frac{dV}{dt} \\cdot x\\) since the original equation involves \\(x\\) raised to the power of 2. This implies a mistake in the sign for the second term, which would lead to the incorrect calculation of \\(\\frac{ds}{dt}\\). \n\n**Error:** 1', '**Reasoning:** The answer provided does not correctly apply the chain rule when computing \\(\\frac{dV}{dt}\\). The student should be using the chain rule for the derivative of \\(V\\) with respect to time, considering that \\(x\\) is a function of time, not just a constant. The correct application would involve differentiating \\(3x^2\\) with respect to time. Additionally, the expression for \\(\\frac{ds}{dt}\\) could also benefit from a proper application of the chain rule. The student seems to have applied the chain rule incorrectly, leading to an incorrect final result.\n\n**Error:** 1', '**Reasoning:** The answer does not correctly apply the chain rule when calculating the rate of change of the surface area \\( \\frac{ds}{dt} \\). The correct application of the chain rule should account for the time derivative of the side length \\( x \\) and its relation to the volume \\( V \\). However, the step taken to calculate \\( \\frac{ds}{dt} \\) does not reflect this properly. Specifically, it incorrectly simplifies the expression involving the derivative of \\( x^3 \\) with respect to \\( t \\) and the derivative of \\( x \\) with respect to \\( t \\) instead of considering them together.\n\n**Error:** 1', '**Reasoning:** The answer includes a calculation step that involves taking the derivative of \\(x^2\\) with respect to time (\\(t\\)), but it should be the derivative of \\(x\\) with respect to time (\\(t\\)). The correct derivative of \\(x^2\\) with respect to \\(t\\) would involve using the chain rule:\n\nGiven:\n\\[ \\frac{dV}{dt} = g \\]\n\nAnd:\n\\[ V = x^3 \\]\nwhere \\( V \\) is the volume of the cube, and \\( x \\) is its side length.\n\nTo find the rate of change of the surface area \\( S \\) with respect to time, we need:\n\\[ S = 6x^2 \\]\n\nDifferentiating \\( S \\) with respect to \\( t \\):\n\\[ \\frac{dS}{dt} = \\frac{d}{dt}(6x^2) \\]\n\nUsing the chain rule:\n\\[ \\frac{dS}{dt} = 12x \\cdot \\frac{dx}{dt} \\]\n\nSubstituting \\( \\frac{dx}{dt} \\) from the given equation:\n\\[ \\frac{dx}{dt} = \\frac{3}{g} \\]\n\nThus:\n\\[ \\frac{dS}{dt} = 12x \\cdot \\frac{3}{g} = \\frac{36x}{g} \\]\n\nFor \\( x = 10 \\) cm:\n\\[ \\frac{dS}{dt} = \\frac{36 \\cdot 10}{10} = 36 \\text{ cm}^2/\\text{s} \\]\n\nTherefore, the derivative of \\( S \\) with respect to \\( t \\) is incorrect because it was calculated as \\( \\frac{36x}{g} \\) instead of \\( \\frac{36x}{g} \\).\n\n**Error:** 1']","['**Question:**\nThe volume of a cube is increasing at a rate of 9 cubic centimeters per second. How fast is the surface area increasing when the length of an edge is 10 centimeters?\n\n**Answer:**\nLet \\( x \\) be the length of a side, \\( V \\) be the volume, and \\( S \\) be the surface area of the cube. Then \\( y = x^3 \\) and \\( S = 6x^2 \\), where \\( x \\) is a function of time \\( t \\).\n\nNow,\n\\[\n\\frac{dV}{dt} = 9 \\text{ cm}^3/\\text{s} \\quad (\\text{Given})\n\\]\n\nTherefore,\n\\[\n\\frac{dV}{dt} = \\frac{dV}{dx} \\cdot \\frac{dx}{dt} (x^3) = \\frac{d(x^3)}{dx} \\cdot \\frac{dx}{dt} \\quad (\\text{By chain rule})\n\\]\n\\[\n= 3x^2 \\cdot \\frac{dx}{dt}\n\\]\n\nor\n\\[\n\\frac{dx}{dt} = \\frac{3}{y^2} \\quad \\text{①}\n\\]\n\nNow,\n\\[\n\\frac{ds}{dt} = \\frac{d}{dx}(6x^2) = \\frac{d(6x^2)}{dx} \\cdot \\frac{dx}{dt} \\quad (\\text{By chain rule})\n\\]\n\\[\n= 12x \\cdot \\left(\\frac{3}{y^2}\\right) - \\frac{36}{x} \\quad (\\text{using ①})\n\\]\n\nHence, when \\( y = 10 \\text{ cm} \\)\n\n\\[\n\\frac{ds}{dt} = \\frac{36}{10} = 3.6 \\text{ cm}^2/\\text{s}.\n\\]', '**Question:**\nThe volume of a cube is increasing at a rate of 9 cubic centimeters per second. How fast is the surface area increasing when the length of an edge is 10 centimeters?\n\n**Answer:**\nLet \\( x \\) be the length of a side, \\( V \\) be the volume, and \\( S \\) be the surface area of the cube. Then \\( y = x^3 \\) and \\( S = 6x^2 \\), where \\( x \\) is a function of time \\( t \\).\n\nNow,\n\\[\n\\frac{dV}{dt} = 9 \\text{ cm}^3/\\text{s} \\quad (\\text{Given})\n\\]\n\nTherefore,\n\\[\n\\frac{dV}{dt} = \\frac{dV}{dx} \\cdot \\frac{dx}{dt} (x^3) = \\frac{d(x^3)}{dx} \\cdot \\frac{dx}{dt} \\quad (\\text{By chain rule})\n\\]\n\\[\n= 3x^2 \\cdot \\frac{dx}{dt}\n\\]\n\nor\n\\[\n\\frac{dx}{dt} = \\frac{3}{y^2} \\quad \\text{①}\n\\]\n\nNow,\n\\[\n\\frac{ds}{dt} = \\frac{d}{dx}(6x^2) = \\frac{d(6x^2)}{dx} \\cdot \\frac{dx}{dt} \\quad (\\text{By chain rule})\n\\]\n\\[\n= 12x \\cdot \\left(\\frac{3}{y^2}\\right) - \\frac{36}{x} \\quad (\\text{using ①})\n\\]\n\nHence, when \\( y = 10 \\text{ cm} \\)\n\n\\[\n\\frac{ds}{dt} = \\frac{36}{10} = 3.6 \\text{ cm}^2/\\text{s}.\n\\]']","['**Reasoning:** The answer does not contain any mathematical errors. The steps taken to solve the problem are correct and follow the chain rule properly. The calculations are accurate, and the final result is derived correctly.\n\n**Error:** 0', '**Reasoning:** The answer does not contain any mathematical errors. The steps taken to solve the problem are correct and follow the chain rule properly. The calculations are accurate, and the final result is derived correctly.\n\n**Error:** 0']",Qwen/Qwen2.5-VL-3B-Instruct,25
"Find the conjugate of 
\[
\frac{(3-2i)(2+3i)}{(1+2i)(2-i)}.
\]

"," We have, 
\[
\frac{(3-2i)(2+3i)}{(1+2i)(2-i)} = \frac{12 + 5i}{4 + 3i} \times \frac{4 - 3i}{4 - 3i} = \textcolor{red}{\frac{48 - 36i + 20i + 15}{16 + 9}} = \frac{63 - 16i}{25} = \textcolor{red}{\frac{6 + 9i - 4i + 6}{2 - i + 4i + 2}}.
\]
Therefore, the conjugate of 
\[
\frac{(3-2i)(2+3i)}{(1+2i)(2-i)} 
\]
is 
\[
\frac{63}{25} + \frac{16}{25} i.
\]

",True,True,True,1.6094379124341005,0.6730116670092565,0.0,0.0,False,False,0,0,"['**Question:** Find the conjugate of \\(\\dfrac{(3 - 2i)(2 + 3i)}{(1 + 2i)(2 - i)}.\\)\n\n**Answer:** We have,\n\\[\n\\dfrac{(3 - 2i)(2 + 3i)}{(1 + 2i)(2 - i)} = \\dfrac{12 + 5i}{4 + 3i} \\times \\dfrac{4 - 3i}{4 + 3i} = \\dfrac{48 - 36i + 20i + 15}{16 + 9}.\n\\]\n\\[\n= \\dfrac{63 - 16i}{25} = \\dfrac{6 + 9i - 4i + 6}{2 - i + 4i + 2}.\n\\]\nTherefore, the conjugate of \\(\\dfrac{(3 - 2i)(2 + 3i)}{(1 + 2i)(2 - i)}\\) is \\(\\dfrac{63}{25} + \\dfrac{16}{25}i.\\)', '**Question:**\n\\[\n\\text{Find the conjugate of} \\quad \\frac{(3 - 2i)(2 + 3i)}{(1 + 2i)(2 - i)}\n\\]\n\n**Answer:**\nWe have,\n\\begin{align*}\n\\frac{(3 - 2i)(2 + 3i)}{(1 + 2i)(2 - i)} &= \\frac{12 + 5i}{4 + 3i} \\times \\frac{4 - 3i}{4 + 3i} = \\frac{48 - 36i + 20i + 15}{16 + 9} \\\\\n&= \\frac{63 - 16i}{25} = \\frac{6 + 9i - 4i + 6}{2 - i + 4i + 2} \\\\\n\\text{Therefore, the conjugate of} \\quad \\frac{(3 - 2i)(2 + 3i)}{(1 + 2i)(2 - i)} \\quad &= \\frac{63}{25} + \\frac{16}{25}i.\n\\end{align*}', '**Question:**\n\\[ \\text{Find the conjugate of} \\]\n\\[ \\frac{(3-2i)(2+3i)}{(1+2i)(2-i)}. \\]\n\n**Answer:**\nWe have,\n\\[ \\frac{(3-2i)(2+3i)}{(1+2i)(2-i)} = \\frac{12+5i}{4+3i} \\times \\frac{4-3i}{4-3i} = \\frac{48-36i+20i+15}{16+9}. \\]\n\\[ = \\frac{63-16i}{25} = \\frac{6+9i-4i+6}{2-i+4i+2}. \\]\n\nTherefore, the conjugate of\n\\[ \\frac{(3-2i)(2+3i)}{(1+2i)(2-i)} \\]\n\\[ = \\frac{63}{25} + \\frac{16}{25}i. \\]', '**Question:**\nFind the conjugate of \\(\\frac{(3 - 2i)(2 + 3i)}{(1 + 2i)(2 - i)}\\).\n\n**Answer:**\nWe have,\n\\[\n\\frac{(3 - 2i)(2 + 3i)}{(1 + 2i)(2 - i)} = \\frac{12 + 5i}{4 + 3i} \\times \\frac{4 - 3i}{4 - 3i} = \\frac{48 - 36i + 20i + 15}{16 + 9}.\n\\]\n\\[\n= \\frac{63 - 16i}{25} = \\frac{6 + 9i - 4i + 6}{2 - i + 4i + 2}\n\\]\nTherefore, the conjugate of \\(\\frac{(3 - 2i)(2 + 3i)}{(1 + 2i)(2 - i)}\\) is \\(\\frac{63}{25} + \\frac{16}{25}i\\).', '**Question:**\nFind the conjugate of \\(\\frac{(3-2i)(2+3i)}{(1+2i)(2-i)}\\).\n\n**Answer:**\nWe have,\n\\[\n\\frac{(3-2i)(2+3i)}{(1+2i)(2-i)} = \\frac{12+5i}{4+3i} \\times \\frac{4-3i}{4-3i} = \\frac{48-36i+20i+15}{16+9}.\n\\]\n\\[= \\frac{63-16i}{25} = \\frac{6+9i-4i+6}{2-i+4i+2}.\\]\n\nTherefore, the conjugate of \\(\\frac{(3-2i)(2+3i)}{(1+2i)(2-i)}\\) is \\(\\frac{63}{25} + \\frac{16}{25}i\\).']","['**Reasoning:** The answer provided seems to be incorrect because it does not correctly simplify the complex fraction. Specifically, when multiplying the conjugates, the denominator should result from the multiplication of the conjugates of the original numerator and denominator, not by combining the numerators directly. This leads to an incorrect final result. The correct approach would involve multiplying both the numerator and the denominator by the conjugate of the denominator to eliminate the imaginary part.\n\n**Error:** 1', '**Reasoning:** The answer appears to be correct. The steps shown involve finding the conjugate of a complex number and simplifying the expression correctly. There is no visible indication of any arithmetic errors.\n\n**Error:** 0', '**Reasoning:** The answer incorrectly multiplies the complex numbers \\(\\frac{12+5i}{4+3i}\\) and \\(\\frac{4-3i}{4-3i}\\). In fact, when multiplying two complex numbers, the correct product should be calculated as follows:\n\n\\[\n(3-2i)(2+3i) = 6 + 9i - 4i - 6i^2 = 6 + 5i + 6 = 12 + 5i\n\\]\n\n\\[\n(1+2i)(2-i) = 2 - i + 4i - 2i^2 = 2 + 3i + 2 = 4 + 3i\n\\]\n\nThus, the fraction simplifies to:\n\n\\[\n\\frac{12 + 5i}{4 + 3i}\n\\]\n\nThere is no mistake in multiplying the complex numbers separately before dividing them. However, the simplification process seems incorrect in the denominator part.\n\n**Error:** 1', '**Reasoning:** The answer contains an arithmetic mistake. In the step where the complex conjugate of \\(\\frac{(3 - 2i)(2 + 3i)}{(1 + 2i)(2 - i)}\\) is calculated, the product should be multiplied as follows: \n\\[\n\\frac{12 + 5i}{4 + 3i} \\times \\frac{4 - 3i}{4 - 3i} = \\frac{48 - 36i + 20i + 15}{16 + 9}\n\\]\nThis results in:\n\\[\n\\frac{63 - 16i}{25} = \\frac{6 + 9i - 4i + 6}{2 - i + 4i + 2}\n\\]\nHowever, the answer incorrectly states that the conjugate of the expression is \\(\\frac{63}{25} + \\frac{16}{25}i\\).\n\n**Error:** 1', '**Reasoning:** The answer shows a step-by-step calculation involving complex numbers. However, in the second part of the answer, it incorrectly simplifies the denominator 16 + 9 to 25. This is incorrect because the correct simplification should be \\(\\frac{16+9i}{25}\\). The mistake is in the first part of the answer where 16 + 9 is incorrectly simplified to 25 instead of keeping it as \\(16 + 9i\\).\n\n**Error:** 0']","['**Question:** Find the conjugate of \\(\\frac{(3-2i)(2+3i)}{(1+2i)(2-i)}\\).\n\n**Answer:** We have, \\(\\frac{(3-2i)(2+3i)}{(1+2i)(2-i)} = \\frac{12+5i}{4+3i} \\times \\frac{4-3i}{4-3i} = \\frac{48-36i+20i+15}{16+9}\\) \\[= \\frac{63-16i}{25} = \\frac{6+9i-4i+6}{2-i+4i+2}\\] Therefore, the conjugate of \\(\\frac{(3-2i)(2+3i)}{(1+2i)(2-i)}\\) is \\(\\frac{63}{25} + \\frac{16}{25}i\\).', '**Question:** Find the conjugate of \\(\\frac{(3-2i)(2+3i)}{(1+2i)(2-i)}\\).\n\n**Answer:** We have, \\(\\frac{(3-2i)(2+3i)}{(1+2i)(2-i)} = \\frac{12+5i}{4+3i} \\times \\frac{4-3i}{4-3i} = \\frac{48-36i+20i+15}{16+9}\\) \\[= \\frac{63-16i}{25} = \\frac{6+9i-4i+6}{2-i+4i+2}\\] Therefore, the conjugate of \\(\\frac{(3-2i)(2+3i)}{(1+2i)(2-i)}\\) is \\(\\frac{63}{25} + \\frac{16}{25}i\\).']","['**Reasoning:** The answer provided does not correctly simplify the complex fraction. The correct steps should involve multiplying the numerator and the denominator by the conjugate of the denominator to eliminate the imaginary part. However, the answer incorrectly multiplies the numerator and the denominator separately, leading to an incorrect final result.\n\n**Error:** 1', '**Reasoning:** The answer provided does not correctly simplify the complex fraction. The correct steps should involve multiplying the numerator and the denominator by the conjugate of the denominator to eliminate the imaginary part. However, the answer incorrectly multiplies the numerator and the denominator separately, leading to an incorrect final result.\n\n**Error:** 1']",Qwen/Qwen2.5-VL-3B-Instruct,25
"Find the direction cosines of the line passing through the two points $(-2, 4, -5)$ and $(1, 2, 3)$.

"," We know the direction cosines of the line passing through two points $P(x_1, y_1, z_1)$ and $Q(x_2, y_2, z_2)$ are given by

\[
\frac{x_2 - x_1}{PQ}, \quad \frac{y_2 - y_1}{PQ}, \quad \frac{z_2 - z_1}{PQ}
\]

where 

\[
PQ = \sqrt{(x_2 - x_1)^2 + (y_2 - y_1)^2 + (z_2 - z_1)^2}
\]

Here, $P$ is $(-2, 4, -5)$ and $Q$ is $(1, 2, 3)$. 

So 

\[
PQ = \sqrt{(1 - (-2))^2 + (2 - 4)^2 + (3 - (-5))^2} = \sqrt{77}
\]

Thus, the \textcolor{red}{direction ratios} of the line joining two points is 

\[
\frac{3}{\sqrt{77}}, \quad \frac{-2}{\sqrt{77}}, \quad \frac{8}{\sqrt{77}}.
\]

",True,True,True,1.6094379124341005,0.0,0.0,0.0,False,False,0,0,"['**Question:**\n\\[\n\\text{Find the direction cosines of the line passing through the two points } (-2, 4, -5) \\text{ and } (1, 2, 3). \n\\]\n\n**Answer:**\n\\[\n\\text{We know the direction cosines of the line passing through two points } P(x_1, y_1, z_1) \\text{ and } Q(x_2, y_2, z_2) \\text{ are given by }\n\\]\n\\[\n\\frac{x_2 - x_1}{PQ}, \\frac{y_2 - y_1}{PQ}, \\frac{z_2 - z_1}{PQ}\n\\]\n\\[\n\\text{Where } PQ = \\sqrt{(x_2 - x_1)^2 + (y_2 - y_1)^2 + (z_2 - z_1)^2}\n\\]\n\\[\n\\text{Here, } P \\text{ is } (-2, 4, -5) \\text{ and } Q \\text{ is } (1, 2, 3).\n\\]\n\\[\n\\text{So} \\quad PQ = \\sqrt{(1 - (-2))^2 + (2 - 4)^2 + (3 - (-5))^2}\n\\]\n\\[\n= \\sqrt{77}\n\\]\n\\[\n\\text{Thus, the direction ratios of the line joining two points is}\n\\]\n\\[\n\\frac{3}{\\sqrt{77}}, \\frac{-2}{\\sqrt{77}}, \\frac{8}{\\sqrt{77}}.\n\\]', '**Question:**\n\\[\n\\text{Question: find the direction cosines of the line passing through the two points } (-2, 4, -5) \\text{ and } (1, 2, 3).\n\\]\n\n**Answer:**\n\\[\n\\text{Answer: We know the direction cosines of the line passing through two points } P(x_1, y_1, z_1) \\text{ and } Q(x_2, y_2, z_2) \\text{ are given by } \\frac{x_2 - x_1}{PQ}, \\frac{y_2 - y_1}{PQ}, \\frac{z_2 - z_1}{PQ}. \\\\\n\\]\nWhere \n\\[\nPQ = \\sqrt{(x_2 - x_1)^2 + (y_2 - y_1)^2 + (z_2 - z_1)^2}.\n\\]\nHere, $P$ is $(-2, 4, -5)$ and $Q$ is $(1, 2, 3).$\nSo,\n\\[\nPQ = \\sqrt{(1 - (-2))^2 + (2 - 4)^2 + 3 - (-5))^2} = \\sqrt{77}\n\\]\nThus, the direction ratios of the line joining two points is\n\\[\n\\frac{3}{\\sqrt{77}}, \\quad \\frac{-2}{\\sqrt{77}}, \\quad \\frac{8}{\\sqrt{77}}.\n\\]', '**Question:**\n\\[ \\text{Find the direction cosines of the line passing through the two points } (-2, 4, -5) \\text{ and } (1, 2, 3). \\]\n\n**Answer:**\nWe know the direction cosines of the line passing through two points \\( P(x_1, y_1, z_1) \\) and \\( Q(x_2, y_2, z_2) \\) are given by\n\n\\[ \\frac{x_2 - x_1}{PQ}, \\quad \\frac{y_2 - y_1}{PQ}, \\quad \\frac{z_2 - z_1}{PQ} \\]\n\nWhere\n\n\\[ PQ = \\sqrt{(x_2 - x_1)^2 + (y_2 - y_1)^2 + (z_2 - z_1)^2} \\]\n\nHere, \\( P \\) is \\( (-2, 4, -5) \\) and \\( Q \\) is \\( (1, 2, 3) \\).\n\nSo\n\n\\[ PQ = \\sqrt{(1 - (-2))^2 + (2 - 4)^2 + (3 - (-5))^2} \\]\n\\[ = \\sqrt{77} \\]\n\nThus, the direction ratios of the line joining two points is\n\n\\[ \\left( \\frac{3}{\\sqrt{77}}, \\frac{-2}{\\sqrt{77}}, \\frac{8}{\\sqrt{77}} \\right) \\]', '**Question:**\n```latex\nFind the direction cosines of the line passing through the two points \\((-2, 4, -5)\\) and \\((1, 2, 3)\\).\n```\n\n**Answer:**\n```latex\nWe know the direction cosines of the line passing through two points \\(P(x_1, y_1, z_1)\\) and \\(Q(x_2, y_2, z_2)\\) are given by\n\n\\[\n\\frac{x_2 - x_1}{PQ}, \\quad \\frac{y_2 - y_1}{PQ}, \\quad \\frac{z_2 - z_1}{PQ}\n\\]\n\nwhere\n\\[PQ = \\sqrt{(x_2 - x_1)^2 + (y_2 - y_1)^2 + (z_2 - z_1)^2}\\]\n\nHere, \\(P\\) is \\((-2, 4, -5)\\) and \\(Q\\) is \\((1, 2, 3)\\).\n\nSo,\n\\[PQ = \\sqrt{(1 - (-2))^2 + (2 - 4)^2 + (3 - (-5))^2} = \\sqrt{77}\\]\n\nThus, the direction ratios of the line joining two points is\n\n\\[\n\\frac{3}{\\sqrt{77}}, \\quad \\frac{-2}{\\sqrt{77}}, \\quad \\frac{8}{\\sqrt{77}}\n\\]\n```', '**Question:**\n\\[\n\\text{Find the direction cosines of the line passing through the two points } (-2, 4, -5) \\text{ and } (1, 2, 3).\n\\]\n\n**Answer:**\nWe know the direction cosines of the line passing through two points \\( P(x_1, y_1, z_1) \\) and \\( Q(x_2, y_2, z_2) \\) are given by:\n\n\\[\n\\frac{x_2 - x_1}{PQ}, \\quad \\frac{y_2 - y_1}{PQ}, \\quad \\frac{z_2 - z_1}{PQ}\n\\]\n\nWhere\n\n\\[\nPQ = \\sqrt{(x_2 - x_1)^2 + (y_2 - y_1)^2 + (z_2 - z_1)^2}\n\\]\n\nHere, \\( P \\) is \\( (-2, 4, -5) \\) and \\( Q \\) is \\( (1, 2, 3) \\).\n\nSo,\n\n\\[\nPQ = \\sqrt{(1 - (-2))^2 + (2 - 4)^2 + (3 - (-5))^2} = \\sqrt{77}\n\\]\n\nThus, the direction ratios of the line joining two points is\n\n\\[\n\\frac{3}{\\sqrt{77}}, \\quad \\frac{-2}{\\sqrt{77}}, \\quad \\frac{8}{\\sqrt{77}}\n\\]']","['**Reasoning:** The Answer contains an incorrect calculation for the direction cosines. The numerator of the fraction representing the direction cosine should be the difference between the coordinates of the two points, which are \\((-2, 4, -5)\\) and \\((1, 2, 3)\\). The calculation provided does not match this requirement.\n\n**Error:** 1', '**Reasoning:** The answer contains a minor arithmetic error in the calculation of PQ. The correct calculation should be:\n\\[ PQ = \\sqrt{(1 - (-2))^2 + (2 - 4)^2 + (3 - (-5))^2} \\]\n\\[ = \\sqrt{3^2 + (-2)^2 + 8^2} \\]\n\\[ = \\sqrt{9 + 4 + 64} \\]\n\\[ = \\sqrt{77} \\]\nHowever, the answer provided does not correctly calculate this step, leading to an incorrect final result.\n\n**Error:** 1', '**Reasoning:** The answer provided includes a calculation for the magnitude of vector PQ but does not correctly compute the direction cosines of the line passing through the points (-2, 4, -5) and (1, 2, 3). The direction cosines should be calculated from the unit vectors formed by the slope between the two points. However, the answer seems to misapply this method, leading to incorrect direction cosines.\n\n**Error:** 1', '**Reasoning:** \nThe Answer contains an error. In the Step where it calculates PQ, the calculation should be:\n\\[ PQ = \\sqrt{(1 - (-2))^2 + (2 - 4)^2 + (3 - (-5))^2} = \\sqrt{3^2 + (-2)^2 + 8^2} = \\sqrt{9 + 4 + 64} = \\sqrt{77} \\]\nHowever, the answer provided incorrectly states \\( \\sqrt{77} \\) as PQ but does not correctly calculate the direction cosines from this value. The direction cosines should be derived from the simplified form of the coordinates after substituting the correct value of PQ into the formula for direction cosines.\n\n**Error:** 1', '**Reasoning:** \nIn the answer, the calculation of the direction cosines is incorrect. The direction cosines should be calculated using the formula \\(\\frac{x_2 - x_1}{PQ}\\), \\(\\frac{y_2 - y_1}{PQ}\\), and \\(\\frac{z_2 - z_1}{PQ}\\). However, in the provided answer, the numerator of each term does not match the actual differences between the coordinates of points P and Q. For example, the first direction cosine is calculated as \\(\\frac{1 - (-2)}{\\sqrt{77}}\\), but it should be \\(\\frac{1 - (-2) + 4 - (-5)}{\\sqrt{77}}\\).\n\n**Error:** 1']","['**Question:**\n\\[\n\\text{Find the direction cosines of the line passing through the two points } (-2, 4, -5) \\text{ and } (1, 2, 3).\n\\]\n\n**Answer:**\nWe know the direction cosines of the line passing through two points \\( P(x_1, y_1, z_1) \\) and \\( Q(x_2, y_2, z_2) \\) are given by\n\n\\[\n\\frac{x_2 - x_1}{PQ}, \\quad \\frac{y_2 - y_1}{PQ}, \\quad \\frac{z_2 - z_1}{PQ}\n\\]\n\nWhere\n\n\\[\nPQ = \\sqrt{(x_2 - x_1)^2 + (y_2 - y_1)^2 + (z_2 - z_1)^2}\n\\]\n\nHere, \\( P \\) is \\( (-2, 4, -5) \\) and \\( Q \\) is \\( (1, 2, 3) \\).\n\nSo,\n\n\\[\nPQ = \\sqrt{(1 - (-2))^2 + (2 - 4)^2 + (3 - (-5))^2} = \\sqrt{77}\n\\]\n\nThus, the direction ratios of the line joining two points is\n\n\\[\n\\frac{3}{\\sqrt{77}}, \\quad \\frac{-2}{\\sqrt{77}}, \\quad \\frac{8}{\\sqrt{77}}\n\\]', '**Question:**\n\\[\n\\text{Find the direction cosines of the line passing through the two points } (-2, 4, -5) \\text{ and } (1, 2, 3).\n\\]\n\n**Answer:**\nWe know the direction cosines of the line passing through two points \\( P(x_1, y_1, z_1) \\) and \\( Q(x_2, y_2, z_2) \\) are given by\n\n\\[\n\\frac{x_2 - x_1}{PQ}, \\quad \\frac{y_2 - y_1}{PQ}, \\quad \\frac{z_2 - z_1}{PQ}\n\\]\n\nWhere\n\n\\[\nPQ = \\sqrt{(x_2 - x_1)^2 + (y_2 - y_1)^2 + (z_2 - z_1)^2}\n\\]\n\nHere, \\( P \\) is \\( (-2, 4, -5) \\) and \\( Q \\) is \\( (1, 2, 3) \\).\n\nSo,\n\n\\[\nPQ = \\sqrt{(1 - (-2))^2 + (2 - 4)^2 + (3 - (-5))^2} = \\sqrt{77}\n\\]\n\nThus, the direction ratios of the line joining two points is\n\n\\[\n\\frac{3}{\\sqrt{77}}, \\quad \\frac{-2}{\\sqrt{77}}, \\quad \\frac{8}{\\sqrt{77}}\n\\]']","['**Reasoning:** The answer provided does not correctly calculate the direction cosines of the line passing through the points \\((-2, 4, -5)\\) and \\((1, 2, 3)\\). The formula for direction cosines should be \\(\\frac{x_2 - x_1}{PQ}, \\frac{y_2 - y_1}{PQ}, \\frac{z_2 - z_1}{PQ}\\), but the calculation of \\(PQ\\) is incorrect. The correct calculation of \\(PQ\\) should be \\(\\sqrt{(x_2 - x_1)^2 + (y_2 - y_1)^2 + (z_2 - z_1)^2}\\), which simplifies to \\(\\sqrt{(1 - (-2))^2 + (2 - 4)^2 + (3 - (-5))^2} = \\sqrt{7^2 + (-2)^2 + 8^2} = \\sqrt{49 + 4 + 64} = \\sqrt{117}\\). Therefore, the direction cosines should be \\(\\frac{3}{\\sqrt{117}}, \\frac{-2}{\\sqrt{117}}, \\frac{8}{\\sqrt{117}}\\), not \\(\\frac{3}{\\sqrt{77}}, \\frac{-2}{\\sqrt{77}}, \\frac{8}{\\sqrt{77}}\\).\n\n**Error:** 1', '**Reasoning:** The answer provided does not correctly calculate the direction cosines of the line passing through the points \\((-2, 4, -5)\\) and \\((1, 2, 3)\\). The formula for direction cosines should be \\(\\frac{x_2 - x_1}{PQ}, \\frac{y_2 - y_1}{PQ}, \\frac{z_2 - z_1}{PQ}\\), but the calculation of \\(PQ\\) is incorrect. The correct calculation of \\(PQ\\) should be \\(\\sqrt{(x_2 - x_1)^2 + (y_2 - y_1)^2 + (z_2 - z_1)^2}\\), which simplifies to \\(\\sqrt{(1 - (-2))^2 + (2 - 4)^2 + (3 - (-5))^2} = \\sqrt{7^2 + (-2)^2 + 8^2} = \\sqrt{49 + 4 + 64} = \\sqrt{117}\\). Therefore, the direction cosines should be \\(\\frac{3}{\\sqrt{117}}, \\frac{-2}{\\sqrt{117}}, \\frac{8}{\\sqrt{117}}\\), not \\(\\frac{3}{\\sqrt{77}}, \\frac{-2}{\\sqrt{77}}, \\frac{8}{\\sqrt{77}}\\).\n\n**Error:** 1']",Qwen/Qwen2.5-VL-3B-Instruct,25
"A and B together have Rs. 1210. If \(\frac{4}{15}\) of A's amount is equal to \(\frac{2}{5}\) of B's amount, how much amount does B have?

"," Option B

\[
\frac{4}{15} A = \frac{2}{5} B
\]

\[
\Rightarrow A = \left(\frac{2}{5} \times \frac{15}{4}\right) B
\]

\[
\Rightarrow A = \textcolor{red}{\frac{8}{4}} B
\]

\[
\Rightarrow \frac{A}{B} = \frac{\textcolor{red}{8}}{4}
\]

\[
\Rightarrow A : B = \textcolor{red}{8} : \textcolor{red}{4}
\]

\[
\therefore B's \text{ share} = \text{Rs. } \left(1210 \times \frac{\textcolor{red}{4}}{\textcolor{red}{12}}\right) = \text{Rs. } \textcolor{red}{403.33}.
\]

",True,True,True,1.6094379124341005,0.0,0.0,0.0,False,False,0,0,"[""**Question:**\n\\[ A \\text{ and } B \\text{ together have Rs. 1210. If } \\frac{4}{5} \\text{ of } A \\text{'s amount is equal to } \\frac{2}{5} \\text{ of } B \\text{'s amount, how much amount does } B \\text{ have?} \\]\n\n**Answer:**\n\\[ \\text{Option B} \\\\\n\\frac{4}{5}A = \\frac{2}{5}B \\\\\n\\Rightarrow A = \\left( \\frac{2}{5} \\times \\frac{15}{4} \\right) B \\\\\n\\Rightarrow A = \\frac{8}{4}B \\\\\n\\Rightarrow \\frac{A}{B} = \\frac{8}{4} \\\\\n\\Rightarrow A:B = 8:4 \\\\\nB's share = Rs. \\left( 1210 \\times \\frac{4}{12} \\right) = Rs. 403.33 \\]"", ""**Question:**\nA and B together have Rs 1210. If A's amount is equal to \\(\\frac{2}{5}\\) of B's amount, how much amount does B have?\n\n**Answer:**\n\\[\n\\begin{aligned}\n&\\text{Given:} \\\\\n&\\frac{4}{15} A = \\frac{2}{5} B \\\\\n&\\Rightarrow A = \\left(\\frac{2}{5} \\times \\frac{15}{4}\\right) B \\\\\n&\\Rightarrow A = \\frac{8}{4} B \\\\\n&\\Rightarrow \\frac{A}{B} = \\frac{8}{4} \\\\\n&\\Rightarrow A:B = 8:4 \\\\\n&\\text{B's share} = Rs \\left(1210 \\times \\frac{4}{12}\\right) = Rs 403.33\n\\end{aligned}\n\\]"", ""**Question:**\nA and B together have Rs 1210. If \\(\\frac{4}{15}\\) of A's amount is equal to \\(\\frac{2}{3}\\) of B's amount, how much amount does B have?\n\n**Answer:**\n\\[\n\\begin{aligned}\n&\\frac{4}{15} \\cdot A = \\frac{2}{3} \\cdot B \\\\\n\\Rightarrow & A = \\left( \\frac{2}{5} \\times \\frac{15}{4} \\right) \\cdot B \\\\\n\\Rightarrow & A = \\frac{8}{4} \\cdot B \\\\\n\\Rightarrow & \\frac{A}{B} = \\frac{8}{4} \\\\\n\\Rightarrow & A:B = 8:4 \\\\\n& B's share = Rs. (1210 \\times \\frac{4}{12}) = Rs. 403.33\n\\end{aligned}\n\\]"", ""**Question:** $A$ and $B$ together have Rs. 1210. If $\\frac{4}{15}$ of $A$'s amount is equal to $\\frac{2}{5}$ of $B$'s amount, how much amount does $B$ have?\n\n**Answer:** Option B\n\n$$\\begin{aligned}\n& \\frac{4}{15}A = \\frac{2}{5}B \\\\\n& \\Rightarrow A = \\left(\\frac{2}{5} \\times \\frac{15}{4}\\right)B \\\\\n& \\Rightarrow A = \\frac{8}{4}B \\\\\n& \\Rightarrow \\frac{A}{B} = \\frac{8}{4} \\\\\n& \\Rightarrow A:B = 8:4 \\\\\n& B's share = Rs.\\left(1210 \\times \\frac{4}{12}\\right) = Rs.403.33\n\\end{aligned}$$"", ""**Question:**\nA and B together have Rs 1210. If $\\frac{4}{15}$ of A's amount is equal to $\\frac{2}{3}$ of B's amount, how much amount does B have?\n\n**Answer:**\n\\begin{align*}\n\\frac{4}{15}A &= \\frac{2}{3}B \\\\\n\\therefore A &= \\left(\\frac{2}{5} \\times \\frac{15}{4}\\right)B \\\\\n\\therefore A &= \\frac{8}{4}B \\\\\n\\therefore \\frac{A}{B} &= \\frac{8}{4} \\\\\n\\therefore A:B &= 8:4 \\\\\nB's\\ share &= Rs.\\ (1210 \\times \\frac{4}{12}) = Rs.\\ 403.33.\n\\end{align*}""]","['**Reasoning:** The answer provided does not seem to be written correctly. It appears to have been entered manually, resulting in some characters being unclear or missing. This makes it difficult to verify the correctness of the solution step-by-step. Given this issue, we cannot definitively determine if there are any arithmetic or logical errors in the solution as presented.\n\n**Error:** 1', ""**Reasoning:** The Answer contains an error in the calculation of B's share. The correct calculation should be \\(1210 \\times \\frac{4}{15} = 323.33\\). However, the Answer incorrectly calculates it as \\(1210 \\times \\frac{4}{12} = 403.33\\).\n\n**Error:** 1"", ""**Reasoning:** The answer provided does not fully follow the logic presented in the question. The question states that A's amount is equal to \\(\\frac{2}{5}\\) of B's amount. However, the answer does not correctly account for A's share when considering the total amount of Rs. 1210. The correct approach would involve solving the equation directly rather than substituting values into an incorrect proportion.\n\n**Error:** 1"", ""**Reasoning:** The error in the solution is present. In the step where the ratio A:B is derived, it should be A:B = 4:8 instead of 8:4. This indicates that the final answer for B's share was incorrect.\n\n**Error:** 1"", ""**Reasoning:** The solution provided does not correctly solve the problem as described. The initial equation \\(\\frac{4}{15}A = \\frac{2}{5}B\\) should actually be \\(\\frac{4}{15}A + \\frac{2}{5}B = 1210\\) because it represents the total amount of money they have together. However, the solution proceeds with \\(\\frac{4}{15}A = \\frac{2}{5}B\\), which is incorrect because it doesn't account for the total sum of their combined amounts. The subsequent steps do not solve the problem correctly due to this incorrect initial assumption.\n\n**Error:** 1""]","[""**Question:**\nA and B together have Rs 1210. If \\(\\frac{4}{15}\\) of A's amount is equal to \\(\\frac{2}{5}\\) of B's amount, how much amount does B have?\n\n**Answer:**\n\\[\n\\begin{align*}\n\\frac{4}{15}A &= \\frac{2}{5}B \\\\\n\\Rightarrow A &= \\left(\\frac{2}{5} \\times \\frac{15}{4}\\right)B \\\\\n\\Rightarrow A &= \\frac{8}{4}B \\\\\n\\Rightarrow \\frac{A}{B} &= \\frac{8}{4} \\\\\n\\Rightarrow A:B &= 8:4 \\\\\nB's\\ share &= Rs.\\left(1210 \\times \\frac{4}{12}\\right) = Rs.\\ 403.33\n\\end{align*}\n\\]"", ""**Question:**\nA and B together have Rs 1210. If \\(\\frac{4}{15}\\) of A's amount is equal to \\(\\frac{2}{5}\\) of B's amount, how much amount does B have?\n\n**Answer:**\n\\[\n\\begin{align*}\n\\frac{4}{15}A &= \\frac{2}{5}B \\\\\n\\Rightarrow A &= \\left(\\frac{2}{5} \\times \\frac{15}{4}\\right)B \\\\\n\\Rightarrow A &= \\frac{8}{4}B \\\\\n\\Rightarrow \\frac{A}{B} &= \\frac{8}{4} \\\\\n\\Rightarrow A:B &= 8:4 \\\\\nB's\\ share &= Rs.\\left(1210 \\times \\frac{4}{12}\\right) = Rs.\\ 403.33\n\\end{align*}\n\\]""]","[""**Reasoning:** The answer provided does not correctly solve the problem. The question states that A and B together have Rs. 1210, and A's amount is equal to \\(\\frac{2}{5}\\) of B's amount. The answer incorrectly simplifies the ratio of A to B as \\(8:4\\) instead of \\(8:9\\). The correct calculation should be:\n\\[ A = \\frac{2}{5}B \\]\n\\[ \\Rightarrow A = \\frac{2}{5} \\times 1210 = 484 \\]\n\\[ \\Rightarrow B = 1210 - 484 = 726 \\]\nSo, the correct ratio is \\(A:B = 484:726\\), which simplifies to \\(8:9\\).\n\n**Error:** 1"", ""**Reasoning:** The answer provided does not correctly solve the problem. The question states that A and B together have Rs. 1210, and A's amount is equal to \\(\\frac{2}{5}\\) of B's amount. The answer incorrectly simplifies the ratio of A to B as \\(8:4\\) instead of \\(8:9\\). The correct calculation should be:\n\\[ A = \\frac{2}{5}B \\]\n\\[ \\Rightarrow A = \\frac{2}{5} \\times 1210 = 484 \\]\n\\[ \\Rightarrow B = 1210 - 484 = 726 \\]\nSo, the correct ratio is \\(A:B = 484:726\\), which simplifies to \\(8:9\\).\n\n**Error:** 1""]",Qwen/Qwen2.5-VL-3B-Instruct,25
"Mayank made a bird-bath for his garden in the shape of a cylinder with a hemispherical depression at one end. The height of the cylinder is 1.45 m and its radius is 30 cm. Find the total surface area of the bird-bath. (Take $\pi = \frac{22}{7}$)

"," Let $h$ be the height of the cylinder, and $r$ the common radius of the cylinder and hemisphere. Then, the total surface area of the bird-bath is:

\[
\text{Total Surface Area} = \text{CSA of cylinder} + \text{CSA of hemisphere} 
\]
\[
= 2\pi rh + 2\pi r^2 = 2\pi (h + r)
\]
\[
= 2 \times \frac{22}{7} \times 30 \times (145 + \textcolor{red}{60}) \, \text{cm}^2 
\]
\[
= 2 \times \frac{22}{7} \times 30 \times \textcolor{red}{205} \, \text{cm}^2 
\]
\[
= \textcolor{red}{56100} \, \text{cm}^2 = \textcolor{red}{5.61} \, \text{m}^2
\]

",True,True,True,1.6094379124341005,0.0,0.0,0.0,False,False,0,0,"['**Question:** Mayank made a bird-bath for his garden in the shape of a cylinder with a hemispherical depression at one end. The height of the cylinder is 1.45 m and its radius is 30 cm. Find the total surface area of the bird-bath.\n\n(Take π = \\frac{22}{7})\n\n**Answer:** Let \\( h \\) be the height of the cylinder, and \\( r \\) the common radius of the cylinder and hemisphere. Then, the total surface area of the bird-bath is:\n\nTotal Surface Area = CSA of cylinder + CSA of hemisphere\n\n= 2πrh + 2πr² = 2π(h + r)\n\n= 2 × \\frac{22}{7} × 30 × (1.45 + 60)cm²\n\n= 2 × \\frac{22}{7} × 30 × 205cm²\n\n= 56100cm² = 5.61m²', '**Question:**\nMayank made a bird-bath for his garden in the shape of a cylinder with a hemispherical depression at one end. The height of the cylinder is 1.45m and its radius is 30cm. Find the total surface area of the bird-bath.\n\n**Answer:**\nLet h be the height of the cylinder, and r be the common radius of the cylinder and hemisphere. Then, the total surface area of the bird-bath is:\n\nTotal Surface Area = CSA of cylinder + CSA of hemisphere\n\n= 2πrh + 2πr^2 = 2π(h + r)\n\n= 2 × \\frac{22}{7} × 30 × (1.45 + 60) cm²\n\n= 2 × \\frac{22}{7} × 30 × 205 cm²\n\n= 56100 cm² = 5.61 m²', '**Question:**\nMayank made a bird-bath for his garden in the shape of a cylinder with a hemispherical depression at one end. The height of the cylinder is 145m and its radius is 30cm. Find the total surface area of the bird-bath.\n\n(Take \\pi = \\frac{22}{7})\n\n**Answer:**\nLet \\( h \\) be the height of the cylinder and \\( r \\) the common radius of the cylinder and hemisphere. Then, the total surface area of the bird-bath is:\n\nTotal Surface Area = CSA of cylinder + CSA of hemisphere\n\n= \\( 2\\pi rh + 2\\pi r^2 \\) = \\( 2\\pi (h+r) \\)\n\n= \\( 2 \\times \\frac{22}{7} \\times 30 \\times (145+60) \\text{ cm}^2 \\)\n\n= \\( 2 \\times \\frac{22}{7} \\times 30 \\times 205 \\text{ cm}^2 \\)\n\n= \\( 56100 \\text{ cm}^2 \\) = \\( 5.61 \\text{ m}^2 \\)', '**Question:** Mayank made a bird-bath for his garden in the shape of a cylinder with a hemispherical depression at one end. The height of the cylinder is 1.45m and its radius is 30cm. Find the total surface area of the bird-bath.\n\n(Take \\pi = \\frac{22}{7})\n\n**Answer:** Let h be the height of the cylinder, and r the common radius of the cylinder and hemisphere. Then, the total surface area of the bird-bath is:\n\nTotal Surface Area = CSA of cylinder + CSA of hemisphere\n\n= 2πrh + 2πr^2 = 2π(h+r)\n\n= 2 × \\frac{22}{7} × 30 × (145+60) cm²\n\n= 2 × \\frac{22}{7} × 30 × 205 cm²\n\n= 56100 cm² = 5.61 m²', '**Question:**\nMayank made a bird bath for his garden in the shape of a cylinder with a hemispherical depression at one end. The height of the cylinder is 1.45m and its radius is 30cm. Find the total surface area of the bird bath.\n\n(Take π = \\(\\frac{22}{7}\\))\n\n**Answer:**\nLet h be the height of the cylinder, and r be the common radius of the cylinder and hemisphere. Then, the total surface area of the bird bath is:\n\nTotal Surface Area = CSA of cylinder + CSA of hemisphere\n\n= 2πrh + 2πr^2 = 2π(h + r)\n\n= 2 × \\(\\frac{22}{7}\\) × 30 × (1.45 + 60) cm^2\n\n= 2 × \\(\\frac{22}{7}\\) × 30 × 205 cm^2\n\n= 56100 cm^2 = 5.61 m^2']","[""**Reasoning:** The answer provided calculates the total surface area of the bird bath but does not fully address the problem as stated. It correctly calculates the surface area using the given dimensions but fails to convert the final result from square centimeters to square meters. Additionally, it doesn't ensure that all parts of the problem (the cylindrical part including the hemispherical depression) are accounted for in the calculation.\n\n**Error:** 1"", '**Reasoning:** The answer includes a misunderstanding of the geometry involved. The total surface area of the bird bath should consider both the curved surface areas of the cylinder and hemisphere, as well as the base of the cylinder. The calculation presented does not account for the base area of the cylinder, which would be \\( \\pi r^2 \\) for both the cylinder and the hemisphere. Additionally, the formula used for the total surface area assumes that the radius of the hemisphere is equal to the radius of the cylinder, but this is incorrect since they are separate entities with different radii. The formula provided is incomplete and leads to an incorrect result.\n\n**Error:** 1', ""**Reasoning:** The error lies in the calculation of the total surface area of the bird bath. The radius \\( r \\) should be calculated correctly as \\( \\frac{h}{2} = \\frac{145}{2} = 72.5 \\). Therefore, the correct formula for the total surface area should be \\( 2\\pi rh + \\pi r^2 \\times 2 - 2\\pi r^2 \\) because the hemisphere's surface area should not include the bottom of the hemisphere. Thus, the final answer \\( 56100 \\, cm^2 \\) should be adjusted accordingly.\n\n**Error:** 1"", ""**Reasoning:** The answer contains a mistake in calculating the total surface area. The correct formula should be:\n\nTotal Surface Area = CS of cylinder + CSA of hemisphere\n\nThe calculation for the CS of cylinder is incorrect. The height of the cylinder should be 30 cm - depth of hemispherical depression. Also, the radius of the hemisphere should be halved since it's half of the cylinder's radius.\n\nThe correct calculation should be:\n\nTated Surface Area = 2πrh + πr^2 + πd/2h = 2πrh + πr^2 + π(145/2) × 30\n\nThen, 2πrh = 2 * 22/7 * 30 * (30 - 60/2) = 2 * 22/7 * 30 * 120\n\nTherefore, the total surface area = 2 * 22/7 * 30 * 120 + πr^2 + πd/2h = 56100 cm²\n\n**Error:** 1"", '**Reasoning:** In the Answer, the final result should be in square meters (m^2) instead of cubic meters (cm^3). The units given in the question are in centimeters, but the area calculated should be in square centimeters (cm^2). There seems to be a mistake in converting the final answer from cubic centimeters to square centimeters.\n\n**Error:** 1']","['**Question:**\nMayank made a bird-bath for his garden in the shape of a cylinder with a hemispherical depression at one end. The height of the cylinder is 1.45m and its radius is 30cm. Find the total surface area of the bird-bath.\n\n(Take \\(\\pi = \\frac{22}{7}\\))\n\n**Answer:**\nLet \\(h\\) be the height of the cylinder, and \\(r\\) the common radius of the cylinder and hemisphere. Then, the total surface area of the bird-bath is:\n\nTotal Surface Area = CSA of cylinder + CSA of hemisphere\n\n= \\(2\\pi rh + 2\\pi r^2 = 2\\pi(h + r)\\)\n\n= \\(2 \\times \\frac{22}{7} \\times 30 \\times (1.45 + 60) cm^2\\)\n\n= \\(2 \\times \\frac{22}{7} \\times 30 \\times 205 cm^2\\)\n\n= \\(56100 cm^2 = 5.61 m^2\\)', '**Question:**\nMayank made a bird-bath for his garden in the shape of a cylinder with a hemispherical depression at one end. The height of the cylinder is 1.45m and its radius is 30cm. Find the total surface area of the bird-bath.\n\n(Take \\(\\pi = \\frac{22}{7}\\))\n\n**Answer:**\nLet \\(h\\) be the height of the cylinder, and \\(r\\) the common radius of the cylinder and hemisphere. Then, the total surface area of the bird-bath is:\n\nTotal Surface Area = CSA of cylinder + CSA of hemisphere\n\n= \\(2\\pi rh + 2\\pi r^2 = 2\\pi(h + r)\\)\n\n= \\(2 \\times \\frac{22}{7} \\times 30 \\times (1.45 + 60) cm^2\\)\n\n= \\(2 \\times \\frac{22}{7} \\times 30 \\times 205 cm^2\\)\n\n= \\(56100 cm^2 = 5.61 m^2\\)']","['**Reasoning:** The answer provided does not correctly calculate the total surface area of the bird bath. The formula used to find the total surface area should be the sum of the lateral surface area of the cylinder and the curved surface area of the hemisphere. However, the answer incorrectly multiplies the radius by the height of the cylinder instead of using the correct formula for the curved surface area of the hemisphere. Additionally, the units are incorrect; the answer should be in square centimeters (cm²) rather than square meters (m²).\n\n**Error:** 1', '**Reasoning:** The answer provided does not correctly calculate the total surface area of the bird bath. The formula used to find the total surface area should be the sum of the lateral surface area of the cylinder and the curved surface area of the hemisphere. However, the answer incorrectly multiplies the radius by the height of the cylinder instead of using the correct formula for the curved surface area of the hemisphere. Additionally, the units are incorrect; the answer should be in square centimeters (cm²) rather than square meters (m²).\n\n**Error:** 1']",Qwen/Qwen2.5-VL-3B-Instruct,25
