orig_q,pert_a,has_error,handwriting_style,image_quality,perception_entropy,reasoning_entropy,temp0_entropy_transcription,temp0_entropy_grading,transcription_correct,grading_correct,n_transcription_parse_failures,n_grading_parse_failures,all_transcription_samples_raw,all_grading_samples_raw,temp0_transcription_raw,temp0_grading_raw,model_id,n_items
"Find \( \int \frac{3x - 2}{(x+1)^2(x+3)} \, dx \)

"," 

\[
\textcolor{red}{\frac{11}{4} \log |x+1| + \frac{5}{2(x+1)} - \frac{11}{4} \log |x+3| + C}
\]

\textcolor{red}{Thus, the integrand is given by}

\[
\textcolor{red}{\int \frac{3x - 2}{(x+1)^2(x+3)} \, dx = \frac{11}{4} \int \frac{dx}{x+1} - \frac{5}{2} \int \frac{dx}{(x+1)^2} - \frac{11}{4} \int \frac{dx}{x+3}}
\]

\textcolor{red}{Solving these equations, we get}

\[
\textcolor{red}{A = \frac{11}{4}, \quad B = -\frac{5}{2}, \quad C = -\frac{11}{4}}
\]

So that 

\[
3x - 2 = A(x + 1)(x + 3) + B(x + 3) + C(x + 1)^2
\]

We compare the coefficients of \( x^2 \), \( x \), and the constant term on both sides:

\[
A + C = 0, \quad 4A + B + 2C = 3, \quad 3A + 3B + C = -2
\]

\textcolor{red}{Therefore,}

\[
\textcolor{red}{= \frac{11}{4} \log |x+1| + \frac{5}{2(x+1)} - \frac{11}{4} \log |x+3| + C}
\]

\textcolor{red}{Final result:}

\[
= \frac{11}{4} \log \left| \frac{x+1}{x+3} \right| + \frac{5}{2(x+1)} + C
\]

",True,True,True,1.6094379124341005,0.5004024235381879,0.0,0.0,False,True,0,0,"['**Question:**\\[\n\\int \\frac{3x-2}{(x+1)^2 + (x+3)} dx\n\\]\n\n**Answer:**\n\\[\n\\text{Answer:} \\quad \\frac{11}{4} \\log |x+1| + \\frac{5}{2(x+1)} - \\frac{11}{4} \\log |x+3| + C\n\\]', '**Question:**\n\\[ \\int \\frac{3x - 2}{(x + 1)^2 + (x + 3)} dx \\]\n\n**Answer:** \n\\[\n\\frac{11}{4} \\log|{x+1}| + \\frac{5}{2(x+1)} - \\frac{11}{4} \\log|x+3| + C\n\\]', '**Question:**\n\\[\n\\int \\frac{3x-2}{(x+1)^2 + (x+3)} dx\n\\]\n\n**Answer:**\n\\[\n\\frac{11}{4} \\log |x+1| + \\frac{5}{2(x+1)} - \\frac{11}{4} \\log |x+3| + C\n\\]', '**Question:**\n\\[\n\\text{Find } \\int \\frac{3x-2}{(x+1)^{2}+(x+3)} dx\n\\]\n\n**Answer:**\n\\[\n\\text{Answer:}\n\\begin{align*}\n&\\frac{11}{4}\\log|x+1| + \\frac{5}{2(x+1)} - \\frac{11}{4}\\log|x+3| + C \\\\\n&\\text{Thus, the integrand is given by} \\\\\n&\\int \\frac{3x-2}{(x+1)^{2}(x+3)} dx = \\frac{11}{4}\\int \\frac{dx}{x+1} - \\frac{5}{2}\\int \\frac{dx}{(x+1)^{2}} - \\frac{11}{4}\\int \\frac{dx}{x+3} \\\\\n&\\text{Solving these equations, we get} \\\\\n&A = \\frac{11}{4}, \\quad B = -\\frac{5}{2}, \\quad C = -\\frac{11}{4} \\\\\n&\\text{So that} \\\\\n&3x-2 = A(x+1)(x+3) + B(x+3) + C(x+1)^{2} \\\\\n\\text{We compare the coefficients of } x^{2}, x \\text{ and the constant terms on both sides:} \\\\\n&A+C = 0, \\quad 4A+B+2C = 3, \\quad 3A+3B+C = -2 \\\\\n\\text{Therefore} \\\\\n=\\frac{11}{4}\\log|x+1| + \\frac{5}{2(x+1)} - \\frac{11}{4}\\log|x+3| + C \\\\\n\\text{Final result:} \\\\\n=\\frac{11}{4}\\log|\\frac{x+1}{x+3}| + \\frac{5}{2(x+1)} + C\n\\end{align*}\n\\]', '**Question:**\n\\[\n\\int \\frac{3x-2}{(x+1)^2 + (x+3)} dx\n\\]\n\n**Answer:**\n\\[\n\\text{Thus, the integrand is given by}\n\\]\n\\[\n\\int \\frac{3x-2}{(x+1)^2 + (x+3)} dx = \\frac{11}{4} \\int \\frac{dx}{x+1} - \\frac{5}{2} \\int \\frac{dx}{(x+1)^2} - \\frac{11}{4} \\int \\frac{dx}{x+3}\n\\]\n\\[\n\\text{Solving these equations, we get}\n\\]\n\\[\nA = \\frac{11}{4}, \\quad B = -\\frac{5}{2}, \\quad C = \\frac{11}{4}\n\\]\nSo that\n\\[\n3x - 2 = A(x+1)(x+3) + B(x+3) + C(x+1)^2\n\\]\nWe compare the coefficients of \\(x^2\\), \\(x\\), and the constant term on both sides:\n\\[\nA + B + 2C = 3, \\quad 3A + 3B + C = -2\n\\]\nTherefore\n\\[\n= \\frac{11}{4} \\log |x+1| + \\frac{5}{2(x+1)} - \\frac{11}{4} \\log |x+3| + C\n\\]\nFinal result:\n\\[\n= \\frac{11}{4} \\log \\left| \\frac{x+1}{x+3} \\right| + \\frac{5}{2(x+1)} + C\n\\]']","['**Reasoning:** The answer provided contains several errors. Firstly, the integral result is incorrect because the method used does not match the integration process shown. The answer suggests a complex substitution involving logarithms and coefficients that do not align with standard trigonometric substitutions often seen in such problems. Secondly, the solution formulates an incorrect final result equation for the integral. Lastly, the calculation of the constants A, B, and C appears inconsistent with the initial steps of the problem-solving process.\n\n**Error:** 1', '**Reasoning:** The answer provided includes an unnecessary step that simplifies the integrand incorrectly. The integrand should be solved to find constants A, B, and C using partial fraction decomposition method. However, the integration steps and constant determination process seem to be incorrect, leading to a different final result than what is expected. It is essential to accurately decompose the integrand to get the correct coefficients A, B, and C.\n\n**Error:** 1', '**Reasoning:** \n\n1. The integrand \\(\\int \\frac{3x - 2}{(x+1)^2 + (x+3)} dx\\) was correctly transformed into \\(\\int \\frac{dx}{x+1} - \\frac{5}{2}\\int \\frac{dx}{(x+1)^2} - \\frac{11}{4}\\int \\frac{dx}{x+3}\\).\n2. However, the substitution step was incorrect. Instead of substituting \\(x = t - 1\\), which simplifies the integrands, a different approach should be used to resolve the partial fractions.\n3. The partial fraction decomposition should involve terms with denominators \\((x+1)^2\\) and \\((x+3)\\) instead of directly solving for A, B, and C as shown. This leads to a more complex and correct approach rather than the one presented.\n4. The integration process seems to have been misunderstood as well. The solution should involve resolving the partial fractions before integrating each term separately.\n\n**Error:** 1', '**Reasoning:** The answer contains a calculation error. In the step where \\(\\frac{11}{4} \\log |x+1| + \\frac{5}{2(x+1)} - \\frac{11}{4} \\log |x+3|\\) is simplified, it should be:\n\\[ = \\frac{11}{4} \\log |x+1| - \\frac{11}{2}\\log |x+3| + \\frac{5}{2(x+1)} + C \\]\nHowever, the answer written does not correctly simplify the logarithmic terms as stated above. This results in an error.\n\n**Error:** 1', '**Reasoning:** The answer provided does not contain any apparent errors in terms of mathematical accuracy or logical flow. It correctly explains the steps taken to solve the integral problem. There are no arithmetic mistakes, incorrect algebraic manipulations, or misunderstandings in the approach used.\n\n**Error:** 0']","['**Question:**\n\\[\n\\int \\frac{3x - 2}{(x + 1)^2 + (x + 3)} dx\n\\]\n\n**Answer:**\n\\[\n\\frac{11}{4} \\log |x + 1| + \\frac{5}{2(x + 1)} - \\frac{11}{4} \\log |x + 3| + C\n\\]', '**Question:**\n\\[\n\\int \\frac{3x - 2}{(x + 1)^2 + (x + 3)} dx\n\\]\n\n**Answer:**\n\\[\n\\frac{11}{4} \\log |x + 1| + \\frac{5}{2(x + 1)} - \\frac{11}{4} \\log |x + 3| + C\n\\]']","['**Reasoning:** The answer provided does not correctly solve the integral \\(\\int \\frac{3x-2}{(x+1)^2 + (x+3)} dx\\). The steps taken to find the partial fractions do not match the correct method for solving this type of integral. Instead, it appears to be using logarithmic properties incorrectly, leading to an incorrect final result. The integration process should involve finding the partial fractions first, then integrating each term separately, but the given solution does not follow these steps accurately.\n\n**Error:** 1', '**Reasoning:** The answer provided does not correctly solve the integral \\(\\int \\frac{3x-2}{(x+1)^2 + (x+3)} dx\\). The steps taken to find the partial fractions do not match the correct method for solving this type of integral. Instead, it appears to be using logarithmic properties incorrectly, leading to an incorrect final result. The integration process should involve finding the partial fractions first, then integrating each term separately, but the given solution does not follow these steps accurately.\n\n**Error:** 1']",Qwen/Qwen2.5-VL-3B-Instruct,100
"In an experiment, a solution of hydrochloric acid is to be kept between \(30^\circ\) and \(35^\circ\) Celsius. What is the range of temperature in degree Fahrenheit if the conversion formula is given by 

\[
C = \frac{5}{9} (F - 32)
\]

where \(C\) and \(F\) represent temperature in degree Celsius and degree Fahrenheit, respectively?

"," It is given that 

\[
30 < C < 35.
\]

Putting \(C = \frac{5}{9} (F - 32)\), we get 

\[
30 < \frac{5}{9} (F - 32) < 35.
\]

Multiplying through by \(\frac{9}{5}\):

\[
\frac{9}{5} \times 30 < (F - 32) < \frac{9}{5} \times 35
\]

which simplifies to 

\[
\textcolor{red}{59} < (F - 32) < \textcolor{red}{62}.
\]

Adding \(32\) to all parts gives:

\[
\textcolor{red}{91} < F < \textcolor{red}{94}.
\]

Thus, the required range of temperature is between \(\textcolor{red}{91}^\circ\) F and \(\textcolor{red}{94}^\circ\) F.

",True,True,False,1.3321790402101223,0.6730116670092565,0.0,0.0,False,False,2,0,"[""**Question:**\nIn an Experiment, a solution of hydrochloric acid is to be kept between 30° and 35°Celsius. What is the range of temperature in degree Fahrenheit if the (conversion) formula is given by:\n\n\\[ C = \\frac{5}{9} (F - 32) \\]\n\nwhere 'C' and 'F' represents temperature in degree Celsius and degree Fahrenheit, respectively?\n\n**Answer:**\nIt is given that,\n\n\\[ 30 < c < 35. \\]\n\nPutting \\( c = \\frac{5}{9} (F - 32) \\), we get,\n\n\\[ 30 < \\frac{5}{9} (F - 32) < 35. \\]\n\nMultiplying through by \\( \\frac{9}{5} \\):\n\n\\[ \\frac{9}{5} \\times 30 < (F - 32) < \\frac{9}{5} \\times 35 \\]\n\nWhich simplifies to,\n\n\\[ 59 < (F - 32) < 62. \\]\n\nAdding 32 to all parts gives:\n\n\\[ 91 < F < 94. \\]\n\nThus, the required range of temperature is between 91°F and 94°F."", ""\\documentclass{article}\n\\usepackage{amsmath}\n\n\\begin{document}\n\\textbf{Question:} In an Experiment, a solution of hydrochloric acid is to be kept between $30^\\circ$ and $35^\\circ$ Celsius. What is the range of temperature in degrees Fahrenheit if the conversion formula is given by:\n\n\\[ C = \\frac{5}{9}(F - 32) \\]\n\nwhere 'C' and 'F' represents temperature in degree Celsius and degree Fahrenheit, respectively?\n\n\\textbf{Answer:} It is given that,\n\n\\[ 30 < C < 35. \\]\n\nPutting \\( C = \\frac{5}{9}(F - 32) \\), we get,\n\n\\[ 30 < \\frac{5}{9}(F - 32) < 35. \\]\n\nMultiplying through by \\(\\frac{9}{5}\\):\n\n\\[ \\frac{9}{5} \\times 30 < (F - 32) < \\frac{9}{5} \\times 35 \\]\n\nwhich simplifies to,\n\n\\[ 54 < (F - 32) < 63. \\]\n\nAdding 32 to all parts gives:\n\n\\[ 86 < F < 94. \\]\n\nThus, the required range of temperature is between 86°F and 94°F.\n\\end{document}"", ""\\begin{align*}\n& \\textbf{Question:} & \\text{In an Experiment, a solution of hydrochloric acid is to be kept between $30^{\\circ}$ and $35^{\\circ}$ Celsius. What is the range of temperature in degree Fahrenheit if the conversion formula is given by}.\\\\\n& & C = \\frac{5}{9}(F-32)\\\\\n& & \\text{where 'C' and 'F' represents temperature in degree Celsius and degree Fahrenheit, respectively?}\\\\\n& \\textbf{Answer:} & \\text{It is given that},\\\\\n& & 30 < C < 35.\\\\\n& & \\text{Putting }C = \\frac{5}{9}(F-32), \\text{ we get},\\\\\n& & 30 < \\frac{5}{9}(F-32) < 35.\\\\\n& & \\text{multiplying through by }\\frac{9}{5}:\\\\\n& & \\frac{9}{5}\\times30 < (F-32) < \\frac{9}{5}\\times35\\\\\n& & \\text{which simplifies to},\\\\\n& & 54 < (F-32) < 63.\\\\\n& & \\text{Adding 32 to all parts gives:}\\\\\n& & 86 < F < 94.\\\\\n& & \\text{Thus, the required range of temperature is between 86°F and 94°F}.\n\\end{align*}"", ""**Question:**\nIn an Experiment, a solution of hydrochloric acid is to be kept between 30° and 35° Celsius. What is the range of temperature in degree Fahrenheit if the conversion formula is given by:\n\n\\begin{equation}\nC = \\frac{5}{9} (F - 32)\n\\end{equation}\n\nwhere 'C' and 'F' represents temperature in degree Celsius and degree Fahrenheit, respectively?\n\n**Answer:**\nIt is given that,\n\\[ 30 < C < 35. \\]\n\nPutting \\( C = \\frac{5}{9} (F - 32) \\), we get,\n\n\\[ 30 < \\frac{5}{9} (F - 32) < 35. \\]\n\nMultiplying through by \\(\\frac{9}{5}\\):\n\n\\[ \\frac{9}{5} \\times 30 < (F - 32) < \\frac{9}{5} \\times 35 \\]\n\nWhich simplifies to,\n\n\\[ 54 < (F - 32) < 63. \\]\n\nAdding 32 to all parts gives:\n\n\\[ 86 < F < 95. \\]\n\nThus, the required range of temperature is between 86°F and 95°F."", ""**Question:**\nIn an Experiment, a solution of hydrochloric acid is to be kept between 30° and 35° Celsius. What is the range of temperature in degrees Fahrenheit if the conversion formula is given by:\n\n$$ C = \\frac{5}{9} (F - 32) $$\n\nwhere 'C' and 'F' represent temperature in degree Celsius and degree Fahrenheit, respectively?\n\n**Answer:**\nIt is given that,\n\n$$ 30 < C < 35. $$\n\nPutting \\( C = \\frac{5}{9} (F - 32) \\), we get,\n\n$$ 30 < \\frac{5}{9} (F - 32) < 35. $$\n\nMultiplying through by \\( \\frac{9}{5} \\):\n\n$$ \\frac{9}{5} \\times 30 < (F - 32) < \\frac{9}{5} \\times 35 $$\n\nWhich simplifies to,\n\n$$ 59 < F - 32 < 62. $$\n\nAdding 32 to all parts gives:\n\n$$ 91 < F < 94. $$\n\nThus, the required range of temperature is between 91°F and 94°F.""]","['**Reasoning:** The conversion formula from Fahrenheit (F) to Celsius (C) is typically given by \\( C = \\frac{5}{9} (F - 32) \\). However, the given Answer incorrectly uses a different coefficient (5 instead of the standard 5/9) in the equation. Additionally, it incorrectly multiplies by 5 instead of the correct 9/5 when solving the inequality for F. These errors will result in a different final range of temperatures.\n\n**Error:** 1', '**Reasoning:** The step where ""multiplying through by \\(\\frac{9}{5}\\):"" should be applied to the entire inequality, not just the first part. Therefore, the correct multiplication should be done with respect to the entire expression \\(F - 32\\). This step leads to an incorrect simplification because the multiplication should be distributed over the inequality.\n\n**Error:** 1', '**Reasoning:**\nThe Answer provided does not contain any apparent logical or mathematical errors. The steps taken to convert temperature from Celsius to Fahrenheit using the given formula and then determine the range of temperatures in Fahrenheit are correct and well-explained.\n\n**Error:** 0', '**Reasoning:** The solution appears to be correct. The steps taken to convert the range from Celsius to Fahrenheit using the given conversion formula are applied correctly.\n\n**Error:** 0', '**Reasoning:** The answer does not contain any mathematical errors. The steps taken to convert the temperature range from Celsius to Fahrenheit are correct. When converting the range \\(30^\\circ C\\) to \\(35^\\circ C\\) using the formula \\(C = \\frac{5}{9}(F - 32)\\), the intermediate steps are logically aligned with standard mathematical operations. Therefore, there are no errors in the sequence of calculations presented in the answer.\n\n**Error:** 0']","[""**Question:**\nIn an Experiment, a solution of hydrochloric acid is to be kept between 30° and 35° Celsius. What is the range of temperature in degree Fahrenheit if the conversion formula is given by:\n\n\\[ C = \\frac{5}{9} (F - 32) \\]\n\nwhere 'C' and 'F' represents temperature in degree Celsius and degree Fahrenheit, respectively?\n\n**Answer:**\nIt is given that,\n\n\\[ 30 < C < 35 \\]\n\nPutting \\( C = \\frac{5}{9} (F - 32) \\), we get,\n\n\\[ 30 < \\frac{5}{9} (F - 32) < 35 \\]\n\nMultiplying through by \\(\\frac{9}{5}\\):\n\n\\[ \\frac{9}{5} \\times 30 < (F - 32) < \\frac{9}{5} \\times 35 \\]\n\nWhich simplifies to,\n\n\\[ 54 < (F - 32) < 63 \\]\n\nAdding 32 to all parts gives:\n\n\\[ 86 < F < 95 \\]\n\nThus, the required range of temperature is between 86°F and 95°F."", ""**Question:**\nIn an Experiment, a solution of hydrochloric acid is to be kept between 30° and 35° Celsius. What is the range of temperature in degree Fahrenheit if the conversion formula is given by:\n\n\\[ C = \\frac{5}{9} (F - 32) \\]\n\nwhere 'C' and 'F' represents temperature in degree Celsius and degree Fahrenheit, respectively?\n\n**Answer:**\nIt is given that,\n\n\\[ 30 < C < 35 \\]\n\nPutting \\( C = \\frac{5}{9} (F - 32) \\), we get,\n\n\\[ 30 < \\frac{5}{9} (F - 32) < 35 \\]\n\nMultiplying through by \\(\\frac{9}{5}\\):\n\n\\[ \\frac{9}{5} \\times 30 < (F - 32) < \\frac{9}{5} \\times 35 \\]\n\nWhich simplifies to,\n\n\\[ 54 < (F - 32) < 63 \\]\n\nAdding 32 to all parts gives:\n\n\\[ 86 < F < 95 \\]\n\nThus, the required range of temperature is between 86°F and 95°F.""]","['**Reasoning:** The answer does not contain any mathematical errors. The steps taken to convert the temperature range from Celsius to Fahrenheit are correct. The conversion formula \\( C = \\frac{5}{9} (F - 32) \\) is applied correctly, and the resulting inequality \\( 59 < (F - 32) < 62 \\) is simplified to \\( 91 < F < 94 \\), which matches the final result stated in the answer.\n\n**Error:** 0', '**Reasoning:** The answer does not contain any mathematical errors. The steps taken to convert the temperature range from Celsius to Fahrenheit are correct. The conversion formula \\( C = \\frac{5}{9} (F - 32) \\) is applied correctly, and the resulting inequality \\( 59 < (F - 32) < 62 \\) is simplified to \\( 91 < F < 94 \\), which matches the final result stated in the answer.\n\n**Error:** 0']",Qwen/Qwen2.5-VL-3B-Instruct,100
"Find the coordinates of the point which divides the line segment joining the points \( (4, -3) \) and \( (8, 5) \) in the ratio \( 3 : 1 \) internally.

"," Let \( P(x, y) \) be the required point. Using the section formula, we get:
\[
x = \frac{3(8) + 1(4)}{3 + 1} = 7, \quad y = \frac{3(5) + 1(-3)}{3 + 1} = \textcolor{red}{\frac{3(5) + 1(-3)}{3 \times 1} = \frac{15 - 3}{3} = 4}
\]
Therefore, \( (7, \textcolor{red}{4}) \) is the required point.

",True,False,True,1.6094379124341005,0.5004024235381879,0.0,0.0,False,True,0,0,"['**Question:**  \nFind the Coordinates of the point which divides the line segment joining the points (4,-3) and (8,5) in the ratio 3:1 internally.  \n\n**Answer:**  \nLet P $(x,y)$ be the required point.  \nUsing the section formula, we get:  \n$x = \\frac{3(8) + 1(4)}{3+1}, y = \\frac{3(5) + 1(-3)}{3+1}$  \nThen $P(7,4)$ is the required point.', '**Question:**\nFind the coordinates of the point which divides the line segment joining the points (4, -3) and (8, 5) in the ratio 3:1 internally.\n\n**Answer:**\nLet \\( P(x, y) \\) be the required point.\nUsing the section formula, we get:\n\\[ x = \\frac{3(8) + 1(4)}{3+1}, y = \\frac{3(5) + 1(-3)}{3+1} \\]\nThen \\( P \\), \\((x, y)\\) is the required point.', '**Question:**\nFind the coordinates of the point which divides the line segment joining the points $(8,5)$ and $(16,-3)$ in the ratio $3:1$ internally.\n\n**Answer:**\nLet $P(x,y)$ be the required point.\nUsing the section formula, we get:\n$x = \\frac{3(8) + 1(16)}{3+1} = \\frac{24 + 16}{4} = 10$\n$y = \\frac{3(5) + 1(-3)}{3+1} = \\frac{15 - 3}{4} = 3$\nTherefore, $P(10,3)$ is the required point.', '**Question:**\nFind the coordinates of the point which divides the line segment joining the points \\((8, 5)\\) and \\((4, -3)\\) internally in the ratio \\(3:1\\).\n\n**Answer:**\nLet \\(P(x, y)\\) be the required point.\nUsing the section formula, we get:\n\\[\nx = \\frac{3(5) + 1(-3)}{3+1} = \\frac{15 - 3}{3} = 3\n\\]\n\\[\ny = \\frac{3(8) + 1(4)}{3+1} = \\frac{24 + 4}{3} = 4\n\\]\nThus, \\(P(7, 4)\\) is the required point.', '**Question:**\nFind the coordinates of the point which divides the line segment joining the points $(4,-3)$ and $(8,5)$ in the ratio $3:1$ internally.\n\n**Answer:**\nLet $P(x,y)$ be the required point.\nUsing the section formula, we get:\n\n$x=\\frac{3(8)+1(4)}{3+1}=7, y=\\frac{3(5)+1(-3)}{3+1}=\\frac{15-3}{3}=4$\n\nThus, $P(7,4)$ is the required point.']","['**Reasoning:** There is an error in the calculation of y-coordinate. The numerator should be \\(3(5) + 1(-3)\\) instead of \\(3(8) + 1(4)\\). This changes the x and y values, leading to incorrect coordinates \\((7, 4)\\) instead of the correct coordinates found in the denominator.\n\n**Error:** 0', '**Reasoning:** The answer provided does not correctly use the section formula for finding the coordinates of a point dividing a line segment externally in the ratio \\(3:1\\). The correct formula should be:\n\\[ x = \\frac{3x_2 - x_1}{3 + 1} \\]\n\\[ y = \\frac{3y_2 - y_1}{3 + 1} \\]\nSubstituting the given points \\((8, 5)\\) and \\((-4, -3)\\):\n\\[ x = \\frac{3(-4) - 8}{4} = \\frac{-12 - 8}{4} = \\frac{-20}{4} = -5 \\]\n\\[ y = \\frac{3(-3) - 5}{4} = \\frac{-9 - 5}{4} = \\frac{-14}{4} = -3.5 \\]\nThus, the correct coordinates are \\((-5, -3.5)\\), not \\((7, -3)\\) as shown in the answer.\n\n**Error:** 1', '**Reasoning:** The answer contains a calculation error in the calculation of x-coordinate. In the numerator (3(8) + 1(4)), it should be 3*5 + 1*4 = 15 + 4, not 15 - 3. This is evident as the final result would then be y = 9/3 = 3, whereas the correct value should be y = 7. Therefore, the x-coordinate is incorrectly calculated.\n\n**Error:** 1', '**Reasoning:** The question asks for the coordinates of a point that divides the line segment joining points \\(A(8,5)\\) and \\(B(-3,-2)\\) in the ratio 3:1 internally. The formula for finding the coordinates of such a point is:\n\\[ x = \\frac{mx_2 + nx_1}{m+n} \\]\n\\[ y = \\frac{my_2 + ny_1}{m+n} \\]\nSubstituting \\(m=3\\), \\(n=1\\), \\(x_1=8\\), \\(y_1=5\\), \\(x_2=-3\\), and \\(y_2=-2\\):\n\\[ x = \\frac{3(-3) + 1(8)}{3+1} = \\frac{-9 + 8}{4} = \\frac{-1}{4} \\]\n\\[ y = \\frac{3(-2) + 1(5)}{3+1} = \\frac{-6 + 5}{4} = \\frac{-1}{4} \\]\nHowever, the answer provided calculates \\(x\\) as \\(\\frac{3(5)+1(-3)}{3+1}\\), which is incorrect because it uses the points \\(A(8,5)\\) and \\(B(-3,-2)\\) instead of \\((8,5)\\) and \\((-3,-2)\\). The correct calculation should use \\((-3,-2)\\) instead of \\((8,5)\\).\n\\[ x = \\frac{3(-3) + 1(8)}{3+1} = \\frac{-9 + 8}{4} = \\frac{-1}{4} \\]\n\\[ y = \\frac{3(-2) + 1(5)}{3+1} = \\frac{-6 + 5}{4} = \\frac{-1}{4} \\]\n\n**Error:** 1', '**Reasoning:** The answer uses the wrong section formula for finding the point that divides the line segment externally in the ratio 3:1. The correct formula should be \\( x = \\frac{mx_2 - nx_1}{m + n} \\) and \\( y = \\frac{my_2 - ny_1}{m + n} \\). The answer uses the wrong sign for the numerator in the y-coordinate calculation, which is incorrect. \n\n**Error:** 1']","['**Question:**\nFind the coordinates of the point which divides the line segment joining the points $(8,5)$ and $(4,-3)$ in the ratio $3:1$ internally.\n\n**Answer:**\nLet $P(x,y)$ be the required point.\nUsing the section formula, we get:\n$x = \\frac{3(8) + 1(4)}{3+1} = \\frac{24 + 4}{4} = 7$\n$y = \\frac{3(5) + 1(-3)}{3+1} = \\frac{15 - 3}{4} = 3$\n\nThus, $P(7,3)$ is the required point.', '**Question:**\nFind the coordinates of the point which divides the line segment joining the points $(8,5)$ and $(4,-3)$ in the ratio $3:1$ internally.\n\n**Answer:**\nLet $P(x,y)$ be the required point.\nUsing the section formula, we get:\n$x = \\frac{3(8) + 1(4)}{3+1} = \\frac{24 + 4}{4} = 7$\n$y = \\frac{3(5) + 1(-3)}{3+1} = \\frac{15 - 3}{4} = 3$\n\nThus, $P(7,3)$ is the required point.']","['**Reasoning:** The answer provided contains a calculation error. In the section formula, the numerator should be \\(3(8) + 1(-3)\\) instead of \\(3(5) + 1(-3)\\). This results in incorrect values for \\(x\\) and \\(y\\). Additionally, the final step of dividing by 3 should be done after calculating the numerator, not before.\n\n**Error:** 1', '**Reasoning:** The answer provided contains a calculation error. In the section formula, the numerator should be \\(3(8) + 1(-3)\\) instead of \\(3(5) + 1(-3)\\). This results in incorrect values for \\(x\\) and \\(y\\). Additionally, the final step of dividing by 3 should be done after calculating the numerator, not before.\n\n**Error:** 1']",Qwen/Qwen2.5-VL-3B-Instruct,100
"Find the general solution of the differential equation 
\[
\frac{dy}{dx} = \frac{1+y^2}{1+x^2}.
\]

"," Since \(1 + y^2 \neq 0\), we can separate the variables. The given differential equation can be written as
\[
\frac{dy}{1+y^2} = \frac{dx}{1+x^2} \quad \cdots (1)
\]
Integrating both sides of equation (1), we get
\[
\int \frac{dy}{1+y^2} = \int \frac{dx}{1+x^2}
\]
which results in 
\[
\tan^{-1} \textcolor{red}{z} = \tan^{-1} \textcolor{red}{t} + C,
\]
where \(C\) is the constant of integration. This is the general solution of equation (1).

",False,True,True,1.6094379124341005,0.5004024235381879,0.0,0.0,False,False,1,0,"['**Question:** Find the general solution of the differential equation\n\n$$ \\frac{dy}{dx} = \\frac{1 + y^2}{1 + x^2}. $$\n\n**Answer:** Since $1 + y^2 \\neq 0$, we can separate the variables. The given differential equation can be written as,\n\n$$ \\frac{dy}{1 + y^2} = \\frac{dx}{1 + x^2} \\quad \\text{(1)} $$\n\nIntegrating both sides of equation (1), we get\n\n$$ \\int \\frac{dy}{1 + y^2} = \\int \\frac{dx}{1 + x^2} $$\n\nwhich results in\n\n$$ \\tan^{-1}{z} = \\tan^{-1}{t} + C, $$\n\nwhere $C$ is the constant of integration. This is the general solution of equation (1).\n\n', '**Question:**\n\\[\n\\text{Find the general solution of the differential equation}\n\\]\n\\[\n\\frac{dy}{dx} = \\frac{1 + y^2}{1 + x^2}.\n\\]\n\n**Answer:**\nSince \\( 1 + y^2 \\neq 0 \\), we can separate the variables. The given differential equation can be written as.\n\\[\n\\frac{dy}{1+y^2} = \\frac{dx}{1+x^2} \\quad \\ldots (1)\n\\]\nIntegrating both sides of equation (1), we get\n\\[\n\\int \\frac{dy}{1+y^2} = \\int \\frac{dx}{1+x^2}\n\\]\nwhich results in\n\\[\n\\tan^{-1}y = \\tan^{-1}x + c,\n\\]\nwhere \\( c \\) is the constant of integration. This is the general solution of equation (1).', '\\begin{align*}\n{\\textbf{Question:}} & \\quad \\text{Find the general solution of the differential equation} \\\\\n& \\qquad \\frac{{\\mathrm dy}}{{\\mathrm dx}} = \\frac{{1 + {y^2}}}{{1 + {x^2}}}. \\\\\n\\\\\n{\\textbf{Answer:}} & \\quad \\text{Since } 1 + y^{2} \\neq 0, \\text{ we can separate the variables. The given differential equation can be written as:} \\\\\n& \\qquad \\frac{{\\mathrm dy}}{{1 + {y^2}}} = \\frac{{\\mathrm dx}}{{1 + {x^2}}} \\cdots (1) \\\\\n& \\qquad \\text{Integrating both sides of equation (1), we get:} \\\\\n& \\qquad \\int {\\frac{{\\mathrm dy}}{{1 + {y^2}}}} = \\int {\\frac{{\\mathrm dx}}{{1 + {x^2}}}} \\\\\n& \\qquad \\text{which results in} \\\\\n& \\qquad \\tan^{-1} z = \\tan^{-1} t + c, \\\\\n& \\qquad \\text{where } c \\text{ is the constant of integration. This is the general solution of equation (1).}\n\\end{align*}', '**Question:** Find the general solution of the differential equation\n\n\\begin{equation}\n\\frac{dy}{dx} = \\frac{1+y^2}{1+x^2}.\n\\end{equation}\n\n**Answer:** Since \\( 1 + y^2 \\neq 0 \\), we can separate the variables. The given differential equation can be written as\n\n\\begin{equation}\n\\frac{dy}{1+y^2} = \\frac{dx}{1+x^2}.\n\\end{equation}\n\nIntegrating both sides of equation (1), we get\n\n\\begin{equation}\n\\int \\frac{dy}{1+y^2} = \\int \\frac{dx}{1+x^2}.\n\\end{equation}\n\nWhich results in\n\n\\begin{equation}\n\\tan^{-1}y = \\tan^{-1}x + c,\n\\end{equation}\n\nwhere \\( c \\) is the constant of integration. This is the general solution of equation (1).', '**Question:**\n\\documentclass{article}\n\\usepackage{amsmath}\n\n\\begin{document}\n\nFind the general solution of the differential equation\n\n\\[\\frac{dy}{dx} = \\frac{1 + y^2}{1 + x^2}\\]\n\n\\end{document}\n\n\n**Answer:**\n\\documentclass{article}\n\\usepackage{amsmath}\n\n\\begin{document}\n\nSince \\(1 + y^2 \\neq 0\\), we can separate the variables. The given differential equation can be written as\n\n\\[\\frac{dy}{1 + y^2} = \\frac{dx}{1 + x^2}\\quad\\ldots(1)\\]\n\nIntegrating both sides of equation (1), we get\n\n\\[\\int \\frac{dy}{1 + y^2} = \\int \\frac{dx}{1 + x^2}\\]\n\nwhich results in\n\n\\[\\tan^{-1}y = \\tan^{-1}x + C,\\]\n\nwhere \\(C\\) is the constant of integration. This is the general solution of equation (1).\n\n\\end{document}']","['**Reasoning:** The answer correctly identifies that since \\(1 + y^2 \\neq 0\\), the differential equation can be separated into variables. However, when integrating both sides of equation (1), the correct antiderivative should be \\(\\arctan(y) = \\arctan(x) + C\\). The given answer uses \\(\\tan^{-1}z\\) instead of \\(\\arctan(y)\\), which is incorrect because the variable of integration should match the variable on the left side of the equation.\n\n**Error:** 1', '**Reasoning:** The answer starts correctly by separating the variables as shown. However, when integrating both sides, it does not handle the integration properly. Instead of integrating directly, it incorrectly uses \\( \\tan^{-1} z = \\tan^{-1} t + C \\), which is incorrect because \\( z \\) is just a dummy variable used for the integral substitution, not the actual variable of integration. The correct approach would be to integrate with respect to \\( y \\) or \\( x \\) after making the appropriate substitutions.\n\n**Error:** 1', '**Reasoning:** The Answer incorrectly states that \\(1 + x^2 \\neq 0\\). This is incorrect because \\(1 + x^2\\) is always positive for all real numbers \\(x\\), so it is never zero. Therefore, the separation of variables step involves integrating directly without the need to consider this condition separately. The correct approach should integrate both sides of the equation after separating the variables.\n\n**Error:** 1', '**Reasoning:** The answer seems correct in following the steps of separating variables and integrating the differential equation. However, the notation used for integration might be slightly awkward. Instead of using $t$, it should logically use $z$. Additionally, the integration process appears correct with respect to the initial steps, but the final result should explicitly include $z$ instead of $t$. This discrepancy is minor and does not affect the correctness of the solution.\n\n**Error:** 0', '**Reasoning:** The given answer incorrectly states ""z"" instead of ""x"". In the context of the differential equation, it should be integrating with respect to x rather than y. The correct integration should involve x, not z.\n\n**Error:** 1']","['**Question:**\n\\[\n\\text{Find the general solution of the differential equation}\n\\]\n\\[\n\\frac{dy}{dx} = \\frac{1 + y^2}{1 + x^2}.\n\\]\n\n**Answer:**\n\\[\n\\text{Since } 1 + y^2 \\neq 0, \\text{ we can separate the variables. The given differential equation can be written as:}\n\\]\n\\[\n\\frac{dy}{1 + y^2} = \\frac{dx}{1 + x^2} \\quad \\cdots (1)\n\\]\n\\[\n\\text{Integrating both sides of equation (1), we get:}\n\\]\n\\[\n\\int \\frac{dy}{1 + y^2} = \\int \\frac{dx}{1 + x^2}\n\\]\n\\[\n\\text{which results in}\n\\]\n\\[\n\\tan^{-1} y = \\tan^{-1} x + C,\n\\]\n\\[\n\\text{where } C \\text{ is the constant of integration. This is the general solution of equation (1).}\n\\]', '**Question:**\n\\[\n\\text{Find the general solution of the differential equation}\n\\]\n\\[\n\\frac{dy}{dx} = \\frac{1 + y^2}{1 + x^2}.\n\\]\n\n**Answer:**\n\\[\n\\text{Since } 1 + y^2 \\neq 0, \\text{ we can separate the variables. The given differential equation can be written as:}\n\\]\n\\[\n\\frac{dy}{1 + y^2} = \\frac{dx}{1 + x^2} \\quad \\cdots (1)\n\\]\n\\[\n\\text{Integrating both sides of equation (1), we get:}\n\\]\n\\[\n\\int \\frac{dy}{1 + y^2} = \\int \\frac{dx}{1 + x^2}\n\\]\n\\[\n\\text{which results in}\n\\]\n\\[\n\\tan^{-1} y = \\tan^{-1} x + C,\n\\]\n\\[\n\\text{where } C \\text{ is the constant of integration. This is the general solution of equation (1).}\n\\]']","['**Reasoning:** The answer does not contain any mathematical errors. It correctly separates the variables, integrates both sides, and arrives at the correct general solution involving the constant of integration \\(C\\). There are no logical or arithmetic mistakes in the steps taken to solve the differential equation.\n\n**Error:** 0', '**Reasoning:** The answer does not contain any mathematical errors. It correctly separates the variables, integrates both sides, and arrives at the correct general solution involving the constant of integration \\(C\\). There are no logical or arithmetic mistakes in the steps taken to solve the differential equation.\n\n**Error:** 0']",Qwen/Qwen2.5-VL-3B-Instruct,100
"The sum of three times a number and 11 is 32. Find the number.

"," 
\begin{itemize}
    \item If the unknown number is taken to be \( \textcolor{red}{y} \), then three times the number is \( 3\textcolor{red}{y} \) and the sum of \( 3\textcolor{red}{y} \) and 11 is 32. That is, 
    \[
    3\textcolor{red}{y} + 11 = 32
    \]

    \item To solve this equation, we transpose 11 to the right-hand side (RHS), so that 
    \[
    3\textcolor{red}{y} = 32 - 11 \quad \text{or} \quad 3\textcolor{red}{y} = 21
    \]
    
    Now, divide both sides by 3:
    \[
    \textcolor{red}{y} = \frac{21}{3} = 7
    \]
    
    The required number is \( \textcolor{red}{y} \).
\end{itemize}

",True,True,True,0.9502705392332347,0.6730116670092565,0.0,0.0,False,False,0,0,"['**Question:** The sum of three times a number and 11 is 32. Find the number.\nIf the unknown number is taken to be \\( y \\), then three times the number is \\( 3y \\). And the sum of \\( 3y \\) and 11 is 32. That is,\n\\[ 3y + 11 = 32 \\]\n\nTo solve this equation, we transpose 11 to the right-hand side (RHS), so that\n\\[ 3y = 32 - 11 \\text{ or } 3y = 21 \\]\n\nNow, divide both sides by 3:\n\\[ y = \\frac{21}{3} = 7 \\]\n\nThe required number is \\( y \\).\n\n**Answer:**', '**Question:** The sum of three times a number and 11 is 32. Find the number.\n\nIf the unknown number is taken to be \\( y \\), then three times the number is \\( 3y \\) and the sum of \\( 3y \\) and 11 is 32. That is,\n\n\\[\n3y + 11 = 32\n\\]\n\nTo solve this equation, we transpose 11 to the right-hand side (RHS), so that\n\n\\[\n3y = 32 - 11 \\Rightarrow 3y = 21\n\\]\n\nNow, divide both sides by 3:\n\n\\[\ny = \\frac{21}{3} = 7\n\\]\n\nThe required number is \\( y \\).\n\n**Answer:**', '**Question:**\nThe sum of three times a number and 11 is 32. Find the number.\nIf the unknown number is taken to be y, then three times the number is 3y and the sum of 3y and 11 is 32. That is,\n\\[\n3y + 11 = 32\n\\]\nTo solve this equation, we transpose 11 to the right-hand side (RHS), so that\n\\[\n3y = 32 - 11\n\\]\nNow, divide both sides by 3:\n\\[\ny = \\frac{21}{3} = 7\n\\]\n\n**Answer:**\nThe required number is y.', '**Question:**\n\\[\n\\text{The sum of three times a number and 11 is 32. Find the number.}\n\\]\n\n**Answer:**\n\\[\n\\begin{align*}\n\\text{If the unknown number is taken to be } y, \\text{ then} \\\\\n\\text{three times the number is } 3y \\text{ and the sum of } 3y \\text{ and 11 is } 32.\n\\end{align*}\n\\]\n\\[\n\\begin{align*}\n3y + 11 &= 32\n\\end{align*}\n\\]\n\\[\n\\begin{align*}\n\\text{To solve this equation, we transpose 11 to the right-hand side (RHS), so that } \\\\\n\\begin{align*}\n3y &= 32 - 11 \\quad \\Rightarrow \\quad 3y = 21\n\\end{align*}\n\\]\n\\[\n\\begin{align*}\n\\text{Now, divide both sides by } 3: \\\\\ny = \\frac{21}{3} = 7\n\\end{align*}\n\\]\nThe required number is \\( y \\).', '**Question:** The sum of three times a number and 11 is 32. Find the number.\n\\[\n\\text{If the unknown number is taken to be } y, \\text{ then three times the number is } 3y \\text{ and the sum of } 3y \\text{ and 11 is 32. That is,}\n\\]\n\\[\n3y + 11 = 32\n\\]\n\\[\n\\text{So solve this equation, we transpose 11 to the right-hand side (RHS), so that}\n\\]\n\\[\n3y = 32 - 11 \\text{ or } 3y = 21\n\\]\n\\[\n\\text{Now, divide both sides by 3:}\n\\]\n\\[\ny = \\frac{21}{3} = 7\n\\]\n\\[\n\\text{The required number is } y.\n\\]\n\n**Answer:**']","['**Reasoning:** The answer does not contain any mathematical errors. It correctly follows the steps to solve the equation and arrives at the correct solution. There are no logical or arithmetic mistakes.\n\n**Error:** 0', '**Reasoning:** In the given answer, after solving the equation \\(3y = 21\\), the next step should be dividing both sides by 3 to find the value of \\(y\\). However, the answer provided does not follow this step correctly. Instead, it incorrectly states \\(y = \\frac{21}{3} = 7\\), which follows the incorrect assumption that the division results in \\(y = 7\\). This is incorrect because if we divide 21 by 3, we get \\(y = 7\\), but the correct form should be showing the division process clearly and stating the final value.\n\n**Error:** 1', '**Reasoning:** The calculation step involves dividing both sides of the equation \\(3y = 21\\) by 3. This results in \\(y = \\frac{21}{3} = 7\\). However, if we review the original question, it states ""find the number,"" implying we need to find the actual value of the number before transforming it into \\(3y\\). The given answer incorrectly identifies the final result as \\(y\\), whereas the problem asks for the original number before transformation. Therefore, the solution should be the number \\(7\\) instead of \\(y\\).\n\n**Error:** 1', '**Reasoning:** The answer provided is correct. The calculation steps, including transposing the number from the left-hand side to the right-hand side, dividing by 3, and finding the value of y as 7, are all properly executed according to the problem statement.\n\n**Error:** 0', '**Reasoning:** The solution provided does not contain any mathematical errors. It correctly follows the steps to solve the equation, translating the number three times to be y, resulting in 3y, and then solving for y.\n\n**Error:** 0']","['**Question:**\nThe sum of three times a number and 11 is 32. Find the number.\nIf the unknown number is taken to be \\( y \\), then three times the number is \\( 3y \\) and the sum of \\( 3y \\) and 11 is 32. That is,\n\\[ 3y + 11 = 32 \\]\n\n**Answer:**\nTo solve this equation, we transpose 11 to the right-hand side (RHS), so that\n\\[ 3y = 32 - 11 \\]\nor\n\\[ 3y = 21 \\]\n\nNow, divide both sides by 3:\n\\[ y = \\frac{21}{3} = 7 \\]\n\nThe required number is \\( y \\).', '**Question:**\nThe sum of three times a number and 11 is 32. Find the number.\nIf the unknown number is taken to be \\( y \\), then three times the number is \\( 3y \\) and the sum of \\( 3y \\) and 11 is 32. That is,\n\\[ 3y + 11 = 32 \\]\n\n**Answer:**\nTo solve this equation, we transpose 11 to the right-hand side (RHS), so that\n\\[ 3y = 32 - 11 \\]\nor\n\\[ 3y = 21 \\]\n\nNow, divide both sides by 3:\n\\[ y = \\frac{21}{3} = 7 \\]\n\nThe required number is \\( y \\).']","['**Reasoning:** The answer provided does not contain any mathematical errors. The steps taken to solve the equation are correct: first, the unknown number \\( y \\) is correctly identified as being multiplied by 3, then the sum of 3y and 11 is set equal to 32. After solving the equation, the value of \\( y \\) is correctly calculated as \\( \\frac{21}{3} = 7 \\). Therefore, the answer is correct.\n\n**Error:** 0', '**Reasoning:** The answer provided does not contain any mathematical errors. The steps taken to solve the equation are correct: first, the unknown number \\( y \\) is correctly identified as being multiplied by 3, then the sum of 3y and 11 is set equal to 32. After solving the equation, the value of \\( y \\) is correctly calculated as \\( \\frac{21}{3} = 7 \\). Therefore, the answer is correct.\n\n**Error:** 0']",Qwen/Qwen2.5-VL-3B-Instruct,100
"Reena took a loan of Rs. 1200 with simple interest for as many years as the rate of interest. If she paid Rs. 432 as interest at the end of the loan period, what was the rate of interest? 

\begin{enumerate}
    \item[A)] 3.6
    \item[B)] 6
    \item[C)] 18
    \item[D)] Cannot be determined
    \item[E)] None of these
\end{enumerate}

"," Option B Let rate = R\% and time = R years.

Then, 
\[
\frac{1200 \times R \times R}{100} = 432
\]

\[
\Rightarrow 12R^2 = 432
\]

\[
\Rightarrow R^2 = 36
\]

\textcolor{red}{Since the square root of 36 is 6, and 36 is also a perfect square, we can safely take R to be 6. Additionally, 36 is divisible by 1, 2, 3, 4, 6, 9, 12, 18, and 36 which confirms it is a perfect square.}

\[
\Rightarrow R = 6.
\]

",False,True,True,1.6094379124341005,0.6730116670092565,0.0,0.0,False,True,0,0,"['**Question:**\n\\[ \\text{Question: Reena took a loan @ Rs 1200 with simple interest for as many years as the rate @ interest. If she paid Rs 432 as interest at the end of the loan period, what was the rate @ interest?} \\]\n\nA) 3.6\n\nB) 6\n\nC) 18\n\nD) Cannot be determined\n\nE) None of these\n\n**Answer:**\n\\[ \\text{Answer: Option B Let rate = R% and time = R years} \\]\n\\[ \\frac{1200 \\times R \\times R}{100} = 432 \\]\n\\[ \\Rightarrow 12R^2 = 432 \\]\n\\[ \\Rightarrow R^2 = 36 \\]\n\\[ \\text{Since the square root of 36 is 6, and 36 is also a perfect square, we can safely take R to be 6. Additionally, 36 is divisible by 1, 2, 3, 4, 6, 9, 12, 18, and 36 which confirms it is a perfect square} \\]\n\\[ \\Rightarrow R = 6 \\]', '**Question:**\nReena took a loan @ Rs 1200 with simple interest for as many years as the rate @ interest. If she Paid Rs 432 as interest at the end of the loan period, what was the rate @ interest\nA) 3.6\nB) 6\nC) 18\nD) Cannot be determined\nE) None of these\n\n**Answer:**\nOption B Let rate = R% and time = R years\\\\\nThen, \\frac{1200 \\times R \\times R}{100} = 432\\\\\n\\Rightarrow 12R^{2} = 432\\\\\n\\Rightarrow R^{2} = 36\\\\\nSince the square root of 36 is 6, and 36 is also a perfect square, we can safely take R to be 6. Additionally, 36 is divisible by 1, 2, 3, 4, 6, 9, 12, 18, and 36 which conforms it is a perfect square \\\\\n\\Rightarrow R = 6\\\\', '**Question:**\n\\begin{align*}\n&\\text{Reena took a loan @ Rs} \\cdot 1200 \\text{ with simple interest for as many years as the rate @ interest. If she paid Rs} \\cdot 432 \\text{ as interest at the end of the loan period, what was the rate @ interest?} \\\\\n&A) 3 \\cdot 6 \\\\\n&B) 6 \\\\\n&C) 18 \\\\\n&D) Cannot be determined \\\\\n&E, None of these\n\\end{align*}\n\n**Answer:**\nLet rate = R% and time = R years\n\nThen,\n\n\\[\n\\frac{1200 \\times R \\times R}{100} = 432\n\\]\n\n\\[\n\\Rightarrow 12R^2 = 432\n\\]\n\n\\[\n\\Rightarrow R^2 = 36\n\\]\n\nSince the square root of 36 is 6, and 36 is also a perfect square, we can safely take R to be 6.\n\nAdditionally, 36 is divisible by 1, 2, 3, 4, 6, 9, 12, 18, and 36 which confirms it is a perfect square.\n\n\\[\n\\rightarrow R = 6\n\\]', '**Question:**\n\\[ \\text{Reena took a loan of Rs.1200 with simple interest for as many years as the rate of interest. If she paid Rs.432 as interest at the end of the loan period, what was the rate of interest?} \\]\n\n**Answer:**\n\\[ \\text{Let rate = R\\% and time = R years. Then, } \\frac{1200 \\times R \\times R}{100} = 432 \\]\n\\[ \\Rightarrow 12R^2 = 432 \\]\n\\[ \\Rightarrow R^2 = 36 \\]\n\\[ \\Rightarrow R = 6 \\]', '**Question:**\nReena took a loan @ Rs 1200 with simple interest for as many years as the rate @ interest. If she paid Rs 432 as interest at the end of the loan period, what was the rate % interest A J 3.6 B) 6 C) 18 D) Cannot be determined E) None of these\n\n**Answer:**\nLet rate = R% and time = R years.\nThen,\n\\[\\frac{1200\\times R\\times R}{100} = 432 \\Rightarrow 12R^2 = 432 \\Rightarrow R^2 = 36\\]\nSince the square root of 36 is 6, and 36 is also a perfect square, we can safely take R to be 6. Additionally, 36 is divisible by 1, 2, 3, 4, 6, 9, 12, 18, and 36 which confirms it is a perfect square.\n\\(\\Rightarrow R = 6\\)']","['**Reasoning:** The answer provided does not contain any mathematical errors. It correctly explains the steps to solve the problem using simple interest formula \\( \\text{Interest} = P \\times R \\times T \\). The calculations leading to the solution \\( R^2 = 36 \\) and solving for \\( R \\) to get \\( R = 6 \\) are all correct and logical.\n\n**Error:** 0', '**Reasoning:** The calculation in the Answer seems correct. After simplifying the given equation \\(\\frac{1200 \\times R \\times R}{100} = 432\\), we get \\(R^2 = 36\\). Taking the square root of both sides gives \\(R = 6\\), which matches the answer. Since the problem involves simple interest and the rates match perfectly, there is no apparent error in the solution process.\n\n**Error:** 0', '**Reasoning:** The Answer incorrectly assumes that R^2 = 36 implies R must be 6. While it is true that the square root of 36 is ±6, the value of R cannot be negative because it represents time in years, which must be non-negative. Therefore, taking the positive root would correctly give R as 6, but the answer still uses the incorrect negative root, making it implicitly incorrect.\n\n**Error:** 1', ""**Reasoning:** The reasoning process in the answer seems to be correct, but there's a minor logical flaw in the final step. The correct final step should involve taking the square root of both sides of the equation \\(R^2 = 36\\) to find \\(R\\). \n\n**Error:** 1"", '**Reasoning:** The answer provides a clear and logical solution by setting up the equation correctly and solving for the rate R but does not mention that the square root of 36 can be ±6 due to the nature of the square root function. This could lead to confusion about the value of R being either 6 or -6 if the square root was taken as a positive value. However, since the interest calculation involves a positive value, it should be taken as a real number, implying R = 6. The solution does not explicitly state this detail, but it seems accurate for practical purposes.\n\n**Error:** 0']","['**Question:**\nReena took a loan @ Rs 1200 with simple interest for as many years as the rate @ interest. If she paid Rs 432 as interest at the end of the loan period, what was the rate @ interest?\n\nA) 3.6\n\nB) 6\n\nC) 18\n\nD) Cannot be determined\n\nE) None of these\n\n**Answer:**\nLet rate = R% and time = R years\n\nThen,\n\n\\[\n\\frac{1200 \\times R \\times R}{100} = 432\n\\]\n\n\\[\n\\Rightarrow 12R^2 = 432\n\\]\n\n\\[\n\\Rightarrow R^2 = 36\n\\]\n\nSince the square root of 36 is 6, and 36 is also a perfect square, we can safely take R to be 6.\n\nAdditionally, 36 is divisible by 1, 2, 3, 4, 6, 9, 12, 18, and 36 which confirms it is a perfect square.\n\n\\[\n\\Rightarrow R = 6\n\\]', '**Question:**\nReena took a loan @ Rs 1200 with simple interest for as many years as the rate @ interest. If she paid Rs 432 as interest at the end of the loan period, what was the rate @ interest?\n\nA) 3.6\n\nB) 6\n\nC) 18\n\nD) Cannot be determined\n\nE) None of these\n\n**Answer:**\nLet rate = R% and time = R years\n\nThen,\n\n\\[\n\\frac{1200 \\times R \\times R}{100} = 432\n\\]\n\n\\[\n\\Rightarrow 12R^2 = 432\n\\]\n\n\\[\n\\Rightarrow R^2 = 36\n\\]\n\nSince the square root of 36 is 6, and 36 is also a perfect square, we can safely take R to be 6.\n\nAdditionally, 36 is divisible by 1, 2, 3, 4, 6, 9, 12, 18, and 36 which confirms it is a perfect square.\n\n\\[\n\\Rightarrow R = 6\n\\]']","['**Reasoning:** The answer provided does not contain any mathematical errors. The steps taken to solve the problem are correct and logically sound. The calculation of the interest rate using the formula for simple interest is accurate, and the subsequent steps to find the value of R are also correct. There is no indication of incorrect calculations or logical errors in the provided solution.\n\n**Error:** 0', '**Reasoning:** The answer provided does not contain any mathematical errors. The steps taken to solve the problem are correct and logically sound. The calculation of the interest rate using the formula for simple interest is accurate, and the subsequent steps to find the value of R are also correct. There is no indication of incorrect calculations or logical errors in the provided solution.\n\n**Error:** 0']",Qwen/Qwen2.5-VL-3B-Instruct,100
"Find all the points of local maxima and local minima of the function given by 

\[
f(x) = 2x^3 - 6x^2 + 6x + 5.
\]

"," We have 

\[
f'(x) = 6x^2 - 12x + 6 = 6(x - 1)^2
\]

Thus, \( x = 1 \) is the only critical point of \( f \). We shall now examine this point for local maxima and/or local minima of \( f \). Observe that \textcolor{red}{\( f''(x) \geq 0 \)} \textcolor{red}{for all \( x \in \mathbb{R} \)} and in particular \textcolor{red}{\( f''(x) > 0 \)} \textcolor{red}{for values close to 1 and to the left and to the right of 1}. Therefore, by first derivative test, the point \( x = 1 \) is neither a point of local maxima nor a point of local minima. Hence \( x = 1 \) is a point of inflexion.

",True,True,True,1.6094379124341005,0.5004024235381879,0.0,0.0,False,True,0,0,"[""**Question:** Find all the points of local maxima and local minima of all function given by\n\n\\[ f(x) = 2x^2 - 6x^2 + 6x + 5 \\]\n\n**Answer:** We have,\n\n\\[ f'(x) = 6x^2 - 12x + 6 = 6(x-1)^2 \\]\n\nThus, \\( x=1 \\) is the only critical point of \\( f' \\). We shall now examine this point for local maxima and/or local minima of \\( f \\).\n\nObserve that \\( f''(x) > 0 \\) for all \\( x \\in R \\) and in particular \\( f''(x) > 0 \\) for values close to 1 and to the left and to the right of 1. Therefore, by first derivative test, the point \\( x=1 \\) is neither a point of local maxima nor a point of local minima. Hence \\( x=1 \\) is a point of inflection."", ""**Question:**\nFind all the points of local maxima and local minima of all function given by\n\n\\[ f(x) = 2x^2 - 6x^2 + 5x + 5 \\]\n\n**Answer:**\n\nWe have,\n\n\\[ f'(x) = 6x^2 - 12x + 6 = 6(x - 1)^2 \\]\n\nThus, \\( x = 1 \\) is the only critical point of \\( f' \\). We shall now examine this point for local maxima and/or local minima of \\( f \\).\n\nObserve that \\( f''(x) > 0 \\) for all \\( x \\in \\mathbb{R} \\) and in particular, \\( f''(x) > 0 \\) for values close to 1 and to the left and to the right of 1. Therefore, by first derivative test, the point \\( x = 1 \\) is neither a point of local maxima nor a point of local minima. Hence \\( x = 1 \\) is a point of inflection."", ""**Question:**\nFind all the points of local maxima and local minima of all functions given by\n\n\\[ f(x) = 2x^3 - 6x^2 + 6x + 5 \\]\n\n**Answer:**\nWe have,\n\n\\[ f'(x) = 6x^2 - 12x + 6 = 6(x - 1)^2 \\]\n\nThus, \\( x = 1 \\) is the only critical point of 'f'. We shall now examine this point for local maxima and/or local minima of f.\n\nObserve that \\( f''(x) > 0 \\) for all \\( x \\in \\mathbb{R} \\) and in particular, \\( f''(x) > 0 \\) for values close to 1 and to the left and to the right of 1. Therefore, by first derivative test, the point \\( x = 1 \\) is neither a point of local maxima nor a point of local minima. Hence, \\( x = 1 \\) is a point of inflexion."", ""**Question:** Find all the points of local maxima and local minima of all function given by,\n\n\\[\nf(x) = 2x^2 - 6x^2 + 6x + 5.\n\\]\n\n**Answer:** we have,\n\n\\[\nf'(x) = 6x^2 - 12x + 6 = 6(x - 1)^2\n\\]\n\nThus, \\( x = 1 \\) is the only critical point of \\( f' \\). We shall now examine this point for local maxima and/or local minima of \\( f \\).\n\nObserve that \\( f''(x) > 0 \\) for all \\( x \\in \\mathbb{R} \\), and in particular, \\( f''(x) > 0 \\) for values close to 1 and to the left and to the right of 1. Therefore, by first derivative test, the point \\( x = 1 \\) is neither a point of local maxima nor a point of local minima. Hence \\( x = 1 \\) is a point of inflexion."", ""**Question:** Find all the points of local maxima and local minima of the function given by:\n\n\\[ f(x) = 2x^3 - 6x^2 + 6x + 5 \\]\n\n**Answer:** We have,\n\n\\[ f'(x) = 6x^2 - 12x + 6 = 6(x - 1)^2 \\]\n\nThus, \\( x = 1 \\) is the only critical point of \\( f \\). We shall now examine this point for local maxima and/or local minima of \\( f \\).\n\nObserve that \\( f''(x) > 0 \\) for all \\( x \\in \\mathbb{R} \\) and in particular, \\( f''(x) > 0 \\) for values close to 1 and to the left and to the right of 1. Therefore, by first derivative test, the point \\( x = 1 \\) is neither a point of local maxima nor a point of local minima. Hence, \\( x = 1 \\) is a point of inflection.""]","['**Reasoning:** The answer seems correct in identifying that \\(x = 1\\) is the critical point and analyzing the second derivative \\(f\'\'(x) > 0\\) around this point. However, the statement ""Therefore, by first derivative test, the point \\(x = 1\\) is neither a point of local maxima nor a point of local minima."" does not accurately reflect the nature of \\(x = 1\\). Since \\(f\'(x) = 6(x-1)^2\\), the function changes direction at \\(x = 1\\) and has a local minimum because the function starts increasing after \\(x = 1\\). This could be misleading as it implies it\'s neither a maximum nor a minimum, but rather an inflection point.\n\n**Error:** 1', ""**Reasoning:** The answer incorrectly concludes that x = 1 is a point of inflection. According to the given function \\( f(x) = 2x^3 - 6x^2 + 6x + 5 \\), the first derivative is \\( f'(x) = 6x^2 - 12x + 6 \\), and setting it equal to zero gives \\( x = 1 \\). To determine if this is a local maximum or minimum, we need to check the second derivative: \\( f''(x) = 12x - 12 \\). Evaluating at \\( x = 1 \\):\n\\[ f''(1) = 12 - 12 = 0. \\]\nSince the second derivative test is inconclusive here, we would typically use the first derivative test to classify the critical point as either a local maximum or minimum. The answer does not provide this classification, so it incorrectly states that x = 1 is a point of inflection.\n\n**Error:** 1"", ""**Reasoning:** The Answer incorrectly concludes that the point \\(x = 1\\) is neither a point of local maximum nor a point of local minimum. However, it correctly identifies that \\(f'(x) = 6(x-1)^2\\). To find critical points, setting \\(f'(x) = 0\\) gives \\(x = 1\\). The second derivative test is used to determine if this point is a maximum or minimum. The second derivative, \\(f''(x) = 12(x-1)\\), is positive for \\(x > 1\\) and negative for \\(x < 1\\), indicating that \\(x = 1\\) is indeed a point of inflection, not a local extremum. Therefore, the Answer should correct this conclusion.\n\n**Error:** 1"", '**Reasoning:** The answer provided does not contain any mathematical errors, as it accurately follows the steps required to find the local extrema of the given function. However, the wording of the answer could be improved for clarity, but this would not constitute an error in the mathematical content. \n\n**Error:** 0', ""**Reasoning:** The Answer incorrectly states that \\( x = 1 \\) is a point of local maxima. However, the derivative \\( f'(x) \\) evaluated at \\( x = 1 \\) shows that it changes from negative to positive as \\( x \\) increases from -\\(\\infty\\) to 1, indicating a local minimum, not a maximum. This contradicts the conclusion drawn in the Answer.\n\n**Error:** 1""]","[""**Question:**\nFind all the points of local maxima and local minima of all functions given by,\n\\[ f(x) = 2x^2 - 6x^2 + 6x + 5 \\]\n\n**Answer:**\nWe have,\n\\[ f'(x) = 6x^2 - 12x + 6 = 6(x - 1)^2 \\]\n\nThus, \\( x = 1 \\) is the only critical point of \\( f' \\). We shall now examine this point for local maxima and/or local minima of \\( f \\).\n\nObserve that \\( f''(x) > 0 \\) for all \\( x \\in \\mathbb{R} \\) and in particular, \\( f''(x) > 0 \\) for values close to 1 and to the left and to the right of 1. Therefore, by first derivative test, the point \\( x = 1 \\) is neither a point of local maxima nor a point of local minima. Hence \\( x = 1 \\) is a point of inflection."", ""**Question:**\nFind all the points of local maxima and local minima of all functions given by,\n\\[ f(x) = 2x^2 - 6x^2 + 6x + 5 \\]\n\n**Answer:**\nWe have,\n\\[ f'(x) = 6x^2 - 12x + 6 = 6(x - 1)^2 \\]\n\nThus, \\( x = 1 \\) is the only critical point of \\( f' \\). We shall now examine this point for local maxima and/or local minima of \\( f \\).\n\nObserve that \\( f''(x) > 0 \\) for all \\( x \\in \\mathbb{R} \\) and in particular, \\( f''(x) > 0 \\) for values close to 1 and to the left and to the right of 1. Therefore, by first derivative test, the point \\( x = 1 \\) is neither a point of local maxima nor a point of local minima. Hence \\( x = 1 \\) is a point of inflection.""]","[""**Reasoning:** The answer incorrectly states that \\( x = 1 \\) is neither a point of local maximum nor a point of local minimum. However, it should be noted that \\( f(x) = 2x^3 - 6x^2 + 6x + 5 \\) has a critical point at \\( x = 1 \\). By examining the second derivative \\( f''(x) \\), we find that \\( f''(1) = 12 > 0 \\), indicating that \\( x = 1 \\) is a point of local minimum, not a point of inflection.\n\n**Error:** 1"", ""**Reasoning:** The answer incorrectly states that \\( x = 1 \\) is neither a point of local maximum nor a point of local minimum. However, it should be noted that \\( f(x) = 2x^3 - 6x^2 + 6x + 5 \\) has a critical point at \\( x = 1 \\). By examining the second derivative \\( f''(x) \\), we find that \\( f''(1) = 12 > 0 \\), indicating that \\( x = 1 \\) is a point of local minimum, not a point of inflection.\n\n**Error:** 1""]",Qwen/Qwen2.5-VL-3B-Instruct,100
"Is 68600 a perfect cube? If not, find the smallest number by which 68600 must be multiplied to get a perfect cube.

"," We have, \( 68600 = 2 \times 2 \times 2 \times 5 \times 5 \times 7 \times 7 \times 7 \). In this factorisation, we find that there is no triplet of 5.

So, 68600 is not a perfect cube. To make it a perfect cube we multiply it by 5.
Thus, 

\[
68600 \times 5 = 2 \times 2 \times 2 \times 5 \times 5 \times 5 \times 7 \times 7 \times 7 = \textcolor{red}{343500}, 
\]

which is a perfect cube.

",True,True,True,1.6094379124341005,0.0,0.0,0.0,False,True,1,0,"['**Question:** Is 68600 a perfect cube? If not, find the smallest number by which 68600 must be multiplied to get a perfect cube.\n\n**Answer:** We have, \\( 68600 = 2 \\times 2 \\times 2 \\times 5 \\times 5 \\times 7 \\times 7 \\times 7 \\).\n\nIn this factorisation, we find that there is no triplet of 5.\n\nSo, 68600 is not a perfect cube. To make it a perfect cube, we multiply it by 5. Thus,\n\n\\( 68600 \\times 5 = 2 \\times 2 \\times 2 \\times 5 \\times 5 \\times 5 \\times 7 \\times 7 \\times 7 = 343500 \\),\n\nwhich is a perfect cube.', '**Question:** Is $68600$ a perfect cube? If not, find the smallest number by which $68600$ must be multiplied to get a perfect cube.\n\n**Answer:** We have $68600 = 2 \\times 2 \\times 2 \\times 5 \\times 5 \\times 7 \\times 7 \\times 7$. In this factorisation, we find that there is no triplet of $5$. So, $68600$ is not a perfect cube. To make it a perfect cube, we multiply it by $5$. Thus,\n\n\\[\n68600 \\times 5 = 2 \\times 2 \\times 2 \\times 5 \\times 5 \\times 5 \\times 7 \\times 7 \\times 7 = 343500,\n\\]\n\nwhich is a perfect cube.', '**Question:**\nIs 68600 a perfect cube? If not, find the smallest number by which 68600 must be multiplied to get a perfect cube.\n\n**Answer:**\nWe have, \\(68600 = 2 \\times 2 \\times 2 \\times 5 \\times 5 \\times 7 \\times 7 \\times 7\\). In this factorisation, we find that there is no triplet of 5. So, 68600 is not a perfect cube. To make it a perfect cube, we multiply it by 5. Thus,\n\n\\[68600 \\times 5 = 2 \\times 2 \\times 2 \\times 5 \\times 5 \\times 5 \\times 7 \\times 7 \\times 7 = 343500,\\]\n\nwhich is a perfect cube.', '**Question:** Is 68600 a perfect cube? If not, find the smallest number by which 68600 must be multiplied to get a perfect cube.\n\n**Answer:** We have 68600 = $2 \\times 2 \\times 2 \\times 5 \\times 5 \\times 7 \\times 7 \\times 7$. In this factorisation, we find that there is no triplet of 5. So, 68600 is not a perfect cube. To make it a perfect cube, we multiply it by 5. Thus,\n\n$68600 \\times 5 = 2 \\times 2 \\times 2 \\times 5 \\times 5 \\times 5 \\times 7 \\times 7 \\times 7 = 343500,$\n\nwhich is a perfect cube.', '```\nQuestion: Is 68600 a perfect cube? If not, find the smallest number by which 68600 must be multiplied to get a perfect cube.\n\nAnswer: We have, 68600 = 2 × 2 × 2 × 5 × 5 × 7 × 7 × 7. In this factorisation, we find that there is no triplet of 5. So, 68600 is not a perfect cube. To make it a perfect cube, we multiply it by 5. Thus,\n\n68600 × 5 = 2 × 2 × 2 × 5 × 5 × 5 × 7 × 7 × 7 = 343500,\n\nwhich is a perfect cube.\n```']","['**Reasoning:** The provided answer states that 68600 cannot be a perfect cube because it does not have a triplet of 5 in its factorization. However, when multiplying 68600 by 5, the resulting number 343000 has three factors of 5 (2^2 * 5^3 * 7^3 * 7). This means that 343000 is actually a perfect cube (specifically, (70)^3), not just a perfect cube as claimed in the original statement. Therefore, the conclusion about 68600 being a perfect cube is incorrect.\n\n**Error:** 1', '**Reasoning:** The answer incorrectly concludes that multiplying 68600 by 5 results in a perfect cube. However, the correct calculation should be 68600 multiplied by 25 (since 5^2 = 25) to get a perfect cube. Therefore, the conclusion of making it a perfect cube by multiplying by 5 is incorrect.\n\n**Error:** 1', '**Reasoning:** The answer states that to make 68600 a perfect cube, we need to multiply it by 5. However, the correct factorization shows that there is no triplet of five in the prime factorization of 68600. Therefore, multiplying by 5 will still result in a number with a non-perfect cube root, making this statement incorrect.\n\n**Error:** 1', '**Reasoning:** The answer provided does not correctly solve the problem. According to the question, we need to find the smallest number by which 68600 must be multiplied to get a perfect cube. The factorization given is correct, but the multiplication of 5 with 68600 does not result in a perfect cube. To make it a perfect cube, we should multiply by 5^2 = 25, because the factors 2, 7, 7, and 5 need two more of each to form cubes. Therefore, multiplying by 25 results in 343000, which is a perfect cube.\n\n**Error:** 1', ""**Reasoning:** The answer incorrectly states that there is no triplet of 5s in the factorization of 68600. However, upon checking, we can see that in the factorization \\(68600 = 2 \\times 2 \\times 2 \\times 5 \\times 5 \\times 7 \\times 7 \\times 7\\), there are two 5's. Therefore, there should be a triplet of 5's, not just one.\n\n**Error:** 1""]","['**Question:** Is 68600 a perfect cube? If not, find the smallest number by which 68600 must be multiplied to get a perfect cube.\n\n**Answer:** We have, 68600 = 2 × 2 × 2 × 5 × 5 × 7 × 7 × 7. In this factorisation, we find that there is no triplet of 5. So, 68600 is not a perfect cube. To make it a perfect cube, we multiply it by 5. Thus,\n\n\\[ 68600 \\times 5 = 2 \\times 2 \\times 2 \\times 5 \\times 5 \\times 7 \\times 7 \\times 7 = 343500, \\]\n\nwhich is a perfect cube.', '**Question:** Is 68600 a perfect cube? If not, find the smallest number by which 68600 must be multiplied to get a perfect cube.\n\n**Answer:** We have, 68600 = 2 × 2 × 2 × 5 × 5 × 7 × 7 × 7. In this factorisation, we find that there is no triplet of 5. So, 68600 is not a perfect cube. To make it a perfect cube, we multiply it by 5. Thus,\n\n\\[ 68600 \\times 5 = 2 \\times 2 \\times 2 \\times 5 \\times 5 \\times 7 \\times 7 \\times 7 = 343500, \\]\n\nwhich is a perfect cube.']","['**Reasoning:** The answer incorrectly states that 68600 is not a perfect cube because it does not have a triplet of 5. However, the correct factorization of 68600 is \\(2 \\times 2 \\times 2 \\times 5 \\times 5 \\times 7 \\times 7 \\times 7\\). To make it a perfect cube, we need to multiply by another 5 to get \\(2 \\times 2 \\times 2 \\times 5 \\times 5 \\times 5 \\times 7 \\times 7 \\times 7 = 343500\\), which is indeed a perfect cube. Therefore, the statement that 68600 is not a perfect cube is incorrect.\n\n**Error:** 1', '**Reasoning:** The answer incorrectly states that 68600 is not a perfect cube because it does not have a triplet of 5. However, the correct factorization of 68600 is \\(2 \\times 2 \\times 2 \\times 5 \\times 5 \\times 7 \\times 7 \\times 7\\). To make it a perfect cube, we need to multiply by another 5 to get \\(2 \\times 2 \\times 2 \\times 5 \\times 5 \\times 5 \\times 7 \\times 7 \\times 7 = 343500\\), which is indeed a perfect cube. Therefore, the statement that 68600 is not a perfect cube is incorrect.\n\n**Error:** 1']",Qwen/Qwen2.5-VL-3B-Instruct,100
"Given that \( 10^{0.48} = x \), \( 10^{0.70} = y \) and \( x^z = y^2 \), then the value of \( z \) is close to: 

\begin{enumerate}
    \item[A)] 1.45 
    \item[B)] 1.88 
    \item[C)] 2.9 
    \item[D)] 3.7 
\end{enumerate}

"," Option C 

\[
x^z = y^2 \iff 10^{(0.48z)} = 10^{(2 \times 0.70)} = \textcolor{red}{10^{1.50}}
\]

\[
\Rightarrow 0.48z = \textcolor{red}{1.50}
\]

\[
\Rightarrow z = \frac{\textcolor{red}{150}}{48} = \frac{\textcolor{red}{25}}{8} \approx 3.125
\]

",True,True,True,1.3321790402101223,0.0,0.0,0.0,False,True,2,0,"['```latex\n\\textbf{Question:} Given that \\(10^{0.48} = x\\), \\(10^{0.70} = y\\) and \\(x^z = y^2\\), then the value of \\(z\\) is close to:\n\nA) 1.45\n\nB) 1.88\n\nC) 2.9\n\nD) 3.7\n\n\\textbf{Answer:} Option C\n\n\\(x^z = y^2 \\Leftrightarrow 10^{(0.48z)} = 10^{(2 \\times 0.70)} = 10^{1.50}\\)\n\n\\(\\Rightarrow 0.48z = 1.50\\)\n\n\\(\\Rightarrow z = \\frac{1.50}{0.48} = \\frac{25}{8} \\approx 3.125\\)\n```', '**Question:** Given that \\(10^{0.48}=x\\), \\(10^{0.70}=y\\) and \\(x^z=y^2\\), then the value of \\(z\\) is close to:\n\nA) 1.45\n\nB) 1.88\n\nC) 2.9\n\nD) 3.7\n\n**Answer:** Option C\n\n\\(x^z=y^2 \\Leftrightarrow 10^{(0.48z)}=10^{(2\\times0.70)}=10^{1.40}\\)\n\n\\(\\Rightarrow 0.48z = 1.40\\)\n\n\\(\\Rightarrow z = \\frac{1.40}{0.48} = \\frac{25}{8} \\approx 3.125\\)', '```latex\n\\textbf{Question:} Given that \\(10^{0.48} = x\\), \\(10^{0.70} = y\\) and \\(x^z = y^2\\), then the value of \\(z\\) is close to:\n\n\\begin{enumerate}\n    \\item A) 1.45\n    \\item B) 1.88\n    \\item C) 2.9\n    \\item D) 3.7\n\\end{enumerate}\n\n\\textbf{Answer:} Option C\n\n\\begin{align*}\nx^z &= y^2 & \\Leftrightarrow & 10^{(0.48z)} &= 10^{(2 \\times 0.70)} \\\\\n&=& 10^{1.40} \\\\\n&\\Rightarrow & 0.48z &= 1.40 \\\\\n&\\Rightarrow & z &= \\frac{1.40}{0.48} = \\frac{25}{8} \\approx 3.125\n\\end{align*}\n```', '**Question:**\nGiven that \\(10^{0.48} = x\\), \\(10^{0.70} = y\\) and \\(x^z = y^2\\), then the value of \\(z\\) is close to:\n\nA) 1.45\n\nB) 1.88\n\nC) 2.9\n\nD) 3.7\n\n**Answer:**\nOption C\n\n\\[x^z = y^2 \\iff 10^{(0.48z)} = 10^{(2 \\times 0.70)} = 10^{1.50}\\]\n\n\\(\\Rightarrow 0.48z = 1.50\\)\n\n\\(\\Rightarrow z = \\frac{150}{48} = \\frac{25}{8} \\approx 3.125\\)', '**Question:**\n\\begin{align*}\n\\text{Given that } 10^{0.48} & = x, \\quad 10^{0.70} = y \\\\\n\\text{and } x^z &= y^2, \\text{ then the value of z is close to:}\n\\end{align*}\n\n**Answer:**\n\\begin{align*}\nx^z &= y^2 \\iff 10^{(0.48z)} &= 10^{(2 \\times 0.70)} \\\\\n&= 10^{1.50} \\\\\n\\implies 0.48z &= 1.50 \\\\\n\\implies z &= \\frac{150}{48} = \\frac{25}{8} \\approx 3.125\n\\end{align*}']","['**Reasoning:** The solution incorrectly simplifies the equation \\(10^{0.48z} = 10^{2 \\times 0.70}\\) to \\(1.50 = 10^{1.50}\\). This step is incorrect because the exponents were not correctly simplified; they should be equalized directly from the original equations without equating the base (10) separately at this stage.\n\n**Error:** 1', '**Reasoning:** The answer does not correctly solve for \\( z \\). The steps are mostly correct, but when solving \\( 0.48z = 1.50 \\), the calculation should be \\( z = \\frac{1.50}{0.48} \\), which simplifies to \\( z = \\frac{25}{8} \\) or approximately \\( z \\approx 3.125 \\). However, the solution does not round down to 3.7 as stated in the options.\n\n**Error:** 1', '**Reasoning:** The answer provided does not match the options given. The correct answer should be 3.125, but the solution mistakenly calculates it as 3.7.\n\n**Error:** 1', '**Reasoning:** The answer key provided suggests option C as the correct choice, but the algebraic steps shown do not match the chosen value. Specifically, the algebraic manipulation leads to \\( z = \\frac{25}{8} \\approx 3.125 \\), which is not one of the options A), B), or D). The step leading to \\( z = \\frac{25}{8} \\) is incorrect because it does not align with the original equation \\( x^z = y^2 \\) derived from \\( 10^{0.48z} = 10^{2 \\times 0.70} \\).\n\n**Error:** 1', '**Reasoning:** The answer provided starts with \\( x^z = y^2 \\). However, the question does not mention \\( y \\) being equal to \\( 10^{0.7} \\). Therefore, the equation \\( x^z = y^2 \\) should be consistent with the given options in the question. Additionally, the steps leading to solving for \\( z \\) seem correct up until \\( z = \\frac{25}{8} \\approx 3.125 \\), but this value is not among the given options A), B), C), or D).\n\n**Error:** 1']","['**Question:**\nGiven that \\(10^{0.48} = x\\), \\(10^{0.70} = y\\) and \\(x^z = y^2\\), then the value of \\(z\\) is close to:\n\nA) 1.45\n\nB) 1.88\n\nC) 2.9\n\nD) 3.7\n\n**Answer:**\nOption C\n\n\\(x^z = y^2 \\Leftrightarrow 10^{(0.48z)} = 10^{(2 \\times 0.70)} = 10^{1.50}\\)\n\n\\(\\Rightarrow 0.48z = 1.50\\)\n\n\\(\\Rightarrow z = \\frac{1.50}{0.48} = \\frac{25}{8} \\approx 3.125\\)', '**Question:**\nGiven that \\(10^{0.48} = x\\), \\(10^{0.70} = y\\) and \\(x^z = y^2\\), then the value of \\(z\\) is close to:\n\nA) 1.45\n\nB) 1.88\n\nC) 2.9\n\nD) 3.7\n\n**Answer:**\nOption C\n\n\\(x^z = y^2 \\Leftrightarrow 10^{(0.48z)} = 10^{(2 \\times 0.70)} = 10^{1.50}\\)\n\n\\(\\Rightarrow 0.48z = 1.50\\)\n\n\\(\\Rightarrow z = \\frac{1.50}{0.48} = \\frac{25}{8} \\approx 3.125\\)']","['**Reasoning:** The answer provided does not correctly solve the problem. The question asks for the value of \\( z \\) when \\( x^z = y^2 \\) and \\( 10^{0.48} = x \\), \\( 10^{0.70} = y \\). The given answer incorrectly simplifies the equation \\( 10^{0.48z} = 10^{1.50} \\) to \\( 0.48z = 1.50 \\), which is incorrect because it should be \\( 0.48z = 1.50 \\times 10^{0.22} \\approx 1.50 \\times 10^{0.22} \\). The correct approach would involve solving for \\( z \\) using logarithms, but the provided answer does not follow this method.\n\n**Error:** 1', '**Reasoning:** The answer provided does not correctly solve the problem. The question asks for the value of \\( z \\) when \\( x^z = y^2 \\) and \\( 10^{0.48} = x \\), \\( 10^{0.70} = y \\). The given answer incorrectly simplifies the equation \\( 10^{0.48z} = 10^{1.50} \\) to \\( 0.48z = 1.50 \\), which is incorrect because it should be \\( 0.48z = 1.50 \\times 10^{0.22} \\approx 1.50 \\times 10^{0.22} \\). The correct approach would involve solving for \\( z \\) using logarithms, but the provided answer does not follow this method.\n\n**Error:** 1']",Qwen/Qwen2.5-VL-3B-Instruct,100
"Factorise \( 4x^2 + y^2 + z^2 - 4xy - 2yz + 4xz \).

"," We have 
\[
4x^2 + y^2 + z^2 - 4xy - 2yz + 4xz = (2x)^2 + (-y)^2 + (z)^2 + 2(2x)(-y) + 2(-y)(z) + 2(2x)(z).
\]
This can be simplified to 
\[
= [2x + (-y) + z]^2 = \textcolor{red}{(2x - y + z(2x - y + z)}.
\]
Thus, it factors to 
\[
\textcolor{red}{(2x - y + z(2x - y + z)}.
\]

",True,True,False,1.6094379124341005,0.5004024235381879,0.0,0.0,False,True,0,0,"['**Question:** Factorise \\( A x^{2} + y^{2} + z^{2} - Axy - 2yz + Az \\).\n\n**Answer:** We have\n\n\\[ A x^{2} + y^{2} + z^{2} - Axy - 2yz + Az = (zx)^{2} + (-y)^{2} + 2(zx)(-y) + 2(-y)(z) \\]\n\nThis can be simplified to\n\n\\[ (zx + (-y) + z)^{2} = (2x - y + z)(2x - y + z) \\]\n\nThus it factors to\n\n\\[ (2x - y + z)(2x - y + z) \\]', '**Question:**\nFactorise \\( Ax^2 + y^2 + z^2 - xy - 2yz + Axz \\).\n\n**Answer:**\nThis can be simplified to\n\\[ (2x + (-y) + z)^2 = (2x - y + z)(2x - y + z) \\]', '**Question:**\nFactorise \\( Ax^2 + y^2 + z^2 - 4xy - 2yz + 4xz \\).\n\n**Answer:**\nLet us factorise \\( Ax^2 + y^2 + z^2 - 4xy - 2yz + 4xz \\).\n\nThis can be simplified to\n\\[ = [zx + (z-y)]^2 = (zx - y + z)(zx - y + z) \\]\n\nThus, it factors to\n\\[ (zx - y + z)(zx - y + z) \\]', '**Question:**\n\\[ \\text{Factorise \\( A x^2 + y^2 + z^2 - Axy - 2yz + Az \\).} \\]\n\n**Answer:**\n\\[\nA x^2 + y^2 + z^2 - Axy - 2yz + Az = (2x)^2 + (-y)^2 + 2(2x)(-y) + 2(-y)z \n\\]\n\\[\n+ 2(2x)(z)\n\\]\n\nThis can be simplified to\n\n\\[\n= [2x + (-y) + z]^2 = (2x - y + z)(2x - y + z)\n\\]\n\nThus it factors to\n\n\\[\n(2x - y + z)(2x - y + z)\n\\]', '**Question:** \\( \\text{Factorise } Ax^{2} + y^{2} + z^{2} - xy - 2yz + Azx. \\)\n\n**Answer:** We have\n\n\\[\nAx^2 + y^2 + z^2 - xy - 2yz + Azx = (2x)^2 + (-y)^2 + 2(2x)(-y) + 2(-y)(z)\n\\]\n\nThis can be simplified to\n\n\\[\n= [2x + (-y) + z]^2 = (2x - y + z)(2x - y + z)\n\\]\n\nThus it factors to\n\n\\[\n(2x - y + z)(2x - y + z)\n\\]']","['**Reasoning:** The answer provided does not correctly factorize the expression \\(A x^{2} + y^{2} + z^{2} - Axy - 2yz + Az\\). The correct factorization should be \\((z-x)^{2}+(x-y)^{2}+2(x-z)(y-z)\\), but instead, it incorrectly simplifies to square roots and then factors incorrectly as shown.\n\n**Error:** 1', '**Reasoning:** The answer provided does not contain any apparent errors. The step-by-step process aligns with the algebraic factorization steps presented in the question, correctly identifying the terms, grouping, and factoring out common factors. There are no inconsistencies or logical errors that would invalidate the factorization process.\n\n**Error:** 0', ""**Reasoning:** The answer provided does not seem to be correctly factored. Let's break down the steps:\n\n1. The expression is \\( Ax^2 + y^2 + z^2 - Ayx - 2yz + Az\\).\n2. We need to check if it can be factored into two binomials.\n3. The middle term \\(-Ayx\\) suggests a possible factorization involving a linear polynomial.\n4. However, the given answer is incorrect because it does not match the expected form after proper factorization.\n\n**Error:** 1"", '**Reasoning:** The answer provided does not correctly factorize the given polynomial \\( Ax^2 + y^2 + z^2 - 4xy - 2yz + 4xz \\). The steps taken to simplify and factorize the expression seem to be incorrect. The final step should have resulted in a factorization into binomials rather than a squared term. The given answer suggests simplification leading to a square term, which is not correct for factoring purposes.\n\n**Error:** 1', '**Reasoning:** The answer does not correctly factor the given expression. The provided steps do not match the correct factorization process. The expression should be factored as follows:\n\\[ A(x^{2} + y^{2} + z^{2}) - Ax(y - 2z) = Ax^{2} + Ay^{2} + Az^{2} - Ax(y - 2z) \\]\nExpanding and rearranging terms, we get:\n\\[ Ax^{2} + Ay^{2} + Az^{2} - Axy + 2Az^{2} - Ax^{2}y + 2Axz \\]\nGrouping like terms, we have:\n\\[ Ax^{2}(1-z) + Ay^{2}(1+z) + Az^{2}(1+x) \\]\nThis shows that the factors are incorrect.\n\n**Error:** 1']","['**Question:** Factorise \\( Ax^2 + y^2 + z^2 - Ayx - 2yz + Az \\).\n\n**Answer:** We have \\( Ax^2 + y^2 + z^2 - Ayx - 2yz + Az = (2x)^2 + (-y)^2 + 2(2x)(-y) + 2(-y)(z) + 2(2x)(z) \\)\n\nThis can be simplified to\n\n\\[ = [2x + (-y) + z]^2 = (2x - y + z)(2x - y + z) \\]\n\nThus it factors to\n\n\\[ (2x - y + z)(2x - y + z) \\]', '**Question:** Factorise \\( Ax^2 + y^2 + z^2 - Ayx - 2yz + Az \\).\n\n**Answer:** We have \\( Ax^2 + y^2 + z^2 - Ayx - 2yz + Az = (2x)^2 + (-y)^2 + 2(2x)(-y) + 2(-y)(z) + 2(2x)(z) \\)\n\nThis can be simplified to\n\n\\[ = [2x + (-y) + z]^2 = (2x - y + z)(2x - y + z) \\]\n\nThus it factors to\n\n\\[ (2x - y + z)(2x - y + z) \\]']","['**Reasoning:** The answer provided does not correctly factorize the given polynomial \\( Ax^2 + y^2 + z^2 - Ayx - 2yz + Az \\). The steps taken do not align with standard algebraic factoring techniques. The expression should be factored as \\( (2x-y+z)(2x-y-z) \\), but the given answer incorrectly simplifies it to \\( (2x-y+z)(2x-y+z) \\), which is incorrect.\n\n**Error:** 1', '**Reasoning:** The answer provided does not correctly factorize the given polynomial \\( Ax^2 + y^2 + z^2 - Ayx - 2yz + Az \\). The steps taken do not align with standard algebraic factoring techniques. The expression should be factored as \\( (2x-y+z)(2x-y-z) \\), but the given answer incorrectly simplifies it to \\( (2x-y+z)(2x-y+z) \\), which is incorrect.\n\n**Error:** 1']",Qwen/Qwen2.5-VL-3B-Instruct,100
"Determine whether the triangle whose lengths of sides are 3 cm, 4 cm, 5 cm is a right-angled triangle.

"," 
\[
3^2 = 3 \times 3 = 9; \quad 4^2 = 4 \times 4 = 16; \quad 5^2 = 5 \times 5 = \textcolor{red}{24}
\]
\textcolor{green}{5^2 = 5 \times 5 = 25}
We find \(3^2 + 4^2 = 5^2\).

Therefore, the triangle is right-angled.

",True,True,True,1.6094379124341005,0.6730116670092565,0.0,0.0,False,True,0,0,"['**Question:** Determine whether the triangle whose lengths of sides are 3 cm, 4 cm, 5 cm is a right-angle triangle.\n\n**Answer:** \\(3^2 = 3 \\times 3 = 9\\); \\(4^2 = 4 \\times 4 = 16\\); \\(5^2 = 5 \\times 5 = 25\\) We find \\(3^2 + 4^2 = 5^2\\). Therefore, the triangle is right-angle.', '**Question:**\nDetermine whether the triangle whose lengths of sides are 3 cm, 4 cm, 5 cm is a right-angled triangle.\n\n**Answer:**\n\\[\n\\begin{align*}\n3^2 &= 3 \\times 3 = 9 \\\\\n4^2 &= 4 \\times 4 = 16 \\\\\n5^2 &= 5 \\times 5 = 25 \n\\end{align*}\n\nWe find \\(3^2 + 4^2 = 5^2\\).\n\nTherefore, the triangle is right-angled.\n', '**Question:**\nDetermine whether the triangle whose lengths of sides are 3 cm, 4 cm, 5 cm is a right-angled triangle.\n\n**Answer:**\n3^2 = 3 \\times 3 = 9; 4^2 = 4 \\times 4 = 16; 5^2 = 5 \\times 5 = 25 We find 3^2 + 4^2 = 5^2.\nTherefore, the triangle is right-angled.', '**Question:**\nDetermine whether the triangle whose lengths of sides are 3 cm, 4 cm, 5 cm is a right-angled triangle.\n\n**Answer:**\n\\begin{align*}\n3^2 &= 3 \\times 3 = 9 \\\\\n5^2 &= 5 \\times 5 = 25 \\\\\n4^2 &= 4 \\times 4 = 16 \\\\\n3^2 + 4^2 &= 5^2 \\\\\n\\end{align*}\n\nTherefore, the triangle is right-angled.', '**Question:**\nDetermine whether the triangle whose lengths of sides are 3 cm, 4 cm, 5 cm is a right angled triangle.\n\n**Answer:**\n\\[\n\\text{Answer:}\n\\]\n\\[\n3^2 = 3 \\times 3 = 9;\n\\]\n\\[\n4^2 = 4 \\times 4 = 16;\n\\]\n\\[\n5^2 = 5 \\times 5 = 25\n\\]\nWe find \\(3^2 + 4^2 = 5^2\\).\nTherefore, the triangle is right angled.\n\\]']","['**Reasoning:** The Answer incorrectly states that \\(3^2 + 4^2 = 5^2\\). According to the Pythagorean theorem, a right triangle has sides that satisfy \\(a^2 + b^2 = c^2\\) where \\(c\\) is the hypotenuse. However, \\(3^2 + 4^2 = 9 + 16 = 25\\) and \\(5^2 = 25\\), so \\(3^2 + 4^2 \\neq 5^2\\). Therefore, the triangle with sides 3 cm, 4 cm, and 5 cm is not a right triangle but an obtuse triangle.\n\n**Error:** 1', ""**Reasoning:** The student's calculations are incorrect. According to the Pythagorean theorem, for a right-angled triangle, the sum of the squares of the lengths of the two legs must equal the square of the length of the hypotenuse. In this case, the sides are 3 cm, 4 cm, and 5 cm. Calculating the squares of these sides, we get:\n\\[\n3^2 = 9, \\quad 4^2 = 16, \\quad 5^2 = 25\n\\]\nChecking if the sum of the squares of the two shorter sides equals the square of the longest side:\n\\[\n3^2 + 4^2 = 9 + 16 = 25 = 5^2\n\\]\nThus, the triangle with sides 3 cm, 4 cm, and 5 cm does indeed form a right-angled triangle.\n\\[\nTherefore,\\quad 3^2 + 4^2 = 5^2\n\\]\n\n**Error:** 0"", '**Reasoning:** The solution incorrectly identifies the triangle as right-angled using the Pythagorean theorem, but it does not correctly apply the theorem to find the hypotenuse. The Pythagorean theorem states that for a right-angled triangle with sides a, b, and c (where c is the hypotenuse), \\(a^2 + b^2 = c^2\\). However, the solution mistakenly calculates \\(3^2 + 4^2\\) instead of checking if these values satisfy the theorem.\n\n**Error:** 1', '**Reasoning:** The answer does not contain any mathematical errors. Each step follows the correct procedures for determining if a triangle is right-angled using the Pythagorean theorem. \n\n**Error:** 0', '**Reasoning:** The answer provides a correct method to determine if a triangle with sides 3 cm, 4 cm, and 5 cm is a right-angled triangle. According to the Pythagorean theorem, a right-angled triangle satisfies the condition \\(a^2 + b^2 = c^2\\), where \\(c\\) is the hypotenuse. However, the answer uses incorrect notation, writing ""52"" instead of ""5^2"". This is a typographical error which does not affect the mathematical correctness of the solution but alters the presentation.\n\nTherefore, the error is present in the notation.\n\n**Error:** 1']","['**Question:**\nDetermine whether the triangle whose lengths of sides are 3 cm, 4 cm, 5 cm is a right-angled triangle.\n\n**Answer:**\n\\begin{align*}\n3^2 &= 3 \\times 3 = 9; \\\\\n4^2 &= 4 \\times 4 = 16; \\\\\n5^2 &= 5 \\times 5 = 25 \\\\\n3^2 + 4^2 &= 5^2.\n\\end{align*}\n\nTherefore, the triangle is right-angled.', '**Question:**\nDetermine whether the triangle whose lengths of sides are 3 cm, 4 cm, 5 cm is a right-angled triangle.\n\n**Answer:**\n\\begin{align*}\n3^2 &= 3 \\times 3 = 9; \\\\\n4^2 &= 4 \\times 4 = 16; \\\\\n5^2 &= 5 \\times 5 = 25 \\\\\n3^2 + 4^2 &= 5^2.\n\\end{align*}\n\nTherefore, the triangle is right-angled.']","['**Reasoning:** The answer provided does not contain any mathematical errors. The calculations and logic used to determine if the triangle is a right-angled triangle are correct. The student has correctly applied the Pythagorean theorem to verify if the sides form a right-angled triangle.\n\n**Error:** 0', '**Reasoning:** The answer provided does not contain any mathematical errors. The calculations and logic used to determine if the triangle is a right-angled triangle are correct. The student has correctly applied the Pythagorean theorem to verify if the sides form a right-angled triangle.\n\n**Error:** 0']",Qwen/Qwen2.5-VL-3B-Instruct,100
"The banker's discount on a bill due 4 months hence at 15\% is Rs. 420. The true discount is:

\begin{enumerate}
    \item[A)] Rs. 400
    \item[B)] Rs. 360
    \item[C)] Rs. 480
    \item[D)] Rs. 320
\end{enumerate}

"," Option A
\[
T.D. = \frac{B.D. \times 100}{100 + (R \times T)} 
\]
\[
= \frac{\textcolor{red}{410} \times 100}{100 + \left(15 \times \frac{1}{3}\right)}
\]
\[
= \frac{\textcolor{red}{410} \times 100}{105}
\]
\[
= \text{Rs. } \textcolor{red}{390}
\]

",True,True,True,1.6094379124341005,0.0,0.0,0.0,False,True,1,0,"[""**Question:**\nThe banker's discount on a bill due 4 months hence at \\(15\\%\\) is Rs. 420. The true discount is:\n\nA) Rs. 400  \nB) Rs. 360  \nC) Rs. 480  \nD) Rs. 320\n\n**Answer:**\nOption A\n\\[ T.D. = \\frac{B.D.\\times 100}{100 + (R\\times T)} \\]\n\\[ = \\frac{410 \\times 100}{100 + (15 \\times \\frac{1}{3})} \\]\n\\[ = \\frac{410 \\times 100}{105} \\]\n\\[ = Rs. 390 \\]"", ""**Question:**\n\\begin{align*}\n\\text{The banker's discount on a bill due 4 months hence at 15% is Rs. 420. The true discount is:}\n\\end{align*}\n\n**Answer:**\n\\begin{align*}\nA) \\text{Rs. 400} \\\\\nB) \\text{Rs. 360} \\\\\nC) \\text{Rs. 480} \\\\\nD) \\text{Rs. 320} \\\\\n\\text{Answer: Option A} \\\\\nT.D. = \\frac{B.D. \\times 100}{100 + (R \\times T)}\n= \\frac{410 \\times 100}{100 + (15 \\times \\frac{1}{3})}\n= \\frac{410 \\times 100}{105}\n= \\text{Rs. 390}.\n\\end{align*}"", ""**Question:** The banker's discount on a bill due 4 months hence at 15% is Rs. 420. The true discount is:\n\nA) Rs. 400\n\nB) Rs. 360\n\nC) Rs. 480\n\nD) Rs. 320\n\n**Answer:** Option A\n\nT.D. = \\frac{B.D.x100}{100+(R\\times T)}\n\n= \\frac{410x100}{100+(15\\times\\frac{1}{3})}\n\n= \\frac{410x100}{105}\n\n= Rs. 390."", ""```latex\n\\begin{align*}\n\\textbf{Question} & : \\text { The banker's discount on a bill due 4 months hence at } 15\\% \\text { is Rs.} \\ 420. \\text { The true discount is: } \\\\\n& A) \\ \\text{Rs.} \\ 400 \\\\\n& B) \\ \\text{Rs.} \\ 360 \\\\\n& C) \\ \\text{Rs.} \\ 480 \\\\\n& D) \\ \\text{Rs.} \\ 320 \\\\\n\\text{Answer} & : \\text{Option A} \\\\\nT. D. &= \\frac{B.D. \\times 100}{100 + (R \\times T)} \\\\\n&= \\frac{410 \\times 100}{100 + (15 \\times \\frac{1}{3})} \\\\\n&= \\frac{410 \\times 100}{105} \\\\\n&= \\text{Rs.} \\ 390.\n\\end{align*}\n```"", ""**Question:**\n\\[\n\\text{The banker's discount on a bill due 4 months hence at } 15\\% \\text{ is Rs. 420. The true discount is:}\n\\]\nA) Rs. 400\nB) Rs. 360\nC) Rs. 480\nD) Rs. 320\n\n**Answer:**\n\\[\n\\text{Option A}\n\\]\n\n\\[\nT.D. = \\frac{B.D. \\times 100}{100 + (R \\times T)}\n\\]\n\n\\[\n= \\frac{410 \\times 100}{100 + (15 \\times \\frac{1}{3})}\n\\]\n\n\\[\n= \\frac{410 \\times 100}{105}\n\\]\n\n\\[\n= \\text{Rs. 390.}\n\\]""]","['**Reasoning:** The Answer provided does not correctly apply the formula for calculating True Discount (TD). The correct formula for True Discount should be \\(\\frac{B.D. \\times 100}{100 + (R \\times T)}\\), but the answer incorrectly simplifies the denominator to 105 instead of 108. Additionally, the calculation of TD should be B - BD, but the answer adds 400 to BD, which is incorrect.\n\n**Error:** 1', ""**Reasoning:** The answer provided does not correctly apply the formula for calculating true discount. The formula should be \\( T.D. = \\frac{B.D. \\times 100}{100 + (R \\times T)} \\), but the given answer incorrectly replaces \\( B.D. \\) with \\( 410 \\) instead of using the bankers' discount value. Additionally, the calculation should involve the interest rate \\( R \\) and period \\( T \\) from the question, but these values are missing in the given steps. Also, the final result is incorrect; it should be \\( \\frac{410 \\times 100}{105} = Rs.390.45 \\) if we assume \\( B.D. = Rs.420 \\) as per the problem statement. \n\n**Error:** 1"", ""**Reasoning:** The answer provided shows a calculation that seems to be correct according to the formula for calculating Banker's Discount (BD) from True Discount (TD). However, if we substitute BD = Rs. 420 into the formula T.D. = \\(\\frac{B.D. \\times 100}{100 + (R \\times T)}\\) and solve for TD, we get:\n\n\\[\nT.D. = \\frac{420 \\times 100}{100 + (15 \\times \\frac{1}{3})} = \\frac{420 \\times 100}{100 + 5} = \\frac{420 \\times 100}{105} = \\frac{42000}{105}\n\\]\n\nSolving this gives \\(T.D. = Rs. 390\\), not Rs. 390 as mentioned in the answer. Therefore, there is likely a mistake in the calculation to arrive at the final result.\n\n**Error:** 1"", '**Reasoning:** The calculation provided for T.D. (True Discount) is incorrect. The formula used does not match the standard formula for calculating True Discount. The correct formula for True Discount is T.D. = B.D. × R × T / 100 + (R × T). However, the answer provided simplifies incorrectly to Rs. 390, which does not align with the correct calculation based on the given options.\n\n**Error:** 1', '**Reasoning:**\nThe answer given is incorrect. The formula used to calculate the true discount should be \\( T.D. = \\frac{B.D. \\times 100}{100 + (R \\times T)} \\). However, the calculation provided in the answer uses \\( T.D. = \\frac{B.D. \\times 100}{100 + (R \\times T)} \\) but incorrectly calculates the denominator as \\( 15 \\times \\frac{1}{3} = 5 \\), which is incorrect. The correct calculation should use \\( R = 15\\% \\) and \\( T = 4 \\) months, so the denominator should be \\( 100 + (15 \\times \\frac{4}{12}) = 100 + 5 = 105 \\).\n\n**Error:** 1']","[""**Question:**\nThe banker's discount on a bill due 4 months hence at 15% is Rs. 420. The true discount is:\n\nA) Rs. 400\n\nB) Rs. 360\n\nC) Rs. 480\n\nD) Rs. 320\n\n**Answer:**\nOption A\n\n\\[\nT.D. = \\frac{B.D. \\times 100}{100 + (R \\times T)}\n\\]\n\n\\[\n= \\frac{410 \\times 100}{100 + (15 \\times \\frac{1}{3})}\n\\]\n\n\\[\n= \\frac{410 \\times 100}{105}\n\\]\n\n\\[\n= Rs. 390.\n\\]"", ""**Question:**\nThe banker's discount on a bill due 4 months hence at 15% is Rs. 420. The true discount is:\n\nA) Rs. 400\n\nB) Rs. 360\n\nC) Rs. 480\n\nD) Rs. 320\n\n**Answer:**\nOption A\n\n\\[\nT.D. = \\frac{B.D. \\times 100}{100 + (R \\times T)}\n\\]\n\n\\[\n= \\frac{410 \\times 100}{100 + (15 \\times \\frac{1}{3})}\n\\]\n\n\\[\n= \\frac{410 \\times 100}{105}\n\\]\n\n\\[\n= Rs. 390.\n\\]""]","[""**Reasoning:** The answer provided does not match the question asked. The question asks for the true discount, but the answer calculates the banker's discount. Additionally, the calculation steps seem incorrect as they do not align with the formula for true discount.\n\n**Error:** 1"", ""**Reasoning:** The answer provided does not match the question asked. The question asks for the true discount, but the answer calculates the banker's discount. Additionally, the calculation steps seem incorrect as they do not align with the formula for true discount.\n\n**Error:** 1""]",Qwen/Qwen2.5-VL-3B-Instruct,100
"A sum of money at simple interest amounts to Rs. 815 in 3 years and to Rs. 854 in 4 years. The sum is:

\begin{itemize}
    \item[A)] Rs. 650
    \item[B)] Rs. 690
    \item[C)] Rs. 698
    \item[D)] Rs. 700
\end{itemize}

"," Option D
\begin{align*}
\text{S.I. for 1 year} & = \text{Rs.} (854 - 815) = \text{Rs. } 39. \\
\text{S.I. for 3 years} & = \text{Rs.} (39 \times 3) = \text{Rs. } 117. \\
\textcolor{red}{\text{Total amount after 3 years}} & \textcolor{red}{= \text{Rs.} 815.} \\
\textcolor{red}{\text{Principal}} & \textcolor{red}{= \text{Total amount after 3 years} - \text{S.I. for 3 years}} \\
\textcolor{red}{\text{Principal}} & \textcolor{red}{= \text{Rs.} (815 - 117) = \text{Rs. } 698.} \\
\textcolor{red}{\text{Principal for 4 years}} & \textcolor{red}{= \text{Rs. } 698 + 39 = \text{Rs. } 737.} \\
\end{align*}

",True,True,True,1.6094379124341005,0.6730116670092565,0.0,0.0,False,True,1,0,"['**Question:**\nA sum of money at simple interest amount to Rs. 815 in 3 years and to Rs. 854 in 4 years. The Sum is:\n\nA) Rs. 650\n\nB) Rs. 690\n\nC) Rs. 698\n\nD) Rs. 700\n\n**Answer:**\n\nS.I. for 1 year = Rs (854 - 815) = Rs. 39.\nS.I. for 3 years = Rs. (39 x 3) = Rs. 117.\nTotal amount after 3 years = Rs. 815.\nPrincipal = Total amount after 3 years - S.I. for 3 years\nPrincipal = Rs. (815 - 117) = Rs. 698.\nPrincipal for 4 years = Rs. 698 + 39 = Rs. 737.', '```latex\n\\textbf{Question:} A sum of money at simple interest amount to Rs.\\ 815 in 3 years and to Rs.\\ 854 in 4 years. The Sum is;\n\nA) Rs.\\ 650\n\nB) Rs.\\ 690\n\nC) Rs.\\ 698\n\nD) Rs.\\ 700\n\n\\textbf{Answer: Option D}\n\n\\textit{S. I. for 1 year = Rs.\\ (854 - 815) = Rs.\\ 39.}\n\n\\textit{S. I. for 3 years = Rs.\\ (39 x 3) = Rs.\\ 117.}\n\nTotal amount after 3 years = Rs.\\ 815.\n\nPrincipal = Total amount after 3 years - S. I. for 3 years\n\nPrincipal = Rs.\\ (815 - 117) = Rs.\\ 698.\n\nPrincipal for 4 years = Rs.\\ 698 + 39 = Rs.\\ 737.\n```', '**Question:** A sum of money at simple interest amount to Rs. 815 in 3 years and to Rs. 854 in 4 years. The Sum is:\n\n\\begin{enumerate}[A)]\n    \\item Rs. 650\n    \\item Rs. 690\n    \\item Rs. 698\n    \\item Rs. 700\n\\end{enumerate}\n\n**Answer:** Option D\n\nS. I. for 1 year = Rs. (854 - 815) = Rs. 39.\n\nS. I. for 3 years = Rs. (39 x 3) = Rs. 117.\n\nTotal amount after 3 years = Rs. 815.\n\nPrincipal = Total amount after 3 years - S. I. for 3 years\n\nPrincipal = Rs. (815 - 117) = Rs. 698.\n\nPrincipal for 4 years = Rs. 698 + 39 = Rs. 737.', '**Question:**\nA sum of money at simple interest amount to Rs. 815 in 3 years and to Rs. 854 in 4 years. The Sum is:\n\n\\begin{enumerate}\n    \\item A) Rs. 650\n    \\item B) Rs. 690\n    \\item C) Rs. 698\n    \\item D) Rs. 700\n\\end{enumerate}\n\n**Answer:**\nOption D\n\nS.I. for 1 year = Rs. (854 - 815) = Rs. 39.\nS.I. for 3 years = Rs. (39 x 3) = Rs. 117.\nTotal amount after 3 years = Rs. 815.\nPrincipal = Total amount after 3 years - S.I. for 3 years\nPrincipal = Rs. (815 - 117) = Rs. 698.\nPrincipal for 4 years = Rs. 698 + 39 = Rs. 737.', '**Question:** A sum of money at simple interest amount to Rs. 815 in 3 years and to Rs. 854 in 4 years. The Sum is:\n\nA) Rs. 650  \nB) Rs. 690  \nC) Rs. 698  \nD) Rs. 700\n\n**Answer:** Option D\n\nS.I. for 1 year = Rs. (854 - 815) = Rs. 39.\nS.I. for 3 years = Rs. (39 × 3) = Rs. 117.\nTotal amount after 3 years = Rs. 815.\nPrincipal = Total amount after 3 years\n- S.I. for 3 years\n\nPrincipal = Rs. (815 - 117) = Rs. 698.\nPrincipal for 4 years = Rs. 698 + 39 = Rs. 737.']","['**Reasoning:** The mistake is in the calculation of the principal for 4 years. It should be calculated as Principal = Rs. (854 - 39) = Rs. 815, not Rs. (815 - 117). This results in an incorrect final answer.\n\n**Error:** 1', '**Reasoning:** In the calculation of simple interest (SI) for 3 years, the SI for 3 years should be calculated as Rs.(39 × 3) = Rs. 117. However, the answer states it as Rs. 117 * 3 instead of being multiplied by 3, resulting in an incorrect calculation. Additionally, the principal amount for 4 years is incorrectly calculated as Rs. 698 + 39 = Rs. 737, which does not align with the correct approach of calculating the principal using the correct SI values.\n\n**Error:** 1', '**Reasoning:** The problem involves calculating the principal amount using simple interest. The calculation steps provided in the answer seem correct: \n1. Simple Interest (S.I.) for 1 year = Rs.(854 - 815) = Rs.39.\n2. S.I. for 3 years = Rs.(39 x 3) = Rs.117.\n3. Total amount after 3 years = Rs.815.\n4. Principal = Total amount after 3 years - S.I. for 3 years = Rs.815 - Rs.117 = Rs.698.\n5. Principal for 4 years = Rs.698 + 39 = Rs.737.\n\nIn the problem statement, it is mentioned that the sum amounts to Rs. 815 in 3 years and Rs. 854 in 4 years. The calculations show the correct progression from 3 years to 4 years, with all intermediate steps being logical and consistent with the given data.\n\n**Error:** 0', '**Reasoning:** The calculation of the principal amount for 4 years seems incorrect. The answer states Principal for 4 years = Rs. 698 + 39, which should be Principal for 4 years = Rs. 698 + 39 * 2 = Rs. 776. The interest rate would be calculated as S.I. for 1 year = Rs. 39, so S.I. for 4 years = Rs. 39 * 4 = Rs. 156. Therefore, the total amount after 4 years should be Principal + S.I. for 4 years = Rs. 698 + Rs. 156 = Rs. 854, which matches the given total amount. The error was in the calculation of the principal for 4 years.\n\n**Error:** 1', '**Reasoning:** The incorrect step occurs when calculating the principal amount for the total amount after 3 years. The calculation should be Principal = Total amount after 3 years - Simple Interest for 3 years, but the question states Principal = Total amount after 3 years - S.I. for 3 years, leading to an incorrect result. \n\n**Error:** 0']","['**Question:**\nA sum of money at simple interest amount to Rs. 815 in 3 years and to Rs. 854 in 4 years. The Sum is:\n\nA) Rs. 650\n\nB) Rs. 690\n\nC) Rs. 698\n\nD) Rs. 700\n\n**Answer:**\nOption D\n\nS.I. for 1 year = Rs. (854 - 815) = Rs. 39.\nS.I. for 3 years = Rs. (39 x 3) = Rs. 117.\nTotal amount after 3 years = Rs. 815.\nPrincipal = Total amount after 3 years - S.I. for 3 years\nPrincipal = Rs. (815 - 117) = Rs. 698.\nPrincipal for 4 years = Rs. 698 + 39 = Rs. 737.', '**Question:**\nA sum of money at simple interest amount to Rs. 815 in 3 years and to Rs. 854 in 4 years. The Sum is:\n\nA) Rs. 650\n\nB) Rs. 690\n\nC) Rs. 698\n\nD) Rs. 700\n\n**Answer:**\nOption D\n\nS.I. for 1 year = Rs. (854 - 815) = Rs. 39.\nS.I. for 3 years = Rs. (39 x 3) = Rs. 117.\nTotal amount after 3 years = Rs. 815.\nPrincipal = Total amount after 3 years - S.I. for 3 years\nPrincipal = Rs. (815 - 117) = Rs. 698.\nPrincipal for 4 years = Rs. 698 + 39 = Rs. 737.']","['**Reasoning:** The calculation for the principal amount after 4 years is incorrect. The correct calculation should be Principal = Rs. 698 + Rs. 39 * 2 (since interest for 4 years is calculated as simple interest for 2 years). Therefore, the principal amount for 4 years should be Rs. 737, not Rs. 737.\n\n**Error:** 1', '**Reasoning:** The calculation for the principal amount after 4 years is incorrect. The correct calculation should be Principal = Rs. 698 + Rs. 39 * 2 (since interest for 4 years is calculated as simple interest for 2 years). Therefore, the principal amount for 4 years should be Rs. 737, not Rs. 737.\n\n**Error:** 1']",Qwen/Qwen2.5-VL-3B-Instruct,100
"A is two years older than B who is twice as old as C. If the total of the ages of A, B, and C is 27, then how old is B? 
\begin{enumerate}
  \item[A:] 7 
  \item[B:] 8 
  \item[C:] 9 
  \item[D:] 10 
  \item[E:] 11 
\end{enumerate}

"," Option D

Let C's age be \( x \) years. Then, B's age is \( 2x \) years and A's age is \( (2x + 2) \) years.

\[
(2x + 2) + 2x + x = 27
\]

\[
\textcolor{red}{4x + 2 = 27}
\]

\[
5x = 25
\]

\[
x = 5
\]

Hence, B's age is \( 2x = 10 \) years.

",True,False,False,1.6094379124341005,0.6730116670092565,0.0,0.0,False,True,0,0,"[""**Question:**\nA is two years older than B who is twice as old as C. If the total of the ages of A, B, and C is 27, then how old is B?\n\n**Answer:**\nLet C's age be \\( x \\) years. Then, B's age is \\( 2x \\) years, and A's age is \\( (2x + 2) \\) years.\n\\[\n(2x + 2) + 2x + x = 27 \\\\\n4x + 2 = 27 \\\\\n5x = 25 \\\\\nx = 5\n\\]\nHence, B's age is \\( 2x = 10 \\) years."", ""**Question:**\nA is two years older than B who is twice as old as C. If the total of the ages of A, B, and C is 27, then how old is B?\n\n**Answer:**\nLet C's age be \\( x \\) years. Then, B's age is \\( 2x \\) years and A's age is \\( (2x + 2) \\) years.\n\\[\n(2x + 2) + 2x + x = 27 \\\\\n4x + 2 = 27 \\\\\n5x = 25 \\\\\nx = 5\n\\]\nHence, B's age is \\( 2x = 10 \\) years."", ""**Question:**\nA is two years older than B who is twice as old as C. If the total of the ages of A, B, and C is 27, then how old is B?\n\n**Answer:**\nLet C's age be \\( x \\) years. Then, B's age is \\( 2x \\) years and A's age is \\( (2x + 2) \\) years.\n\\[\n(2x + 2) + 2x + x = 27\n\\]\n\\[\n4x + 2 = 27\n\\]\n\\[\n5x = 25\n\\]\n\\[\nx = 5\n\\]\nHence, B's age is \\( 2x = 10 \\) years."", ""**Question:**\nA is two years older than B who is twice as old as C. If the total of the ages of A, B, and C is 27, then how old is B?\n\n**Answer:**\nLet \\( C \\)'s age be \\( x \\) years. Then, \\( B \\)'s age is \\( 2x \\) years and \\( A \\)'s age is \\( (2x + 2) \\) years.\n\\[\n(2x + 2) + 2x + x = 27\n\\]\n\\[\n4x + 2 = 27\n\\]\n\\[\n5x = 25\n\\]\n\\[\nx = 5\n\\]\nHence, \\( B \\)'s age is \\( 2x = 10 \\) years."", ""**Question:**\nA is two years older than B who is twice as old as C. If the total of the ages of A, B, and C is 27, then how old is B?\n\n**Answer:**\nLet C's age be \\( x \\) years. Then, B's age is \\( 2x \\) years and A's age is \\( (2x + 2) \\) years.\n\n\\[\n(2x + 2) + 2x + x = 27 \\\\\n4x + 2 = 27 \\\\\n5x = 25 \\\\\nx = 5\n\\]\n\nHence, B's age is \\( 2x = 10 \\) years.""]","[""**Reasoning:** The answer provided does not follow the algebraic simplification correctly. After multiplying through by 4x + 2, the correct step should be:\n\\[ 5x = 25 \\]\nThis results in \\( x = 5 \\), which contradicts the calculation shown in the answer: \\( x = 5 \\) leads to \\( B's \\ age \\ = \\ 2x = 10 \\). Therefore, there is an error in the simplification process.\n\n**Error:** 1"", ""**Reasoning:** The solution process appears to be correct up to the point where \\( x \\) is solved as 5. However, the final step where \\( B's \\) age is calculated as \\( 2x = 10 \\) years does not align with the original problem statement. The original problem states that A is two years older than B, who is twice as old as C. Given that C is 27 years old, B should be 54 years old (since B is twice as old as C). Therefore, the final incorrect step in calculating B's age leads to an error.\n\n**Error:** 1"", ""**Reasoning:** The answer appears to be correct. The algebraic steps are straightforward and follow the logical sequence needed to solve the problem. The final result obtained for B's age using the equation \\( x = 5 \\) and substituting back into \\( B = 2x \\) gives \\( B = 10 \\), which matches the chosen option D. There seems to be no apparent mistake in the solution process.\n\n**Error:** 0"", ""**Reasoning:** The answer does not correctly solve the problem. The equation derived from the problem statement should be \\((2x + 2) + 2x + x = 27\\). However, the student's work shows \\((2x + 2) + 2x + x = 27\\), which simplifies to \\(5x + 2 = 27\\), leading to \\(5x = 25\\) and thus \\(x = 5\\). This approach is incorrect because it omits the first term in the equation, resulting in B's age being 10 years instead of 8. Therefore, the student's solution is flawed.\n\n**Error:** 1"", '**Reasoning:** The answer provided has a logical flaw. The equation derived from the problem statement should be:\n\n\\[\n(2x + 2) + 2x + x = 27\n\\]\n\nSimplifying this, we get:\n\n\\[\n5x + 2 = 27\n\\]\n\nSubtracting 2 from both sides:\n\n\\[\n5x = 25\n\\]\n\nDividing by 5:\n\n\\[\nx = 5\n\\]\n\nThus, the age of B should be \\(2x = 10\\) years, which matches the correct answer.\n\n**Error:** 0']","[""**Question:**\nA is two years older than B who is twice as old as C. If the total of the ages of A, B, and C is 27, then how old is B?\n\n**Answer:**\nLet C's age be \\( x \\) years. Then, B's age is \\( 2x \\) years and A's age is \\( (2x + 2) \\) years.\n\\[\n(2x + 2) + 2x + x = 27\n\\]\n\\[\n4x + 2 = 27\n\\]\n\\[\n5x = 25\n\\]\n\\[\nx = 5\n\\]\nHence, B's age is \\( 2x = 10 \\) years."", ""**Question:**\nA is two years older than B who is twice as old as C. If the total of the ages of A, B, and C is 27, then how old is B?\n\n**Answer:**\nLet C's age be \\( x \\) years. Then, B's age is \\( 2x \\) years and A's age is \\( (2x + 2) \\) years.\n\\[\n(2x + 2) + 2x + x = 27\n\\]\n\\[\n4x + 2 = 27\n\\]\n\\[\n5x = 25\n\\]\n\\[\nx = 5\n\\]\nHence, B's age is \\( 2x = 10 \\) years.""]","[""**Reasoning:** The answer process is correct up to the point where \\( x = 5 \\) is found. However, the final step should be to calculate B's age as \\( 2x = 10 \\). The answer provided does not include this final calculation, which is necessary to find B's age.\n\n**Error:** 1"", ""**Reasoning:** The answer process is correct up to the point where \\( x = 5 \\) is found. However, the final step should be to calculate B's age as \\( 2x = 10 \\). The answer provided does not include this final calculation, which is necessary to find B's age.\n\n**Error:** 1""]",Qwen/Qwen2.5-VL-3B-Instruct,100
"Express the following in the form \( a + ib \) 

(i) \(\frac{5 + \sqrt{2}i}{1 - \sqrt{2}i}\) \quad (ii) \(i^{-35}\)

"," 

(i) We have, 
\[
\frac{5 + \sqrt{2}i}{1 - \sqrt{2}i} = \frac{5 + \sqrt{2}i}{1 - \sqrt{2}i} \times \frac{1 + \sqrt{2}i}{1 + \sqrt{2}i}
\]
\[
= \frac{3 + 6\sqrt{2}i}{1 + 2} = \frac{3(1 + 2\sqrt{2}i)}{3} = \textcolor{red}{1 + 2\sqrt{2} \text{ cm} i}.
\]

(ii) 
\[
i^{-35} = \frac{1}{i^{35}} = \frac{1}{(i^2)^{17}i} = \frac{1 \times i}{-i} = \frac{i}{-(-1)} = \textcolor{red}{i \text{ cm}}.
\]

",True,True,True,1.6094379124341005,0.5004024235381879,0.0,0.0,False,True,0,0,"['**Question:**\n\\[\n\\text{Express the following in the form } a + ib \\quad (\\text{i}) \\frac{5+\\sqrt{2}i}{1-\\sqrt{2}i} \\quad (\\text{ii}) i^{-35}\n\\]\n\n**Answer:**\n\n(i) We have,\n\\[\n\\frac{5+\\sqrt{2}i}{1-\\sqrt{2}i} = \\frac{5+\\sqrt{2}i}{1-\\sqrt{2}i} \\times \\frac{1+\\sqrt{2}i}{1+\\sqrt{2}i}\n\\]\n\\[\n= \\frac{3+6\\sqrt{2}i}{1+2} = \\frac{3(1+2\\sqrt{2}i)}{3} = 1+2\\sqrt{2}i\n\\]\n\n(ii)\n\\[\ni^{-35} = \\frac{1}{i^{35}} = \\frac{1}{(i^2)^{17}i} = \\frac{1 \\times i}{-i} = \\frac{i}{-(-1)} = i\n\\]', '**Question:**\n\\[ \\text{Express the following in the form } a + ib: (i) \\frac{5 + \\sqrt{2}i}{1 - \\sqrt{2}i}, (ii) i^{-35} \\]\n\n**Answer:**\n\\[\n(i) \\text{we have},\n\\]\n\\begin{align*}\n\\frac{5 + \\sqrt{2}i}{1 - \\sqrt{2}i} &= \\frac{5 + \\sqrt{2}i}{1 - \\sqrt{2}i} \\times \\frac{1 + \\sqrt{2}i}{1 + \\sqrt{2}i} \\\\\n&= \\frac{(5 + \\sqrt{2}i)(1 + \\sqrt{2}i)}{(1 - \\sqrt{2}i)(1 + \\sqrt{2}i)} \\\\\n&= \\frac{5(1 + \\sqrt{2}i) + \\sqrt{2}i(1 + \\sqrt{2}i)}{1^2 - (\\sqrt{2}i)^2} \\\\\n&= \\frac{5 + 5\\sqrt{2}i + \\sqrt{2}i + 2(-1)}{1 + 2} \\\\\n&= \\frac{7 + 6\\sqrt{2}i}{3} \\\\\n&= \\frac{7}{3} + 2\\sqrt{2}i.\n\\end{align*}\n\n\\[\n(ii)\n\\]\n\\begin{align*}\ni^{-35} &= \\frac{1}{i^{35}} = \\frac{1}{(i^2)^{17}i} = \\frac{i}{i} = i.\n\\end{align*}', '**Question:**\n\\[ \\text{Express the following in the form } a + ib \\]\n(i) \\( \\frac{5 + \\sqrt{2}i}{1 - \\sqrt{2}i} \\)\n(ii) \\( i^{-35} \\)\n\n**Answer:**\n(i) We have,\n\\[\n\\frac{5+\\sqrt{2}i}{1-\\sqrt{2}i} = \\frac{5+\\sqrt{2}i}{1-\\sqrt{2}i} \\times \\frac{1+\\sqrt{2}i}{1+\\sqrt{2}i}\n\\]\n\\[\n= \\frac{3+6\\sqrt{2}i}{1+2} = \\frac{3(1+2\\sqrt{2}i)}{3} = 1+2\\sqrt{2}\\,cm^i.\n\\]\n\n(ii) \\( i^{-35} = \\frac{1}{i^{35}} = \\frac{1}{(i^{2})^{17}i} = \\frac{1\\times i}{-i} = \\frac{i}{-(-1)} \\)', '**Question:**\n\\[ \\text{Express the following in the form } a + ib \\]\n\\[ (i) \\frac{5+\\sqrt{2}i}{1-\\sqrt{2}i} \\quad (ii) i^{-35} \\]\n\n**Answer:**\n\\[ (i) \\text{We have}, \\]\n\\[ \\frac{5+\\sqrt{2}i}{1-\\sqrt{2}i} = \\frac{5+\\sqrt{2}i}{1-\\sqrt{2}i} \\times \\frac{1+\\sqrt{2}i}{1+\\sqrt{2}i} \\]\n\\[ = \\frac{3+6\\sqrt{2}i}{1+2} = \\frac{3(1+2\\sqrt{2}i)}{3} = 1 + 2\\sqrt{2}i \\]\n\n\\[ (ii) i^{-35} = \\frac{1}{i^{35}} = \\frac{1}{(i^2)^{17}i} = \\frac{1 \\times i}{-i} = \\frac{i}{-(-1)} = i \\]', '**Question:**\n$Express\\quad the\\quad following\\quad in\\quad the\\quad form\\\\a+ib\\quad (i)\\quad \\frac{5+\\sqrt{2}i}{1-\\sqrt{2}i}\\quad \\quad (ii) i^{-35}$\n\n**Answer:**\n$(i)$ We have,\n$\\frac{5 + \\sqrt{2}i}{1 - \\sqrt{2}i} = \\frac{5 + \\sqrt{2}i}{1 - \\sqrt{2}i} \\times \\frac{1 + \\sqrt{2}i}{1 + \\sqrt{2}i}$\n\n$= \\frac{3 + 6\\sqrt{2}i}{1 + 2} = \\frac{3(1 + 2\\sqrt{2}i)}{3} = 1 + 2\\sqrt{2}cm.$\n\n$(ii)$ $i^{-35} = \\frac{1}{i^{35}} = \\frac{1}{(i^2)^{17}i} = \\frac{1 \\times i}{-i} = \\frac{i}{-(-1)}$']","['**Reasoning:** \nIn part (i), the student incorrectly applied the multiplication rule for complex numbers by using \\(\\frac{1+\\sqrt{2}i}{1+\\sqrt{2}i}\\) instead of \\(\\frac{1+\\sqrt{2}i}{1-\\sqrt{2}i}\\). This results in multiplying the numerator and the denominator by \\(1 + \\sqrt{2}i\\), which is not the correct approach for rationalizing the denominator in this context.\n\nIn part (ii), the student incorrectly simplified \\((i^3)^{-7}\\) to \\(\\frac{1}{i^3}\\) instead of \\(\\frac{1}{(i^2)^{35}}\\). The correct simplification should involve recognizing that \\(i^4 = 1\\) and thus \\((i^2)^{35} = (1)^{35} = 1\\). Additionally, the sign of the exponent should be considered correctly.\n\n**Error:** 1', '**Reasoning:** The answer provided for part (i) contains an incorrect simplification. It should be rewritten as follows:\n\\[\n\\frac{5 + \\sqrt{2}i}{1 - \\sqrt{2}i} = \\frac{5 + \\sqrt{2}i}{1 - \\sqrt{2}i} \\times \\frac{1 + \\sqrt{2}i}{1 + \\sqrt{2}i}\n\\]\n\\[\n= \\frac{(5 + \\sqrt{2}i)(1 + \\sqrt{2}i)}{(1 - \\sqrt{2}i)(1 + \\sqrt{2}i)}\n\\]\n\\[\n= \\frac{5 + 5\\sqrt{2}i + \\sqrt{2}i - 2}{1 - (\\sqrt{2})^2}\n\\]\n\\[\n= \\frac{3 + 7\\sqrt{2}i}{-1}\n\\]\n\\[\n= -3 - 7\\sqrt{2}i\n\\]\n\nFor part (ii), the answer is correct.\n\n**Error:** 0', ""**Reasoning:** The answer provided does not correctly simplify the complex fraction \\(\\frac{5+\\sqrt{2}i}{1-\\sqrt{2}i}\\). Instead of multiplying by the conjugate as shown in the question, it incorrectly multiplies by \\(1 + \\sqrt{2}i\\) instead of \\(1 - \\sqrt{2}i\\), which is the correct conjugate. Additionally, the expression \\(i^{-35}\\) should be calculated using De Moivre's theorem or by converting \\(i\\) to polar form. \n\n**Error:** 1"", ""**Reasoning:**\nIn the Answer section,\n\nFor the first part (i):\n1. The expression \\(\\frac{5+\\sqrt{2}i}{1-\\sqrt{2}i}\\) is correctly rationalized by multiplying both the numerator and the denominator by \\(1+\\sqrt{2}i\\), resulting in:\n   \\[\n   \\frac{(5+\\sqrt{2}i)(1+\\sqrt{2}i)}{(1-\\sqrt{2}i)(1+\\sqrt{2}i)}\n   \\]\n2. However, the next step should involve distributing the terms in the numerator and simplifying:\n   \\[\n   = \\frac{5(1+\\sqrt{2}i) + \\sqrt{2}i(1+\\sqrt{2}i)}{(1-\\sqrt{2}i)(1+\\sqrt{2}i)}\n   = \\frac{5 + 5\\sqrt{2}i + \\sqrt{2}i + 2i^2}{1 - (\\sqrt{2}i)^2}\n   = \\frac{5 + 6\\sqrt{2}i - 2}{1 + 2}\n   = \\frac{3 + 6\\sqrt{2}i}{3}\n   \\]\n\nFor the second part (ii):\n1. The calculation starts with dividing \\(\\frac{1}{i^{35}}\\), which can be simplified as follows:\n   \\[\n   \\frac{1}{i^{35}} = \\frac{1}{(i^4)^8 \\cdot i^3} = \\frac{1}{(-1)^8 \\cdot i^3} = \\frac{1}{-i}\n   \\]\n2. This is incorrect because the correct form should be:\n   \\[\n   \\frac{1}{i^{35}} = \\frac{1}{(i^4)^8 \\cdot i^3} = \\frac{1}{1 \\cdot i^3} = \\frac{1}{i^3} = -i\n   \\]\n\nTherefore, there is an error in the Answer section regarding the handling of complex numbers, particularly in the first part's intermediate steps and the simplification in the second part.\n\n**Error:** 1"", '**Reasoning:** The answer to part (i) has a mistake. The expression \\(\\frac{5 + \\sqrt{2}i}{1 - \\sqrt{2}i}\\) should be multiplied by the conjugate of the denominator, which is \\(1 + \\sqrt{2}i\\), instead of multiplying it by itself. The correct step should be:\n\\[\n\\frac{5 + \\sqrt{2}i}{1 - \\sqrt{2}i} = \\frac{(5 + \\sqrt{2}i)(1 + \\sqrt{2}i)}{(1 - \\sqrt{2}i)(1 + \\sqrt{2}i)}\n\\]\nSimplifying the denominator:\n\\[\n(1 - \\sqrt{2}i)(1 + \\sqrt{2}i) = 1^2 - (\\sqrt{2}i)^2 = 1 - (-2) = 3\n\\]\nSo the expression becomes:\n\\[\n\\frac{(5 + \\sqrt{2}i)(1 + \\sqrt{2}i)}{3}\n\\]\n\nFor part (ii), the answer is correct.\n\n**Error:** 1\n\n**Output:** 1']","['**Question:**\n\\[\n\\text{Express the following in the form } a + ib \\text{ (i) } \\frac{5 + \\sqrt{2}i}{1 - \\sqrt{2}i} \\quad \\text{(ii) } i^{-35}\n\\]\n\n**Answer:**\n(i) We have,\n\\[\n\\frac{5 + \\sqrt{2}i}{1 - \\sqrt{2}i} = \\frac{5 + \\sqrt{2}i}{1 - \\sqrt{2}i} \\times \\frac{1 + \\sqrt{2}i}{1 + \\sqrt{2}i}\n\\]\n\\[\n= \\frac{3 + 6\\sqrt{2}i}{1 + 2} = \\frac{3(1 + 2\\sqrt{2}i)}{3} = 1 + 2\\sqrt{2}i.\n\\]\n\n(ii)\n\\[\ni^{-35} = \\frac{1}{i^{35}} = \\frac{1}{(i^2)^{17}i} = \\frac{1 \\times i}{-i} = \\frac{i}{-(-1)} = i.\n\\]', '**Question:**\n\\[\n\\text{Express the following in the form } a + ib \\text{ (i) } \\frac{5 + \\sqrt{2}i}{1 - \\sqrt{2}i} \\quad \\text{(ii) } i^{-35}\n\\]\n\n**Answer:**\n(i) We have,\n\\[\n\\frac{5 + \\sqrt{2}i}{1 - \\sqrt{2}i} = \\frac{5 + \\sqrt{2}i}{1 - \\sqrt{2}i} \\times \\frac{1 + \\sqrt{2}i}{1 + \\sqrt{2}i}\n\\]\n\\[\n= \\frac{3 + 6\\sqrt{2}i}{1 + 2} = \\frac{3(1 + 2\\sqrt{2}i)}{3} = 1 + 2\\sqrt{2}i.\n\\]\n\n(ii)\n\\[\ni^{-35} = \\frac{1}{i^{35}} = \\frac{1}{(i^2)^{17}i} = \\frac{1 \\times i}{-i} = \\frac{i}{-(-1)} = i.\n\\]']","['**Reasoning:** The answer for part (i) is incorrect because it does not simplify the expression correctly. The correct simplification should be:\n\\[\n\\frac{5+\\sqrt{2}i}{1-\\sqrt{2}i} \\times \\frac{1+\\sqrt{2}i}{1+\\sqrt{2}i} = \\frac{(5+\\sqrt{2}i)(1+\\sqrt{2}i)}{(1-\\sqrt{2}i)(1+\\sqrt{2}i)}\n\\]\nExpanding the numerator and denominator:\n\\[\n= \\frac{5 + 5\\sqrt{2}i + \\sqrt{2}i + 2i^2}{1 - (\\sqrt{2}i)^2} = \\frac{5 + 5\\sqrt{2}i + \\sqrt{2}i - 2}{1 + 2} = \\frac{3 + 6\\sqrt{2}i}{3} = 1 + 2\\sqrt{2}i\n\\]\nThe denominator simplifies to \\(1 + 2\\) because \\((\\sqrt{2}i)^2 = 2i^2 = -2\\). Therefore, the correct simplified form is \\(1 + 2\\sqrt{2}i\\), not \\(1 + 2\\sqrt{2}\\).\n\n**Error:** 1', '**Reasoning:** The answer for part (i) is incorrect because it does not simplify the expression correctly. The correct simplification should be:\n\\[\n\\frac{5+\\sqrt{2}i}{1-\\sqrt{2}i} \\times \\frac{1+\\sqrt{2}i}{1+\\sqrt{2}i} = \\frac{(5+\\sqrt{2}i)(1+\\sqrt{2}i)}{(1-\\sqrt{2}i)(1+\\sqrt{2}i)}\n\\]\nExpanding the numerator and denominator:\n\\[\n= \\frac{5 + 5\\sqrt{2}i + \\sqrt{2}i + 2i^2}{1 - (\\sqrt{2}i)^2} = \\frac{5 + 5\\sqrt{2}i + \\sqrt{2}i - 2}{1 + 2} = \\frac{3 + 6\\sqrt{2}i}{3} = 1 + 2\\sqrt{2}i\n\\]\nThe denominator simplifies to \\(1 + 2\\) because \\((\\sqrt{2}i)^2 = 2i^2 = -2\\). Therefore, the correct simplified form is \\(1 + 2\\sqrt{2}i\\), not \\(1 + 2\\sqrt{2}\\).\n\n**Error:** 1']",Qwen/Qwen2.5-VL-3B-Instruct,100
"\textbf{Question 8:} The ratio of incomes of two persons is 9 : 7 and the ratio of their expenditures is 4 : 3. If each of them manages to save ₹ 2000 per month, find their monthly incomes.

"," 
Let us denote the incomes of the two persons by ₹ 9x and ₹ 7y and their expenditures by ₹ 4y and ₹ 3y respectively. Then the equations formed in the situation are given by:

\[
9x - 4y = 2000 \quad (1)
\]
\[
7x - 3y = 2000 \quad (2)
\]

\textbf{Step 1:} Multiply Equation (1) by 3 and Equation (2) by 4 to make the coefficients of \( y \) equal. Then we get the equations:

\[
27x - 12y = 6000 \quad (3)
\]
\[
28x - 12y = 8000 \quad (4)
\]

\textbf{Step 2:} Subtract Equation (3) from Equation (4) to eliminate \( y \), because the coefficients of \( y \) are the same. So, we get:

\[
x = 2000
\]

\textbf{Step 3:} Substituting this value of \( x \) in (1), we get:

\[
9(2000) - 4y = 2000
\]
i.e.,
\[
y = 4000
\]

So, the solution of the equations is \( x = 2000 \), \( y = 4000 \). Therefore, the monthly incomes of the persons are ₹ 18,000 and ₹ 14,000, respectively.

",False,True,True,1.6094379124341005,0.0,0.0,0.0,False,False,1,0,"['**Question:**\n\\begin{align*}\n&\\text{Question:} \\quad \\text{The ratio of incomes of two persons is 9:7 and the ratio of their expenditures is 4:3. If each person manages to save 2000 per month, find their monthly incomes.}\n\\end{align*}\n\n**Answer:**\n\\begin{align*}\n&\\text{Answer:} \\quad \\text{Let us denote the incomes of the two persons by } 9x \\text{ and } 7y \\text{ and their expenditures by } 4y \\text{ and } 3y \\text{ respectively.}\\\\\n&\\text{Then the equations formed in the situation are given by:}\\\\\n&\\begin{align*}\n&9x + 4y = 2000 & (1)\\\\\n&7x - 3y = 2000 & (2)\\\\\n\\end{align*} \\\\\n&\\text{Step 1: Multiply equation (1) by 3 and equation (2) by 4 to make the coefficients of } y \\text{ equal. Then we get the equations:}\\\\\n&\\begin{align*}\n&27x - 12y = 6000 & (3)\\\\\n&28x - 12y = 8000 & (4)\\\\\n\\end{align*} \\\\\n&\\text{Step 2: Subtract equation (3) from equation (4) to eliminate } y \\text{ because the coefficients of } y \\text{ are the same. So we get:}\\\\\n&2x = 2000\\\\\n&\\text{Step 3: Substituting this value of } x \\text{ in (1), we get:}\\\\\n&9(2000) - 4y = 2000\\\\\n&i.e.,\\\\\n&y = 4000\\\\\n&\\text{So, the solution of the equations is } x = 2000, y = 4000.\\\\\n&\\text{Therefore, the monthly incomes of the persons are } 18000 \\text{ and } 14000, \\text{ respectively.}\n\\end{align*}', '**Question:**\n\\begin{align*}\n\\text{The ratio of incomes of two persons is } 9:7 \\text{ and the ratio of their expenditures is } 4:3. \\text{ If each of them manages to save $2000$ per month, find their monthly incomes.}\n\\end{align*}\n\n**Answer:**\nLet us denote the incomes of the two persons by $9x$ and $7y$ and their expenditures by $4y$ and $3y$ respectively. Then the equations formed in the situation are given by:\n\n\\begin{align*}\n9x - 4y &= 2000 \\quad (1) \\\\\n7x - 3y &= 2000 \\quad (2)\n\\end{align*}\n\nStep 1: Multiply equation $(1)$ by $3$ and equation $(2)$ by $4$ to make the coefficients of $y$ equal. Then we get the equations:\n\n\\begin{align*}\n27x - 12y &= 6000 \\quad (3) \\\\\n28x - 12y &= 8000 \\quad (4)\n\\end{align*}\n\nStep 2: Subtract equation $(3)$ from equation $(4)$ to eliminate $y$, because the coefficients of $y$ are the same. So we get:\n\n\\[ 28x - 12y - (27x - 12y) = 8000 - 6000 \\]\n\\[ x = 2000 \\]\n\nStep 3: Substituting this value of $x$ in $(1)$, we get:\n\n\\begin{align*}\n9(2000) - 4y &= 2000 \\\\\n2000 - 4y &= 2000 \\\\\n-4y &= 0 \\\\\ny &= 5000\n\\end{align*}\n\nSo, the solution of the equations is $x = 2000$, $y = 5000$. Therefore, the monthly incomes of the persons are $18,000$ and $14,000$ respectively.', '**Question:**\nThe ratio of incomes of two persons is 9:7. And the ratio of their expenditures is 4:3. If each of them manages to save 2000 per month. Find their monthly incomes.\n\n**Answer:**\nLet us denote the incomes of the two persons by $9x$ and $7y$ and their expenditures by $4y$ and $3y$ respectively. Then the equations formed in the situation are given by:\n\n\\begin{align*}\n9x - 4y &= 2000 \\quad (1) \\\\\n7x - 3y &= 2000 \\quad (2)\n\\end{align*}\n\nStep 1: Multiply equation (1) by 3 and equation (2) by 4 to make the coefficients of $y$ equal. Then we get the equations:\n\n\\begin{align*}\n27x - 12y &= 6000 \\quad (3) \\\\\n28x - 12y &= 8000 \\quad (4)\n\\end{align*}\n\nStep 2: Subtract equation (3) from equation (4) to eliminate $y$, because the coefficients of $y$ are the same. So we get:\n\n\\[ 28x - 27x = 8000 - 6000 \\]\n\\[ x = 2000 \\]\n\nStep 3: Substituting this value of $x$ in (1), we get:\n\n\\[\n9(2000) - 4y = 2000\n\\]\n\ni.e,\n\n\\[\ny = 4000\n\\]\n\nSo, the solution of the equations is $x = 2000$, $y = 4000$. Therefore, the incomes of the persons are 18,000 and 14,000 respectively.', '**Question:** The ratio of their incomes is 9:7 and the ratio of their expenditures is 4:3. If each of them manages to save $2000$ per month, find their monthly incomes.\n\n**Answer:** Let us denote the incomes of the two persons by $9x$ and $7y$, and their expenditures by $4y$ and $3y$ respectively. Then the equations formed in this situation are given by:\n\n\\begin{align*}\n9x - 4y &= 2000 \\quad (1) \\\\\n7x - 3y &= 2000 \\quad (2)\n\\end{align*}\n\nStep 1: Multiply equation (1) by 3 and equation (2) by 4 to make the coefficients of $y$ equal. Then we get the equations:\n\n\\begin{align*}\n27x - 12y &= 6000 \\quad (3) \\\\\n28x - 12y &= 8000 \\quad (4)\n\\end{align*}\n\nStep 2: Subtract equation (3) from equation (4) to eliminate $y$, because the coefficients of $y$ are the same. So we get:\n\n\\[\nx = 2000\n\\]\n\nStep 3: Substituting this value of $x$ in $(1)$, we get:\n\n\\[\n9(2000) - 4y = 2000\n\\]\n\ni.e.,\n\n\\[\ny = 4000\n\\]\n\nSo, the solution of the equations is $x = 2000$, $y = 4000$. Therefore, the incomes of the persons are $18,000$ and $14,000$ respectively.', '```latex\nQuestion: The ratio of incomes of two persons is 9:7 and the ratio of their expenditures is 4:3. If each manages to save 2000 per month, find their monthly incomes.\n\n\\textbf{Answer:} Let us denote the incomes of the two persons by \\(9x\\) and \\(7y\\) and their expenditures by \\(4y\\) and \\(3y\\) respectively.\n\nThen the equations formed in the situation are given by:\n\n\\begin{equation}\n9x - 4y = 2000 \\quad (1)\n\\end{equation}\n\n\\begin{equation}\n7x - 3y = 2000 \\quad (2)\n\\end{equation}\n\nStep 1: Multiply equation (1) by 3 and equation (2) by 4 to make the coefficients of \\(y\\) equal. Then we get the equations:\n\n\\begin{equation}\n27x - 12y = 6000 \\quad (3)\n\\end{equation}\n\n\\begin{equation}\n28x - 12y = 8000 \\quad (4)\n\\end{equation}\n\nStep 2: Subtract equation (3) from equation (4) to eliminate \\(y\\), because the coefficients of \\(y\\) are the same. So we get:\n\n\\begin{equation}\nx = 2000\n\\end{equation}\n\nStep 3: Substituting this value of \\(x\\) in (1), we get:\n\n\\begin{equation}\n9(2000) - 4y = 2000\n\\end{equation}\n\ni.e,\n\n\\begin{equation}\ny = 4000\n\\end{equation}\n\nSo, the solution of the equations is \\(x = 2000\\), \\(y = 4000\\).\n\nTherefore, the monthly incomes of the persons are 18,000 and 14,000, respectively.\n```']","['**Reasoning:** The Answer initially multiplies equations (1) and (2) by incorrect coefficients. It should multiply equation (1) by 4 and equation (2) by 3 to make the coefficients of y equal. This results in an incorrect setup for the elimination step.\n\n**Error:** 1', ""**Reasoning:** The answer does not match the problem statement and the steps followed in the problem. The problem states that the ratio of incomes of two persons is 9:7 and their expenditures is 4:3. However, the solution follows a different approach that does not align with these ratios. Instead of using the given ratios directly, the solution applies a different method involving multiplication and subtraction of equations. This approach leads to incorrect results as it doesn't consider the ratio constraints.\n\n**Error:** 1"", '**Reasoning:** The Answer contains two main issues:\n1. In Step 3, the equation \\(9(2000) - 4y = 2000\\) should be simplified to \\(18000 - 4y = 2000\\). However, the answer provided is \\(9(2000) - 4y = 2000\\), which is incorrect.\n2. In Step 4, the value of \\(x\\) is correctly identified as 2000, but the final statement ""Therefore, the monthly incomes of the persons are 18,000 and 14,000"" seems to be written in a way that contradicts the equation derived from the problem.\n\n**Error:** 1', '**Reasoning:** \nIn step 2, the subtraction should be done between equation (3) and equation (4), but it is incorrectly written as subtraction from equation (3) to equation (4). This results in an incorrect coefficient for \\( y \\) in the final equation. \n\n**Error:** 1', '**Reasoning:** The solution steps show a logical progression through solving a system of linear equations. However, at step 3, it appears that ""x = 2000"" was substituted into equation (1) instead of equation (2). This could lead to incorrect results since equation (1) should be used with x from equation (4), which is correct as per the solution steps provided. Additionally, the final result for y seems to be calculated incorrectly; it should be derived by solving the equation correctly after substituting the value of x.\n\n**Error:** 1']","['**Question:**\nThe ratio of incomes of two persons is 9:7 and the ratio of their expenditures is 4:3. If each of them manages to save 2000 per month, find their monthly incomes.\n\n**Answer:**\nLet us denote the incomes of the two persons by \\(9x\\) and \\(7y\\) and their expenditures by \\(4y\\) and \\(3y\\) respectively. Then the equations formed in the situation are given by:\n\n\\[\n9x - 4y = 2000 \\quad (1)\n\\]\n\\[\n7x - 3y = 2000 \\quad (2)\n\\]\n\nStep 1: Multiply equation (1) by 3 and equation (2) by 4 to make the coefficients of \\(y\\) equal. Then we get the equations:\n\n\\[\n27x - 12y = 6000 \\quad (3)\n\\]\n\\[\n28x - 12y = 8000 \\quad (4)\n\\]\n\nStep 2: Subtract equation (3) from equation (4) to eliminate \\(y\\), because the coefficients of \\(y\\) are the same. So we get:\n\n\\[\nx = 2000\n\\]\n\nStep 3: Substituting this value of \\(x\\) in (1), we get:\n\n\\[\n9(2000) - 4y = 2000\n\\]\n\\[\ni.e., \\quad y = 4000\n\\]\n\nSo, the solution of the equations is \\(x = 2000, y = 4000\\). Therefore, the monthly incomes of the persons are 18,000 and 14,000, respectively.', '**Question:**\nThe ratio of incomes of two persons is 9:7 and the ratio of their expenditures is 4:3. If each of them manages to save 2000 per month, find their monthly incomes.\n\n**Answer:**\nLet us denote the incomes of the two persons by \\(9x\\) and \\(7y\\) and their expenditures by \\(4y\\) and \\(3y\\) respectively. Then the equations formed in the situation are given by:\n\n\\[\n9x - 4y = 2000 \\quad (1)\n\\]\n\\[\n7x - 3y = 2000 \\quad (2)\n\\]\n\nStep 1: Multiply equation (1) by 3 and equation (2) by 4 to make the coefficients of \\(y\\) equal. Then we get the equations:\n\n\\[\n27x - 12y = 6000 \\quad (3)\n\\]\n\\[\n28x - 12y = 8000 \\quad (4)\n\\]\n\nStep 2: Subtract equation (3) from equation (4) to eliminate \\(y\\), because the coefficients of \\(y\\) are the same. So we get:\n\n\\[\nx = 2000\n\\]\n\nStep 3: Substituting this value of \\(x\\) in (1), we get:\n\n\\[\n9(2000) - 4y = 2000\n\\]\n\\[\ni.e., \\quad y = 4000\n\\]\n\nSo, the solution of the equations is \\(x = 2000, y = 4000\\). Therefore, the monthly incomes of the persons are 18,000 and 14,000, respectively.']","['**Reasoning:** The answer contains a logical error in Step 3. After substituting \\( x = 2000 \\) into equation (1), the correct calculation should be:\n\\[ 9(2000) - 4y = 2000 \\]\n\\[ 18000 - 4y = 2000 \\]\n\\[ 16000 = 4y \\]\n\\[ y = 4000 \\]\n\nHowever, the answer states \\( y = 4000 \\) directly without performing the subtraction correctly. This results in an incorrect final value for \\( y \\).\n\n**Error:** 1', '**Reasoning:** The answer contains a logical error in Step 3. After substituting \\( x = 2000 \\) into equation (1), the correct calculation should be:\n\\[ 9(2000) - 4y = 2000 \\]\n\\[ 18000 - 4y = 2000 \\]\n\\[ 16000 = 4y \\]\n\\[ y = 4000 \\]\n\nHowever, the answer states \\( y = 4000 \\) directly without performing the subtraction correctly. This results in an incorrect final value for \\( y \\).\n\n**Error:** 1']",Qwen/Qwen2.5-VL-3B-Instruct,100
"Find the smallest square number which is divisible by each of the numbers 6, 9 and 15.

"," This has to be done in two steps. First, find the smallest common multiple and then find the square number needed. The least number divisible by each one of 6, 9 and 15 is their LCM. The LCM of 6, 9 and 15 is \(2 \times 3 \times 3 \times 5 = 90\). 

Prime factorisation of 90 is \(90 = 2 \times 3 \times 3 \times 5\). \textcolor{red}{The number 90 can also be written as \(9 \times 10\), but this form is not useful here.} We see that prime factors 2 and 5 are not in pairs. Therefore, 90 is not a perfect square.

In order to get a perfect square, each factor of 90 must be paired. So we need to make pairs of 2 and 5. Therefore, 90 should be multiplied by \(2 \times 5\), i.e., 10. Hence, the required square number is \(90 \times 10 = 900\).

",False,True,True,1.6094379124341005,0.6730116670092565,0.0,0.0,False,False,0,0,"['**Question:**\nFind the smallest square number which is divisible by each of the numbers 6, 9 and 15.\n\n**Answer:**\nThis has to be done in two steps.\nFirst, find the smallest common multiple and then find the square number needed.\nThe least number divisible by each one of 6, 9, and 15 is their LCM. Then,\nLCM of 6, 9, and 15 is \\(2 \\times 3 \\times 3 \\times 5 = 90\\).\nPrime factorisation of 90 is \\(90 = 2 \\times 3^2 \\times 5\\). The number 90 can also be written as \\(9 \\times 10\\), but this form is not useful here.\nWe see that prime factors 2 and 5 are not in pairs. Therefore, 90 is not a perfect square.\nIn order to get a perfect square, each factor of 90 must be paired. So we need to make pairs of 2 and 5. Therefore, 90 should be multiplied by \\(2 \\times 5\\), i.e., 10.\nHence, the required square number is \\(90 \\times 10 = 900\\).', '**Question:**\nFind the smallest square number which is divisible by each of the numbers 6, 9 and 15.\n\n**Answer:**\nThis has to be done in two steps.\nFirst, find the smallest common multiple and then find the square number needed.\nThe least number divisible by each one of 6, 9, and 15 is their LCM. Then LCM of 6, 9 and 15 is \\(2 \\times 3 \\times 3 \\times 5 = 90\\).\n\nPrime factorisation of 90 is \\(90 = 2 \\times 3 \\times 3 \\times 5\\). The number 90 can also be written as \\(9 \\times 10\\), but this form is not useful here. We see that prime factors 2 and 5 are not in pairs. Therefore, 90 is not a perfect square.\n\nIn order to get a perfect square, each factor of 90 must be paired. So we need to make pairs of 2 and 5. Therefore, 90 should be multiplied by \\(2 \\times 5\\), i.e., 10. Hence, the required square number is \\(90 \\times 10 = 900\\).', '**Question:** Find the smallest square number which is divisible by each of the numbers 6, 9 and 15.\n\n**Answer:** This has to be done in two steps. First, find the smallest common multiple and then find the square number needed. The least number divisible by each one of 6, 9, and 15 is their LCM. Then LCM of 6, 9 and 15 is \\(2 \\times 3 \\times 3 \\times 5 = 90\\).\n\nPrime factorisation of 90 is \\(90 = 2 \\times 3 \\times 3 \\times 5\\). The number 90 can also be written as \\(9 \\times 10\\), but this form is not useful here. We see that prime factors 2 and 5 are not in pairs. Therefore, 90 is not a perfect square. In order to get a perfect square, each factor of 90 must be paired. So we need to make pairs of 2 and 5. Therefore, 90 should be multiplied by \\(2 \\times 5\\), i.e., 10. Hence, the required square number is \\(90 \\times 10 = 900\\).', '**Question:**\nFind the smallest square number\nwhich is divisible by each of the\nnumbers 6, 9 and 15.\n\n\n**Answer:**\nThis has to be done in two steps.\nFirst, find the smallest common multiple\nand then find the square number needed.\nThe least number divisible by each one\nof 6, 9, and 15 is their LCM. Then LCM\nof 6, 9 and 15 is 2 × 3 × 3 × 5 = 90.\nPrime factorisation of 90 is 90 = 2 × 3 × 3 × 5.\nThe number 90 can also be written as\n9 × 10, but this form is not useful here.\nWe see that prime factors 2 and 5 are\nnot in pairs. Therefore, go is not a perfect\nsquare.\nIn order to get a perfect square,\neach factor of go must be paired. So we\nneed to make pairs of 2 and 5. Therefore,\ngo should be multiplied by 2 × 5, i.e., 10.\nHence, the required square number is\ngo × 10 = 900.', '**Question:** Find the smallest square number which is divisible by each of the numbers 6, 9 and 15.\n\n**Answer:** This has to be done in two steps. First, find the smallest common multiple and then find the square number needed. The least number divisible by each one of 6, 9, and 15 is their LCM. Then LCM of 6, 9, and 15 is \\(2 \\times 3 \\times 3 \\times 5 = 90\\).\n\nPrime factorisation of 90 is \\(90 = 2 \\times 3 \\times 3 \\times 5\\). The number 90 can also be written as \\(9 \\times 10\\), but this form is not useful here. We see that prime factors 2 and 5 are not in pairs. Therefore, 90 is not a perfect square.\n\nIn order to get a perfect square, each factor of 90 must be paired. So we need to make pairs of 2 and 5. Therefore, 90 should be multiplied by \\(2 \\times 5\\), i.e., 10. Hence, the required square number is \\(90 \\times 10 = 900\\).']","['**Reasoning:** In the answer, it mentions finding the square number needed. However, finding the smallest square number that is divisible by each of the numbers 6, 9, and 15 involves finding their least common multiple (LCM) first, as stated correctly. Then, determining that the correct square number should be the LCM squared would lead to 36 (since the LCM of 6, 9, and 15 is 90, and 90^2 = 8100). The provided answer incorrectly states that the required square number is 900 instead of 8100.\n\n**Error:** 1', '**Reasoning:** The problem asks for the smallest square number divisible by each of the numbers 6, 9, and 15. The answer provided correctly identifies the least common multiple (LCM) of 6, 9, and 15 as 90, but then proceeds with the incorrect factorization \\(90 = 2 \\times 3 \\times 3 \\times 5\\). Instead, 90 should be factored as \\(90 = 2 \\times 3^2 \\times 5\\). Therefore, the correct pairs of prime factors needed to form a perfect square are \\(2, 3,\\) and \\(5\\), which should result in the square number 900 (since \\(2 \\times 3 \\times 5 = 30\\) and need another 2, resulting in \\(30^2 = 900\\)).\n\n**Error:** 1', '**Reasoning:**\nThe answer to the question ""Find the smallest square number which is divisible by each of the numbers 6, 9, and 15"" is correct in all aspects. The steps taken in the solution are logically sound:\n\n1. **Finding the Least Common Multiple (LCM):** The LCM of 6, 9, and 15 is indeed found correctly as \\(2 \\times 3 \\times 3 \\times 5 = 90\\).\n2. **Prime Factorization of 90:** The prime factorization of 90 is confirmed as \\(2 \\times 3^2 \\times 5\\).\n3. **Making the Factors Pairable:** To form a perfect square, each prime factor must be squared. Since we have one factor of 2 and two factors of 3 and one factor of 5, the missing factor to make all exponents even is another 2.\n4. **Multiplying by the Square Root:** Therefore, multiplying 90 by 2, we get \\(90 \\times 2 = 180\\), which is a perfect square (\\(180\\) is equal to \\(144 \\times 1.25\\)).\n\nThere are no inconsistencies or logical errors in the steps followed.\n\n**Error:** 0', '**Reasoning:** The answer does not contain any errors. The steps to find the smallest square number divisible by each of the numbers 6, 9, and 15 are explained correctly. The LCM calculation is performed correctly, and the prime factorization of 90 is also correct. The process to make pairs of prime factors 2 and 5 to form a perfect square is also explained correctly. There are no mistakes or logical errors in the answer.\n\n**Error:** 0', '**Reasoning:** The Answer incorrectly states that the prime factors 2 and 5 are not in 90, when they actually are because 90 = 2 × 3^2 × 5. The answer then proceeds with the incorrect conclusion that 90 needs to be multiplied by 2 × 5, which would result in 900, but this is not the correct method to find the smallest square number divisible by 6, 9, and 15. The correct approach should involve finding the LCM of 6, 9, and 15, which is 90 again, and then finding the smallest perfect square factorization of 90, which is \\(30^2\\) = 900. The Answer fails to correctly apply these steps.\n\n**Error:** 1']","['**Question:**\nFind the smallest square number which is divisible by each of the numbers 6, 9, and 15.\n\n**Answer:**\nThis has to be done in two steps.\nFirst, find the smallest common multiple and then find the square number needed.\nThe least number divisible by each one of 6, 9, and 15 is their LCM. Then LCM of 6, 9, and 15 is \\(2 \\times 3 \\times 3 \\times 5 = 90\\).\n\nPrime factorisation of 90 is \\(90 = 2 \\times 3 \\times 3 \\times 5\\). The number 90 can also be written as \\(9 \\times 10\\), but this form is not useful here. We see that prime factors 2 and 5 are not in pairs. Therefore, 90 is not a perfect square.\n\nIn order to get a perfect square, each factor of 90 must be paired. So we need to make pairs of 2 and 5. Therefore, 90 should be multiplied by \\(2 \\times 5\\), i.e., 10. Hence, the required square number is \\(90 \\times 10 = 900\\).', '**Question:**\nFind the smallest square number which is divisible by each of the numbers 6, 9, and 15.\n\n**Answer:**\nThis has to be done in two steps.\nFirst, find the smallest common multiple and then find the square number needed.\nThe least number divisible by each one of 6, 9, and 15 is their LCM. Then LCM of 6, 9, and 15 is \\(2 \\times 3 \\times 3 \\times 5 = 90\\).\n\nPrime factorisation of 90 is \\(90 = 2 \\times 3 \\times 3 \\times 5\\). The number 90 can also be written as \\(9 \\times 10\\), but this form is not useful here. We see that prime factors 2 and 5 are not in pairs. Therefore, 90 is not a perfect square.\n\nIn order to get a perfect square, each factor of 90 must be paired. So we need to make pairs of 2 and 5. Therefore, 90 should be multiplied by \\(2 \\times 5\\), i.e., 10. Hence, the required square number is \\(90 \\times 10 = 900\\).']","['**Reasoning:** The answer does not contain any mathematical errors. It correctly explains the steps to find the smallest square number divisible by 6, 9, and 15. The LCM calculation is correct, and the prime factorization of 90 is also accurate. The process of pairing factors to form a perfect square is explained clearly, leading to the correct final result of 900.\n\n**Error:** 0', '**Reasoning:** The answer does not contain any mathematical errors. It correctly explains the steps to find the smallest square number divisible by 6, 9, and 15. The LCM calculation is correct, and the prime factorization of 90 is also accurate. The process of pairing factors to form a perfect square is explained clearly, leading to the correct final result of 900.\n\n**Error:** 0']",Qwen/Qwen2.5-VL-3B-Instruct,100
"If with reference to the right handed system of mutually perpendicular unit vectors \( \hat{i}, \hat{j} \) and \( \hat{k} \), \( \vec{\alpha} = 3\hat{i} - \hat{j} \), \( \vec{\beta} = 2\hat{i} + \hat{j} - 3\hat{k} \), then express \( \vec{\beta} \) in the form \( \vec{\beta} = \vec{\beta_1} + \vec{\beta_2} \), where \( \vec{\beta_1} \) is parallel to \( \vec{\alpha} \) and \( \vec{\beta_2} \) is perpendicular to \( \vec{\alpha} \).

"," Let \( \vec{\beta_1} = \lambda \vec{\alpha} \), where \( \lambda \) is a scalar, i.e., \( \vec{\beta_1} = 3\lambda \hat{i} - \lambda \hat{j} \).

Now,
\[
\vec{\beta_2} = \vec{\beta} - \vec{\beta_1} = (2 - 3\lambda) \hat{i} + (1 + \lambda) \hat{j} - 3\hat{k}.
\]

Now, since \( \vec{\beta_2} \) is to be perpendicular to \( \vec{\alpha} \), we should have \( \vec{\alpha} \cdot \vec{\beta_2} = 0 \). Thus,
\[
3(2 - 3\lambda) - (1 + \lambda) = 0.
\]

Solving this gives:
\[
3(2 - 3\lambda) - (1 + \lambda) = 0 \quad \Rightarrow \quad 6 - 9\lambda - 1 - \lambda = 0 \quad \Rightarrow \quad -10\lambda + 5 = 0 \quad \Rightarrow \quad \lambda = \frac{1}{2}.
\]

Therefore,
\[
\vec{\beta_1} = \frac{3}{2} \hat{i} - \frac{1}{2} \hat{j} \quad \text{and} \quad \textcolor{red}{\vec{\beta_2} = \frac{5}{2} \hat{i} + \frac{1}{2} \hat{j} - 3\hat{k}}.
\]

",True,True,True,1.6094379124341005,0.6730116670092565,0.0,0.0,False,True,0,0,"['**Question:**\nIf with reference to the right handed system of mutually perpendicular unit vectors $\\hat{i}, \\hat{j}$ and $\\hat{k}$,\n\n$\\vec{A} = 3\\hat{i} - \\hat{j}, \\vec{\\beta} = 2\\hat{i} + \\hat{j} - 3\\hat{k},$\n\nthen express $\\vec{\\beta}$ in the form\n\n$\\vec{\\beta} = \\vec{\\beta}_1 + \\vec{\\beta}_2,$\n\nwhere $\\vec{\\beta}_1$ is parallel to $\\vec{A}$ and $\\vec{\\beta}_2$ is perpendicular to $\\vec{A}$.\n\n**Answer:**\n\nLet \n\n$\\vec{\\beta}_1 = \\lambda\\vec{A},$\n\nwhere $\\lambda$ is a scalar, i.e., $\\vec{\\beta}_1 = 3\\lambda\\hat{i} - \\lambda\\hat{j}.$\n\nNow,\n\n$\\vec{\\beta}_2 = \\vec{\\beta} - \\vec{\\beta}_1 = (2 - 3\\lambda)\\hat{i} + (1 + \\lambda)\\hat{j} - 3\\hat{k}.$\n\nNow, since $\\vec{\\beta}_2$ is to be perpendicular to $\\vec{A}$, we should have\n\n$\\vec{A} \\cdot \\vec{\\beta}_2 = 0.$\n\nThus,\n\n$3(2 - 3\\lambda) - (1 + \\lambda) = 0.$\n\nSolving this gives:\n\n$3(2 - 3\\lambda) - (1 + \\lambda) = 0 \\Rightarrow 6 - 9\\lambda - 1 - \\lambda = 0 \\Rightarrow -10\\lambda + 5 = 0 \\Rightarrow \\lambda = \\frac{1}{2}.$\n\nTherefore,\n\n$\\vec{\\beta}_1 = \\frac{3}{2}\\hat{i} - \\frac{1}{2}\\hat{j}$ and $\\vec{\\beta}_2 = \\frac{5}{2}\\hat{i} + \\frac{1}{2}\\hat{j} - 3\\hat{k}.$', '**Question:**\nIf with reference to the right handed system of mutually perpendicular unit vectors \\(\\hat{i}\\), \\(\\hat{j}\\) and \\(\\hat{k}\\),\n\n\\[\n\\overrightarrow{\\alpha} = 3\\hat{i} - \\hat{j}, \\quad \\overrightarrow{\\beta} = 2\\hat{i} + \\hat{j} - 3\\hat{k},\n\\]\n\nthen express \\(\\overrightarrow{\\beta}\\) in the form\n\n\\[\n\\overrightarrow{\\beta} = \\overrightarrow{\\beta}_{1} + \\overrightarrow{\\beta}_{2},\n\\]\n\nwhere \\(\\overrightarrow{\\beta}_{1}\\) is parallel to \\(\\overrightarrow{\\alpha}\\) and \\(\\overrightarrow{\\beta}_{2}\\) is perpendicular to \\(\\overrightarrow{\\alpha}\\).\n\n**Answer:**\n\nLet \\(\\overrightarrow{\\beta}_{1} = \\lambda\\overrightarrow{\\alpha}\\), where \\(\\lambda\\) is a scalar, i.e., \\(\\overrightarrow{\\beta}_{1} = 3\\lambda\\hat{i} - \\lambda\\hat{j}\\).\n\nNow,\n\n\\[\n\\overrightarrow{\\beta}_{2} = \\overrightarrow{\\beta} - \\overrightarrow{\\beta}_{1} = (2 - 3\\lambda)\\hat{i} + (1 + \\lambda)\\hat{j} - 3\\hat{k}.\n\\]\n\nNow, since \\(\\overrightarrow{\\beta}_{2}\\) is to be perpendicular to \\(\\overrightarrow{\\alpha}\\), we should have\n\n\\[\n\\overrightarrow{\\alpha} \\cdot \\overrightarrow{\\beta}_{2} = 0.\n\\]\n\nThus,\n\n\\[\n3(2 - 3\\lambda) - (1 + \\lambda) = 0.\n\\]\n\nSolving this gives:\n\n\\[\n3(2 - 3\\lambda) - (1 + \\lambda) = 0 \\implies 6 - 9\\lambda - 1 - \\lambda = 0 \\implies -10\\lambda + 5 = 0 \\implies \\lambda = \\frac{1}{2}.\n\\]\n\nTherefore,\n\n\\[\n\\overrightarrow{\\beta}_{1} = \\frac{3}{2}\\hat{i} - \\frac{1}{2}\\hat{j}\n\\]\n\nand\n\n\\[\n\\overrightarrow{\\beta}_{2} = \\frac{5}{2}\\hat{i} + \\frac{1}{2', '**Question:**\nIf with reference to the right handed system of mutually perpendicular unit vectors $\\hat{i}$, $\\hat{j}$ and $\\hat{k}$,\n\n$\\vec{a}=3\\hat{i}-\\hat{j}, \\vec{b}=2\\hat{i}+\\hat{j}-3\\hat{k}$\n\nthen express $\\vec{b}$ in the form $\\vec{b}=\\vec{b_{1}}+\\vec{b_{2}}$, where $\\vec{b_{1}}$ is parallel to $\\vec{a}$ and $\\vec{b_{2}}$ is perpendicular to $\\vec{a}$.\n\n**Answer:**\nLet $\\vec{\\beta_{1}}=\\lambda\\vec{a}$, where $\\lambda$ is a scalar, i.e., $\\vec{\\beta_{1}}=3\\lambda\\hat{i}-\\lambda\\hat{j}$.\n\nNow, $\\vec{\\beta_{2}}=\\vec{\\beta}-\\vec{\\beta_{1}}=(2-3\\lambda)\\hat{i}+(1+\\lambda)\\hat{j}-3\\hat{k}$.\n\nNow, since $\\vec{\\beta_{2}}$ is to be perpendicular to $\\vec{a}$, we should have $\\vec{a}\\cdot\\vec{\\beta_{2}}=0$. Thus,\n\n$3(2-3\\lambda)-(1+\\lambda)=0$\n\nSolving this gives:\n\n$3(2-3\\lambda)-(1+\\lambda)=0\\Rightarrow 6-9\\lambda-1-\\lambda=0\\Rightarrow -10\\lambda+5=0\\Rightarrow \\lambda=\\frac{1}{2}$.\n\nTherefore,\n\n$\\vec{\\beta_{1}}=\\frac{3}{2}\\hat{i}-\\frac{1}{2}\\hat{j}$ and $\\vec{\\beta_{2}}=\\frac{5}{2}\\hat{i}+\\frac{1}{2}\\hat{j}-3\\hat{k}$.', '**Question:**\nIf with reference to the right handed system of mutually perpendicular unit vectors $\\hat{i}$, $\\hat{j}$ and $\\hat{k}$,\n\n$\\vec{a} = 3\\hat{i} - \\hat{j}, \\vec{b} = 2\\hat{i} + \\hat{j} - 3\\hat{k}$\n\nthen express $\\overrightarrow{\\beta}$ in the form \n\n$\\overrightarrow{\\beta} = \\overrightarrow{\\beta_{1}} + \\overrightarrow{\\beta_{2}}$ , where $\\overrightarrow{\\beta_{1}}$ is parallel to $\\overrightarrow{a}$ and $\\overrightarrow{\\beta_{2}}$ is perpendicular to $\\overrightarrow{a}$.\n\n**Answer:**\nLet $\\overrightarrow{\\beta_{1}} = \\lambda\\overrightarrow{a}$, where $\\lambda$ is a scalar, i.e., $\\overrightarrow{\\beta_{1}} = 3\\hat{i} - \\lambda\\hat{j}$\n\nNow,\n\n$\\overrightarrow{\\beta_{2}} = \\overrightarrow{\\beta} - \\overrightarrow{\\beta_{1}} = (2-3\\lambda)\\hat{i} + (1+\\lambda)\\hat{j} - 3\\hat{k}$\n\nNow, since $\\overrightarrow{\\beta_{2}}$ is to be perpendicular to $\\overrightarrow{a}$, we should have\n\n$\\overrightarrow{a}\\cdot\\overrightarrow{\\beta_{2}} = 0$\n\nThus,\n\n$3(2-3\\lambda) - (1+\\lambda) = 0$\n\nSolving this gives:\n\n$3(2-3\\lambda) - (1+\\lambda) = 0 \\Rightarrow 6 - 9\\lambda - 1 - \\lambda = 0 \\Rightarrow -10\\lambda + 5 = 0 \\Rightarrow \\lambda = \\frac{1}{2}$\n\nTherefore,\n\n$\\overrightarrow{\\beta_{1}} = \\frac{3}{2}\\hat{i} - \\frac{1}{2}\\hat{j}$ and $\\overrightarrow{\\beta_{2}} = \\frac{5}{2}\\hat{i} + \\frac{1}{2}\\hat{j} - 3\\hat{k}$.\n\n', '**Question:**\nIf with reference to the right handed system of mutually perpendicular unit vectors \\(\\hat{i}\\), \\(\\hat{j}\\) and \\(\\hat{k}\\),\n\n\\[\n\\vec{\\alpha} = 3 \\hat{i} - \\hat{j}, \\quad \\vec{\\beta} = 2 \\hat{i} + \\hat{j} - 3 \\hat{k},\n\\]\n\nthen express \\(\\vec{\\beta}\\) in the form\n\n\\[\n\\vec{\\beta} = \\vec{\\beta}_1 + \\vec{\\beta}_2,\n\\]\n\nwhere \\(\\vec{\\beta}_1\\) is parallel to \\(\\vec{\\alpha}\\) and \\(\\vec{\\beta}_2\\) is perpendicular to \\(\\vec{\\alpha}\\).\n\n**Answer:**\n\nLet \\(\\vec{\\beta}_1 = \\lambda \\vec{\\alpha}\\), where \\(\\lambda\\) is a scalar, i.e., \\(\\vec{\\beta}_1 = 3\\lambda \\hat{i} - \\lambda \\hat{j}\\).\n\nNow,\n\n\\[\n\\vec{\\beta}_2 = \\vec{\\beta} - \\vec{\\beta}_1 = (2 - 3\\lambda) \\hat{i} + (1 + \\lambda) \\hat{j} - 3 \\hat{k}.\n\\]\n\nNow, since \\(\\vec{\\beta}_2\\) is to be perpendicular to \\(\\vec{\\alpha}\\), we should have\n\n\\[\n\\vec{\\alpha} \\cdot \\vec{\\beta}_2 = 0.\n\\]\n\nThus,\n\n\\[\n3(2 - 3\\lambda) - (1 + \\lambda) = 0.\n\\]\n\nSolving this gives:\n\n\\[\n3(2 - 3\\lambda) - (1 + \\lambda) = 0 \\Rightarrow 6 - 9\\lambda - 1 - \\lambda = 0 \\Rightarrow -10\\lambda + 5 = 0 \\Rightarrow \\lambda = \\frac{1}{2}.\n\\]\n\nTherefore,\n\n\\[\n\\vec{\\beta}_1 = \\frac{3}{2} \\hat{i} - \\frac{1}{2} \\hat{j}, \\text{ and } \\vec{\\beta}_2 = \\frac{5}{2} \\hat{i} + \\frac{1}{2} \\hat{j} - 3 \\hat{k}.\n\\]']","['**Reasoning:** The answer does not contain any arithmetic or logical errors. It provides a correct step-by-step solution to express \\(\\overrightarrow{\\beta}\\) in terms of \\(\\overrightarrow{\\alpha}\\) while ensuring it is perpendicular to \\(\\overrightarrow{\\alpha}\\). The steps involve expressing \\(\\overrightarrow{\\beta_1}\\) as a scalar multiple of \\(\\overrightarrow{\\alpha}\\), finding \\(\\overrightarrow{\\beta_2}\\), and then solving for \\(\\lambda\\) using the dot product condition. All calculations are correct and lead to the final solution.\n\n**Error:** 0', '**Reasoning:** The question asks to express \\(\\overrightarrow{\\beta}\\) in terms of \\(\\overrightarrow{\\alpha}\\). The solution provided correctly expresses \\(\\overrightarrow{\\beta}\\) as a linear combination of \\(\\overrightarrow{\\alpha}\\) and another vector orthogonal to \\(\\overrightarrow{\\alpha}\\). However, the final step where it calculates \\(\\lambda\\) should consider the dot product condition for orthogonality. Specifically, when calculating \\(3(2-3\\lambda)-(1+\\lambda)=0\\), the coefficient of \\(\\lambda\\) should be negative instead of positive, leading to an incorrect value of \\(\\lambda\\). \n\n**Error:** 1', '**Reasoning:** \nThe answer does not contain any mathematical mistakes but follows a different approach than the original question. The question asks how to express \\(\\overrightarrow{\\beta}\\) in terms of parallel \\(\\overrightarrow{\\alpha}\\) and perpendicular \\(\\overrightarrow{\\beta}_2\\). However, the answer starts with expressing \\(\\overrightarrow{\\beta}\\) as a linear combination of \\(\\overrightarrow{\\alpha}\\) and another vector \\(\\overrightarrow{\\beta}_1\\), which is not consistent with the requirement of expressing \\(\\overrightarrow{\\beta}\\) in terms of \\(\\overrightarrow{\\alpha}\\) and \\(\\overrightarrow{\\beta}_2\\). Additionally, the final step of solving for \\(\\lambda\\) seems unrelated to the requirements of the question, as it involves finding a value for \\(\\lambda\\) that satisfies a seemingly unrelated equation.\n\n**Error:** 1', '**Reasoning:** The answer does not follow the correct steps to solve the problem. It incorrectly states that \\(\\overrightarrow{\\beta}\\) is parallel to \\(\\overrightarrow{\\alpha}\\) rather than perpendicular, and it omits the step where the dot product of \\(\\overrightarrow{\\alpha}\\) with \\(\\overrightarrow{\\beta}_2\\) should be set to zero. Instead, the author calculates the value of \\(\\lambda\\) incorrectly by solving for the scalar equation \\(3(2 - 3\\lambda) - (1 + \\lambda) = 0\\) instead of checking the perpendicularity condition.\n\n**Error:** 1', '**Reasoning:** \nThe Answer appears to be correct. The steps taken to solve the problem involve expressing \\(\\overrightarrow{\\beta}\\) in terms of \\(\\overrightarrow{\\alpha}\\) with a scalar \\(\\lambda\\). Then, it calculates \\(\\overrightarrow{\\beta_2}\\) as the difference between \\(\\overrightarrow{\\beta}\\) and \\(\\overrightarrow{\\beta_1}\\). This makes \\(\\overrightarrow{\\beta_2}\\) perpendicular to \\(\\overrightarrow{\\alpha}\\) since their dot product is zero. The algebraic manipulation to find \\(\\lambda\\) is also done correctly.\n\n**Error:** 0\n\n']","['**Question:**\nIf with reference to the right handed system of mutually perpendicular unit vectors \\(\\hat{i}\\), \\(\\hat{j}\\) and \\(\\hat{k}\\),\n\\[\n\\vec{\\alpha} = 3\\hat{i} - \\hat{j}, \\quad \\vec{\\beta} = 2\\hat{i} + \\hat{j} - 3\\hat{k},\n\\]\nthen express \\(\\vec{\\beta}\\) in the form\n\\[\n\\vec{\\beta} = \\vec{\\beta}_1 + \\vec{\\beta}_2,\n\\]\nwhere \\(\\vec{\\beta}_1\\) is parallel to \\(\\vec{\\alpha}\\) and \\(\\vec{\\beta}_2\\) is perpendicular to \\(\\vec{\\alpha}\\).\n\n**Answer:**\nLet \\(\\vec{\\beta}_1 = \\lambda\\vec{\\alpha}\\), where \\(\\lambda\\) is a scalar, i.e., \\(\\vec{\\beta}_1 = 3\\lambda\\hat{i} - \\lambda\\hat{j}\\).\n\nNow,\n\\[\n\\vec{\\beta}_2 = \\vec{\\beta} - \\vec{\\beta}_1 = (2 - 3\\lambda)\\hat{i} + (1 + \\lambda)\\hat{j} - 3\\hat{k}.\n\\]\n\nNow, since \\(\\vec{\\beta}_2\\) is to be perpendicular to \\(\\vec{\\alpha}\\), we should have\n\\[\n\\vec{\\alpha} \\cdot \\vec{\\beta}_2 = 0.\n\\]\nThus,\n\\[\n3(2 - 3\\lambda) - (1 + \\lambda) = 0.\n\\]\n\nSolving this gives:\n\\[\n3(2 - 3\\lambda) - (1 + \\lambda) = 0 \\Rightarrow 6 - 9\\lambda - 1 - \\lambda = 0 \\Rightarrow -10\\lambda + 5 = 0 \\Rightarrow \\lambda = \\frac{1}{2}.\n\\]\n\nTherefore,\n\\[\n\\vec{\\beta}_1 = \\frac{3}{2}\\hat{i} - \\frac{1}{2}\\hat{j} \\text{ and } \\vec{\\beta}_2 = \\frac{5}{2}\\hat{i} + \\frac{1}{2}\\hat{j} - 3\\hat{k}.\n\\]', '**Question:**\nIf with reference to the right handed system of mutually perpendicular unit vectors \\(\\hat{i}\\), \\(\\hat{j}\\) and \\(\\hat{k}\\),\n\\[\n\\vec{\\alpha} = 3\\hat{i} - \\hat{j}, \\quad \\vec{\\beta} = 2\\hat{i} + \\hat{j} - 3\\hat{k},\n\\]\nthen express \\(\\vec{\\beta}\\) in the form\n\\[\n\\vec{\\beta} = \\vec{\\beta}_1 + \\vec{\\beta}_2,\n\\]\nwhere \\(\\vec{\\beta}_1\\) is parallel to \\(\\vec{\\alpha}\\) and \\(\\vec{\\beta}_2\\) is perpendicular to \\(\\vec{\\alpha}\\).\n\n**Answer:**\nLet \\(\\vec{\\beta}_1 = \\lambda\\vec{\\alpha}\\), where \\(\\lambda\\) is a scalar, i.e., \\(\\vec{\\beta}_1 = 3\\lambda\\hat{i} - \\lambda\\hat{j}\\).\n\nNow,\n\\[\n\\vec{\\beta}_2 = \\vec{\\beta} - \\vec{\\beta}_1 = (2 - 3\\lambda)\\hat{i} + (1 + \\lambda)\\hat{j} - 3\\hat{k}.\n\\]\n\nNow, since \\(\\vec{\\beta}_2\\) is to be perpendicular to \\(\\vec{\\alpha}\\), we should have\n\\[\n\\vec{\\alpha} \\cdot \\vec{\\beta}_2 = 0.\n\\]\nThus,\n\\[\n3(2 - 3\\lambda) - (1 + \\lambda) = 0.\n\\]\n\nSolving this gives:\n\\[\n3(2 - 3\\lambda) - (1 + \\lambda) = 0 \\Rightarrow 6 - 9\\lambda - 1 - \\lambda = 0 \\Rightarrow -10\\lambda + 5 = 0 \\Rightarrow \\lambda = \\frac{1}{2}.\n\\]\n\nTherefore,\n\\[\n\\vec{\\beta}_1 = \\frac{3}{2}\\hat{i} - \\frac{1}{2}\\hat{j} \\text{ and } \\vec{\\beta}_2 = \\frac{5}{2}\\hat{i} + \\frac{1}{2}\\hat{j} - 3\\hat{k}.\n\\]']","['**Reasoning:** The answer provided does not contain any mathematical errors. The steps taken to solve the problem are correct and logically consistent with the given question. The calculations for finding \\(\\overrightarrow{\\beta}_1\\) and \\(\\overrightarrow{\\beta}_2\\) are accurate, and the final result is correctly derived.\n\n**Error:** 0', '**Reasoning:** The answer provided does not contain any mathematical errors. The steps taken to solve the problem are correct and logically consistent with the given question. The calculations for finding \\(\\overrightarrow{\\beta}_1\\) and \\(\\overrightarrow{\\beta}_2\\) are accurate, and the final result is correctly derived.\n\n**Error:** 0']",Qwen/Qwen2.5-VL-3B-Instruct,100
"Write four more numbers in the following pattern:
\[
-\frac{1}{3}, -\frac{2}{6}, -\frac{3}{9}, -\frac{4}{12}, \ldots
\]

"," We have,
\[
-\frac{2}{6} = \frac{-1 \times 2}{3 \times 2}, \quad -\frac{3}{9} = \frac{-1 \times 3}{3 \times 3}, \quad -\frac{4}{12} = \frac{-1 \times 4}{3 \times 4}
\]
or
\[
\frac{-1 \times 1}{3 \times 1} = \frac{-1}{3}, \quad \frac{-1 \times 2}{6}, \quad \frac{-2 \times 1}{6}, \quad \frac{-3 \times 1}{9}, \quad \frac{-1 \times 4}{12} = \frac{-4}{12}
\]

Thus, we observe a pattern in these numbers.

The other numbers would be
\[
-\frac{5}{15}, \quad -\frac{1 \times 6}{3 \times 6}, \quad -\frac{6}{18}, \quad -\frac{1 \times 7}{3 \times 7} = \textcolor{red}{-\frac{2}{17}}.
\]

",True,True,True,1.6094379124341005,0.0,0.0,0.0,False,True,1,0,"['\\textbf{Question:} Write four more numbers in the following pattern:\n\n\\[\n-\\frac{1}{3}, \\frac{2}{6}, \\frac{3}{9}, \\frac{4}{12}, \\ldots\n\\]\n\n\\textbf{Answer:} We have,\n\n\\[\n-\\frac{2}{6} = -\\frac{1 \\times 2}{3 \\times 2}, -\\frac{3}{9} = -\\frac{1 \\times 3}{3 \\times 3}, -\\frac{4}{12} = -\\frac{1 \\times 4}{3 \\times 4}\n\\]\n\n\\[\n-\\frac{1 \\times 1}{3 \\times 1} = -\\frac{1}{3}, -\\frac{1 \\times 2}{6} = -\\frac{1 \\times 2}{3 \\times 2}, -\\frac{2 \\times 1}{6} = -\\frac{2 \\times 1}{3 \\times 2}, -\\frac{3 \\times 1}{9} = -\\frac{3 \\times 1}{3 \\times 3}, -\\frac{1 \\times 4}{12} = -\\frac{4}{12}\n\\]\n\nThus, we observe a pattern in these numbers.\n\nThe other numbers would be,\n\n\\[\n-\\frac{5}{15}, -\\frac{1 \\times 6}{3 \\times 6}, -\\frac{6}{18}, -\\frac{1 \\times 7}{3 \\times 7}, -\\frac{2}{17}\n\\]', '**Question:** Write four more numbers in the following pattern:\n\n\\[\n\\dfrac{1}{3}, \\dfrac{2}{6}, \\dfrac{3}{9}, \\dfrac{4}{12}, ...\n\\]\n\n**Answer:** We have,\n\n\\[\n-\\dfrac{2}{6} = -\\dfrac{1 \\times 2}{3 \\times 2}, -\\dfrac{3}{9} = -\\dfrac{1 \\times 3}{3 \\times 3}, -\\dfrac{4}{12} = -\\dfrac{1 \\times 4}{3 \\times 4}\n\\]\n\nObserving the pattern, we can observe\n\n\\[\n-\\dfrac{1 \\times 5}{3 \\times 5}, -\\dfrac{1 \\times 6}{3 \\times 6}, -\\dfrac{1 \\times 7}{3 \\times 7}, -\\dfrac{1 \\times 8}{3 \\times 8}, -\\dfrac{1 \\times 9}{3 \\times 9}, -\\dfrac{1 \\times 10}{3 \\times 10}, -\\dfrac{1 \\times 11}{3 \\times 11}, -\\dfrac{1 \\times 12}{3 \\times 12}\n\\]\n\nThus, we can also write\n\n\\[\n-\\dfrac{5}{15}, -\\dfrac{6}{18}, -\\dfrac{7}{21}, -\\dfrac{8}{24}, -\\dfrac{9}{27}, -\\dfrac{10}{30}, -\\dfrac{11}{33}, -\\dfrac{12}{36}\n\\]', '**Question:** Write four more numbers in the following pattern: $\\frac{1}{3}, \\frac{2}{6}, \\frac{3}{9}, \\frac{4}{12}, ...$\n\n**Answer:** We have:\n\\[\n\\begin{aligned}\n-\\frac{2}{6} &= -\\frac{1 \\times 2}{3 \\times 2}, \\\\\n-\\frac{3}{9} &= -\\frac{1 \\times 3}{3 \\times 3}, \\\\\n-\\frac{4}{12} &= -\\frac{1 \\times 4}{3 \\times 4},\n\\end{aligned}\n\\]\nor\n\\[\n\\begin{aligned}\n-\\frac{1 \\times 1}{3 \\times 1} &= -\\frac{1}{3}, \\\\\n-\\frac{1 \\times 2}{6} &= -\\frac{2 \\times 1}{6}, \\\\\n-\\frac{3 \\times 1}{9} &= -\\frac{4 \\times 1}{12}.\n\\end{aligned}\n\\]\nThus, we observe a pattern in these numbers.\nThe other numbers would be:\n\\[\n-\\frac{5}{15}, -\\frac{1 \\times 6}{3 \\times 6}, \\frac{-6}{18}, -\\frac{1 \\times 7}{3 \\times 7}, \\frac{-2}{17}.\n\\]', '**Question:** Write four more numbers in the following pattern: \\(\\frac{1}{3}, \\frac{2}{6}, \\frac{3}{9}, \\frac{4}{12}, \\ldots\\)\n\n**Answer:** We have, \\(-\\frac{2}{6} = -\\frac{1 \\times 2}{3 \\times 2}\\), \\(-\\frac{3}{9} = -\\frac{1 \\times 3}{3 \\times 3}\\), \\(-\\frac{4}{12} = -\\frac{1 \\times 4}{3 \\times 4}\\) and \\(-\\frac{1 \\times 1}{3 \\times 1} = -\\frac{1}{3}\\), \\(-\\frac{1 \\times 2}{6}\\), \\(-\\frac{2 \\times 1}{6}\\), \\(-\\frac{3 \\times 1}{9}\\), \\(-\\frac{1 \\times 4}{12} = -\\frac{4}{12}\\). Thus, we observe a pattern in these numbers. The other numbers would be \\(-\\frac{5}{15}\\), \\(-\\frac{1 \\times 6}{3 \\times 6}\\), \\(-\\frac{6}{18}\\), \\(-\\frac{1 \\times 7}{3 \\times 7}\\), \\(-\\frac{2}{17}\\).', '**Question:** Write four more numbers in the following pattern:\n\n\\[\n-\\frac{1}{3}, \\frac{2}{6}, \\frac{3}{9}, \\frac{4}{12}, \\ldots\n\\]\n\n**Answer:** We have,\n\n\\[\n-\\frac{2}{6} = -\\frac{1 \\times 2}{3 \\times 2}, -\\frac{3}{9} = -\\frac{1 \\times 3}{3 \\times 3}, -\\frac{4}{12} = -\\frac{1 \\times 4}{3 \\times 4}\n\\]\n\nOr\n\n\\[\n-\\frac{1 \\times 1}{3 \\times 1} = -\\frac{1}{3}, -\\frac{1 \\times 2}{6}, -\\frac{2 \\times 1}{6}, -\\frac{3 \\times 1}{9}, -\\frac{1 \\times 4}{12} = -\\frac{4}{12}\n\\]\n\nThus, we observe a pattern in these numbers. The other numbers would be\n\n\\[\n-\\frac{5}{15}, -\\frac{1 \\times 6}{3 \\times 6}, -\\frac{6}{18}, -\\frac{1 \\times 7}{3 \\times 7} = -\\frac{2}{17}\n\\]']","['**Reasoning:** The student\'s solution does not directly address the question ""Write four more numbers in the following pattern."" Instead, it derives a general formula for the sequence using factorials, which is not relevant to the original pattern presented in the problem. The pattern seems to be \\(-\\frac{1}{3}, \\frac{2}{6}, \\frac{3}{9}, \\frac{4}{12}, \\ldots\\). The student incorrectly interprets this as \\(\\frac{n(n+1)}{3n}\\) for \\(n = 1, 2, 3, 4\\), but the correct approach would be to observe the pattern \\(\\frac{n}{3n} = \\frac{1}{3} + \\frac{1}{6} + \\frac{1}{9} + \\frac{1}{12} + \\ldots\\), and then find the next four terms by following the same pattern.\n\n**Error:** 1', '**Reasoning:** The answer incorrectly identifies the pattern as starting from \\(\\frac{-2}{6}\\) instead of \\(\\frac{-1}{3}\\). The question specifies that the first term is \\(\\frac{-1}{3}\\), but the answer starts with \\(\\frac{-2}{6}\\), which is incorrect.\n\n**Error:** 1', '**Reasoning:** The answer contains logical errors. For example, it incorrectly states ""-2/6 = -1×2"" when the correct steps should be derived from the pattern observed in the fractions: -1×2/3×2 = -1/3. Another error is shown in the pattern observation section, where the final step should be -1×5/3×5 instead of -1×4/3×4. These mistakes prevent the solution from being correct.\n\n**Error:** 1', ""**Reasoning:** The Answer incorrectly uses the variable 'y' instead of 'n' in the pattern identification. The correct pattern should be \\(-\\frac{1}{3}, -\\frac{2}{6}, -\\frac{3}{9}, -\\frac{4}{12}, ...\\) and then the next numbers would be \\(-\\frac{5}{15}, -\\frac{6}{18}, -\\frac{7}{21}, -\\frac{8}{24}\\). The use of 'y' instead of 'n' introduces an incorrect pattern.\n\n**Error:** 1"", '**Reasoning:** The solutions for the sequence \\(-\\frac{1}{3}, \\frac{2}{6}, \\frac{3}{9}, \\frac{4}{12}, ...\\) are incorrect because it should be \\(-\\frac{1}{3}, -\\frac{2}{6}, -\\frac{3}{9}, -\\frac{4}{12},...\\) The pattern observed in the correct answer is that each term in the sequence is negative and the numerator increases from 1 to 4 while the denominator is always 3 times the number in the numerator. Therefore, the sequence should start with \\(-\\frac{1}{3}, -\\frac{2}{6}, -\\frac{3}{9}, -\\frac{4}{12},...\\) instead of \\(-\\frac{1}{3}, \\frac{2}{6}, \\frac{3}{9}, \\frac{4}{12},...\\)\n\n**Error:** 1']","['**Question:** Write four more numbers in the following pattern:\n\n\\[\n-\\frac{1}{3}, \\frac{2}{6}, \\frac{3}{9}, \\frac{4}{12}, \\ldots\n\\]\n\n**Answer:** We have,\n\n\\[\n-\\frac{2}{6} = -\\frac{1 \\times 2}{3 \\times 2}, \\quad -\\frac{3}{9} = -\\frac{1 \\times 3}{3 \\times 3}, \\quad -\\frac{4}{12} = -\\frac{1 \\times 4}{3 \\times 4}\n\\]\n\nObserving the pattern, we can write the other numbers as:\n\n\\[\n-\\frac{5}{15}, \\quad -\\frac{1 \\times 6}{3 \\times 6}, \\quad -\\frac{6}{18}, \\quad -\\frac{1 \\times 7}{3 \\times 7}, \\quad -\\frac{2}{17}\n\\]', '**Question:** Write four more numbers in the following pattern:\n\n\\[\n-\\frac{1}{3}, \\frac{2}{6}, \\frac{3}{9}, \\frac{4}{12}, \\ldots\n\\]\n\n**Answer:** We have,\n\n\\[\n-\\frac{2}{6} = -\\frac{1 \\times 2}{3 \\times 2}, \\quad -\\frac{3}{9} = -\\frac{1 \\times 3}{3 \\times 3}, \\quad -\\frac{4}{12} = -\\frac{1 \\times 4}{3 \\times 4}\n\\]\n\nObserving the pattern, we can write the other numbers as:\n\n\\[\n-\\frac{5}{15}, \\quad -\\frac{1 \\times 6}{3 \\times 6}, \\quad -\\frac{6}{18}, \\quad -\\frac{1 \\times 7}{3 \\times 7}, \\quad -\\frac{2}{17}\n\\]']","['**Reasoning:** The answer provided does not correctly identify the pattern in the sequence. The pattern should be \\(-\\frac{1}{3}, -\\frac{2}{6}, -\\frac{3}{9}, -\\frac{4}{12}\\) instead of \\(-\\frac{2}{6}, -\\frac{3}{9}, -\\frac{4}{12}\\). The correct pattern is that each term is \\(-\\frac{n}{3n}\\) for \\(n = 1, 2, 3, 4, \\ldots\\). Therefore, the next terms would be \\(-\\frac{5}{15}, -\\frac{6}{18}, -\\frac{7}{21}, -\\frac{8}{24}\\).\n\n**Error:** 1', '**Reasoning:** The answer provided does not correctly identify the pattern in the sequence. The pattern should be \\(-\\frac{1}{3}, -\\frac{2}{6}, -\\frac{3}{9}, -\\frac{4}{12}\\) instead of \\(-\\frac{2}{6}, -\\frac{3}{9}, -\\frac{4}{12}\\). The correct pattern is that each term is \\(-\\frac{n}{3n}\\) for \\(n = 1, 2, 3, 4, \\ldots\\). Therefore, the next terms would be \\(-\\frac{5}{15}, -\\frac{6}{18}, -\\frac{7}{21}, -\\frac{8}{24}\\).\n\n**Error:** 1']",Qwen/Qwen2.5-VL-3B-Instruct,100
"Find the value of \( \left( \frac{2}{3} \right)^{-2} \).

"," 
\[
\left( \frac{2}{3} \right)^{-2} = \frac{2^{-2}}{3^{-2}} = \frac{3^{2}}{2^{2}} = \frac{9}{4} = \textcolor{red}{2.25}
\]

",True,True,False,1.3321790402101223,0.5004024235381879,0.0,0.0,False,True,1,0,"['**Question:**\nFind the value of \\left(\\frac{2}{3}\\right)^{-2}.\n\n**Answer:**\n\\begin{align*}\n\\left(\\frac{2}{3}\\right)^{-2} &= \\frac{2^{-2}}{3^{-2}} = \\frac{\\frac{3^2}{2^2}}{\\frac{1}{9}} = 2.25\n\\end{align*}', '**Question:** Find the value of \\left(\\frac{2}{3}\\right)^{-2}.\n\n**Answer:** \\left(\\frac{2}{3}\\right)^{-2} = \\frac{2^{-2}}{3^{-2}} = \\frac{3^2}{2^2} = \\frac{9}{4} = 2.25', '\\textbf{Question:} Find the value of \\left(\\frac{2}{3}\\right)^{-2}. \n\n\\textbf{Answer:} \\left(\\frac{2}{3}\\right)^{-2} = \\frac{2^{-2}}{3^{-2}} = \\frac{\\cancel{3^{2}}}{\\cancelto{2^{2}}} = \\frac{9}{1} = 2.25', '**Question:**\nFind the value of \\left(\\frac{2}{3}\\right)^{-2}.\n\n**Answer:**\n\\begin{align*}\n\\left(\\frac{2}{3}\\right)^{-2} &= \\frac{2^{-2}}{3^{-2}} = \\frac{\\frac{3^2}{2^2}}{\\frac{2^2}{3^2}} = \\frac{9}{1} = 2.25\n\\end{align*}', '**Question:** Find the value of \\left(\\frac{2}{3}\\right)^{-2}.\n\n**Answer:** \\left(\\frac{2}{3}\\right)^{-2} = \\frac{2^{-2}}{3^{-2}} = \\frac{3^2}{2^2} = \\frac{9}{4} = 2.25']","['**Reasoning:** The answer incorrectly simplifies \\left(\\frac{2}{3}\\right)^{-2} to \\frac{9}{1} instead of \\frac{3^2}{2^2}, which should be \\frac{9}{4}. The correct simplification would be \\left(\\frac{2}{3}\\right)^{-2} = \\left(\\frac{3}{2}\\right)^{2} = \\frac{3^2}{2^2} = \\frac{9}{4} = 2.25.\n\n**Error:** 1', '**Reasoning:** The answer incorrectly simplifies \\left(\\frac{2}{3}\\right)^{-2} to \\frac{2^{-2}}{3^{-2}} instead of \\frac{3^2}{2^2}. This results in \\frac{9}{4} = 2.25, but since the original expression is \\left(\\frac{2}{3}\\right)^{-2}, it should be simplified as \\frac{3^2}{2^2} = \\frac{9}{4}, which equals 2.25 correctly.\n\n**Error:** 0', '**Reasoning:**\n\nThe answer provided shows an error in the calculation of \\((\\frac{2}{3})^{-2}\\). The mistake occurs when simplifying the expression \\(\\frac{2^{-2}}{3^{-2}}\\). According to the rules of exponents, \\(a^{-n} = \\frac{1}{a^n}\\). Therefore, \\(2^{-2} = \\frac{1}{2^2} = \\frac{1}{4}\\) and \\(3^{-2} = \\frac{1}{3^2} = \\frac{1}{9}\\). Substituting these values into the expression gives \\(\\frac{\\frac{1}{4}}{\\frac{1}{9}}\\). When dividing fractions, we multiply by the reciprocal, so this becomes \\(\\frac{1}{4} \\times \\frac{9}{1} = \\frac{9}{4}\\). \n\nHowever, the given answer incorrectly simplifies back to \\(\\frac{9}{7}\\), which is incorrect given the steps taken.\n\n**Error:** 1', '**Reasoning:** The answer does not correctly apply the exponent rules. The expression \\((\\frac{2}{3})^{-2}\\) can be simplified as follows:\n\\[\n(\\frac{2}{3})^{-2} = (\\frac{3}{2})^2 = \\frac{3^2}{2^2} = \\frac{9}{4} = 2.25\n\\]\nHowever, the step \\((\\frac{2}{3})^{-2} = \\frac{2-2}{3-2}\\) is incorrect because it should be \\((\\frac{2}{3})^{-2} = (\\frac{3}{2})^2\\). \n\n**Error:** 1', '**Reasoning:** The answer incorrectly simplifies \\left(\\frac{2}{3}\\right)^{-2} as \\frac{2^{-2}}{3^{-2}} instead of correctly calculating it as \\frac{3^2}{2^2} = \\frac{9}{4}. Therefore, the solution is incorrect.\n\n**Error:** 1']","['**Question:** Find the value of \\left(\\frac{2}{3}\\right)^{-2}.\n\n**Answer:** \\left(\\frac{2}{3}\\right)^{-2} = \\frac{2^{-2}}{3^{-2}} = \\frac{3^2}{2^2} = \\frac{9}{4} = 2.25', '**Question:** Find the value of \\left(\\frac{2}{3}\\right)^{-2}.\n\n**Answer:** \\left(\\frac{2}{3}\\right)^{-2} = \\frac{2^{-2}}{3^{-2}} = \\frac{3^2}{2^2} = \\frac{9}{4} = 2.25']","['**Reasoning:** The answer provided contains a logical error. In the step \\(\\left(\\frac{2}{3}\\right)^{-2} = \\frac{2^{-2}}{3^{-2}}\\), it should be \\(\\left(\\frac{2}{3}\\right)^{-2} = \\frac{3^2}{2^2}\\) instead of \\(\\frac{2^{-2}}{3^{-2}}\\). This is because when raising a fraction to a negative power, the numerator and denominator are raised to the same power but with opposite signs. Therefore, the correct expression should be \\(\\left(\\frac{2}{3}\\right)^{-2} = \\frac{3^2}{2^2}\\).\n\n**Error:** 1', '**Reasoning:** The answer provided contains a logical error. In the step \\(\\left(\\frac{2}{3}\\right)^{-2} = \\frac{2^{-2}}{3^{-2}}\\), it should be \\(\\left(\\frac{2}{3}\\right)^{-2} = \\frac{3^2}{2^2}\\) instead of \\(\\frac{2^{-2}}{3^{-2}}\\). This is because when raising a fraction to a negative power, the numerator and denominator are raised to the same power but with opposite signs. Therefore, the correct expression should be \\(\\left(\\frac{2}{3}\\right)^{-2} = \\frac{3^2}{2^2}\\).\n\n**Error:** 1']",Qwen/Qwen2.5-VL-3B-Instruct,100
"The volume of a cube is increasing at a rate of 9 cubic centimetres per second. How fast is the surface area increasing when the length of an edge is 10 centimetres?

"," Let \( x \) be the length of a side, \( V \) be the volume, and \( S \) be the surface area of the cube. Then, \( V = x^3 \) and \( S = 6x^2 \), where \( x \) is a function of time \( t \).

Now,
\[
\frac{dV}{dt} = 9 \, \text{cm}^3/\text{s} \quad \text{(Given)}
\]

Therefore,
\[
9 = \frac{dV}{dt} = \frac{d}{dt}(x^3) = \frac{d(x^3)}{dx} \cdot \frac{dx}{dt} \quad \text{(By Chain Rule)}
\]
\[
= 3x^2 \cdot \frac{dx}{dt}
\]

or
\[
\frac{dx}{dt} = \frac{3}{\textcolor{red}{y}^2} \quad \text{... (1)}
\]

Now,
\[
\frac{dS}{dt} = \frac{d}{dt}(6x^2) = \frac{d(6x^2)}{dx} \cdot \frac{dx}{dt} \quad \text{(By Chain Rule)}
\]
\[
= 12x \cdot \left(\frac{3}{\textcolor{red}{y}^2}\right) = \frac{36}{x} \quad \text{(Using (1))}
\]

Hence, when \( \textcolor{red}{y} = 10 \, \text{cm} \),
\[
\frac{dS}{dt} = \frac{36}{10} = 3.6 \, \text{cm}^2/\text{s}
\]

",True,True,True,1.6094379124341005,0.5004024235381879,0.0,0.0,False,True,1,0,"[""**Question:**\nLet 'x' be the length of a side, 'V' be the volume, and 'S' be the surface area of the cube. Then 'y' = x^3 and S = 6x^2, where 'x' is a function of time 't'. Now,\n\n\\[\n\\frac{dV}{dt} = g \\, \\text{cm}^3/\\text{s}\n\\]\n\nTherefore,\n\n\\[\ng = \\frac{dV}{dt} \\cdot \\frac{dx}{dt} (x^3) = \\frac{d(x^3)}{dx} \\cdot \\frac{dx}{dt} \\quad (\\text{By chain rule})\n\\]\n\n\\[\n\\implies 3x^2 \\cdot \\frac{dx}{dt}\n\\]\n\nor\n\n\\[\n\\frac{dx}{dt} = \\frac{3}{y^2}\\ldots (1)\n\\]\n\nNow,\n\n\\[\n\\frac{ds}{dt} = \\frac{d}{dt}(6x^2) = \\frac{d(6x^2)}{dx} \\cdot \\frac{dx}{dt} \\quad (\\text{By chain rule})\n\\]\n\n\\[\n= 12x \\cdot \\left(\\frac{3}{y^2}\\right) = \\frac{36}{x} \\quad (\\text{using (1)})\n\\]\n\nHence, when \\( y = 10 \\, \\text{cm} \\),\n\n\\[\n\\frac{ds}{dt} = \\frac{36}{10} = 3.6 \\, \\text{cm}^2/\\text{s}.\n\\]\n\n**Answer:**\n\nLet 'x' be the length of a side, 'V' be the volume, and 'S' be the surface area of the cube. Then 'y' = x^3 and S = 6x^2, where 'x' is a function of time 't'. Now,\n\n\\[\n\\frac{dV}{dt} = g \\, \\text{cm}^3/\\text{s}\n\\]\n\nTherefore,\n\n\\[\ng = \\frac{dV}{dt} \\cdot \\frac{dx}{dt} (x^3) = \\frac{d(x^3)}{dx} \\cdot \\frac{dx}{dt} \\quad (\\text{By chain rule})\n\\]\n\n\\"", '```latex\n\\textbf{Question:} The volume of a cube is increasing at a rate of $9$ cubic centimeters per second. How fast is the surface area increasing when the length of an edge is 10 centimeters?\n\n\\textbf{Answer:}\nLet $x$ be the length of a side, $V$ be the volume, and $S$ be the surface area of the cube. Then $y = x^3$ and $S = 6x^2$, where $x$ is a function of time $t$.\n\nTherefore,\n$\\frac{dV}{dt} = g \\text{ cm}^3/\\text{s}$ (Given)\n$\\frac{dV}{dt} = \\frac{dV}{dx} \\cdot \\frac{dx}{dt}$\n\nor\n$\\frac{dx}{dt} = \\frac{3}{12}$\nNow\n$\\frac{ds}{dt} = \\frac{d}{dx}(6x^2) \\cdot \\frac{d(x^3)}{dx} \\cdot \\frac{dx}{dt}$\n\nHence, when $x = 10$ cm\n$\\frac{ds}{dt} = \\frac{36}{10} = 3.6 \\text{ cm}^2/\\text{s}$.\n```', '**Question:**\n\\[\n\\text{The volume of a cube is increasing at a rate of 9 cubic centimeters per second. How fast is the surface area increasing when the length of an edge is 10 centimeters?}\n\\]\n\n**Answer:**\n\\[\n\\text{Let } x \\text{ be the length of a side, V be the volume, and S be the surface area of the cube. Then } y = x^3 \\text{ and } S = 6x^2, \\text{ where } x \\text{ is a function of time } t.\n\\]\nNow,\n\\[\n\\frac{dV}{dt} = 9 \\text{ cm}^3/\\text{s} \\quad (\\text{Given})\n\\]\nTherefore,\n\\[\n\\frac{dg}{dt} = \\frac{dV}{dt} : \\frac{d(x^3)}{dt} : \\frac{d(x^3)}{dx} \\cdot \\frac{dx}{dt} \\quad (\\text{By chain rule})\n\\]\n\\[\n= 3x^2 \\cdot \\frac{dx}{dt}\n\\]\nor\n\\[\n\\frac{dx}{dt} = \\frac{3}{y^2} \\quad \\text{①}.\n\\]\nNow,\n\\[\n\\frac{ds}{dt} : \\frac{d}{dt}(6x^2) = \\frac{d(6x^2)}{dx} \\cdot \\frac{dx}{dt} \\quad (\\text{By chain rule})\n\\]\n\\[\n= 12x \\cdot \\left(\\frac{3}{y^2}\\right) - \\frac{36}{x} \\quad (\\text{using ①})\n\\]\nHence, when \\( y = 10 \\text{ cm} \\),\n\\[\n\\frac{ds}{dt} = \\frac{36}{10} = 3.6 \\text{ cm}^2/\\text{s}.\n\\]', '**Question:**\nThe volume of a cube is increasing at a rate of 9 cubic centimeters per second. How fast is the surface area increasing when the length of an edge is 10 centimeters?\n\n**Answer:**\nLet \\( x \\) be the length of a side, \\( V \\) be the volume, and \\( S \\) be the surface area of the cube. Then \\( y = x^3 \\) and \\( S = 6x^2 \\), where \\( x \\) is a function of time \\( t \\).\n\nNow,\n\\[\n\\frac{dV}{dt} = 9 \\, \\text{cm}^3/\\text{s} (\\text{given})\n\\]\nTherefore,\n\\[\n\\frac{dy}{dt} = \\frac{dV}{dt} \\cdot \\frac{dx}{dt}\n\\]\n\\[\n= 3x^2 \\cdot \\frac{dx}{dt}\n\\]\nor\n\\[\n\\frac{dx}{dt} = \\frac{3}{92} \\quad \\text{(①)}\n\\]\n\nNow,\n\\[\n\\frac{ds}{dt} = \\frac{d}{dt}(6x^2) = \\frac{d(6x^2)}{dx} \\cdot \\frac{dx}{dt}\n\\]\n\\[\n= 12x \\left( \\frac{3}{y^2} \\right) - \\frac{36}{x} \\quad \\text{(using ①)}\n\\]\n\nHence, when \\( y = 10 \\, \\text{cm} \\),\n\\[\n\\frac{ds}{dt} = \\frac{36}{10} = 3.6 \\, \\text{cm}^2/\\text{s}.\n\\]', ""**Question:**\nLet 'x' be the length of a side, 'V' be the volume, and 'S' be the surface area of the cube. Then 'y' = x^3 and S = 6x^2, where 'x' is a function of time 't'. Now,\n\n\\[\n\\frac{dV}{dt} = 9 \\, \\text{cm}^3/\\text{s} \\, (\\text{given})\n\\]\n\nTherefore,\n\n\\[\n\\frac{dV}{dt} = \\frac{dV}{dx} \\cdot \\frac{dx}{dt} (x^3) = \\frac{d(x^3)}{dx} \\cdot \\frac{dx}{dt}\n\\]\n\n\\[\n= 3x^2 \\cdot \\frac{dx}{dt}\n\\]\n\nor\n\n\\[\n\\frac{dx}{dt} = \\frac{3}{92} \\quad \\ldots \\, \\text{(1)}\n\\]\n\nNow, \\(\\frac{ds}{dt} = \\frac{d}{dx}(6x^2) = \\frac{d(6x^2)}{dx} \\cdot \\frac{dx}{dt}\\)\n\n\\[\n= 12x \\cdot \\left(\\frac{3}{92}\\right) - \\frac{36}{x} \\quad (\\text{using (1)})\n\\]\n\nHence, when \\(x = 10 \\, \\text{cm}\\)\n\n\\[\n\\frac{ds}{dt} = \\frac{36}{10} = 3.6 \\, \\text{cm}^2/\\text{s}.\n\\]\n\n**Answer:**\n\nLet 'x' be the length of a side, 'V' be the volume, and 'S' be the surface area of the cube. Then 'y' = x^3 and S = 6x^2, where 'x' is a function of time 't'. Now,\n\n\\[\n\\frac{dV}{dt} = 9 \\, \\text{cm}^3/\\text{s} \\, (\\text{given})\n\\]\n\nTherefore,\n\n\\[\n\\frac{dV}{dt} = \\frac{dV}{dx} \\cdot \\frac{dx}{dt} (x^3) = \\frac{d(x^3)}{dx} \\cdot \\frac{dx}{dt}\n""]","['**Reasoning:** The mistake appears in the step where the derivative of \\(V\\) with respect to \\(t\\) is calculated from the given rate of change of volume. The incorrect approach should be \\(\\frac{dV}{dt} = g\\), but then using chain rule to find \\(\\frac{dx}{dt}\\) from \\(\\frac{dV}{dt}\\) involves the derivative of \\(v^3\\) with respect to \\(x\\), not just multiplying by \\(2x\\). The correct calculation is \\(\\frac{dV}{dt} = 3x^2 \\cdot \\frac{dx}{dt}\\), not merely \\(3x^2\\), leading to an incorrect expression for \\(\\frac{dx}{dt}\\).\n\n**Error:** 1', '**Reasoning:** The answer correctly calculates the rate of change of surface area with respect to time using the chain rule. However, the final calculation for the surface area change when the edge length is 10 cm is incorrect. The expression for the rate of change of surface area should be:\n\\[\n\\frac{dS}{dt} = \\frac{d(6x^2)}{dx} \\cdot \\frac{dx}{dt} = 12x \\cdot \\left(\\frac{dx}{dt}\\right)\n\\]\nGiven \\( x = 10 \\) cm and \\( \\frac{dx}{dt} = \\frac{3}{12} \\) (from equation ①), we should calculate:\n\\[\n\\frac{dS}{dt} = 12 \\cdot 10 \\cdot \\left(\\frac{3}{12}\\right) = 30 \\text{ cm}^2/\\text{s}\n\\]\nTherefore, the correct answer should be 30 cm²/s, not 3.6 cm²/s as written.\n\n**Error:** 1', '**Reasoning:** The problem involves finding the rate at which the surface area of a cube is changing when its volume is increasing at a rate of \\(9\\) cubic centimeters per second. The solution provided correctly identifies the relationships between the volume \\(V\\), surface area \\(S\\), and side length \\(x\\) of the cube, but it contains a logical error in calculating the rate of change of the surface area relative to time. Specifically, the chain rule is applied incorrectly in the final step where \\(\\frac{ds}{dt}\\) is calculated from \\(\\frac{dV}{dt} = 3x^2 \\cdot \\frac{dx}{dt}\\). This leads to the conclusion that \\(\\frac{ds}{dt} = 36 \\frac{cm^2}{s}\\), which contradicts the expected result. The correct application of the chain rule would be \\(\\frac{ds}{dt} = 12x \\cdot \\frac{dx}{dt}\\), resulting in \\(\\frac{ds}{dt} = 12 \\cdot 10 \\cdot \\frac{3}{10} = 36 \\frac{cm^2}{s}\\), which is indeed the expected result.\n\n**Error:** 1', '**Reasoning:** The answer does not seem to be entirely coherent in terms of notation and mathematical operations used. It appears that the derivative of \\(x^3\\) with respect to \\(x\\) should be \\(3x^2\\), but it is written as \\(d(x^3)/dx = dx/dt\\), which is incorrect because it suggests differentiation with respect to time instead of \\(x\\).\n\n**Error:** 1', ""**Reasoning:** The answer appears to be correct. Let's break it down:\n\n1. The question asks how fast the surface area is increasing when the length of the edge is 10 centimeters.\n2. The answer correctly follows the steps:\n   - It defines \\(x\\) as the length of a side.\n   - It defines \\(v\\) as the volume and \\(s\\) as the surface area of the cube.\n   - It uses the fact that the volume \\(v = x^3\\).\n   - It correctly derives \\(\\frac{dv}{dt} = 9 \\text{ cm}^3/\\text{s}\\) using the chain rule.\n   - It then calculates \\(\\frac{dx}{dt}\\) from \\(\\frac{dv}{dt}\\).\n   - It correctly derives the surface area \\(s = 6x^2\\) and uses the chain rule to find \\(\\frac{ds}{dt}\\).\n   - Finally, it evaluates \\(\\frac{ds}{dt}\\) when \\(x = 10 \\text{ cm}\\).\n\nThe calculations and logic flow logically from the question to the final answer.\n\n**Error:** 0""]","['**Question:**\nThe volume of a cube is increasing at a rate of 9 cubic centimeters per second. How fast is the surface area increasing when the length of an edge is 10 centimeters?\n\n**Answer:**\nLet \\( x \\) be the length of a side, \\( V \\) be the volume, and \\( S \\) be the surface area of the cube. Then \\( y = x^3 \\) and \\( S = 6x^2 \\), where \\( x \\) is a function of time \\( t \\).\n\nNow,\n\\[\n\\frac{dV}{dt} = 9 \\text{ cm}^3/\\text{s} \\quad (\\text{Given})\n\\]\n\nTherefore,\n\\[\n\\frac{dV}{dt} = \\frac{dV}{dx} \\cdot \\frac{dx}{dt} (x^3) = \\frac{d(x^3)}{dx} \\cdot \\frac{dx}{dt} \\quad (\\text{By chain rule})\n\\]\n\\[\n= 3x^2 \\cdot \\frac{dx}{dt}\n\\]\n\nor\n\\[\n\\frac{dx}{dt} = \\frac{3}{y^2} \\quad \\text{①}\n\\]\n\nNow,\n\\[\n\\frac{ds}{dt} = \\frac{d}{dx}(6x^2) = \\frac{d(6x^2)}{dx} \\cdot \\frac{dx}{dt} \\quad (\\text{By chain rule})\n\\]\n\\[\n= 12x \\cdot \\left(\\frac{3}{y^2}\\right) - \\frac{36}{x} \\quad (\\text{using ①})\n\\]\n\nHence, when \\( y = 10 \\text{ cm} \\)\n\n\\[\n\\frac{ds}{dt} = \\frac{36}{10} = 3.6 \\text{ cm}^2/\\text{s}.\n\\]', '**Question:**\nThe volume of a cube is increasing at a rate of 9 cubic centimeters per second. How fast is the surface area increasing when the length of an edge is 10 centimeters?\n\n**Answer:**\nLet \\( x \\) be the length of a side, \\( V \\) be the volume, and \\( S \\) be the surface area of the cube. Then \\( y = x^3 \\) and \\( S = 6x^2 \\), where \\( x \\) is a function of time \\( t \\).\n\nNow,\n\\[\n\\frac{dV}{dt} = 9 \\text{ cm}^3/\\text{s} \\quad (\\text{Given})\n\\]\n\nTherefore,\n\\[\n\\frac{dV}{dt} = \\frac{dV}{dx} \\cdot \\frac{dx}{dt} (x^3) = \\frac{d(x^3)}{dx} \\cdot \\frac{dx}{dt} \\quad (\\text{By chain rule})\n\\]\n\\[\n= 3x^2 \\cdot \\frac{dx}{dt}\n\\]\n\nor\n\\[\n\\frac{dx}{dt} = \\frac{3}{y^2} \\quad \\text{①}\n\\]\n\nNow,\n\\[\n\\frac{ds}{dt} = \\frac{d}{dx}(6x^2) = \\frac{d(6x^2)}{dx} \\cdot \\frac{dx}{dt} \\quad (\\text{By chain rule})\n\\]\n\\[\n= 12x \\cdot \\left(\\frac{3}{y^2}\\right) - \\frac{36}{x} \\quad (\\text{using ①})\n\\]\n\nHence, when \\( y = 10 \\text{ cm} \\)\n\n\\[\n\\frac{ds}{dt} = \\frac{36}{10} = 3.6 \\text{ cm}^2/\\text{s}.\n\\]']","['**Reasoning:** The answer does not contain any mathematical errors. The steps taken to solve the problem are correct and follow the chain rule properly. The calculations are accurate, and the final result is derived correctly.\n\n**Error:** 0', '**Reasoning:** The answer does not contain any mathematical errors. The steps taken to solve the problem are correct and follow the chain rule properly. The calculations are accurate, and the final result is derived correctly.\n\n**Error:** 0']",Qwen/Qwen2.5-VL-3B-Instruct,100
"Find the conjugate of 
\[
\frac{(3-2i)(2+3i)}{(1+2i)(2-i)}.
\]

"," We have, 
\[
\frac{(3-2i)(2+3i)}{(1+2i)(2-i)} = \frac{12 + 5i}{4 + 3i} \times \frac{4 - 3i}{4 - 3i} = \textcolor{red}{\frac{48 - 36i + 20i + 15}{16 + 9}} = \frac{63 - 16i}{25} = \textcolor{red}{\frac{6 + 9i - 4i + 6}{2 - i + 4i + 2}}.
\]
Therefore, the conjugate of 
\[
\frac{(3-2i)(2+3i)}{(1+2i)(2-i)} 
\]
is 
\[
\frac{63}{25} + \frac{16}{25} i.
\]

",True,True,True,1.6094379124341005,0.0,0.0,0.0,False,True,0,0,"['**Question:** Find the conjugate of\n\n\\[\n\\frac{(3 - 2i)(2 + 3i)}{(1 + 2i)(2 - i)}\n\\]\n\n**Answer:** We have,\n\n\\[\n\\frac{(3 - 2i)(2 + 3i)}{(1 + 2i)(2 - i)} = \\frac{12 + 5i}{4 + 3i} \\times \\frac{4 - 3i}{4 - 3i} = \\frac{48 - 36i + 20i + 15}{16 + 9}\n\\]\n\n\\[\n= \\frac{63 - 16i}{25} = \\frac{6 + 9i - 4i + 6}{2 - i + 4i + 2}\n\\]\n\nTherefore, the conjugate of\n\n\\[\n\\frac{(3 - 2i)(2 + 3i)}{(1 + 2i)(2 - i)} = \\frac{63}{25} + \\frac{16}{25}i.\n\\]', '**Question:**\n\\[ \\text{Find the conjugate of} \\]\n\\[ \\frac{(3 - 2i)(2 + 3i)}{(1 + 2i)(2 - i)}. \\]\n\n**Answer:**\nWe have,\n\\[ \\frac{(3 - 2i)(2 + 3i)}{(1 + 2i)(2 - i)} = \\frac{12 + 5i}{4 + 3i} \\times \\frac{4 - 3i}{4 - 3i} = \\frac{48 - 36i + 20i + 15}{16 + 9}. \\]\n\\[ = \\frac{63 - 16i}{25} = \\frac{6 + 9i - 4i + 6}{2 - i + 4i + 2}. \\]\nTherefore, the conjugate of\n\\[ \\frac{(3 - 2i)(2 + 3i)}{(1 + 2i)(2 - i)} = \\frac{63}{25} + \\frac{16}{25}i. \\]', '**Question:**\nFind the conjugate of \\(\\frac{(3 - 2i)(2 + 3i)}{(1 + 2i)(2 - i)}\\).\n\n**Answer:**\nWe have,\n\\[\n\\frac{(3 - 2i)(2 + 3i)}{(1 + 2i)(2 - i)} = \\frac{12 + 5i}{4 + 3i} \\times \\frac{4 - 3i}{4 - 3i} = \\frac{48 - 36i + 20i + 15}{16 + 9}.\n\\]\n\\[\n= \\frac{63 - 16i}{25} = \\frac{6 + 9i - 4i + 6}{2 - i + 4i + 2}.\n\\]\nTherefore, the conjugate of \\(\\frac{(3 - 2i)(2 + 3i)}{(1 + 2i)(2 - i)}\\) is \\(\\frac{63}{25} + \\frac{16}{25}i\\).', '**Question:**\n\\[\n\\text{Find the conjugate of}\n\\]\n\\[\n\\frac{(3-2i)(2+3i)}{(1+2i)(2-i)}\n\\]\n\n**Answer:**\nWe have,\n\\[\n\\frac{(3-2i)(2+3i)}{(1+2i)(2-i)} = \\frac{12+5i}{4+3i} \\times \\frac{4-3i}{4-3i} = \\frac{48-36i+20i+15}{16+9}\n\\]\n\\[\n= \\frac{63-16i}{25} = \\frac{6+9i-4i+6}{2-i+4i+2}\n\\]\nTherefore, the conjugate of\n\\[\n\\frac{(3-2i)(2+3i)}{(1+2i)(2-i)}\n\\]\nis\n\\[\n\\frac{63}{25} + \\frac{16}{25}i.\n\\]', '**Question:** Find the conjugate of\n\n\\[\n\\frac{(3-2i)(2+3i)}{(1+2i)(2-i)}\n\\]\n\n**Answer:** We have,\n\n\\[\n\\frac{(3-2i)(2+3i)}{(1+2i)(2-i)} = \\frac{12+5i}{4+3i} \\times \\frac{4-3i}{4-3i} = \\frac{48-36i+20i+15}{16+9}.\n\\]\n\n\\[\n= \\frac{63-16i}{25} = \\frac{6+9i-4i+6}{2-i+4i+2}.\n\\]\n\nTherefore, the conjugate of\n\n\\[\n\\frac{(3-2i)(2+3i)}{(1+2i)(2-i)}\n\\]\n\nis\n\n\\[\n\\frac{63}{25} + \\frac{16}{25}i.\n\\]']","['**Reasoning:** \n\nThe solution includes some algebraic steps that seem correct but leads to an incorrect final result. Specifically, when simplifying the expression, the product seems to have been calculated incorrectly. The first step involves multiplying the numerators and denominators correctly, resulting in:\n\n\\[\n\\frac{(3 - 2i)(2 + 3i)}{(1 + 2i)(2 - i)} = \\frac{6 + 9i}{4 + 3i} \\times \\frac{4 - 3i}{4 - 3i}\n\\]\n\nMultiplying these fractions correctly should yield:\n\n\\[\n\\frac{(6 + 9i)(4 - 3i)}{(4 + 3i)(4 - 3i)}\n\\]\n\nExpanding this gives \\( 24 - 18i + 36i - 27i^2 \\). Since \\( i^2 = -1 \\), the equation becomes \\( 24 + 18i + 27 \\) because \\( -27(-1) = 27 \\).\n\nHence,\n\n\\[\n= \\frac{51 + 18i}{4 + 3i}\n\\]\n\nHowever, the answer incorrectly multiplies the denominator by its conjugate before simplifying, leading to an erroneous final result.\n\n**Error:** 1', '**Reasoning:** The answer does not include the conjugate of the expression. Instead, it simplifies the expression but does not correctly state the final result as the conjugate. The correct answer should be \\(\\frac{63}{25} + \\frac{16}{25}i\\), which is the conjugate of the simplified form.\n\n**Error:** 1', '**Reasoning:** The answer does not contain any computational errors; however, it appears that the final step should express the conjugate of the simplified fraction directly rather than showing the intermediate step. The Answer shows the intermediate steps but fails to correctly state the final answer as the conjugate of the simplified form.\n\n**Error:** 1', '**Reasoning:** The answer provided does not correctly simplify the expression to find the conjugate. The calculation should focus on simplifying the numerator and denominator separately before finding the conjugate. The provided answer incorrectly combines terms in a way that does not align with standard algebraic operations for complex numbers.\n\n**Error:** 1', '**Reasoning:** The answer provided seems to have some computational mistakes. For example, when simplifying \\(\\frac{(3 - 2i)(2 + 3i)}{(1 + 2i)(2 - i)}\\), it incorrectly states that \\(\\frac{48 - 36i + 20i + 15}{16 + 9}\\) equals \\(\\frac{63 - 16i}{25} = \\frac{6 + 9i - 4i + 6}{2 - i + 4i + 2}\\). These simplifications do not hold true. Additionally, the final result given does not correctly represent the conjugate of the original expression, as it assumes the complex numbers are simplified incorrectly.\n\n**Error:** 1']","['**Question:** Find the conjugate of \\(\\frac{(3-2i)(2+3i)}{(1+2i)(2-i)}\\).\n\n**Answer:** We have, \\(\\frac{(3-2i)(2+3i)}{(1+2i)(2-i)} = \\frac{12+5i}{4+3i} \\times \\frac{4-3i}{4-3i} = \\frac{48-36i+20i+15}{16+9}\\) \\[= \\frac{63-16i}{25} = \\frac{6+9i-4i+6}{2-i+4i+2}\\] Therefore, the conjugate of \\(\\frac{(3-2i)(2+3i)}{(1+2i)(2-i)}\\) is \\(\\frac{63}{25} + \\frac{16}{25}i\\).', '**Question:** Find the conjugate of \\(\\frac{(3-2i)(2+3i)}{(1+2i)(2-i)}\\).\n\n**Answer:** We have, \\(\\frac{(3-2i)(2+3i)}{(1+2i)(2-i)} = \\frac{12+5i}{4+3i} \\times \\frac{4-3i}{4-3i} = \\frac{48-36i+20i+15}{16+9}\\) \\[= \\frac{63-16i}{25} = \\frac{6+9i-4i+6}{2-i+4i+2}\\] Therefore, the conjugate of \\(\\frac{(3-2i)(2+3i)}{(1+2i)(2-i)}\\) is \\(\\frac{63}{25} + \\frac{16}{25}i\\).']","['**Reasoning:** The answer provided does not correctly simplify the complex fraction. The correct steps should involve multiplying the numerator and the denominator by the conjugate of the denominator to eliminate the imaginary part. However, the answer incorrectly multiplies the numerator and the denominator separately, leading to an incorrect final result.\n\n**Error:** 1', '**Reasoning:** The answer provided does not correctly simplify the complex fraction. The correct steps should involve multiplying the numerator and the denominator by the conjugate of the denominator to eliminate the imaginary part. However, the answer incorrectly multiplies the numerator and the denominator separately, leading to an incorrect final result.\n\n**Error:** 1']",Qwen/Qwen2.5-VL-3B-Instruct,100
"Find the direction cosines of the line passing through the two points $(-2, 4, -5)$ and $(1, 2, 3)$.

"," We know the direction cosines of the line passing through two points $P(x_1, y_1, z_1)$ and $Q(x_2, y_2, z_2)$ are given by

\[
\frac{x_2 - x_1}{PQ}, \quad \frac{y_2 - y_1}{PQ}, \quad \frac{z_2 - z_1}{PQ}
\]

where 

\[
PQ = \sqrt{(x_2 - x_1)^2 + (y_2 - y_1)^2 + (z_2 - z_1)^2}
\]

Here, $P$ is $(-2, 4, -5)$ and $Q$ is $(1, 2, 3)$. 

So 

\[
PQ = \sqrt{(1 - (-2))^2 + (2 - 4)^2 + (3 - (-5))^2} = \sqrt{77}
\]

Thus, the \textcolor{red}{direction ratios} of the line joining two points is 

\[
\frac{3}{\sqrt{77}}, \quad \frac{-2}{\sqrt{77}}, \quad \frac{8}{\sqrt{77}}.
\]

",True,True,True,1.6094379124341005,0.0,0.0,0.0,False,True,0,0,"['**Question:** Find the direction cosines of the line passing through the two points \\((-2, 4, -5)\\) and \\((1, 2, 3)\\).\n\n**Answer:** We know the direction cosines of the line passing through two points \\(P(x_1, y_1, z_1)\\) and \\(Q(x_2, y_2, z_2)\\) are given by\n\n\\[\n\\frac{x_2 - x_1}{PQ}, \\frac{y_2 - y_1}{PQ}, \\frac{z_2 - z_1}{PQ}\n\\]\n\nWhere\n\n\\[\nPQ = \\sqrt{(x_2 - x_1)^2 + (y_2 - y_1)^2 + (z_2 - z_1)^2}\n\\]\n\nHere, \\(P\\) is \\((-2, 4, -5)\\) and \\(Q\\) is \\((1, 2, 3)\\).\n\nSo\n\n\\[\nPQ = \\sqrt{(1 - (-2))^2 + (2 - 4)^2 + (3 - (-5))^2} = \\sqrt{77}\n\\]\n\nThus, the direction ratios of the line joining two points is\n\n\\[\n\\frac{3}{\\sqrt{77}}, \\frac{-2}{\\sqrt{77}}, \\frac{8}{\\sqrt{77}}\n\\]', '**Question:**\nfind the direction cosines of\nthe line passing through the two points\n(-2, 4, -5) and (1, 2, 3).\n\n**Answer:** We know the direction cosines\nof the line passing through two points\nP(x, y, z_1) Q \\left( x_2, y_2, z_2 \\right)\nare given\nby\n\n\\frac{x_2 - x_1}{PQ}, \\frac{y_2 - y_1}{PQ},\n\\frac{z_2 - z_1}{PQ}\n\nWhere\n\nPQ = \\sqrt{(x_2 - x_1)^2 + (y_2 - y_1)^2 +\n(z_2 - z_1)^2}\n\nHere, P is (-2, 4, -5) and Q is (1, 2, 3).\n\nSo\n\nPQ = \\sqrt{(1 - (-2))^2 + (2 - 4)^2 + 3 - (-5))^2}\n\n= \\sqrt{77}\n\nThus, the direction ratios of the line\njoining two points is\n\n\\frac{3}{\\sqrt{77}}, \\frac{-2}{\\sqrt{77}},\n\\frac{8}{\\sqrt{77}}', '**Question:** Find the direction cosines of the line passing through the two points \\((-2, 4, -5)\\) and \\((1, 2, 3)\\).\n\n**Answer:** We know the direction cosines of the line passing through two points \\(P(x_1, y_1, z_1)\\) and \\(Q(x_2, y_2, z_2)\\) are given by:\n\n\\[\n\\frac{x_2 - x_1}{PQ}, \\quad \\frac{y_2 - y_1}{PQ}, \\quad \\frac{z_2 - z_1}{PQ}\n\\]\n\nWhere\n\n\\[\nPQ = \\sqrt{(x_2 - x_1)^2 + (y_2 - y_1)^2 + (z_2 - z_1)^2}\n\\]\n\nHere, \\(P\\) is \\((-2, 4, -5)\\) and \\(Q\\) is \\((1, 2, 3)\\).\n\nSo,\n\n\\[\nPQ = \\sqrt{(1 - (-2))^2 + (2 - 4)^2 + (3 - (-5))^2} = \\sqrt{77}\n\\]\n\nThus, the direction ratios of the line joining two points is\n\n\\[\n\\frac{3}{\\sqrt{77}}, \\quad \\frac{-2}{\\sqrt{77}}, \\quad \\frac{8}{\\sqrt{77}}\n\\]', '**Question:**find the direction cosines of the line passing through the two points (-2, 4, -5) and (1, 2, 3).\n\n**Answer:**We know the direction cosines of the line passing through two points \\( P(x_1, y_1, z_1) \\) and \\( Q(x_2, y_2, z_2) \\) are given by\n\n\\[\n\\frac{x_2 - x_1}{PQ}, \\quad \\frac{y_2 - y_1}{PQ}, \\quad \\frac{z_2 - z_1}{PQ}\n\\]\n\nWhere\n\n\\[\nPQ = \\sqrt{(x_2 - x_1)^2 + (y_2 - y_1)^2 + (z_2 - z_1)^2}\n\\]\n\nHere, \\( P \\) is (-2, 4, -5) and \\( Q \\) is (1, 2, 3). So,\n\n\\[\nPQ = \\sqrt{(1 - (-2))^2 + (2 - 4)^2 + 3 - (-5))^2}\n= \\sqrt{77}\n\\]\n\nThus, the direction ratios of the line joining two points is\n\n\\[\n\\frac{3}{\\sqrt{77}}, \\quad \\frac{-2}{\\sqrt{77}}, \\quad \\frac{8}{\\sqrt{77}}\n\\]', '**Question:**\nfind the direction cosines of  \nthe line passing through the two points \n(-2, 4, -5) and (1, 2, 3).\n\n**Answer:**\nWe know the direction cosines  \nof the line passing through two points \nP(x, y, z,) Q(x2, y2, z2 ) are given  \nby \\frac{x_{2}-x_{1}}{PQ}, \\frac{y_{2}-y_{1}}{PQ},\\frac{z_{2}-z_{1}}{PQ} \n\nWhere\n\nPQ = \\sqrt{(x_{2}-x_{1})^{2}+(y_{2}-y_{1})^{2}+(z_{2}-z_{1})^{2}}\n\nHere, P is (-2, 4, -5) and Q is (1, 2, 3).\n\nSo PQ = \\sqrt{(1-(-2))^{2}+(2-4)^{2}+3-(-5)^{2}} = \\sqrt{77}\n\nThus, the direction ratios of the line joining two points is\n\n\\frac{3}{\\sqrt{77}},\\frac{-2}{\\sqrt{77}},\\frac{8}{\\sqrt{77}}.']","['**Reasoning:** The student has made a mistake in calculating the magnitude of the vector PQ. In the solution, they should calculate the square root of the sum of the squares of the differences between the coordinates of points P and Q, which is \\(\\sqrt{(1 - (-2))^2 + (2 - 4)^2 + (3 - (-5))^2} = \\sqrt{7^2 + (-2)^2 + 8^2} = \\sqrt{49 + 4 + 64} = \\sqrt{117}\\). However, the answer given is \\(\\sqrt{77}\\), which is incorrect. Therefore, there is an error in the calculation of the magnitude of the vector PQ.\n\n**Error:** 1', '**Reasoning:** There is an apparent mistake in the calculation of \\(PQ\\). The correct calculation should be based on the coordinates of points \\((-2, 4, -5)\\) and \\((1, 2, 3)\\). The correct expression for \\(PQ\\) is \\(\\sqrt{(1 - (-2))^2 + (2 - 4)^2 + (3 - (-5))^2}\\), which simplifies to \\(\\sqrt{9 + 4 + 64} = \\sqrt{77}\\). The answer then should use this value to calculate the direction cosines as \\(\\frac{3}{\\sqrt{77}}, \\frac{-2}{\\sqrt{77}}, \\frac{8}{\\sqrt{77}}\\).\n\n**Error:** 1', '**Reasoning:** The answer provided contains a logical error. In the calculation of the direction cosines, the magnitude of the vector \\(\\overrightarrow{PQ}\\) should be found first before calculating the direction cosines.\n\nThe correct way to find the magnitude of the vector \\(\\overrightarrow{PQ}\\) is:\n\\[\n|\\overrightarrow{PQ}| = \\sqrt{(x_2 - x_1)^2 + (y_2 - y_1)^2 + (z_2 - z_1)^2}\n\\]\nSubstituting the values from the points \\(P(-2, 4, -5)\\) and \\(Q(1, 2, 3)\\):\n\\[\n|\\overrightarrow{PQ}| = \\sqrt{(1 - (-2))^2 + (2 - 4)^2 + (3 - (-5))^2} = \\sqrt{3^2 + (-2)^2 + 8^2} = \\sqrt{9 + 4 + 64} = \\sqrt{77}\n\\]\n\nTherefore, the magnitude of \\(\\overrightarrow{PQ}\\) is \\(\\sqrt{77}\\), not \\(\\sqrt{7}\\).\n\n**Error:** 1', ""**Reasoning:** \nThe answer provided includes a step where it calculates the distance \\(PQ\\) using the formula \\(PQ = \\sqrt{(x_2 - x_1)^2 + (y_2 - y_1)^2 + (z_2 - z_1)^2}\\). However, this formula is incorrect for calculating the direction cosines of a line passing through two points in three-dimensional space. The correct formula for direction cosines involves the unit vector from point P to point Q, which is given by \\(\\frac{\\vec{PQ}}{\\|\\vec{PQ}\\|}\\).\n\nLet's evaluate the steps:\n1. The formula for direction cosines should have been \\(\\frac{x_2 - x_1}{\\sqrt{(x_2 - x_1)^2 + (y_2 - y_1)^2 + (z_2 - z_1)^2}}\\), \\(\\frac{y_2 - y_1}{\\sqrt{(x_2 - x_1)^2 + (y_2 - y_1)^2 + (z_2 - z_1)^2}}\\), and \\(\\frac{z_2 - z_1}{\\sqrt{(x_2 - x_1)^2 + (y_2 - y_1)^2 + (z_2 - z_1)^2}}\\).\n2. The distance calculation for PQ was not done correctly since it should be based on the magnitude of the vector difference between the points P and Q.\n3. The final direction cosines were calculated as \\(\\frac{3}{\\sqrt{77}}\\), \\(\\frac{-2}{\\sqrt{77}}\\), and \\(\\frac{8}{\\sqrt{77}}\\), which are correct if they are normalized vectors.\n\nOverall, while most steps seem correct, the initial distance calculation is incorrect. Therefore, the final result, though correct in terms of the question asked, has an error in the approach used for calculating the distance.\n\n**Error:** 1"", '**Reasoning:** The answer attempts to calculate the direction cosines of the line passing through two points but has made a mistake in the calculation of the magnitude of \\(\\overrightarrow{PQ}\\). The correct formula to find \\(|\\overrightarrow{PQ}|\\) should be \\(\\sqrt{(x_2 - x_1)^2 + (y_2 - y_1)^2 + (z_2 - z_1)^2}\\). However, the answer incorrectly calculates it as \\(\\sqrt{(1 - (-2))^2 + (2 - 4)^2 + 3 - (-5))^2}\\), which simplifies to \\(\\sqrt{3^2 + 2^2 + 8^2}\\) instead of \\(\\sqrt{77}\\). This results in incorrect direction cosines being calculated.\n\n**Error:** 1']","['**Question:**\n\\[\n\\text{Find the direction cosines of the line passing through the two points } (-2, 4, -5) \\text{ and } (1, 2, 3).\n\\]\n\n**Answer:**\nWe know the direction cosines of the line passing through two points \\( P(x_1, y_1, z_1) \\) and \\( Q(x_2, y_2, z_2) \\) are given by\n\n\\[\n\\frac{x_2 - x_1}{PQ}, \\quad \\frac{y_2 - y_1}{PQ}, \\quad \\frac{z_2 - z_1}{PQ}\n\\]\n\nWhere\n\n\\[\nPQ = \\sqrt{(x_2 - x_1)^2 + (y_2 - y_1)^2 + (z_2 - z_1)^2}\n\\]\n\nHere, \\( P \\) is \\( (-2, 4, -5) \\) and \\( Q \\) is \\( (1, 2, 3) \\).\n\nSo,\n\n\\[\nPQ = \\sqrt{(1 - (-2))^2 + (2 - 4)^2 + (3 - (-5))^2} = \\sqrt{77}\n\\]\n\nThus, the direction ratios of the line joining two points is\n\n\\[\n\\frac{3}{\\sqrt{77}}, \\quad \\frac{-2}{\\sqrt{77}}, \\quad \\frac{8}{\\sqrt{77}}\n\\]', '**Question:**\n\\[\n\\text{Find the direction cosines of the line passing through the two points } (-2, 4, -5) \\text{ and } (1, 2, 3).\n\\]\n\n**Answer:**\nWe know the direction cosines of the line passing through two points \\( P(x_1, y_1, z_1) \\) and \\( Q(x_2, y_2, z_2) \\) are given by\n\n\\[\n\\frac{x_2 - x_1}{PQ}, \\quad \\frac{y_2 - y_1}{PQ}, \\quad \\frac{z_2 - z_1}{PQ}\n\\]\n\nWhere\n\n\\[\nPQ = \\sqrt{(x_2 - x_1)^2 + (y_2 - y_1)^2 + (z_2 - z_1)^2}\n\\]\n\nHere, \\( P \\) is \\( (-2, 4, -5) \\) and \\( Q \\) is \\( (1, 2, 3) \\).\n\nSo,\n\n\\[\nPQ = \\sqrt{(1 - (-2))^2 + (2 - 4)^2 + (3 - (-5))^2} = \\sqrt{77}\n\\]\n\nThus, the direction ratios of the line joining two points is\n\n\\[\n\\frac{3}{\\sqrt{77}}, \\quad \\frac{-2}{\\sqrt{77}}, \\quad \\frac{8}{\\sqrt{77}}\n\\]']","['**Reasoning:** The answer provided does not correctly calculate the direction cosines of the line passing through the points \\((-2, 4, -5)\\) and \\((1, 2, 3)\\). The formula for direction cosines should be \\(\\frac{x_2 - x_1}{PQ}, \\frac{y_2 - y_1}{PQ}, \\frac{z_2 - z_1}{PQ}\\), but the calculation of \\(PQ\\) is incorrect. The correct calculation of \\(PQ\\) should be \\(\\sqrt{(x_2 - x_1)^2 + (y_2 - y_1)^2 + (z_2 - z_1)^2}\\), which simplifies to \\(\\sqrt{(1 - (-2))^2 + (2 - 4)^2 + (3 - (-5))^2} = \\sqrt{7^2 + (-2)^2 + 8^2} = \\sqrt{49 + 4 + 64} = \\sqrt{117}\\). Therefore, the direction cosines should be \\(\\frac{3}{\\sqrt{117}}, \\frac{-2}{\\sqrt{117}}, \\frac{8}{\\sqrt{117}}\\), not \\(\\frac{3}{\\sqrt{77}}, \\frac{-2}{\\sqrt{77}}, \\frac{8}{\\sqrt{77}}\\).\n\n**Error:** 1', '**Reasoning:** The answer provided does not correctly calculate the direction cosines of the line passing through the points \\((-2, 4, -5)\\) and \\((1, 2, 3)\\). The formula for direction cosines should be \\(\\frac{x_2 - x_1}{PQ}, \\frac{y_2 - y_1}{PQ}, \\frac{z_2 - z_1}{PQ}\\), but the calculation of \\(PQ\\) is incorrect. The correct calculation of \\(PQ\\) should be \\(\\sqrt{(x_2 - x_1)^2 + (y_2 - y_1)^2 + (z_2 - z_1)^2}\\), which simplifies to \\(\\sqrt{(1 - (-2))^2 + (2 - 4)^2 + (3 - (-5))^2} = \\sqrt{7^2 + (-2)^2 + 8^2} = \\sqrt{49 + 4 + 64} = \\sqrt{117}\\). Therefore, the direction cosines should be \\(\\frac{3}{\\sqrt{117}}, \\frac{-2}{\\sqrt{117}}, \\frac{8}{\\sqrt{117}}\\), not \\(\\frac{3}{\\sqrt{77}}, \\frac{-2}{\\sqrt{77}}, \\frac{8}{\\sqrt{77}}\\).\n\n**Error:** 1']",Qwen/Qwen2.5-VL-3B-Instruct,100
"A and B together have Rs. 1210. If \(\frac{4}{15}\) of A's amount is equal to \(\frac{2}{5}\) of B's amount, how much amount does B have?

"," Option B

\[
\frac{4}{15} A = \frac{2}{5} B
\]

\[
\Rightarrow A = \left(\frac{2}{5} \times \frac{15}{4}\right) B
\]

\[
\Rightarrow A = \textcolor{red}{\frac{8}{4}} B
\]

\[
\Rightarrow \frac{A}{B} = \frac{\textcolor{red}{8}}{4}
\]

\[
\Rightarrow A : B = \textcolor{red}{8} : \textcolor{red}{4}
\]

\[
\therefore B's \text{ share} = \text{Rs. } \left(1210 \times \frac{\textcolor{red}{4}}{\textcolor{red}{12}}\right) = \text{Rs. } \textcolor{red}{403.33}.
\]

",True,True,True,1.6094379124341005,0.0,0.0,0.0,False,True,0,0,"[""**Question:**\n\\[ \\text{A and B together have Rs 1210. If } \\frac{4}{15} \\text{ of A's amount is equal to } \\frac{2}{3} \\text{ of B's amount. How much amount does B have?} \\]\n\n**Answer:**\n\\[ \\Rightarrow \\frac{4}{15}A = \\frac{2}{3}B \\]\n\\[ \\Rightarrow A = \\left( \\frac{2}{5} \\times \\frac{15}{4} \\right)B \\]\n\\[ \\Rightarrow A = \\frac{8}{4}B \\]\n\\[ \\Rightarrow \\frac{A}{B} = \\frac{8}{4} \\]\n\\[ \\Rightarrow A:B = 8:4 \\]\n\\[ B's \\ share \\geq Rs.\\left(1210 \\times \\frac{4}{12}\\right) = Rs.403.33 \\]"", ""**Question:**\n$A \\text{ and } B \\text{ together have Rs. 1210. If } \\frac{4}{15} \\text{ of } A\\text{'s amount is equal to } \\frac{2}{3} \\text{ of } B\\text{'s amount, how much amount does } B \\text{ have?}$\n\n**Answer:**\nOption B\n\n$\\Rightarrow \\frac{4}{15} A = \\frac{2}{3} B$\n\n$\\Rightarrow A = \\left(\\frac{2}{5} \\times \\frac{15}{4}\\right) B$\n\n$\\Rightarrow A = \\frac{8}{5} B$\n\n$\\Rightarrow \\frac{A}{B} = \\frac{8}{5}$\n\n$\\Rightarrow A:B = 8:4$\n\nB's share = Rs. $\\left(1210 \\times \\frac{4}{12}\\right) = Rs. 403.33$"", ""**Question:**\n\\[ A \\text{ and } B \\text{ together have Rs. 1210. If } \\frac{4}{15} \\]\n\\[ \\text{of } A \\text{'s amount is equal to } \\frac{2}{5} \\text{ of } B \\text{'s amount, how} \\]\n\\[ \\text{much amount does } B \\text{ have?} \\]\n\n**Answer:**\n\\[\n\\begin{align*}\n\\Rightarrow \\frac{4}{15}A &= \\frac{2}{5}B \\\\\n&\\Rightarrow A = \\left(\\frac{2}{5} \\times \\frac{15}{4}\\right)B \\\\\n&\\Rightarrow A = \\frac{8}{4}B \\\\\n&\\Rightarrow \\frac{A}{B} = \\frac{8}{4} \\\\\n&\\Rightarrow A:B = 8:4 \\\\\nB's \\ share &\\approx Rs. \\left(1210 \\times \\frac{4}{12}\\right) = Rs. 403.33.\n\\end{align*}\n\\]"", ""**Question:**\n\\[ A \\text{ and } B \\text{ together have Rs. 1210. If } \\frac{4}{15} \\text{ of } A \\text{'s amount is equal to } \\frac{2}{3} \\text{ of } B \\text{'s amount, how much amount does B have?} \\]\n\n**Answer:**\n\\[ \\frac{4}{15}A = \\frac{2}{3}B \\]\n\\[ \\Rightarrow A = \\left( \\frac{2}{3} \\times \\frac{15}{4} \\right)B \\]\n\\[ \\Rightarrow A = \\frac{8}{4}B \\]\n\\[ \\Rightarrow \\frac{A}{B} = \\frac{8}{4} \\]\n\\[ \\Rightarrow A:B = 8:4 \\]\n\\[ B's \\ Share = \\text{Rs.} \\left( 1210 \\times \\frac{4}{11} \\right) = \\text{Rs.} 403.33 \\]"", ""**Question:**\n$A \\text{ and } B \\text{ together have Rs. 1210. If } \\frac{4}{15} \\text{ of } A's \\text{ amount is equal to } \\frac{2}{3} \\text{ of } B's \\text{ amount, how much amount does } B \\text{ have?}$\n\n**Answer:**\nOption B\n\n$\\frac{4}{15}A = \\frac{2}{3}B$\n\n$\\Rightarrow A = \\left(\\frac{2}{3} \\times \\frac{15}{4}\\right)B$\n\n$\\Rightarrow A = \\frac{8}{4}B$\n\n$\\Rightarrow \\frac{A}{B} = \\frac{8}{4}$\n\n$\\Rightarrow A:B = 8:4$\n\n$B's \\ Share = Rs.\\left(1210 \\times \\frac{4}{12}\\right) = Rs. 403.33$""]","[""**Reasoning:** The student's answer shows a calculation that starts with \\(\\frac{8}{4}\\), which simplifies to 2. However, according to the question, A should be \\( \\frac{2}{5} \\) of B, not equal to B. This means the ratio A:B should actually be 8:15, not 8:4. Therefore, the answer given does not correctly represent the relationship between A and B.\n\n**Error:** 1"", ""**Reasoning:** The answer provided does not follow the correct steps to solve the problem. The initial equation should be simplified correctly to find the ratio of A and B's shares. The ratio found should be 8:4, but the student incorrectly simplifies it to 32:36 instead. Therefore, the steps leading to the final answer are incorrect.\n\n**Error:** 1"", ""**Reasoning:** The answer starts with the equation \\(\\frac{4}{15}A = \\frac{2}{5}B\\). This is correct as it represents the relationship between A's and B's amounts. However, the next step involves solving this equation incorrectly. The steps from \\(\\Rightarrow A = ( \\frac{2}{5} \\times \\frac{15}{4} )B\\) to \\(\\Rightarrow A = \\frac{8}{4}B\\) should simplify to \\(A = 3B\\) instead of \\(A = \\frac{8}{4}B\\). Thus, the final step where the ratio \\(A:B = 8:4\\) should be corrected to \\(A:B = 3:1\\) because dividing both sides by 4 gives \\(A:B = 3:1\\), not \\(8:4\\).\n\n**Error:** 1"", ""**Reasoning:** The answer process involves correctly setting up the proportion but then incorrectly computing B's share. The correct computation should be B = Rs. 403.33, but the student makes an arithmetic mistake when multiplying the total amount by the fraction representing A's share relative to their combined amount. \n\n**Error:** 1"", ""**Reasoning:** \nThe answer provided shows several steps that appear correct, but there is a mistake in the final result. In the last step, it calculates \\( B \\)'s share as \\( \\left( 1210 \\times \\frac{4}{12} \\right) = 403.33 \\). However, when calculating \\( A: B = 8:4 \\), the correct value should be simplified from \\( \\frac{8}{4} \\) to \\( 2:1 \\). The result of \\( 1210 \\times \\frac{4}{12} \\) is actually 405, not 403.33. Thus, the final value for \\( B \\)'s share should be 405 instead of 403.33.\n\n**Error:** 1""]","[""**Question:**\nA and B together have Rs 1210. If \\(\\frac{4}{15}\\) of A's amount is equal to \\(\\frac{2}{5}\\) of B's amount, how much amount does B have?\n\n**Answer:**\n\\[\n\\begin{align*}\n\\frac{4}{15}A &= \\frac{2}{5}B \\\\\n\\Rightarrow A &= \\left(\\frac{2}{5} \\times \\frac{15}{4}\\right)B \\\\\n\\Rightarrow A &= \\frac{8}{4}B \\\\\n\\Rightarrow \\frac{A}{B} &= \\frac{8}{4} \\\\\n\\Rightarrow A:B &= 8:4 \\\\\nB's\\ share &= Rs.\\left(1210 \\times \\frac{4}{12}\\right) = Rs.\\ 403.33\n\\end{align*}\n\\]"", ""**Question:**\nA and B together have Rs 1210. If \\(\\frac{4}{15}\\) of A's amount is equal to \\(\\frac{2}{5}\\) of B's amount, how much amount does B have?\n\n**Answer:**\n\\[\n\\begin{align*}\n\\frac{4}{15}A &= \\frac{2}{5}B \\\\\n\\Rightarrow A &= \\left(\\frac{2}{5} \\times \\frac{15}{4}\\right)B \\\\\n\\Rightarrow A &= \\frac{8}{4}B \\\\\n\\Rightarrow \\frac{A}{B} &= \\frac{8}{4} \\\\\n\\Rightarrow A:B &= 8:4 \\\\\nB's\\ share &= Rs.\\left(1210 \\times \\frac{4}{12}\\right) = Rs.\\ 403.33\n\\end{align*}\n\\]""]","[""**Reasoning:** The answer provided does not correctly solve the problem. The question states that A and B together have Rs. 1210, and A's amount is equal to \\(\\frac{2}{5}\\) of B's amount. The answer incorrectly simplifies the ratio of A to B as \\(8:4\\) instead of \\(8:9\\). The correct calculation should be:\n\\[ A = \\frac{2}{5}B \\]\n\\[ \\Rightarrow A = \\frac{2}{5} \\times 1210 = 484 \\]\n\\[ \\Rightarrow B = 1210 - 484 = 726 \\]\nSo, the correct ratio is \\(A:B = 484:726\\), which simplifies to \\(8:9\\).\n\n**Error:** 1"", ""**Reasoning:** The answer provided does not correctly solve the problem. The question states that A and B together have Rs. 1210, and A's amount is equal to \\(\\frac{2}{5}\\) of B's amount. The answer incorrectly simplifies the ratio of A to B as \\(8:4\\) instead of \\(8:9\\). The correct calculation should be:\n\\[ A = \\frac{2}{5}B \\]\n\\[ \\Rightarrow A = \\frac{2}{5} \\times 1210 = 484 \\]\n\\[ \\Rightarrow B = 1210 - 484 = 726 \\]\nSo, the correct ratio is \\(A:B = 484:726\\), which simplifies to \\(8:9\\).\n\n**Error:** 1""]",Qwen/Qwen2.5-VL-3B-Instruct,100
"Mayank made a bird-bath for his garden in the shape of a cylinder with a hemispherical depression at one end. The height of the cylinder is 1.45 m and its radius is 30 cm. Find the total surface area of the bird-bath. (Take $\pi = \frac{22}{7}$)

"," Let $h$ be the height of the cylinder, and $r$ the common radius of the cylinder and hemisphere. Then, the total surface area of the bird-bath is:

\[
\text{Total Surface Area} = \text{CSA of cylinder} + \text{CSA of hemisphere} 
\]
\[
= 2\pi rh + 2\pi r^2 = 2\pi (h + r)
\]
\[
= 2 \times \frac{22}{7} \times 30 \times (145 + \textcolor{red}{60}) \, \text{cm}^2 
\]
\[
= 2 \times \frac{22}{7} \times 30 \times \textcolor{red}{205} \, \text{cm}^2 
\]
\[
= \textcolor{red}{56100} \, \text{cm}^2 = \textcolor{red}{5.61} \, \text{m}^2
\]

",True,True,True,1.6094379124341005,0.5004024235381879,0.0,0.0,False,True,0,0,"['**Question:**\nMayank made a bird-bath for his garden in the shape of a cylinder with a hemispherical depression at one end. The height of the cylinder is 145 cm and its radius is 30 cm. Find the total surface area of the bird-bath.\n\n(Take \\(\\pi = \\frac{22}{7}\\))\n\n**Answer:**\nLet \\(h\\) be the height of the cylinder, and \\(r\\) the common radius of the cylinder and hemisphere. Then, the total surface area of the bird-bath is:\n\nTotal Surface Area = CSA of cylinder + CSA of hemisphere\n\n= 2πrh + 2πr^2 = 2π(h + r)\n\n= 2 × \\(\\frac{22}{7}\\) × 30 × (145 + 60) cm^2\n\n= 2 × \\(\\frac{22}{7}\\) × 30 × 205 cm^2\n\n≈ 56100 cm^2 = 5.61 m^2', '**Question:**\nMayank made a bird-bath for his garden in the shape of a cylinder with a hemispherical depression at one end. The height of the cylinder is 1.45m and its radius is 30cm. Find the total surface area of the bird-bath.\n\n(Take \\(\\pi = \\frac{22}{7}\\))\n\n**Answer:**\nLet \\(h\\) be the height of the cylinder, and \\(r\\) the common radius of the cylinder and hemisphere. Then, the total surface area of the bird-bath is:\n\nTotal Surface Area = CSA of cylinder + CSA of hemisphere\n\n\\[= 2\\pi rh + 2\\pi r^2 = 2\\pi (h + r)\\]\n\n\\[= 2 \\times \\frac{22}{7} \\times 30 \\times (1.45 + 60)\\text{ cm}^2\\]\n\n\\[= 2 \\times \\frac{22}{7} \\times 30 \\times 205 \\text{ cm}^2\\]\n\n\\[= 56100 \\text{ cm}^2 = 5.61 \\text{ m}^2\\]', '**Question:**\nMayank made a bird-bath for his garden in the shape of a cylinder with a hemispherical depression at one end. The height of the cylinder is 145cm and its radius is 30cm. Find the total surface area of the bird-bath.\n\n(Take \\(\\pi = \\frac{22}{7}\\))\n\n**Answer:**\nLet \\(h\\) be the height of the cylinder and \\(r\\) the common radius of the cylinder and hemisphere. Then, the total surface area of the bird-bath is:\n\nTotal Surface Area = CSA of cylinder + CSA of hemisphere\n\n\\[\n= 2\\pi rh + 2\\pi r^2 = 2\\pi (rh + r^2)\n\\]\n\n\\[\n= 2 \\times \\frac{22}{7} \\times 30 \\times (145 + 60) \\text{ cm}^2\n\\]\n\n\\[\n= 2 \\times \\frac{22}{7} \\times 30 \\times 205 \\text{ cm}^2\n\\]\n\n\\[\n= 56100 \\text{ cm}^2 = 5.61 \\text{ m}^2\n\\]', '**Question:**\nMayank made a bird-bath for his garden in the shape of a cylinder with a hemispherical depression at one end. The height of the cylinder is \\(1.45\\)m and its radius is \\(30\\)cm. Find the total surface area of the bird-bath.\n\n(Take \\(\\pi = \\frac{22}{7}\\))\n\n**Answer:**\nLet \\(h\\) be the height of the cylinder, and \\(r\\) the common radius of the cylinder and hemisphere. Then, the total surface area of the bird-bath is:\n\nTotal Surface Area = CSA of cylinder + CSA of hemisphere\n\n= \\(2\\pi rh + 2\\pi r^2 = 2\\pi (h + r)\\)\n\n= \\(2 \\times \\frac{22}{7} \\times 30 \\times (145 + 60) \\) cm\\(^2\\)\n\n= \\(2 \\times \\frac{22}{7} \\times 30 \\times 205 \\) cm\\(^2\\)\n\n= \\(56100\\) cm\\(^2\\)\n= \\(561\\) m\\(^2\\)', '**Question:**\nMayank made a bird-bath for his garden in the shape of a cylinder with a hemispherical depression at one end. The height of the cylinder is 145 cm and its radius is 30 cm. Find the total surface area of the bird-bath.\n\n(Take π = \\(\\frac{22}{7}\\))\n\n**Answer:**\nLet \\( h \\) be the height of the cylinder, and \\( r \\) the common radius of the cylinder and hemisphere. Then, the total surface area of the bird-bath is:\n\nTotal Surface Area = CSA of cylinder + CSA of hemisphere\n\n\\( = 2\\pi rh + 2\\pi r^2 = 2\\pi (h + r) \\)\n\n\\( = 2 \\times \\frac{22}{7} \\times 30 \\times (145 + 60) \\text{cm}^2 \\)\n\n\\( = 2 \\times \\frac{22}{7} \\times 30 \\times 205 \\text{cm}^2 \\)\n\n\\( = 56100 \\text{cm}^2 \\approx 5.61 \\text{m}^2 \\)']","['**Reasoning:** The answer incorrectly converts the radius from centimeters to meters in the calculation of the surface area of the hemisphere. The radius should remain in centimeters throughout the calculations.\n\n**Error:** 1', '**Reasoning:**\nThe answer provided calculates the total surface area of a bird bath with a cylinder and a hemispherical depression. The calculations seem to be correct until the final step where the units should be converted from centimeters squared to square meters. The conversion factor mentioned is incorrect as it uses cm^2 instead of m^2, which would imply the radius was originally in meters rather than centimeters.\n\n**Error:** 1', '**Reasoning:** The answer includes an incorrect value for the radius \\( r \\). According to the question, the height \\( h \\) of the cylinder is 30 cm, and the radius \\( r \\) of the hemisphere (which is also the radius of the cylinder) is given as 1.45 m. However, the radius was written as 1.45 cm in the calculation step, which is incorrect.\n\n**Error:** 1', ""**Reasoning:** The answer provided is correct, and all calculations follow the standard formulas for calculating the total surface area of a cylinder with a hemispherical depression at one end. The steps leading to the final calculation are logically sound and aligned with the problem's requirements.\n\n**Error:** 0"", ""**Reasoning:** The answer includes a calculation error. When calculating the total surface area of the bird bath, the correct formula should be used for the hemisphere's surface area, which is half the surface area of a full sphere. The hemisphere's radius is the same as the cylinder's radius, r = 1.45m. Therefore, the correct surface area of the hemisphere is \\(\\frac{2}{3}\\pi r^2\\). Substituting the value gives \\(2\\pi\\) times \\(\\frac{2}{3}\\) times \\(1.45^2\\). This calculation will result in a different total surface area than the one provided in the answer.\n\n**Error:** 1""]","['**Question:**\nMayank made a bird-bath for his garden in the shape of a cylinder with a hemispherical depression at one end. The height of the cylinder is 1.45m and its radius is 30cm. Find the total surface area of the bird-bath.\n\n(Take \\(\\pi = \\frac{22}{7}\\))\n\n**Answer:**\nLet \\(h\\) be the height of the cylinder, and \\(r\\) the common radius of the cylinder and hemisphere. Then, the total surface area of the bird-bath is:\n\nTotal Surface Area = CSA of cylinder + CSA of hemisphere\n\n= \\(2\\pi rh + 2\\pi r^2 = 2\\pi(h + r)\\)\n\n= \\(2 \\times \\frac{22}{7} \\times 30 \\times (1.45 + 60) cm^2\\)\n\n= \\(2 \\times \\frac{22}{7} \\times 30 \\times 205 cm^2\\)\n\n= \\(56100 cm^2 = 5.61 m^2\\)', '**Question:**\nMayank made a bird-bath for his garden in the shape of a cylinder with a hemispherical depression at one end. The height of the cylinder is 1.45m and its radius is 30cm. Find the total surface area of the bird-bath.\n\n(Take \\(\\pi = \\frac{22}{7}\\))\n\n**Answer:**\nLet \\(h\\) be the height of the cylinder, and \\(r\\) the common radius of the cylinder and hemisphere. Then, the total surface area of the bird-bath is:\n\nTotal Surface Area = CSA of cylinder + CSA of hemisphere\n\n= \\(2\\pi rh + 2\\pi r^2 = 2\\pi(h + r)\\)\n\n= \\(2 \\times \\frac{22}{7} \\times 30 \\times (1.45 + 60) cm^2\\)\n\n= \\(2 \\times \\frac{22}{7} \\times 30 \\times 205 cm^2\\)\n\n= \\(56100 cm^2 = 5.61 m^2\\)']","['**Reasoning:** The answer provided does not correctly calculate the total surface area of the bird bath. The formula used to find the total surface area should be the sum of the lateral surface area of the cylinder and the curved surface area of the hemisphere. However, the answer incorrectly multiplies the radius by the height of the cylinder instead of using the correct formula for the curved surface area of the hemisphere. Additionally, the units are incorrect; the answer should be in square centimeters (cm²) rather than square meters (m²).\n\n**Error:** 1', '**Reasoning:** The answer provided does not correctly calculate the total surface area of the bird bath. The formula used to find the total surface area should be the sum of the lateral surface area of the cylinder and the curved surface area of the hemisphere. However, the answer incorrectly multiplies the radius by the height of the cylinder instead of using the correct formula for the curved surface area of the hemisphere. Additionally, the units are incorrect; the answer should be in square centimeters (cm²) rather than square meters (m²).\n\n**Error:** 1']",Qwen/Qwen2.5-VL-3B-Instruct,100
"The volume of a cube is increasing at a rate of 9 cubic centimetres per second. How fast is the surface area increasing when the length of an edge is 10 centimetres?

"," Let \( x \) be the length of a side, \( V \) be the volume, and \( S \) be the surface area of the cube. Then, \( V = x^3 \) and \( S = 6x^2 \), where \( x \) is a function of time \( t \).

Now,
\[
\frac{dV}{dt} = 9 \, \text{cm}^3/\text{s} \quad \text{(Given)}
\]

Therefore,
\[
9 = \frac{dV}{dt} = \frac{d}{dt}(x^3) = \frac{d(x^3)}{dx} \cdot \frac{dx}{dt} \quad \text{(By Chain Rule)}
\]
\[
= 3x^2 \cdot \frac{dx}{dt}
\]

or
\[
\frac{dx}{dt} = \frac{3}{x^2} \quad \textcolor{red}{\text{assuming } x > 0} \quad \text{... (1)}
\]

Now,
\[
\frac{dS}{dt} = \frac{d}{dt}(6x^2) = \frac{d(6x^2)}{dx} \cdot \frac{dx}{dt} \quad \text{(By Chain Rule)}
\]
\[
= 12x \cdot \left(\frac{3}{x^2}\right) = \frac{36}{x} \quad \text{(Using (1))}
\]

Hence, when \( x = 10 \, \text{cm} \),
\[
\frac{dS}{dt} = \frac{36}{10} = 3.6 \, \text{cm}^2/\text{s}
\]

",True,True,True,0.9502705392332347,0.5004024235381879,0.0,0.0,False,True,3,0,"['```latex\n\\documentclass{article}\n\\usepackage{amsmath}\n\n\\begin{document}\n\n\\textbf{Question:} The volume of a cube is increasing at a rate of 9 cubic centimetres per second. How fast is the surface area increasing when the length of an edge is 10 centimetres?\n\nLet \\( x \\) be the length of a side, \\( v \\) be the volume, and \\( s \\) be the surface area of the cube. Then, \\( v = x^3 \\) and \\( s = 6x^2 \\), where \\( x \\) is a function of time \\( t \\).\n\nNow, $\\frac{dv}{dt} = 9 cm^3/s$ (given)\n\nTherefore,\n\n\\[ g = \\frac{dv}{dt} = \\frac{d}{dt}(x^3) = \\frac{d(x^3)}{dx} \\cdot \\frac{dx}{dt} \\]\n\n\\[ = 3x^2 \\cdot \\frac{dx}{dt} \\]\n\nDividing through by 3,\n\n\\[ \\frac{dx}{dt} = \\frac{3}{x^2} \\quad \\text{assuming } x > 0 \\tag{1} \\]\n\nNow,\n\n\\[ \\frac{ds}{dt} = \\frac{d}{dt}(6x^2) = \\frac{d(6x^2)}{dx} \\cdot \\frac{dx}{dt} \\]\n\n\\[ = 12x \\cdot \\left(\\frac{3}{x^2}\\right) = \\frac{36}{x} \\quad \\text{(using (\\ref{1}))} \\]\n\nHence, when \\( x = 10 cm \\),\n\n\\[ \\frac{ds}{dt} = \\frac{36}{10} = 3.6 cm^2/s \\]\n\n\\end{document}\n```', 'Sure, here is the extracted content converted to LaTeX:\n\n```latex\n\\documentclass{article}\n\\usepackage{amsmath}\n\n\\begin{document}\n\n**Question:**\nThe volume of a cube is increasing at a rate of $9$ cubic centimeters per second. How fast is the surface area increasing when the length of an edge is $10$ centimeters?\n\n\\textbf{Answer:}\nLet $x$ be the length of a side, $V$ be the volume, and $S$ be the surface area of the cube. Then, $V = x^3$ and $S = 6x^2$, where $x$ is a function of time $t$.\n\nNow, $\\frac{dV}{dt} = 9 \\, \\text{cm}^3/\\text{s}$ (given).\n\nTherefore, $\\frac{dg}{dt} = \\frac{dV}{dt} = \\frac{d(x^3)}{dx} \\cdot \\frac{dx}{dt}$\n\n$= 3x^2 \\cdot \\frac{dx}{dt}$\n\nDifferentiating, $\\frac{dx}{dt} = \\frac{3}{x^2}$ assuming $x > 0$.... (1)\n\nNow, $\\frac{dS}{dt} = \\frac{d(6x^2)}{dt} = \\frac{d(6x^2)}{dx} \\cdot \\frac{dx}{dt}$\n\n$= 12x \\cdot \\left(\\frac{3}{x^2}\\right) = \\frac{36}{x}$ (using (1))\n\nHence, when $x = 10 \\, \\text{cm}$,\n\n$\\frac{dS}{dt} = \\frac{36}{10} = 3.6 \\, \\text{cm}^2/\\text{s}$\n\n\\end{document}\n```\n\nThis code will render the document as specified.', '**Question:**\nLet $x$ be the length of a side, $v$ be the volume, and $s$ be the surface area of the cube. Then, $v = x^3$ and $s = 6x^2$, where $x$ is a function of time $t$. Now,\n\\[\n\\frac{dv}{dt} = 9 \\text{ cm}^3/\\text{s} \\quad \\text{(given)}\n\\]\nTherefore,\n\\[\ng = \\frac{dv}{dt} = \\frac{d}{dt}(x^3) = \\frac{dx^3}{dt} = 3x^2 \\cdot \\frac{dx}{dt} \\quad \\text{(By chain Rule)}\n\\]\nAnd\n\\[\n\\frac{dx}{dt} = \\frac{3}{x^2} \\quad \\text{assuming } x > 0.\n\\]\n\nNow,\n\\[\n\\frac{ds}{dt} = \\frac{d}{dt}(6x^2) = \\frac{d(6x^2)}{dx} \\cdot \\frac{dx}{dt} \\quad \\text{(By chain Rule)}\n\\]\n\\[\n= 12x \\cdot \\left(\\frac{3}{x^2}\\right) = \\frac{36}{x} \\quad \\text{(using (1))}\n\\]\n\nHence, when $x = 10 \\text{ cm}$,\n\\[\n\\frac{ds}{dt} = \\frac{36}{10} = 3.6 \\text{ cm}^2/\\text{s}\n\\]\n\n**Answer:**', '**Question:** The volume of a cube is increasing at a rate of 9 cubic centimeters per second. How fast is the surface area increasing when the length of an edge is 10 centimeters?\n\nLet \\( x \\) be the length of a side, \\( V \\) be the volume, and \\( S \\) be the surface area of the cube. Then, \\( V = x^3 \\) and \\( S = 6x^2 \\), where \\( x \\) is a function of time \\( t \\). Now,\n\\[ \\frac{dV}{dt} = 9 \\text{ cm}^3/\\text{s} \\] (given)\nTherefore,\n\\[ g = \\frac{dV}{dt} = \\frac{d}{dx}(x^3) \\cdot \\frac{dx}{dt} \\] (By chain rule)\n\\[ = 3x^2 \\cdot \\frac{dx}{dt} \\]\n\nDifferentiating\n\\[ \\frac{dx}{dt} = \\frac{3}{x^2} \\]\nassuming \\( x > 0 \\)....\\( (i) \\)\n\nNow,\n\\[ \\frac{ds}{dt} = \\frac{d}{dx}(6x^2) \\cdot \\frac{dx}{dt} \\] (By chain rule)\n\\[ = 12x \\cdot \\left(\\frac{3}{x^2}\\right) = \\frac{36}{x} \\] (using (i))\n\nHence, when \\( x = 10 \\) cm,\n\\[ \\frac{ds}{dt} = \\frac{36}{10} = 3.6 \\text{ cm}^2/\\text{s} \\]', '**Question:**\n\n\\[\n\\text{The volume of a cube is increasing at a rate of 9 cubic centimeters per second. How fast is the surface area increasing when the length of an edge is 10 centimeters?}\n\\]\n\n**Answer:**\n\nLet \\( x \\) be the length of a side, \\( V \\) be the volume, and \\( S \\) be the surface area of the cube. Then, \\( V = x^3 \\) and \\( S = 6x^2 \\), where \\( x \\) is a function of time \\( t \\).\n\nNow,\n\\[\n\\frac{dV}{dt} = 9 \\, \\text{cm}^3/\\text{s} \\quad \\text{(given)}\n\\]\n\nTherefore,\n\\[\ng = \\frac{dV}{dt} = \\frac{d}{dt}(x^3) = \\frac{dx^3}{dt} \\cdot \\frac{dx}{dt} \\quad (\\text{By chain rule})\n\\]\n\\[\n= 3x^2 \\cdot \\frac{dx}{dt}\n\\]\n\nDividing both sides by \\( x^2 \\),\n\\[\n\\frac{dx}{dt} = \\frac{3}{x^2} \\quad \\text{assuming } x > 0.\n\\]\n\nNow,\n\\[\n\\frac{dS}{dt} = \\frac{d}{dt}(6x^2) = \\frac{d(6x^2)}{dx} \\cdot \\frac{dx}{dt} \\quad (\\text{By chain rule})\n\\]\n\\[\n= 12x \\cdot \\left(\\frac{3}{x^2}\\right) = \\frac{36}{x} \\quad (\\text{using (1)})\n\\]\n\nHence, when \\( x = 10 \\, \\text{cm} \\),\n\\[\n\\frac{dS}{dt} = \\frac{36}{10} = 3.6 \\, \\text{cm}^2/\\text{s}\n\\]']","['**Reasoning:** The chain rule application appears correct initially, but it seems to be erroneous later. For example, in the step where \\( \\frac{dV}{dt} = g \\) m³/s is given directly, this should be derived using the Chain Rule properly. Additionally, the expression for \\( \\frac{dx}{dt} \\) should be \\( \\frac{3}{x} \\) instead of \\( \\frac{3}{x^2} \\). This mistake leads to incorrect differentiation results further down in the calculation.\n\n**Error:** 1', '**Reasoning:** The answer contains a logical error. In the step where \\(\\frac{ds}{dt}\\) is calculated, it incorrectly simplifies to \\(\\frac{36}{10}\\) instead of \\(\\frac{36}{10} = 3.6\\). The correct simplification should reflect the fact that \\(x\\) is constant when \\(x=10\\), so the surface area is simply \\(S = 6 \\times 10^2 = 600\\) square centimeters, and the rate of change of surface area with respect to time is \\(\\frac{dS}{dt} = 600 \\cdot \\frac{dx}{dt}\\). Given \\(\\frac{dx}{dt} = \\frac{3}{x^2}\\), substituting \\(x = 10\\) gives \\(\\frac{dx}{dt} = \\frac{3}{100}\\), thus \\(\\frac{dS}{dt} = 600 \\cdot \\frac{3}{100} = 18 \\text{ cm}^2/s\\).\n\n**Error:** 1', '**Reasoning:** The error lies in the application of the chain rule in the differentiation process. Specifically, when differentiating \\( S = 6x^2 \\) with respect to time \\( t \\), the correct application would be to differentiate each component separately, resulting in:\n\\[ \\frac{ds}{dt} = 6 \\cdot 2x \\cdot \\frac{dx}{dt} = 12x \\cdot \\frac{dx}{dt} \\]\nHowever, the student incorrectly differentiated the entire expression as if it were a single function, leading to the incorrect equation \\( \\frac{ds}{dt} = 3 \\cdot x^2 \\cdot \\frac{dx}{dt} \\), which does not account for the coefficient 6 from the original surface area formula.\n\n**Error:** 1', '**Reasoning:** The answer provided does not contain any mathematical errors in terms of arithmetic calculations or algebraic manipulations. However, it lacks proper organization and formatting, which makes it difficult to read and understand the steps clearly.\n\n**Error:** 0', '**Reasoning:** The answer process seems correct up to the point where it calculates \\(\\frac{dy}{dt}\\) using the chain rule but then incorrectly applies this result directly when calculating \\(\\frac{ds}{dt}\\). It should have used the derivative of \\(S\\) with respect to time, which accounts for the rate of change of the surface area with respect to time, considering \\(x\\) changes over time as well. \n\n**Error:** 1']","['**Question:**\nThe volume of a cube is increasing at a rate of 9 cubic centimeters per second. How fast is the surface area increasing when the length of an edge is 10 centimeters?\n\n**Answer:**\nLet \\( x \\) be the length of a side, \\( V \\) be the volume, and \\( S \\) be the surface area of the cube. Then, \\( V = x^3 \\) and \\( S = 6x^2 \\), where \\( x \\) is a function of time \\( t \\).\n\nNow,\n\\[\n\\frac{dV}{dt} = 9 \\text{ cm}^3/\\text{s} \\quad (\\text{given})\n\\]\n\nTherefore,\n\\[\n\\frac{dV}{dt} = \\frac{d}{dt}(x^3) = \\frac{d(x^3)}{dx} \\cdot \\frac{dx}{dt} \\quad (\\text{By chain rule})\n\\]\n\\[\n= 3x^2 \\cdot \\frac{dx}{dt}\n\\]\n\nDifferentiate equation (1):\n\\[\n\\frac{dx}{dt} = \\frac{3}{x^2} \\quad \\text{assuming } x > 0 \\dots \\quad (1)\n\\]\n\nNow,\n\\[\n\\frac{dS}{dt} = \\frac{d}{dt}(6x^2) = \\frac{d(6x^2)}{dx} \\cdot \\frac{dx}{dt} \\quad (\\text{By chain rule})\n\\]\n\\[\n= 12x \\cdot \\left(\\frac{3}{x^2}\\right) = \\frac{36}{x} \\quad (\\text{using (1)})\n\\]\n\nHence, when \\( x = 10 \\text{ cm} \\),\n\\[\n\\frac{dS}{dt} = \\frac{36}{10} = 3.6 \\text{ cm}^2/\\text{s}\n\\]', '**Question:**\nThe volume of a cube is increasing at a rate of 9 cubic centimeters per second. How fast is the surface area increasing when the length of an edge is 10 centimeters?\n\n**Answer:**\nLet \\( x \\) be the length of a side, \\( V \\) be the volume, and \\( S \\) be the surface area of the cube. Then, \\( V = x^3 \\) and \\( S = 6x^2 \\), where \\( x \\) is a function of time \\( t \\).\n\nNow,\n\\[\n\\frac{dV}{dt} = 9 \\text{ cm}^3/\\text{s} \\quad (\\text{given})\n\\]\n\nTherefore,\n\\[\n\\frac{dV}{dt} = \\frac{d}{dt}(x^3) = \\frac{d(x^3)}{dx} \\cdot \\frac{dx}{dt} \\quad (\\text{By chain rule})\n\\]\n\\[\n= 3x^2 \\cdot \\frac{dx}{dt}\n\\]\n\nDifferentiate equation (1):\n\\[\n\\frac{dx}{dt} = \\frac{3}{x^2} \\quad \\text{assuming } x > 0 \\dots \\quad (1)\n\\]\n\nNow,\n\\[\n\\frac{dS}{dt} = \\frac{d}{dt}(6x^2) = \\frac{d(6x^2)}{dx} \\cdot \\frac{dx}{dt} \\quad (\\text{By chain rule})\n\\]\n\\[\n= 12x \\cdot \\left(\\frac{3}{x^2}\\right) = \\frac{36}{x} \\quad (\\text{using (1)})\n\\]\n\nHence, when \\( x = 10 \\text{ cm} \\),\n\\[\n\\frac{dS}{dt} = \\frac{36}{10} = 3.6 \\text{ cm}^2/\\text{s}\n\\]']","['**Reasoning:** The answer provided does not contain any mathematical errors. It follows the steps correctly to find the rate of change of the surface area with respect to time when the length of an edge is 10 centimeters. The calculations are logically sound and consistent with the chain rule and differentiation rules used.\n\n**Error:** 0', '**Reasoning:** The answer provided does not contain any mathematical errors. It follows the steps correctly to find the rate of change of the surface area with respect to time when the length of an edge is 10 centimeters. The calculations are logically sound and consistent with the chain rule and differentiation rules used.\n\n**Error:** 0']",Qwen/Qwen2.5-VL-3B-Instruct,100
"\textbf{Question} 
Example 8: Which of the following pairs of sets are equal? Justify your answer.  
(i) \( X \), the set of letters in “ALLOY” and \( B \), the set of letters in “LOYAL”.  
(ii) \( A = \{ n : n \in \mathbb{Z} \text{ and } n^2 < 4 \} \) and \( B = \{ x : x \in \mathbb{R} \text{ and } x^2 - 3x + 2 = 0 \} \).

"," 
(i) We have, \(\textcolor{red}{Y} = \{A, L, O, Y\} \), \( B = \{L, O, Y, A, L\} \). Then \(\textcolor{red}{Y}\) and \( B \) are equal sets as repetition of elements in a set do not change a set. Thus,  
\[
\textcolor{red}{Y} = \{A, L, O, Y\} = B
\]

(ii) \(\textcolor{red}{C} = \{-2, -1, 0, 1, 2\} \), \( B = \{1, 2\} \). Since \( 0 \in \textcolor{red}{C} \) and \( 0 \notin B \), \(\textcolor{red}{C}\) and \( B \) are not equal sets.

",True,True,True,1.3321790402101223,0.5004024235381879,0.0,0.0,False,True,2,0,"['```latex\n\\textbf{Question:} Example B: Which of the following pairs of sets are equal?\n\n\\textbf{Justify your answer. (i) }x, the set of letters in ALLOY and B, the set of letters in LOYAL.\n\n\\textbf{(ii)} A = \\left\\{ n : n \\in \\mathbb{Z} \\text{ and } n^2 \\geq 4 \\right\\}\n\nB = \\left\\{ x : x \\in \\mathbb{R} \\text{ and } x^2 - 3x + 2 = 0 \\right\\}\n\n\\textbf{Answer:} (i) We have, Y = \\left\\{ A, L, O, V \\right\\}, B = \\left\\{ L, O, V, A, L \\right\\}. Then Y and B are equal sets as repetition of elements in a set does not change a set. Thus,\n\n\\begin{align*}\nY &= \\left\\{ A, L, O, V \\right\\} = B.\n\\end{align*}\n\n(ii) C = \\left\\{ -2, -1, 0, 1, 2 \\right\\}, B = \\left\\{ 1, 2 \\right\\}. Since 0 ∈ C and B are not equal sets.\n```', '```latex\nQuestion: Example B: Which of the following pairs of sets are equal?\n\nJustify your answer.\n(i) $x$, the set of letters in ALLOY and B, the set of letters in LOYAL.\n(ii) A = $\\{n : n \\in \\mathbb{Z} \\text{ and } n^2 \\geq 4\\}$\n\nAnswer: (i) We have, Y = {$A, L, O, Y$}, B = {$L, O, V, A, L$.}. Then Y and B are equal sets as repetition of elements in a set do not change a set. Thus,\n\nY = {$A, L, O, Y$} = B\n\n(ii) C = {$-2, -1, 0, 1, 2$}, B = {$1, 2$}. Since 0 $\\notin$ C and B are not equal sets.\n```', '**Question:**\nWhich of the following sets are equal?\nPairs of sets are equal? Justify your answer.\n(i) A = {x | x is the set of letters in ALLOY}\n(ii) B = {x | x ∈ R and x^2 - 3x + 2 = 0}\n\n**Answer:**\n(i) We have Y = {A, L, O, Y}, B = {L, O, Y, A}. Then Y and B are equal sets as repetition of elements in a set do not change a set. Thus, Y = {A, L, O, Y} = B.\n(ii) C = {-2, -1, 0, 1, 2}, B = {1, 2}. Since 0 ∈ C and B are not equal sets.', '**Question:**\nExample B: Which of the following pairs of sets are equal?\n\nJustify your answer.\n(i) X, the set of letters in ALLOY and B, the set of letters in LOYAL.\n(ii) A = {n : n ∈ Z and n^2 < 4},\nB = {x : x ∈ R and x^2 - 3x + 2 = 0}.\n\n**Answer:**\n(i) We have, Y = {A, L, O, V}, B = {L, O, V, A}.\nThen Y and B are equal sets with repetition of elements in a set do not change a set. Thus, Y = {A, L, O, V} = B.\n\n(ii) C = {-2, -1, 0, 1, 2}, B = {1, 2}. Since 0 ∈ C and B are not equal sets.', '**Question:**\nExample B: Which of the following pairs of sets are equal?\n\nJustify your answer.\n(i) X, the set of letters in ALLOY and B, the set of letters in LOYAL.\n(ii) A = {n: n ∈ Z and n^2 ≤ 4},\nB = {x: x ∈ R and x^2 - 3x + 2 = 0}\n\n**Answer:**\n(i) We have Y = {A, L, O, V}, B = {p, y, A, L}.\nThen Y and B are equal sets as repetition of elements in a set do not change a set. Thus,\nY = {{A, L, 0, V}} = B.\n\n(ii) C = {-2, -1, 0, 1, 2}, B = {1, 2}.\nSince 0 ∈ C and B are not equal sets.']","['**Reasoning:**\nThe answer provided contains several mathematical errors:\n\n1. In the set \\( Y \\) mentioned in the question, it is stated incorrectly that \\( Y = \\{A, L, O, V\\} \\). However, the correct elements in set \\( Y \\) should be derived from the letters in ""LOYAL"" and their properties. The answer provided does not correctly identify the elements of \\( Y \\).\n2. The quadratic equation \\( x^2 - 3x + 2 = 0 \\) roots are found as \\( x = 2 \\) and \\( x = 1 \\), which are integers but not all the roots listed in \\( B \\). This indicates that the elements in \\( B \\) might not be complete or may have included additional elements not explicitly derived from the original problem statement.\n3. The conclusion about \\( C \\) and \\( B \\) being non-equal sets seems to be incorrect because both sets appear to contain the same elements (excluding \\( 0 \\)), which contradicts the statement \\( 0 \\in c \\).\n\nGiven these points, the answer contains significant mathematical errors.\n\n**Error:** 1', '**Reasoning:** The answer seems to contain logical errors. In part (i), it incorrectly states that ""Then Y and B are equal sets as repetition of elements in a set do not change a set."" This is incorrect because the order of elements in a set does matter, and {A, L, O, Y} ≠ {L, A, O, Y}. Additionally, the quadratic equation A = {n: n ∈ Z and n^2 > 4} is problematic because it includes non-integer values. In part (ii), C and B are described as having different sets but still being equal, which contradicts the statement in the question that pairs of sets are equal if they have the same elements. Therefore, the answer contains multiple errors.\n\n**Error:** 1', '**Reasoning:** \n- In part (i), the answer states that \\( Y = \\{A, L, O, Y\\} \\) and \\( B = \\{L, Y, A, L\\} \\). However, the sets should be repeated in the same order, so the correct representation should be \\( Y = \\{A, L, O, Y\\} \\) and \\( B = \\{L, O, A, Y\\} \\).\n- The sets are not equal because they contain different elements.\n- In part (ii), the answer incorrectly states that since \\( C = \\{-2, -1, 0, 1, 2\\} \\) and \\( B = \\{1, 2\\} \\), \\( C \\) and \\( B \\) are not equal sets. This is incorrect because \\( C \\) and \\( B \\) do have some common elements.\n\nBased on the above explanations, I find two errors in the Answer.\n\n**Error:** 1', '**Reasoning:** The answer contains two parts. In part (i), it states that sets Y and B are equal despite having different elements due to repetition. This is incorrect because set membership does not depend on the number of times an element appears in the set. However, in part (ii), it correctly identifies that C and B are not equal sets since they contain different numbers of elements. The error in part (i) is the assumption that repetition affects the equality of sets.\n\n**Error:** 1', '**Reasoning:** The Answer appears to be correct. It correctly identifies that sets Y and B are equal because they have the same elements (A, L, O, V), even though one element (V) is repeated in set Y. Similarly, it correctly states that sets C and B are not equal because C includes 0, which is not in set B. There is no indication of an error in the provided answer.\n\n**Error:** 0']","['**Question:**\nExample B: Which of the following pairs of sets are equal?\n\nJustify your answer.\n(i) X, the set of letters in ALLOY and B, the set of letters in LOYAL.\n(ii) A = {n : n ∈ Z and n^2 < 4}\nB = {x : x ∈ R and x^2 - 3x + 2 = 0}\n\n**Answer:**\n(i) We have Y = {A, L, O, V}, B = {L, O, V, A}. Then Y and B are equal sets as repetition of elements in a set does not change a set. Thus,\nY = {A, L, O, V} = B.\n\n(ii) C = {-2, -1, 0, 1, 2}, B = {1, 2}. Since 0 ∉ C and B are not equal sets.', '**Question:**\nExample B: Which of the following pairs of sets are equal?\n\nJustify your answer.\n(i) X, the set of letters in ALLOY and B, the set of letters in LOYAL.\n(ii) A = {n : n ∈ Z and n^2 < 4}\nB = {x : x ∈ R and x^2 - 3x + 2 = 0}\n\n**Answer:**\n(i) We have Y = {A, L, O, V}, B = {L, O, V, A}. Then Y and B are equal sets as repetition of elements in a set does not change a set. Thus,\nY = {A, L, O, V} = B.\n\n(ii) C = {-2, -1, 0, 1, 2}, B = {1, 2}. Since 0 ∉ C and B are not equal sets.']","['**Reasoning:** The answer provided does not contain any mathematical errors. It correctly identifies pairs of sets as equal and provides justification for each pair. The solution is clear and follows the instructions given in the question.\n\n**Error:** 0', '**Reasoning:** The answer provided does not contain any mathematical errors. It correctly identifies pairs of sets as equal and provides justification for each pair. The solution is clear and follows the instructions given in the question.\n\n**Error:** 0']",Qwen/Qwen2.5-VL-3B-Instruct,100
"A clock is started at noon. By 10 minutes past 5, the hour hand has turned through:
\begin{enumerate}
    \item[A)] 145°
    \item[B)] 150°
    \item[C)] 155°
    \item[D)] 160°
\end{enumerate}

"," \textcolor{red}{Option B}

\textcolor{red}{Angle traced by minute hand in 60 minutes = 360°.}

\textcolor{red}{Angle traced by minute hand in 10 minutes = $\left( \frac{360}{60} \times 10 \right)° = 60°$.}

\textcolor{red}{So the minute hand has moved through 60° by 10 minutes past 5.}


",True,True,True,1.6094379124341005,0.5004024235381879,0.0,0.0,False,True,1,0,"['**Question:**\nA clock is started at noon. By 10 minutes past 5, the hour hand has turned through:\n\n\\begin{enumerate}\n    \\item A) 145̊\n    \\item B) 150̊\n    \\item C) 155̊\n    \\item D) 160̊\n\\end{enumerate}\n\n**Answer:**\nOption B\n\nAngle traced by minute hand in 60 minutes = 360̊\nAngle traced by minute hand in 10 minutes = (360×10)/60 = 60̊\n\nSo the minute hand has moved through 60̊ by 10 minutes past 5.', '**Question:** A clock is started at noon. By 10 minutes past 5, the hour hand has turned through:\n\n\\begin{enumerate}\n    \\item $145^\\circ$\n    \\item $150^\\circ$\n    \\item $155^\\circ$\n    \\item $160^\\circ$\n\\end{enumerate}\n\n**Answer:** Option B\n\nAngle traced by minute hand in 60 minutes = $360^\\circ$\n\nAngle traced by minute hand in 10 minutes = $\\left(\\frac{360}{60} \\times 10\\right) = 60^\\circ$\n\nSo the minute hand has moved through $60^\\circ$ by 10 minutes past 5.', '**Question:**\nA clock is started at noon. By 10 minutes past 5, the hour hand has turned through:\n\n\\begin{enumerate}\n    \\item A) $145^\\circ$\n    \\item B) $150^\\circ$\n    \\item C) $155^\\circ$\n    \\item D) $160^\\circ$\n\\end{enumerate}\n\n**Answer:**\nOption B\n\nAngle traced by minute hand in 60 minutes = $360^\\circ$\n\nAngle traced by minute hand in 10 minutes = $\\left(\\frac{360 \\times 10}{60}\\right)$ = $60^\\circ$\n\nSo the minute hand has moved through $60^\\circ$ by 10 minutes past 5.', '```latex\n\\documentclass{article}\n\\usepackage{amsmath}\n\n\\begin{document}\n\n\\textbf{Question:} A clock is started at noon. By 10 minutes past 5, the hour hand has turned through:\n\n\\begin{enumerate}\n    \\item A) 145$\\frac{\\pi}{6}$ radians\n    \\item B) 150$\\frac{\\pi}{6}$ radians\n    \\item C) 155$\\frac{\\pi}{6}$ radians\n    \\item D) 160$\\frac{\\pi}{6}$ radians\n\\end{enumerate}\n\n\\textbf{Answer:} Option B\n\nAngle traced by minute hand in 60 minutes = 360$\\frac{\\pi}{6}$ radians\n\nAngle traced by minute hand in 10 minutes = (360/60 $\\times$ 10) = 60 $\\frac{\\pi}{6}$ radians\n\nSo the minute hand has moved through $60 \\frac{\\pi}{6}$ by 10 minutes past 5.\n\n\\end{document}\n```', '**Question:**\nA clock is started at noon. By $10$ minutes past $5$, the hour hand has turned through:\n\n\\begin{enumerate}\n    \\item A) $\\overline{145^o}$\n    \\item B) $\\overline{150^o}$\n    \\item C) $\\overline{155^o}$\n    \\item D) $\\overline{160^o}$\n\\end{enumerate}\n\n**Answer:** Option B\n\nAngle traced by minute hand in $60$ minutes = $360^o$\n\nAngle traced by minute hand in $10$ minutes = $(\\frac{360}{60} \\times 10)$\n\nSo the minute hand has moved through $60^\\circ$ by $10$ minutes past $5$.']","['**Reasoning:** The answer key incorrectly states that ""Option B"" is the correct choice, but it does not actually provide the correct answer for the question. The problem asks for the angle through which the hour hand has turned by 10 minutes past 5, but the solution provides incorrect calculations for the minute hand movement, leading to an incorrect answer selection. Since the correct answer cannot be determined from the given solution, there is an error in the answer selection.\n\n**Error:** 1', '**Reasoning:** The answer key states that ""Option B"" is the correct choice, but the solution incorrectly calculates the angle traced by the minute hand over 10 minutes as 360° instead of 60°. The calculation in the solution should be:\n\\[ \\text{Angle traced by minute hand in 10 minutes} = \\left(\\frac{360}{60} \\times 10\\right) = 60^{\\circ} \\]\nThis indicates that the angle traced by the minute hand is 60°, not 360°. Therefore, the solution contains an error in the calculation of the minute hand\'s movement.\n\n**Error:** 1', '**Reasoning:** The answer provided calculates the angle traced by the minute hand in 60 minutes as 360 degrees, which is correct. However, the calculation for the angle traced in 10 minutes is incorrect. Instead of dividing 360 degrees by 60, it should be divided by 6, resulting in 6 degrees per minute. Therefore, the minute hand should have moved through 6 * 10 = 60 degrees after 10 minutes past 5.\n\n**Error:** 1', '**Reasoning:** The answer provided does not match the question correctly. The question asks about the movement of the hour hand, but the calculations and explanations provided are about the minute hand. Therefore, the answer incorrectly addresses the wrong part of the question.\n\n**Error:** 1', '**Reasoning:** The answer provided states that the minute hand has moved through 60° in 10 minutes past 5. However, the correct calculation should be: The minute hand moves 360° in 60 minutes. Therefore, in 10 minutes, the minute hand moves \\(\\frac{360°}{60} \\times 10 = 60°\\). This means the minute hand has indeed moved 60 degrees in 10 minutes. Thus, the answer correctly identifies the angle traced by the minute hand in 10 minutes past 5.\n\n**Error:** 0']","['**Question:**\nA clock is started at noon. By 10 minutes past 5, the hour hand has turned through:\n\n\\begin{enumerate}\n    \\item A) $145^\\circ$\n    \\item B) $150^\\circ$\n    \\item C) $155^\\circ$\n    \\item D) $160^\\circ$\n\\end{enumerate}\n\n**Answer:**\nOption B\n\nAngle traced by minute hand in 60 minutes = $360^\\circ$\n\nAngle traced by minute hand in 10 minutes = $\\left(\\frac{360 \\times 10}{60}\\right)$\n\nSo the minute hand has moved through $60^\\circ$ by 10 minutes past 5.', '**Question:**\nA clock is started at noon. By 10 minutes past 5, the hour hand has turned through:\n\n\\begin{enumerate}\n    \\item A) $145^\\circ$\n    \\item B) $150^\\circ$\n    \\item C) $155^\\circ$\n    \\item D) $160^\\circ$\n\\end{enumerate}\n\n**Answer:**\nOption B\n\nAngle traced by minute hand in 60 minutes = $360^\\circ$\n\nAngle traced by minute hand in 10 minutes = $\\left(\\frac{360 \\times 10}{60}\\right)$\n\nSo the minute hand has moved through $60^\\circ$ by 10 minutes past 5.']","['**Reasoning:** The answer provided does not correctly calculate the angle traced by the minute hand. The correct calculation should be: \n\\[ \\text{Angle traced by minute hand} = \\left(\\frac{360^\\circ}{60}\\right) \\times 10 = 60^\\circ \\]\nHowever, the answer given is incorrect as it states ""60"" instead of ""60°"".\n\n**Error:** 1', '**Reasoning:** The answer provided does not correctly calculate the angle traced by the minute hand. The correct calculation should be: \n\\[ \\text{Angle traced by minute hand} = \\left(\\frac{360^\\circ}{60}\\right) \\times 10 = 60^\\circ \\]\nHowever, the answer given is incorrect as it states ""60"" instead of ""60°"".\n\n**Error:** 1']",Qwen/Qwen2.5-VL-3B-Instruct,100
"If the weight of 12 sheets of thick paper is 40 grams, how many sheets of the same paper would weigh \(2 \frac{1}{2}\) kilograms?

"," 
Let the number of sheets which weigh \(2 \frac{1}{2}\) kg be \(x\). We put the above information in the form of a table as shown below:

\[
\begin{array}{|c|c|}
\hline
\text{Number of sheets} & \text{Weight of sheets (in grams)} \\
\hline
12 & 40 \\
x & 2500 \\
\hline
\end{array}
\]

More the number of sheets, the more would their weight be. So, the number of sheets and their weights are directly proportional to each other.

\[
\frac{12}{40} = \frac{x}{2500}
\]

Cross-multiplying gives:

\[
12 \times 2500 = 40 \times x
\]

\[
75000 = 40x
\]

Dividing both sides by 40:

\[
x = \frac{75000}{40} = 1875
\]

Thus, the required number of sheets of paper is \textcolor{red}{1875 grams}.

",True,False,False,1.6094379124341005,0.5004024235381879,0.0,0.0,False,True,0,0,"['**Question:** If the weight of 12 sheets of thick paper is 40 gms, how many sheets of the same paper would weigh \\( 2 \\frac{1}{2} \\) kilogram?\n\n**Answer:** Let the number of sheets which weigh \\( 2 \\frac{1}{2} \\) kg be $x$. We put the above information in the form of a table as shown below:\n\n\\begin{tabular}{|c|c|}\n\\hline\nNumber of sheets & Weight (in grams) \\\\\n\\hline\n12 & 40 \\\\\n$x$ & 2500 \\\\\n\\hline\n\\end{tabular}\n\nMore the number of sheets, the more would their weight be. So, the number of sheets and their weights are directly proportional to each other.\n\n\\[\n\\frac{12}{40} = \\frac{x}{2500}\n\\]\n\nCross-multiplying gives\n\n\\[\n12 \\times 2500 = 40 \\times x\n\\]\n\\[\n75000 = 40x\n\\]\n\nDividing both sides by 40:\n\n\\[\nx = \\frac{75000}{40} = 1875\n\\]\n\nThus, the required number of sheets of paper is 1875 grams.', '**Question:**\nIf the weight of 12 sheets of thick paper is 40 gms, how many sheets of the same paper would weigh $2\\frac{1}{2}$ kilograms?\n\n**Answer:**\nLet the number of sheets which weigh $2\\frac{1}{2}$ kg be $x$. We put the above information in the form of a table as shown below:\n\n| Number of Sheets | Weight (g) |\n|-------------------|-------------|\n| 12                | 40          |\n| x                 | 2500        |\n\nMore the number of sheets, the more would their weight be. So, the number of sheets and their weights are directly proportional to each other.\n\n\\[\n\\begin{align*}\n\\frac{12}{40} &= \\frac{x}{2500} \\\\\n75000 &= 40x \\\\\nx &= \\frac{75000}{40} = 1875\n\\end{align*}\n\\]\n\nThus, the required number of sheets of paper is 1875 grams.', '**Question:**\n\\[\n\\text{If the weight of 12 sheets of thick paper is 40 gms, how many sheets of the same paper would weigh $2\\frac{1}{2}$ kilograms?}\n\\]\n\n**Answer:**\n\\[\n\\text{Let the number of sheets of the same paper which weigh } 2\\frac{1}{2} \\text{ kg be } x.\n\\]\n\\[\n\\begin{array}{|c|c|}\n\\hline\n\\textbf{Number of Sheets} & \\textbf{Weight (in grams)} \\\\\n\\hline\n12 & 40 \\\\\nx & 2500 \\\\\n\\hline\n\\end{array}\n\\]\n\\[\n\\text{More the number of sheets, the more their weight will be. So, the number of sheets and their weights are directly proportional to each other.}\n\\]\n\\[\n\\frac{12}{40} = \\frac{x}{2500}\n\\]\n\\[\n\\text{Cross-multiplying gives}\n\\]\n\\[\n12 \\times 2500 = 40 \\times x\n\\]\n\\[\n75000 = 40x\n\\]\n\\[\n\\text{Dividing both sides by 40:}\n\\]\n\\[\nx = \\frac{75000}{40} = 1875\n\\]\n\\[\n\\text{Thus, the required number of sheets of papers is } 1875 \\text{ grams.}\n\\]', '**Question:**\nIf the weight of 12 sheets of thick paper is 40 gms, how many sheets of the same paper would weigh 2$\\frac{1}{2}$ kilograms?\n\n**Answer:**\nLet the number of sheets which weigh $2\\frac{1}{2}$ kg be x. We put the above information in the form of a table as shown below:\n\n| Number of Sheets | Weight (in grams) |\n|------------------|--------------------|\n| 12               | 40                 |\n| x                | 2500               |\n\nMore the number of sheets, the more would their weight be. So, the number of sheets and their weights are directly proportional to each other.\n\n\\[\n\\frac{12}{40} = \\frac{x}{2500}\n\\]\n\nCross multiplying gives\n\n\\[\n12 \\times 2500 = 40x\n\\]\n\n\\[\n75000 = 40x\n\\]\n\nDividing both sides by 40:\n\n\\[\nx = \\frac{75000}{40} = 1875\n\\]\n\nThus, the required number of sheets of paper is 1875 grams.', '**Question:**\nIf the weight of 12 sheets of thick paper is 40 grams, how many sheets of the same paper would weigh \\(2 \\frac{1}{2}\\) kilograms?\n\n\\[\n\\textbf{Question:} \\quad \\text{If the weight of } 12 \\text{ sheets of thick paper is } 40 \\text{ grams, how many sheets of the same paper would weigh } 2 \\frac{1}{2} \\text{ kilograms?}\n\\]\n\n**Answer:**\nLet the number of sheets which weigh \\(2 \\frac{1}{2} kg\\) be \\(x\\). We put the above information in the form of a table as shown below:\n\n| Number of Sheets | Weight (in grams) |\n|------------------|--------------------|\n| 12               | 40                 |\n| \\(x\\)            | 2500               |\n\nMore the number of sheets, the more would their weight be. So, the number of sheets and their weights are directly proportional to each other.\n\n\\[\n\\frac{12}{40} = \\frac{x}{2500}\n\\]\n\nCross multiplying gives\n\n\\(12 \\times 2500 = 40 \\times x\\)\n\n\\(75000 = 40x\\)\n\nDividing both sides by 40:\n\n\\(x = \\frac{75000}{40} = 1875\\)\n\nThus, the required number of sheets of papers is 1875.\n\n\\[\n\\textbf{Answer:} \\quad \\text{Let the number of sheets which weigh } 2 \\frac{1}{2} \\text{ kilograms be } x. \\text{ We put the above information in the form of a table as shown below:}\n\n\\begin{array}{|c|c|}\n\\hline\n\\text{Number of Sheets} & \\text{Weight (in grams)} \\\\\n\\hline\n12 & 40 \\\\\nx & 2500 \\\\\n\\hline\n\\end{array}\n\n\\text{More the number of sheets, the more would their weight be. So, the number of sheets and their weights are directly proportional to each other.}\n\n\\frac{12}{40} = \\frac{x}{2500}\n\n\\text{Cross multiplying gives}\n\n12 \\times 2500']","['**Reasoning:** The answer incorrectly multiplies the weight instead of dividing it after setting up the proportion. Specifically, the equation \\(\\frac{12}{40} = \\frac{x}{2500}\\) should be interpreted as \\(x\\) being the number of sheets that would weigh 2.5 kg, not the other way around. Dividing both sides by 40 gives \\(x = \\frac{75000}{40} = 1875\\) sheets, not multiplying by 40.\n\n**Error:** 1', '**Reasoning:** The answer contains several logical errors:\n1. The weight conversion from kilograms to grams is incorrect. The correct weight should be 2500 grams.\n2. The equation given does not match the correct proportionality relationship. The correct equation should be \\(\\frac{40}{12} = \\frac{x}{2500}\\).\n3. The steps involved in solving the equation are incorrect. Specifically, the cross-multiplication should be done as follows: \\(12 \\times 2500 = 40 \\times x\\). However, the solution provided incorrectly multiplies them directly.\n\n**Error:** 1', '**Reasoning:** The answer does not correctly solve the problem. The correct approach to solving this problem involves converting kilograms to grams before setting up the proportion. The problem states that 12 sheets weigh 40 grams, and we need to find out how many sheets would weigh 2.5 kg. First, convert 2.5 kg to grams: \\(2.5 \\times 1000 = 2500\\) grams. Then, set up the proportion:\n\n\\[\n\\frac{12}{40} = \\frac{x}{2500}\n\\]\n\nCross-multiplying gives:\n\n\\[\n12 \\times 2500 = 40x\n\\]\n\nSolving for \\(x\\):\n\n\\[\n25000 = 40x\n\\]\n\\[\nx = \\frac{25000}{40} = 625\n\\]\n\nTherefore, the number of sheets that would weigh 2.5 kg is 625.\n\n**Error:** 1', '**Reasoning:** The problem involves converting between units of weight: grams and kilograms. However, in the answer, the number of sheets is converted from grams to kilograms instead of keeping it in grams. This results in a conversion factor that should be applied when calculating the unknown number of sheets. The answer incorrectly converts 2.5 kg to grams (which is approximately 2500 grams) before starting the proportion calculation, leading to an incorrect final result.\n\n**Error:** 1', '**Reasoning:** The answer incorrectly multiplies the number of sheets by 2500 instead of 75000. In the question, it is stated that 12 sheets weigh 40 grams, so each sheet weighs 3\\frac{1}{3} grams. When converting the weight to kilograms, it becomes 3.33 grams per sheet. To find out how many sheets would weigh 2\\frac{1}{2} kg, we divide 2.5 kg by 3.33 grams per sheet: \\(\\frac{2500}{3.33} = 7500\\) sheets. Therefore, the correct calculation should be \\(75000\\) grams divided by \\(3.33\\) grams per sheet, not \\(2500\\) grams.\n\n**Error:** 0']","['**Question:**\nIf the weight of 12 sheets of thick paper is 40 gms, how many sheets of the same paper would weigh 2$\\frac{1}{2}$ kilograms?\n\n**Answer:**\nLet the number of sheets which weigh 2$\\frac{1}{2}$ kg be x. We put the above information in the form of a table as shown below:\n\n\\begin{tabular}{|c|c|}\n\\hline\nNumber of sheets & Weight (in grams) \\\\\n\\hline\n12 & 40 \\\\\nx & 2500 \\\\\n\\hline\n\\end{tabular}\n\nMore the number of sheets, the more would their weight be. So, the number of sheets and their weights are directly proportional to each other.\n\n\\[\n\\frac{12}{40} = \\frac{x}{2500}\n\\]\n\nCross-multiplying gives\n\n\\[\n12 \\times 2500 = 40 \\times x\n\\]\n\n\\[\n75000 = 40x\n\\]\n\nDividing both sides by 40:\n\n\\[\nx = \\frac{75000}{40} = 1875\n\\]\n\nThus, the required number of sheets of paper is 1875 grams.', '**Question:**\nIf the weight of 12 sheets of thick paper is 40 gms, how many sheets of the same paper would weigh 2$\\frac{1}{2}$ kilograms?\n\n**Answer:**\nLet the number of sheets which weigh 2$\\frac{1}{2}$ kg be x. We put the above information in the form of a table as shown below:\n\n\\begin{tabular}{|c|c|}\n\\hline\nNumber of sheets & Weight (in grams) \\\\\n\\hline\n12 & 40 \\\\\nx & 2500 \\\\\n\\hline\n\\end{tabular}\n\nMore the number of sheets, the more would their weight be. So, the number of sheets and their weights are directly proportional to each other.\n\n\\[\n\\frac{12}{40} = \\frac{x}{2500}\n\\]\n\nCross-multiplying gives\n\n\\[\n12 \\times 2500 = 40 \\times x\n\\]\n\n\\[\n75000 = 40x\n\\]\n\nDividing both sides by 40:\n\n\\[\nx = \\frac{75000}{40} = 1875\n\\]\n\nThus, the required number of sheets of paper is 1875 grams.']","['**Reasoning:** The answer incorrectly states that the number of sheets is 1875 grams instead of kilograms. The correct conversion from grams to kilograms should be done by dividing the weight in grams by 1000, resulting in 2.5 kg. Therefore, the number of sheets should be calculated as x = 2500 / 40 = 62.5 sheets, not 1875 grams.\n\n**Error:** 1', '**Reasoning:** The answer incorrectly states that the number of sheets is 1875 grams instead of kilograms. The correct conversion from grams to kilograms should be done by dividing the weight in grams by 1000, resulting in 2.5 kg. Therefore, the number of sheets should be calculated as x = 2500 / 40 = 62.5 sheets, not 1875 grams.\n\n**Error:** 1']",Qwen/Qwen2.5-VL-3B-Instruct,100
"Let \( U = \{1, 2, 3, 4, 5, 6, 7, 8, 9, 10\} \) and \( A = \{1, 3, 5, 7, 9\} \). Find \( A' \).

"," We note that \( 2, 4, \textcolor{red}{5}, 6, 8, 10 \) are the only elements of \( U \) which do not belong to \( A \). Hence, 
\[
A' = \{2, 4, 6, 8, 10\}.
\]

",True,True,True,1.6094379124341005,0.5004024235381879,0.0,0.0,False,False,0,0,"[""**Question:**\nLet \\( U = \\{1, 2, 3, 4, 5, 6, 7, 8, 9, 10\\} \\) and \\( A = \\{1, 3, 5, 7, 9\\} \\). Find \\( A' \\).\n\n**Answer:**\nWe note that \\( 2, 4, 5, 6, 8, 10 \\) are the only elements of \\( U \\) which do not belong to \\( A \\). Hence,\n\\[ A' = \\{2, 4, 5, 6, 8, 10\\}. \\]"", ""**Question:**\nLet \\( U = \\{1, 2, 3, 4, 5, 6, 7, 8, 9, 10\\} \\) and \\( A = \\{1, 3, 5, 7, 9\\} \\). Find \\( A' \\).\n\n**Answer:**\nWe note that \\( 2, 4, 5, 6, 8, 10 \\) are the only elements of \\( U \\) which do not belong to \\( A \\). Hence,\n\\[ A' = \\{2, 4, 6, 8, 10\\}. \\]"", ""**Question:** Let $U = \\{1,2,3,4,5,6,7,8,9,10\\}$ and $A = \\{1,3,5,7,9\\}$. Find $A'$.\\\\\n\n**Answer:** We note that $2,4,5,6,8,10$ are the only elements of $U$ which do not belong to $A$. Hence, $A' = \\{2,4,6,8,10\\}$."", ""**Question:** Let $V = \\{1, 2, 3, 4, 5, 6, 7, 8, 9, 10\\}$ and $A = \\{1, 3, 5, 7, 9\\}$. Find $A'$.\n\n**Answer:** We note that $2, 4, 5, 6, 8, 10$ are the only elements of $V$ which do not belong to $A$. Hence, $A' = \\{2, 4, 6, 8, 10\\}$."", '**Question:**\nLet $U = \\{1, 2, 3, 4, 5, 6, 7, 8, 9, 10\\}$ and $A = \\{1, 3, 5, 7, 9\\}$. Find $A^{\\prime}$.\n\n**Answer:**\nWe note that $2, 4, 5, 6, 8, 10$ are the only elements of $U$ which do not belong to $A$. Hence,\n\\[ A^{\\prime} = \\{2, 4, 6, 8, 10\\}. \\]']","[""**Reasoning:** The answer provided states that \\( A' = \\{2, 4, 6, 8, 10\\} \\). However, the question asks for the complement of set \\( A \\) within set \\( U \\), which should be \\( U - A = \\{2, 4, 6, 8, 10\\} \\). The given answer is correct but the notation used after \\( A' \\) seems inconsistent because typically the complement of a set is denoted by a prime symbol (\\( A' \\)) with the set being defined before it, not after. This minor inconsistency in notation does not affect the correctness of the solution.\n\n**Error:** 0"", ""**Reasoning:** The answer provided states that \\( A' = \\{2, 4, 6, 8, 10\\} \\). However, from the question, we know that the elements of \\( U \\) that do not belong to \\( A \\) should be \\( \\{1, 2, 3, 4, 5, 6, 7, 8, 9, 10\\} \\) minus \\( \\{1, 3, 5, 7, 9\\} \\), which gives \\( \\{2, 4, 6, 8, 10\\} \\). Therefore, the answer is correct.\n\n**Error:** 0"", ""**Reasoning:** The answer does not contain any mathematical errors. The steps to find the complement of set A' are correct: subtracting elements of A from all elements of U results in {2, 4, 6, 8, 10}, which matches the answer provided.\n\n**Error:** 0"", '**Reasoning:** \nThe answer states that 2, 4, 5, 6, 8, and 10 are the only elements of U that do not belong to A, but this statement is incorrect because it omits the element 3 from the set U. According to the question, U = {1, 2, 3, 4, 5, 6, 7, 8, 9, 10}, so 3 must also be included in the elements of U that do not belong to A. Therefore, the correct set should include 3, making the other elements correct.\n\n**Error:** 1', ""**Reasoning:** The answer incorrectly states that A' = {2,4,6,8,10}. According to the question, U = {1,2,3,4,5,6,7,8,9,10} and A = {1,3,5,7,9}. Therefore, the complement of A (A') should be the elements of U that are not in A. So, A' = {2,4,6,8,10}, which matches the correct answer.\n\n**Error:** 0""]","[""**Question:** Let \\( U = \\{1, 2, 3, 4, 5, 6, 7, 8, 9, 10\\} \\) and \\( A = \\{1, 3, 5, 7, 9\\} \\). Find \\( A' \\).\n\n**Answer:** We note that \\( 2, 4, 5, 6, 8, 10 \\) are the only elements of \\( U \\) which do not belong to \\( A \\). Hence, \\( A' = \\{2, 4, 6, 8, 10\\} \\)."", ""**Question:** Let \\( U = \\{1, 2, 3, 4, 5, 6, 7, 8, 9, 10\\} \\) and \\( A = \\{1, 3, 5, 7, 9\\} \\). Find \\( A' \\).\n\n**Answer:** We note that \\( 2, 4, 5, 6, 8, 10 \\) are the only elements of \\( U \\) which do not belong to \\( A \\). Hence, \\( A' = \\{2, 4, 6, 8, 10\\} \\).""]","['**Reasoning:** The answer provided states that the elements of U which do not belong to A are {2, 4, 5, 6, 8, 10}. However, this is incorrect because the elements of U are {1, 2, 3, 4, 5, 6, 7, 8, 9, 10}, and the elements of A are {1, 3, 5, 7, 9}. Therefore, the correct elements of U that do not belong to A are {2, 4, 6, 8, 10}.\n\n**Error:** 1', '**Reasoning:** The answer provided states that the elements of U which do not belong to A are {2, 4, 5, 6, 8, 10}. However, this is incorrect because the elements of U are {1, 2, 3, 4, 5, 6, 7, 8, 9, 10}, and the elements of A are {1, 3, 5, 7, 9}. Therefore, the correct elements of U that do not belong to A are {2, 4, 6, 8, 10}.\n\n**Error:** 1']",Qwen/Qwen2.5-VL-3B-Instruct,100
"The least perfect square, which is divisible by each of 21, 36 and 66 is:  
\begin{enumerate}
    \item[A)] 213444
    \item[B)] 214344
    \item[C)] 214434
    \item[D)] 231444
\end{enumerate}

"," Option A  
L.C.M. of 21, 36, 66 = 2772.  
Now, \( 2772 = 2 \times 2 \times 3 \times 3 \times 7 \times 11 \)  
To make it a perfect square, it must be multiplied by \( 7 \times 11 \).  
So, required number = \( 2^2 \times 3^2 \times 7^2 \times 11^2 = \textcolor{red}{231444} \)

",True,True,True,1.6094379124341005,0.5004024235381879,0.0,0.0,False,True,1,0,"['**Question:**\nThe least perfect square, which is divisible by each of 21, 36, and 66, is:\n\nA) 213444\n\nB) 214349\n\nC) 214434\n\nD) 231444\n\n**Answer:**\nOption A L.C.M. of 21, 36, 66 = 2 x 3 x 7 x 11 Now, 2772 = 2^2 x 3^2 x 7^2 x 11 To make it a perfect square, it must be multiplied by 7 x 11. So, required number = 2^2 x 3^2 x 7^2 x 11^2 = 231444', '**Question:** The lowest perfect square, which is divisible by each of 21, 36 and 66 is :\n\nA) 213444\n\nB) 214349\n\nC) 214434\n\nD) 231444\n\n**Answer:** Option A LCM of 21,36,66 = 2^2 * 3^2 * 7^2 * 11^2 To make it a perfect square, it must be multiplied by 7*11. So, required number = 2^2 * 3^2 * 7^2 * 11^2 = 231444', '**Question:**\nThe least perfect square, which is divisible by each of 21, 36, and 66 is:\n\nA) 21444\n\nB) 214349\n\nC) 214434\n\nD) 231444\n\n**Answer:**\nOption A L.C.M. of 21, 36, 66\n\n= 2×3×2×72 = 2×2×3×3×7×11\n\nTo make it a perfect square, it must be multiplied by 7×11. So, required number = 2² × 3² × 7² × 11² = 231444', '```latex\n\\textbf{Question:} The least perfect square, which is divisible by each of 21, 36, and 66, is:\n\nA) 213444\n\nB) 214349\n\nC) 214434\n\nD) 231444\n\n\\textbf{Answer:} Option A L.C.M. of 21, 36, 66 \\\\ z 2^132 . Now, 2772 = 2 \\times 2 \\times 3 \\times 3 \\times 7 \\times 11 \\\\ To make it a perfect square, it must\\\\ be multiplied by 7 \\times 11 . So, required\\\\ number = 2^2 \\times 3^2 \\times 7^2 \\times 11^2 = 231444\n```', '**Question:** The least perfect square, which is divisible by each of 21, 36 and 66 is :\n\nA) 213444\n\nB) 214349\n\nC) 214434\n\nD) 231444\n\n**Answer:** Option A L.C.M. of 21, 36, 86\n\n= 2 x 3 x 7 Now, 2772 = 2 x 2 x 3 x 3 x 7 x 11\n\nTo make it a perfect square, it must be multiplied by 7 x 11. So, required number = 2 x 2 x 3 x 7 x 11 x 11 = 231444']","['**Reasoning:** The answer provided does not correctly calculate the least common multiple (LCM) of 21, 36, and 66. Instead of finding the LCM, the student seems to have multiplied the prime factors raised to their highest powers directly, which is incorrect for determining the LCM. Therefore, the answer should be calculated as follows:\n\nThe prime factorization of each number is:\n- 21 = 3 × 7\n- 36 = 2² × 3²\n- 66 = 2 × 3 × 11\n\nTo find the LCM, take the highest power of each prime factor involved:  \n\\(2^2\\), \\(3^2\\), \\(7\\), and \\(11\\). Multiplying these gives us:  \n\\(2^2 \\times 3^2 \\times 7 \\times 11 = 4 \\times 9 \\times 7 \\times 11 = 3276\\).\n\nTherefore, the correct answer is D) 3276, not 231444.\n\n**Error:** 1', '**Reasoning:** The answer provided contains a logical error. The calculation of the least common multiple (LCM) of 21, 36, and 86 is incorrect. The correct LCM should be calculated by finding the product of all prime factors raised to their highest power present in any of the numbers. However, since 86 is not a prime number and is not a factor of 21 or 36, it does not affect the LCM calculation when considering the prime factors of 21 (3 and 7) and 36 (2 and 3). Therefore, the LCM of 21, 36, and any other number should be multiplied by 7 and 11, not 11 and 12 as shown in the answer.\n\n**Error:** 0', '**Reasoning:** The answer provided does not contain any mathematical errors in terms of calculating the least common multiple (LCM) of 21, 36, and 66 and then determining the correct number to make it a perfect square. However, the question asks for the least perfect square divisible by 21, 36, and 66, whereas the provided answer seems to be about making the LCM into a perfect square.\n\n**Error:** 1', '**Reasoning:** The answer incorrectly states that Option A is incorrect when it should be correct. The L.C.M. of 21, 36, and 66 is indeed 2772, and squaring 2772 gives 2772^2 = 76657444. However, the answer concludes with ""required number = 2^2 x 3^2 x 7^2 x 11^2 = 231444,"" which is incorrect as it does not align with the correct square of 2772. \n\n**Error:** 1', ""**Reasoning:** The answer incorrectly identifies the least common multiple (LCM) as 2772 instead of 876. The LCM of 21, 36, and 66 should be calculated by finding the prime factorization of each number and taking the highest power of each prime that appears in the factorizations.\n\nLet's break down the steps to find the LCM:\n- 21 = 3 × 7\n- 36 = 2² × 3²\n- 66 = 2 × 3 × 11\n\nThe LCM is given by the product of the highest powers of all prime factors involved:\n- Highest power of 2: 2²\n- Highest power of 3: 3²\n- Highest power of 7: 7\n- Highest power of 11: 11\n\nSo, the LCM = 2² × 3² × 7 × 11 = 5616.\n\nTherefore, the correct answer should be 5616, not 2772.\n\n**Error:** 1""]","['**Question:**\nThe least perfect square, which is divisible by each of 21, 36, and 66, is:\n\nA) 213444\n\nB) 214349\n\nC) 214434\n\nD) 231444\n\n**Answer:**\nOption A L.C.M. of 21, 36, 66 = 2 x 3 x 7 x 11 Now, 2772 = 2 x 2 x 3 x 3 x 7 x 11 To make it a perfect square, it must be multiplied by 7 x 11. So, required number = 2^2 x 3^2 x 7^2 x 11^2 = 231444', '**Question:**\nThe least perfect square, which is divisible by each of 21, 36, and 66, is:\n\nA) 213444\n\nB) 214349\n\nC) 214434\n\nD) 231444\n\n**Answer:**\nOption A L.C.M. of 21, 36, 66 = 2 x 3 x 7 x 11 Now, 2772 = 2 x 2 x 3 x 3 x 7 x 11 To make it a perfect square, it must be multiplied by 7 x 11. So, required number = 2^2 x 3^2 x 7^2 x 11^2 = 231444']","['**Reasoning:** The answer provided does not correctly explain how to find the least common multiple (LCM) of 21, 36, and 66. Instead, it incorrectly states that the LCM is 2772, which is incorrect because 2772 is not the LCM of 21, 36, and 66. The correct LCM should be calculated as follows: 21 = 3 x 7, 36 = 2^2 x 3^2, and 66 = 2 x 3 x 11. The LCM is then 2^2 x 3^2 x 7 x 11 = 2772. However, the answer suggests multiplying the number by 7 x 11 to make it a perfect square, which is incorrect. The correct approach would be to multiply the number by 2^2 x 3^2 x 11^2 = 231444 to make it a perfect square.\n\n**Error:** 1', '**Reasoning:** The answer provided does not correctly explain how to find the least common multiple (LCM) of 21, 36, and 66. Instead, it incorrectly states that the LCM is 2772, which is incorrect because 2772 is not the LCM of 21, 36, and 66. The correct LCM should be calculated as follows: 21 = 3 x 7, 36 = 2^2 x 3^2, and 66 = 2 x 3 x 11. The LCM is then 2^2 x 3^2 x 7 x 11 = 2772. However, the answer suggests multiplying the number by 7 x 11 to make it a perfect square, which is incorrect. The correct approach would be to multiply the number by 2^2 x 3^2 x 11^2 = 231444 to make it a perfect square.\n\n**Error:** 1']",Qwen/Qwen2.5-VL-3B-Instruct,100
"39 persons can repair a road in 12 days, working 5 hours a day. In how many days will 30 persons, working 6 hours a day, complete the work? 

\begin{enumerate}[label=\Alph*]
    \item 10
    \item 13
    \item 14
    \item 15
\end{enumerate}

"," Option B

Let the required number of days be \( x \).

\text{Less persons, More days (Indirect Proportion)}

\text{More working hours per day, Less days (Indirect Proportion)}

\[
\text{Persons} \quad 30 : 39 \quad :: \quad 12 : x
\]
\[
\text{Working hours/day} \quad 6 : 5
\]

Thus,

\[
30 \times 6 \times x = 39 \times 5 \times 12
\]

\[
\Rightarrow \quad x = \textcolor{red}{\frac{39 \div 5 \times 12}{30 \times 6}}
\]

\[
\Rightarrow \quad x = 13.
\]

",True,True,True,0.9502705392332347,0.6730116670092565,0.0,0.0,False,True,3,0,"['**Question:**\n\\[ \\text{39 persons can repair a road in 12 days, working 5 hours a day. In how many days will 30 persons, working 6 hours a day, complete the work?} \\]\n\n**Answer:**\n\\[\n[ \\text{label = } ] 10 \\ 13 \\ 14 \\ 15\n\\]\n\\[\n\\text{Answer: Option B}\n\\]\nLet the required number of days be \\( x \\).\nLess persons, More days (Indirect Proportion)\nMore working hours per day, Less days (Indirect Proportion)\n\\[\n\\text{Persons} 30:39 :: 12 : x\n\\]\n\\[\n\\text{working hours/day} 6:5\n\\]\nThus,\n\\[\n30 \\times 6 \\times x = 39 \\times 5 \\times 12\n\\]\n\\[\n\\Rightarrow x = \\frac{39 \\div 5 \\times 12}{30 \\times 6}\n\\]\n\\[\n\\Rightarrow x = 13.\n\\]', '```latex\n\\textbf{Question:} 39 \\textit{persons} can repair a road in 12 days, working 5 hours a day. In how many days will 30 persons, working 6 hours a day, complete the work?\n\n\\[ [label=] 10 13 14 15 \\]\n\n\\textbf{Answer:} Option B\n\nLet the required number of days be \\( x \\).\n\nLess persons, More days (Indirect Proportion)\n\nMore working hours per day, Less days (Indirect Proportion)\n\n\\begin{itemize}\n    \\item Persons 30:39 \\(\\implies\\) 12:x\n    \\item Working hours/day  6:5\n\\end{itemize}\n\nThus,\n\n\\[\n30 \\times 6 \\times x = 39 \\times 5 \\times 12 \\\\\n\\Rightarrow x = \\frac{39 \\div 5 \\times 12}{30 \\times 6} \\\\\n\\Rightarrow x = 13.\n\\]\n```', '```latex\n\\documentclass{article}\n\\begin{document}\n\n\\textbf{Question:} 39 persons can repair a road in 12 days, working 5 hours a day. In how many days will 30 persons, working 6 hours a day, complete the work?\n\n[\\textit{label=}] 10 13 14 15\n\n\\textbf{Answer:} Option B\n\nLet the required number of days be \\(x\\).\n\nLess persons, More days (Indirect Proportion)  \nMore working hours per day, Less days (Indirect Proportion)\n\nPersons 30 : 39 :: 12 : x  \n\nWorking hours/day 6 : 5  \n\nThus,\n\n\\( 30 \\times 6 \\times x = 39 \\times 5 \\times 12 \\)\n\n\\(\\Rightarrow x = \\frac{39 \\div 5 \\times 12}{30 \\times 6} \\)\n\n\\(\\Rightarrow x = 13 \\)\n\n\\end{document}\n```', '**Question:** 39 persons can repair a road in 12 days, working 5 hours a day. In how many days will 30 persons, working 6 hours a day, complete the work?\n\n**Answer:** Option B\n\nLet the required number of days be \\( x \\).\n\nLess persons, More days (Indirect Proportion)\n\nMore working hours per day, Less days (Indirect Proportion)\n\nPersons: \\( 30:39 \\) :: \\( 12:x \\)\n\nWorking hours/day: \\( 6:5 \\)\n\nThus,\n\n\\[ 30 \\times 6 \\times x = 39 \\times 5 \\times 12 \\]\n\n\\[ \\Rightarrow x = \\frac{39 \\div 5 \\times 12}{30 \\times 6} \\]\n\n\\[ \\Rightarrow x = 13. \\]', '\\textbf{Question:} 39 persons can repair a road in 12 days, working 5 hours a day. In how many days will 30 persons, working 6 hours a day, complete the work?\n\n\\textbf{Answer}: Option B\n\nLet the required number of days be \\( x \\).\n\nLess persons, More days (Indirect Proportion)\nMore working hours per day, Less days (Indirect Proportion)\n\nPersons 30:39 :: 12:x\nWorking hours/day 6:5\n\nThus,\n\n\\[ 30 \\times 6 \\times x = 39 \\times 5 \\times 12 \\]\n\\[ x = \\frac{39 \\div 5 \\times 12}{30 \\times 6} \\]\n\\[ x = 13 \\]']","['**Reasoning:** The answer process starts correctly by setting up the proportion for the number of people and working hours per day. However, when solving the equation \\(30 \\times 6 \\times x = 39 \\times 5 \\times 12\\), the steps leading to finding \\(x\\) are correct. The subsequent simplification also appears to be accurate. Therefore, there does not seem to be any logical or arithmetic error in the solution as presented.\n\n**Error:** 0', '**Reasoning:** The answer incorrectly concludes that \\( x = 13 \\). According to the calculations done in the solution, the correct value for \\( x \\) should be 14. \n\n**Error:** 1', '**Reasoning:** The answer provided does not seem to directly solve the problem as written. The question asks how many days it will take for 30 persons working 6 hours a day to complete the work, but the answer does not derive a formula from the information given about the original group. Instead, it appears to be using incorrect proportions and not following through with the step-by-step calculation required to find the number of days for 30 persons working 6 hours a day.\n\n**Error:** 1', '**Reasoning:** The student provided the correct approach to solve the problem but incorrectly labeled their answer as option B when they should have labeled it as option C. The correct label based on the given options (A, B, C, D) would be C.\n\n**Error:** 0', '**Reasoning:** The Answer uses indirect proportion correctly but makes a mistake in setting up the equation. The rate of work should be converted into hours/day before applying the formula. The correct setup should involve the total number of person-hours needed to complete the work divided by the total number of person-hours done per day by the new group. The calculation for x should reflect this adjustment.\n\n**Error:** 1']","['**Question:**\n39 persons can repair a road in 12 days, working 5 hours a day. In how many days will 30 persons, working 6 hours a day, complete the work?\n\n**Answer:**\nLet the required number of days be \\( x \\).\n\nLess persons, More days (Indirect Proportion)\nMore working hours per day, Less days (Indirect Proportion)\n\nPersons 30 : 39 :: 12 : \\( x \\)\n\nWorking hours/day 6 : 5\n\nThus,\n\n\\[ 30 \\times 6 \\times x = 39 \\times 5 \\times 12 \\]\n\n\\[ \\Rightarrow x = \\frac{39 \\div 5 \\times 12}{30 \\times 6} \\]\n\n\\[ \\Rightarrow x = 13 \\]', '**Question:**\n39 persons can repair a road in 12 days, working 5 hours a day. In how many days will 30 persons, working 6 hours a day, complete the work?\n\n**Answer:**\nLet the required number of days be \\( x \\).\n\nLess persons, More days (Indirect Proportion)\nMore working hours per day, Less days (Indirect Proportion)\n\nPersons 30 : 39 :: 12 : \\( x \\)\n\nWorking hours/day 6 : 5\n\nThus,\n\n\\[ 30 \\times 6 \\times x = 39 \\times 5 \\times 12 \\]\n\n\\[ \\Rightarrow x = \\frac{39 \\div 5 \\times 12}{30 \\times 6} \\]\n\n\\[ \\Rightarrow x = 13 \\]']","[""**Reasoning:** The answer provided does not contain any mathematical errors. The steps taken to solve the problem are correct and logically sound. The use of indirect proportion and setting up the equation correctly reflects the problem's requirements accurately.\n\n**Error:** 0"", ""**Reasoning:** The answer provided does not contain any mathematical errors. The steps taken to solve the problem are correct and logically sound. The use of indirect proportion and setting up the equation correctly reflects the problem's requirements accurately.\n\n**Error:** 0""]",Qwen/Qwen2.5-VL-3B-Instruct,100
"Find the 10th and \( n \)th terms of the G.P. \( 5, 25, 125, \ldots \).

"," Here \( a = 5 \) and \( r = 5 \). Thus, 
\[
a_{10} = 5(5)^{10-1} = 5(5)^9 = \textcolor{red}{5^9}
\]
and 
\[
a_n = ar^{n-1} = 5(5)^{n-1} = \textcolor{red}{5^{n-1}}.
\]

",True,True,True,1.6094379124341005,1.0549201679861442,0.0,0.0,False,True,0,1,"['**Question:** Find the 10th and nth terms of the G.P. √5, 2√5, 12√5, ⋯⋯\n\n**Answer:** Here \\(a = \\sqrt{5}\\) and \\(r = \\sqrt{5}\\). Thus,\n\n\\[ a_{10} = \\sqrt{5} (\\sqrt{5})^{10-1} = \\sqrt{5} (\\sqrt{5})^9 = \\sqrt{5}^9 \\]\n\nand\n\n\\[ a_n = a r^{n-1} = \\sqrt{5} (\\sqrt{5})^{n-1} = \\sqrt{5}^{n-1} \\]', '**Question:** Find the 10th and 11th terms of the G.P. 5, 25, 125, \\ldots\n\n**Answer:** Here \\(a = 5\\) and \\(r = 5\\). Thus,\n\\[ a_{10} = 5(5)^{10-1} = 5(5)^9 = 5^9 \\]\nand\n\\[ a_n = ar^{n-1} = 5(5)^{n-1} = 5^{n-1} \\]', '**Question:** Find the 10th and n^{th} terms of the G.P. 5, 25, 125, \\dots\n\n**Answer:** Here a = 5 and r = 5. Thus,\n\n\\begin{align*}\na_{10} &= 5(5)^{10-1} \\\\\n&= 5(5)^9 = 5^9\n\n\\\\\na_n &= ar^{n-1} \\\\\n&= 5(5)^{n-1} = 5^{n-1}\n\\end{align*}', '**Question:**\nFind the 10^{th} and n^{th} terms of the A.P. √5, 2√5, 12√5, ... ...\n\n**Answer:**\nHere a = √5 and r = √5. Thus,\n\n\\[ a_{10} = a(r)^{10-1} = \\sqrt{5}(\\sqrt{5})^9 = \\sqrt{5}^9 \\]\n\nand\n\n\\[ a_n = ar^{n-1} = \\sqrt{5}(\\sqrt{5})^{n-1} = \\sqrt{5}^{n-1} \\]', '**Question:** Find the 10th and nth terms of the G.P. \\(\\sqrt{5}, 25, 125, \\ldots\\)\n\n**Answer:** Here \\(a = \\sqrt{5}\\) and \\(r = 5\\). Thus,\n\\[ a_{10} = a(r)^{10-1} = \\sqrt{5}(5)^9 = 5^9 \\]\n\nand\n\n\\[ a_n = ar^{n-1} = \\sqrt{5}(5)^{n-1} = 5^{n-1} \\]']","['**Reasoning:**\nIn the given answer, there seems to be a mistake in the calculation of \\(a_{10}\\). The formula used for finding the \\((n+1)\\)th term (\\(a_{n+1}\\)) is correct, but it is applied incorrectly to find \\(a_{10}\\). Specifically, the term \\(a\\) should be multiplied by \\(q^{10-1}\\), not \\(q^9\\). \n\n**Error:** 1', ""**Reasoning:** The solution provided seems correct. Let's break it down step-by-step:\n\n1. **Finding the 10th term (\\(a_{10}\\))**:\n   - Given: \\(a = 5\\) and \\(r = \\sqrt{5}\\).\n   - Formula for the \\(n\\)-th term of a geometric progression: \\(a_n = ar^{n-1}\\).\n   - For \\(a_{10}\\): \\(a_{10} = 5(\\sqrt{5})^{10-1} = 5(\\sqrt{5})^9 = 5\\sqrt{5}^9\\).\n   - The calculation is correct up to \\(5\\sqrt{5^9}\\).\n\n2. **Finding the \\(n\\)-th term (\\(a_n\\))**:\n   - Using the same formula: \\(a_n = ar^{n-1}\\).\n   - For \\(a_n\\): \\(a_n = 5(\\sqrt{5})^{n-1} = 5\\sqrt{5}^{n-1}\\).\n   - The formula for \\(a_n\\) is also correct.\n\nThere is no indication of any calculation errors or logical mistakes in the solution provided.\n\n**Error:** 0"", '**Reasoning:** \n1. The sequence \\(\\sqrt{5}, 2\\sqrt{5}, 12\\sqrt{5}, \\cdots\\) suggests it could be an arithmetic progression (A.P.), but it does not appear to be because the differences between successive terms are not constant.\n2. However, if this is intended to be a geometric progression (G.P.), the common ratio \\(q\\) should be calculated as follows:\n   \\[\n   q = \\frac{2\\sqrt{5}}{\\sqrt{5}} = 2\n   \\]\n   For the 10th term (\\(a_{10}\\)):\n   \\[\n   a_{10} = a \\cdot q^{10-1} = \\sqrt{5} \\cdot 2^9 = \\sqrt{5} \\cdot 512 = 512\\sqrt{5}\n   \\]\n   This calculation is correct.\n3. For the \\(n\\)th term (\\(a_n\\)):\n   \\[\n   a_n = a \\cdot q^{n-1} = \\sqrt{5} \\cdot 2^{n-1}\n   \\]\n   This calculation is also correct as long as we are assuming the common ratio is indeed 2.\n\nGiven these points, the calculations for the 10th and \\(n\\)th terms appear correct under the assumption that the provided sequence is a G.P. with a common ratio of 2. The answer itself seems consistent with this assumption.\n\n**Error:** 0', '**Reasoning:** The answer appears to contain errors. In the derivation of \\(a_{10}\\), it incorrectly states \\(a_{10} = 5\\sqrt{5})^{10-1}\\), which should be \\(a_{10} = 5(\\sqrt{5})^{10-1}\\). Similarly, in the calculation for \\(a_n\\), it incorrectly states \\(a_n = 5(\\sqrt{5})^{n-1}\\), which should be \\(a_n = 5(\\sqrt{5})^{n-1}\\). Both expressions are correct but written with a small mistake in notation.\n\n**Error:** 1', '*Reasoning*: In the given answer, there seems to be an error in the representation of the terms of the geometric progression (G.P.). The last term of the G.P. provided is incorrectly written as \\(5\\sqrt{9}\\) instead of \\(5\\). This term should be simplified correctly to \\(5\\) since \\(9\\) is the square of \\(3\\), and therefore \\( \\sqrt{9} = 3 \\). Hence, the correct term \\(a_{10}\\) is \\(5 \\cdot 3^{10-1} = 5 \\cdot 3^9\\), not \\(5 \\cdot 27\\).\n\n*Error*: 1']","['**Question:** Find the 10th and nth terms of the G.P. 5, 25, 125, ...\n\n**Answer:** Here \\(a = 5\\) and \\(r = 5\\). Thus,\n\n\\[a_{10} = 5(5)^{10-1} = 5(5)^9 = 5^9\\]\n\nand\n\n\\[a_n = ar^{n-1} = 5(5)^{n-1} = 5^{n-1}\\]', '**Question:** Find the 10th and nth terms of the G.P. 5, 25, 125, ...\n\n**Answer:** Here \\(a = 5\\) and \\(r = 5\\). Thus,\n\n\\[a_{10} = 5(5)^{10-1} = 5(5)^9 = 5^9\\]\n\nand\n\n\\[a_n = ar^{n-1} = 5(5)^{n-1} = 5^{n-1}\\]']","['**Reasoning:** The answer provided contains a logical error. In the calculation for \\(a_{10}\\), the exponent should be \\(9\\) instead of \\(10-1\\). The correct expression for the 10th term should be \\(5(\\sqrt{5})^9\\), not \\(5(\\sqrt{5})^{10-1}\\). This mistake affects the correctness of the entire solution.\n\n**Error:** 1', '**Reasoning:** The answer provided contains a logical error. In the calculation for \\(a_{10}\\), the exponent should be \\(9\\) instead of \\(10-1\\). The correct expression for the 10th term should be \\(5(\\sqrt{5})^9\\), not \\(5(\\sqrt{5})^{10-1}\\). This mistake affects the correctness of the entire solution.\n\n**Error:** 1']",Qwen/Qwen2.5-VL-3B-Instruct,100
"3 pumps, working 8 hours a day, can empty a tank in 2 days. How many hours a day must 4 pumps work to empty the tank in 1 day? 

\begin{enumerate}
    \item[A)] 9
    \item[B)] 10
    \item[C)] 11
    \item[D)] 12
\end{enumerate}

"," Option \textcolor{red}{C}

Let the required number of working hours per day be \( x \).

\textit{More pumps, Less working hours per day (Indirect Proportion)} \\
\textit{Less days, More working hours per day (Indirect Proportion)} \\

\[
\frac{4}{3} :: \frac{8}{x}
\]

Thus, 

\textcolor{red}{\[
4 \times 1 \times x = 3 \times 2 \times 7
\]}

\textcolor{red}{\[
\Rightarrow x = \frac{3 \times 2 \times 7}{4}
\]}

\[
\Rightarrow x = \textcolor{red}{10.5}.
\]

",True,True,False,1.6094379124341005,0.6730116670092565,0.0,0.0,False,False,0,0,"['**Question:**\n3 pumps working 8 hours a day can empty a tank in 2 days. How many hours a day must 4 pumps work to empty the tank in 1 day?\n\n**Answer:**\nLet the required number of working hours per day be \\( x \\). More pumps mean less working hours per day (Indirect Proportion). Less days mean more working hours per day (Indirect Proportion).\n\n\\[\n\\frac{8}{2} : 12 : x \\quad \\Rightarrow 4 \\times 1 \\times x = 3 \\times 2 \\times 7\n\\]\n\n\\[\nx = \\frac{3 \\times 2 \\times 7}{4}\n\\]\n\n\\[\nx = 10.5\n\\]', '**Question:**\n3 pumps, working 8 hours a day, can empty a tank in 2 days. How many hours a day must 4 pumps work to empty the tank in 1 day?\n\n**Answer:**\nLet the required number of working hours per day be \\( x \\). More pumps, less working hours per day (Indirect Proportion). Less days, more working hours per day (Indirect Proportion).\n\nThus,\n\\[ \\frac{h}{3}::\\frac{8}{x} \\]\n\\[ 4 \\times 1 \\times x = 3 \\times 2 \\times 7 \\]\n\n\\[ \\Rightarrow x = \\frac{3 \\times 2 \\times 7}{4} \\]\n\n\\[ \\Rightarrow x = 10.5 \\]', '**Question:**\n3 pumps working 8 hours a day can empty a tank in 2 days. How many hours a day must 4 pumps work to empty the tank in 1 day?\n\n**Answer:**\nLet the required number of working hours per day be \\( x \\). With more pumps, less working hours per day (Indirect Proportion) with less days, more working hours per day (Indirect Proportion).\n\n\\[\n\\frac{h}{3} :: \\frac{8}{x}\n\\]\n\nThus,\n\n\\[\n4 \\times 1 \\times x = 3 \\times 2 \\times 7\n\\]\n\n\\[\n\\Rightarrow x = \\frac{3 \\times 2 \\times 7}{4}\n\\]\n\n\\[\n\\Rightarrow x = 10.5\n\\]', '**Question:** 3 pumps, working 8 hours a day, can empty a tank in 2 days. How many hours a day must 4 pumps work to empty the tank in 1 day?\n\n**(A) 9**\n**(B) 10**\n**(C) 11**\n**(D) 12**\n\n**Answer:** Option C\n\nLet the required number of working hours per day be \\( x \\). More pumps, less working hours per day (Indirect Proportion). Less days, more working hours per day (Indirect Proportion).\n\n\\[\n\\frac{h}{3} = \\frac{8}{x}\n\\]\n\nThus,\n\n\\[\n4 \\times 1 \\times x = 3 \\times 2 \\times 7\n\\]\n\n\\[\n\\Rightarrow x = \\frac{3 \\times 2 \\times 7}{4}\n\\]\n\n\\[\n\\Rightarrow x = 10.5\n\\]', '**Question:** 3 pumps working 8 hours a day can empty a tank in 2 days. How many hours a day must 4 pumps work to empty the tank in 1 day?\n\nA) 9\n\nB) 10\n\nC) 11\n\nD) 12\n\n**Answer:** Option C\n\nLet the required number of working hours per day be \\( x \\). More pumps, less working hours per day (indirect proportion). Less days, more working hours per day (indirect proportion).\n\n\\[\n\\frac{h}{3} : \\frac{8}{x}\n\\]\n\nThus,\n\n\\[\n4 \\times 1 \\times x = 3 \\times 2 \\times 7\n\\]\n\n\\[\n\\Rightarrow x = \\frac{3 \\times 2 \\times 7}{4}\n\\]\n\n\\[\n\\Rightarrow x = 10.5\n\\]']","['**Reasoning:** The answer provides a detailed step-by-step explanation to solve the problem using the concept of indirect proportion. However, the final calculation of \\( x \\) should be correct as it results in \\( x = 10.5 \\). There seems to be no obvious mistake in the calculations.\n\n**Error:** 0', '**Reasoning:** The solution does not seem to be following the correct logic for solving the problem. The formula provided in the answer is incorrect because it uses \\( x \\) as the number of pumps instead of the number of working hours per day. The correct approach should involve using the inverse proportionality between the number of pumps and the working hours required to empty the tank in a given number of days. The answer provided seems to have made an error in calculating the time required, as it incorrectly assumes \\( x \\) is the number of pumps when it should be the number of working hours per day.\n\n**Error:** 1', '**Reasoning:** The answer provided uses a method of solving the problem that involves setting up a proportion to find the number of working hours per day (x). However, the calculation steps are incorrect. The correct approach should involve manipulating the equation correctly to solve for x. Specifically, the steps taken to solve for x are incorrect as they do not match the standard method for solving proportions. The final result for x should be 7.5, not 10.5.\n\n**Error:** 1', '**Reasoning:** The answer appears to be correct. The student correctly applies the concept of indirect proportion to solve the problem. They set up the equation \\(\\frac{h}{3} = \\frac{8}{x}\\) to find \\(x\\). Solving this equation yields \\(x = 10.5\\) hours per day, consistent with the requirements of the problem. Therefore, the solution does not contain any errors.\n\n**Error:** 0', '**Reasoning:** The answer appears to be correct. The student has set up the proportion correctly using the formula for inverse proportionality: \\(\\frac{hours}{pumps} = \\frac{8 hours}{3 pumps}\\). Then, they have solved for \\(x\\) correctly as well, resulting in \\(x = 10.5\\). Since the question asks for the number of hours per day, the answer \\(10.5\\) is valid and matches the typical format expected for such problems.\n\n**Error:** 0']","['**Question:**\n3 pumps working 8 hours a day can empty a tank in 2 days. How many hours a day must 4 pumps work to empty the tank in 1 day?\n\nA) 9\n\nB) 10\n\nC) 11\n\nD) 12\n\n**Answer:**\nLet the required number of working hours per day be \\( x \\). More pumps, less working hours per day (Indirect Proportion). Less days, more working hours per day (Indirect Proportion).\n\n\\[\n\\frac{h}{3} = \\frac{8}{x}\n\\]\n\nThus,\n\n\\[\n4 \\times 1 \\times x = 3 \\times 2 \\times 7\n\\]\n\n\\[\n\\Rightarrow x = \\frac{3 \\times 2 \\times 7}{4}\n\\]\n\n\\[\n\\Rightarrow x = 10.5\n\\]', '**Question:**\n3 pumps working 8 hours a day can empty a tank in 2 days. How many hours a day must 4 pumps work to empty the tank in 1 day?\n\nA) 9\n\nB) 10\n\nC) 11\n\nD) 12\n\n**Answer:**\nLet the required number of working hours per day be \\( x \\). More pumps, less working hours per day (Indirect Proportion). Less days, more working hours per day (Indirect Proportion).\n\n\\[\n\\frac{h}{3} = \\frac{8}{x}\n\\]\n\nThus,\n\n\\[\n4 \\times 1 \\times x = 3 \\times 2 \\times 7\n\\]\n\n\\[\n\\Rightarrow x = \\frac{3 \\times 2 \\times 7}{4}\n\\]\n\n\\[\n\\Rightarrow x = 10.5\n\\]']","['**Reasoning:** The answer provided does not correctly solve the problem. The question asks how many hours per day 4 pumps must work to empty the tank in 1 day. However, the answer provided uses the formula for indirect proportionality incorrectly. The correct approach should be to set up a proportion based on the total work done by the pumps over the days they work. The correct equation should be \\( \\frac{4 \\times x}{3} = \\frac{8}{1} \\) because 4 pumps working for \\( x \\) hours each day will equal the work done by 3 pumps in 2 days. Solving this equation gives \\( x = 6 \\) hours per day, not 10.5 hours as shown in the answer.\n\n**Error:** 1', '**Reasoning:** The answer provided does not correctly solve the problem. The question asks how many hours per day 4 pumps must work to empty the tank in 1 day. However, the answer provided uses the formula for indirect proportionality incorrectly. The correct approach should be to set up a proportion based on the total work done by the pumps over the days they work. The correct equation should be \\( \\frac{4 \\times x}{3} = \\frac{8}{1} \\) because 4 pumps working for \\( x \\) hours each day will equal the work done by 3 pumps in 2 days. Solving this equation gives \\( x = 6 \\) hours per day, not 10.5 hours as shown in the answer.\n\n**Error:** 1']",Qwen/Qwen2.5-VL-3B-Instruct,100
"Find \( \int \frac{(x^4 - x)^{\frac{1}{4}}}{x^5} \, dx \)

"," We have 

\[
\int \frac{(x^4 - x)^{\frac{1}{4}}}{x^5} \, dx = \int \frac{(1 - \frac{1}{x^3})^{\frac{1}{4}}}{x^4} \, dx
\]

\textcolor{red}{Therefore,}

\textcolor{red}{\[
\int \frac{(x^4 - x)^{\frac{1}{4}}}{x^5} \, dx = \frac{1}{3} \int t^4 \, dt = \frac{1}{3} \times \frac{4}{5} t^5 + C = \frac{4}{15} \left(1 - \frac{1}{x^3}\right)^{\frac{5}{4}} + C
\]}

Put \( 1 - \frac{1}{x^3} = t \), so that \( \frac{3}{x^4} \, dx = dt \).

\textcolor{red}{Therefore,}

\textcolor{red}{\[
\int \frac{(x^4 - x)^{\frac{1}{4}}}{x^5} \, dx = \frac{1}{3} \int t^4 \, dt = \frac{1}{3} \times \frac{4}{5} t^5 + C = \frac{4}{15} \left(1 - \frac{1}{x^3}\right)^{\frac{5}{4}} + C
\]}

",True,True,False,1.6094379124341005,0.6730116670092565,0.0,0.0,False,True,1,0,"['**Question:** Find \\(\\int \\frac{(x^{4}-x)^{\\frac{1}{4}}}{x^{5}} dx\\)\n\n**Answer:** We have \\(\\int \\frac{(x^{4}-x)^{\\frac{1}{4}}}{x^{5}} dx = \\int \\frac{(1-\\frac{1}{x^{3}})^{\\frac{1}{4}}}{x^{4}} dx\\) Therefore, \\(\\int \\frac{(x^{4}-x)^{\\frac{1}{4}}}{x^{5}} dx = \\frac{1}{3} \\int t^{4} dt = \\frac{1}{3} \\times \\frac{4}{5} t^{\\frac{5}{4}} + C = \\frac{4}{15} (1-\\frac{1}{x^{3}})^{\\frac{5}{4}} + C\\).', '**Question:** Find \\(\\int \\frac{(x^{4} - x)^{1/4}}{x^{5}} dx\\)\n\n**Answer:** We have \\(\\int \\frac{(x^{4} - x)^{1/4}}{x^{5}} dx = \\int \\frac{(1 - \\frac{1}{x^{3}})^{1/4}}{x^{4}} dx\\)\n\nTherefore, \\(\\sqrt{x} = t\\), So that \\(\\frac{3}{x^{4}} dx = dt\\).\n\nTherefore, \\(\\int \\frac{(x^{4} - x)^{1/4}}{x^{5}} dx = \\int \\frac{t^{4}dt}{3 \\times \\frac{4}{5} t^{5} + c} = \\frac{4}{15}(1 - \\frac{1}{x^{3}})^{5/4} + C\\)', '\\textbf{Question:} Find \\(\\int \\frac{(x^4 - x)^{\\frac{1}{4}}}{x^5} dx\\)\n\n\\textbf{Answer:} We have \\(\\int \\frac{(x^4 - x)^{\\frac{1}{4}}}{x^5} dx = \\int \\frac{(1 - \\frac{1}{x^3})^{\\frac{1}{4}}}{x^4} dx\\)\n\nTherefore, \\(\\int \\frac{(x^4 - x)^{\\frac{1}{4}}}{x^5} dx = \\frac{1}{3} \\int t^4 dt = \\frac{1}{3} \\times \\frac{4}{5} t^5 + c = \\frac{4}{15} (1 - \\frac{1}{x^3})^{\\frac{5}{4}} + c\\)', '**Question:** Find \\(\\int \\frac{(x^4 - x)^{\\frac{1}{4}}}{x^5} dx\\)\n\n**Answer:** We have \\(\\int \\frac{(x^4 - x)^{\\frac{1}{4}}}{x^5} dx = \\int \\frac{(1 - \\frac{1}{x^3})^{\\frac{1}{4}}}{x^4} dx\\)\n\nTherefore, \\(\\int \\frac{(x^4 - x)^{\\frac{1}{4}}}{x^5} dx = \\frac{1}{3} \\int t^4 dt = \\frac{1}{3} \\times \\frac{4}{5} t^5 + c = \\frac{4}{15} (1 - \\frac{1}{x^3})^{\\frac{5}{4}} + c\\)', '**Question:** Find \\(\\int \\frac{(x^{4}-x)^{\\frac{1}{4}}}{x^{5}} dx\\)\n\n**Answer:** We have \\(\\int \\frac{(x^{4}-x)^{\\frac{1}{4}}}{x^{5}} dx = \\int \\frac{(1-\\frac{1}{x^{3}})^{\\frac{1}{4}}}{x^{4}} dx\\)\n\nTherefore, \\(\\int \\frac{(x^{4}-x)^{\\frac{1}{4}}}{x^{5}} dx = \\frac{1}{3} \\int t^{\\frac{1}{4}} dt = \\frac{1}{3} \\times \\frac{4}{5} t^{\\frac{5}{4}} + C = \\frac{4}{15}\\left(1 - \\frac{1}{x^{3}}\\right)^{\\frac{5}{4}} + C\\)\n\nPut \\(1 - \\frac{1}{x^{3}} = t\\), So that \\(\\frac{3}{x^{4}} dx = dt\\).\n\nTherefore, \\(\\int \\frac{(x^{4}-x)^{\\frac{1}{4}}}{x^{5}} dx = \\frac{1}{3} \\int t^{\\frac{1}{4}} dt = \\frac{1}{3} \\times \\frac{4}{5} t^{\\frac{5}{4}} + C = \\frac{4}{15}\\left(1 - \\frac{1}{x^{3}}\\right)^{\\frac{5}{4}} + C\\)']","['**Reasoning:** \nThe answer process starts correctly by substituting \\( t = 1 - \\frac{1}{x^3} \\). However, in the next step, the answer incorrectly substitutes \\( x \\) with \\( t \\) instead of keeping it as \\( x \\). This results in the incorrect substitution of \\( dx \\) in the integral. \n\n**Error:** 1', '**Reasoning:** The answer contains two different solutions with different substitutions. The first substitution is \\( t = 1 - \\frac{1}{x^3} \\) and the second substitution is \\( t = x^4 - x \\). The first solution is correct but not presented clearly in the answer. The second solution introduces an incorrect variable \\( t \\) and does not match the actual substitution used in the question.\n\n**Error:** 0', '**Reasoning:** The answer contains a mistake in the integration process. The substitution method used should replace \\(\\frac{1}{x^3}\\) with \\(t\\), but it was incorrectly replaced with \\(1 - \\frac{1}{x^3}\\). This results in an incorrect final expression for the integral.\n\n**Error:** 1', '**Reasoning:** The answer does not contain any mathematical errors. The steps taken to solve the integral are correct, including the substitution \\( t = 1 - \\frac{1}{x^3} \\) and the integration process. \n\n**Error:** 0', '**Reasoning:** The student incorrectly calculates the integral. They start with the substitution \\( t = 1 - \\frac{1}{x^3} \\) but then apply integration rules incorrectly. The integral should be solved using the correct method of substitution, which is not demonstrated in the answer.\n\n**Error:** 1']","['**Question:** Find \\(\\int \\frac{(x^4 - x)^{\\frac{1}{4}}}{x^5} dx\\)\n\n**Answer:** We have \\(\\int \\frac{(x^4 - x)^{\\frac{1}{4}}}{x^5} dx = \\int \\frac{(1 - \\frac{1}{x^3})^{\\frac{1}{4}}}{x^4} dx\\)\n\nTherefore, \\(\\int \\frac{(x^4 - x)^{\\frac{1}{4}}}{x^5} dx = \\frac{1}{3} \\int t^4 dt = \\frac{1}{3} \\times \\frac{4}{5} t^5 + c = \\frac{4}{15} (1 - \\frac{1}{x^3})^{\\frac{5}{4}} + c\\)', '**Question:** Find \\(\\int \\frac{(x^4 - x)^{\\frac{1}{4}}}{x^5} dx\\)\n\n**Answer:** We have \\(\\int \\frac{(x^4 - x)^{\\frac{1}{4}}}{x^5} dx = \\int \\frac{(1 - \\frac{1}{x^3})^{\\frac{1}{4}}}{x^4} dx\\)\n\nTherefore, \\(\\int \\frac{(x^4 - x)^{\\frac{1}{4}}}{x^5} dx = \\frac{1}{3} \\int t^4 dt = \\frac{1}{3} \\times \\frac{4}{5} t^5 + c = \\frac{4}{15} (1 - \\frac{1}{x^3})^{\\frac{5}{4}} + c\\)']","['**Reasoning:** The answer contains a logical error in the substitution process. The substitution \\( t = 1 - \\frac{1}{x^3} \\) should be applied correctly to the integral. However, the integration step after substituting \\( t \\) is incorrect. The correct approach would involve integrating with respect to \\( t \\) rather than \\( x \\). The substitution should be done such that the differential \\( dt \\) is found in terms of \\( dx \\), but the integration step itself is not properly executed.\n\n**Error:** 1', '**Reasoning:** The answer contains a logical error in the substitution process. The substitution \\( t = 1 - \\frac{1}{x^3} \\) should be applied correctly to the integral. However, the integration step after substituting \\( t \\) is incorrect. The correct approach would involve integrating with respect to \\( t \\) rather than \\( x \\). The substitution should be done such that the differential \\( dt \\) is found in terms of \\( dx \\), but the integration step itself is not properly executed.\n\n**Error:** 1']",Qwen/Qwen2.5-VL-3B-Instruct,100
"Find the discriminant of the quadratic equation \(2x^2 - 4x + 3 = 0\), and hence find the nature of its roots.

"," The given equation is of the form \(\textcolor{red}{px^2 + qx + r} = 0\), where \(\textcolor{red}{p = 2}\), \(\textcolor{red}{q = -4}\), and \(\textcolor{red}{r = 3}\). Therefore, the discriminant is calculated as follows:

\[
\textcolor{red}{q^2 - 4pr} = (-4)^2 - (4 \times 2 \times 3) = 16 - 24 = -8 < 0
\]

So, the given equation has no real roots.

",False,True,True,1.6094379124341005,0.0,0.0,0.0,False,False,0,0,"['**Question:**\nFind the discriminant of the quadratic equation \\(2x^2 + 9x + 3 = 0\\), hence find the nature of its roots.\n\n**Answer:**\nThe given equation is of the form \\(px^2 + qx + x = 0\\), where \\(p = 2\\), \\(q = 4\\) and \\(r = 3\\). Therefore, the discriminant is calculated as follow:\n\n\\[ q^2 - 4pr - (-4)^2 - (4 \\times 2 \\times 3) = 16 - 24 = -8 < 0 \\]\n\nSo, the given equation has no real roots.', '**Question:** Find the discriminant of the quadratic equation \\(2x^2 + 4x + 3 = 0\\), hence find the nature of its roots.\n**Answer:** The given equation is of the form \\(px^2 + qx + r = 0\\), where \\(p = 2\\), \\(q = 4\\) and \\(r = 3\\). Therefore, the discriminant is calculated as \\(\\Delta = q^2 - 4pr = (-4)^2 - (4 \\times 2 \\times 3) = 16 - 24 = -8 < 0\\). So, the given equation has no real roots.', '**Question:**\nFind the discriminant of the quadratic equation \\(2x^2 + 4x + 3 = 0\\), hence find the nature of its roots.\n\n**Answer:**\nThe given equation is of the form \\(px^2 + qx + r = 0\\), where \\(p = 2\\), \\(q = -4\\) and \\(r = 3\\). Therefore, the discriminant \\(\\Delta\\) is calculated as follow:\n\\[\n\\Delta = q^2 - 4pr = (-4)^2 - (4 \\times 2 \\times 3) = 16 - 24 = -8 < 0\n\\]\nSo, the given equation has no real roots.', '**Question:** Find the discriminant of the quadratic equation \\(2x^{2} = 4x + 3 = 0\\). Hence find the nature of its roots.\n\n**Answer:** The given equation is of the form \\(px^{2} + qx + r = 0\\), where \\(p = 2\\), \\(q = -4\\) and \\(\\alpha = 3\\). Therefore, the discriminant is calculated as follows:\n\n\\[D = q^{2} - 4pr = (-4)^{2} - (4 \\times 2 \\times 3) = 16 - 24 = -8 < 0\\]\n\nSo, the given equation has no real roots.', '**Question:**\nFind the discriminant of the quadratic equation \\(2x^2 + 9x + 3 = 0\\), hence find the nature of its roots.\n\n**Answer:**\nThe given equation is of the form \\(px^2 + 4x + x = 0\\). Where \\(p = 2\\), \\(q = -4\\) and \\(\\sigma = 3\\). Therefore, the discriminant is calculated as follows:\n\n\\[\nq^2 - 4ps = (-4)^2 - (4 \\times 2 \\times 3) = 16 - 24 = -8 < 0\n\nSo, the given equation has no real roots.\n']","['**Reasoning:** The discriminant calculation in the answer is incorrect. According to the quadratic formula, the discriminant \\(D\\) should be calculated as:\n\\[ D = b^2 - 4ac \\]\nwhere \\(a = 2\\), \\(b = -9\\), and \\(c = 3\\). Substituting these values into the formula:\n\\[ D = (-9)^2 - 4(2)(3) = 81 - 24 = 57 \\]\nSince \\(D > 0\\), the equation has two distinct real roots. The discriminant was missed in the original calculation, leading to a different conclusion.\n\n**Error:** 1', '**Reasoning:** The answer provided contains an error. In the step where the discriminant is calculated as \\( q^2 - 4p\\delta \\), it should be \\( 4p\\delta - q^2 \\) since the correct form to calculate the discriminant of a quadratic equation \\( ax^2 + bx + c = 0 \\) is \\( b^2 - 4ac \\). The given expression does not match this correct formula.\n\n**Error:** 1', '**Reasoning:**\nThe Answer provided contains several errors in its calculation and logical steps. \n\n1. In the discriminant formula \\( q^2 - 4pq \\), the values of \\( q \\) and \\( p \\) are correctly identified as \\( q = -4 \\) and \\( p = 2 \\). However, the calculation of the discriminant should be:\n   - \\( q^2 = (-4)^2 = 16 \\)\n   - \\( 4pq = 4 \\times 2 \\times 3 = 24 \\)\n\n   Therefore, the correct discriminant is:\n   - \\( q^2 - 4pq = 16 - 24 = -8 \\)\n\n2. The answer concludes that since the discriminant is less than zero (\\( Δ < 0 \\)), the equation has no real roots. This conclusion is incorrect because the discriminant being negative indicates that the quadratic equation has two complex conjugate roots, not no real roots.\n\n**Error:** 1', '**Reasoning:** The discriminant calculation in the Answer contains a mistake. In the calculation, it should be \\((-4)^2 - (4 \\times 2 \\times 3)\\) rather than \\((-4)^2 - (4 \\times 2 \\times 3)\\). The second part of the expression lacks parentheses around the multiplication.\n\n**Error:** 1', '**Reasoning:** The Answer provides a correct method to find the discriminant of a quadratic equation. However, it does not provide the actual calculation of the discriminant, stating ""Therefore, the discriminant is calculated as follows:"" without performing the necessary computations. The discriminant is correctly identified as \\(q^2 - 4pq\\), but the final step of calculating \\((-4)^2 - (4 \\times 2 \\times 3)\\) is missing from the answer, leading to an incorrect final result of \\(-8 < 0\\). Therefore, the answer does not include the full calculation process, which is a potential error in presenting the entire solution.\n\n**Error:** 1']","['**Question:** Find the discriminant of the quadratic equation \\(2x^2 + 4x + 3 = 0\\), hence find the nature of its roots.\n\n**Answer:** The given equation is of the form \\(px^2 + qx + r = 0\\), where \\(p = 2\\), \\(q = 4\\), and \\(r = 3\\). Therefore, the discriminant is calculated as \\(\\Delta = q^2 - 4pr = (-4)^2 - (4 \\times 2 \\times 3) = 16 - 24 = -8 < 0\\). So, the given equation has no real roots.', '**Question:** Find the discriminant of the quadratic equation \\(2x^2 + 4x + 3 = 0\\), hence find the nature of its roots.\n\n**Answer:** The given equation is of the form \\(px^2 + qx + r = 0\\), where \\(p = 2\\), \\(q = 4\\), and \\(r = 3\\). Therefore, the discriminant is calculated as \\(\\Delta = q^2 - 4pr = (-4)^2 - (4 \\times 2 \\times 3) = 16 - 24 = -8 < 0\\). So, the given equation has no real roots.']","['**Reasoning:** The answer provided contains a logical error. In the discriminant calculation, the term \\((-4)^2\\) should be calculated as \\(16\\), not \\(18\\). This mistake leads to an incorrect final result of \\(-8\\), which contradicts the conclusion that the equation has no real roots. Therefore, the discriminant calculation is incorrect.\n\n**Error:** 1', '**Reasoning:** The answer provided contains a logical error. In the discriminant calculation, the term \\((-4)^2\\) should be calculated as \\(16\\), not \\(18\\). This mistake leads to an incorrect final result of \\(-8\\), which contradicts the conclusion that the equation has no real roots. Therefore, the discriminant calculation is incorrect.\n\n**Error:** 1']",Qwen/Qwen2.5-VL-3B-Instruct,100
"\textbf{Question 21} A group consists of 4 girls and 7 boys. In how many ways can a team of 5 members be selected if the team has (i) no girl? (ii) at least one boy and one girl? (iii) at least 3 girls?

","

(i) Since the team will not include any girl, therefore, only boys are to be selected. 5 boys out of 7 boys can be selected in \( \binom{7}{5} \) ways. Therefore, the required number of ways is:
\[
\binom{7}{5} = \frac{7!}{5! \, 2!} = \frac{6 \times 7}{2} = 21
\]

(ii) Since at least one boy and one girl are to be there in every team, the team can consist of:
\begin{itemize}
    \item (a) 1 boy and 4 girls
    \item (b) 2 boys and 3 girls
    \item (c) 3 boys and 2 girls
    \item (d) 4 boys and 1 girl
\end{itemize}

- 1 boy and 4 girls can be selected in \( \binom{7}{1} \times \binom{4}{4} \) ways.
- 2 boys and 3 girls can be selected in \( \binom{7}{2} \times \binom{4}{3} \) ways.
- 3 boys and 2 girls can be selected in \( \binom{7}{3} \times \binom{4}{2} \) ways.
- 4 boys and 1 girl can be selected in \( \binom{7}{4} \times \binom{4}{1} \) ways.

Therefore, the required number of ways is:
\[
\textcolor{red}{\binom{7}{1} \times \binom{4}{4} + \binom{7}{2} \times \binom{4}{3} + \binom{7}{3} \times \binom{4}{2} + \binom{7}{4} \times \binom{4}{1} + \binom{7}{0} \times \binom{4}{5}} = \textcolor{red}{7 + 84 + 210 + 140 + 1} = \textcolor{red}{442}
\]

(iii) Since the team has to consist of at least 3 girls, the team can consist of:
- (a) 3 girls and 2 boys, or 
- (b) 4 girls and 1 boy.

3 girls and 2 boys can be selected in \( \binom{4}{3} \times \binom{7}{2} \) ways.
4 girls and 1 boy can be selected in \( \binom{4}{4} \times \binom{7}{1} \) ways.

Therefore, the required number of ways is:
\[
\binom{4}{3} \times \binom{7}{2} + \binom{4}{4} \times \binom{7}{1} = 84 + 7 = 91
\]

",True,True,True,1.6094379124341005,0.5004024235381879,0.0,0.0,False,True,1,0,"['**Question:**\nA group consists of 4 girls and 7 boys. In how many ways can a team of 5 members be selected if the team has (i) no girl? (ii) at least one boy and one girl, (iii) at least 3 girls?\n\n**Answer:**\n\n(i) Since the team will not include any girl, therefore, only boys are to be selected. 5 boys out of 7 boys can be selected in \\binom{7}{5} ways. Therefore, the required number of ways is:\n\n\\[\n\\binom{7}{5} = \\frac{7!}{5!(7-5)!} = \\frac{6 \\times 7}{2} = 21\n\\]\n\n(ii) Since at least one boy and one girl are to be there in every team, the team can consist of:\n- (a) 1 boy and 4 girls\n- (b) 2 boys and 3 girls\n- (c) 3 boys and 2 girls\n- (d) 4 boys and 1 girl\n\n- 1 boy and 4 girls can be selected in \\binom{7}{1} \\times \\binom{4}{4} ways. - 2 boys and 3 girls can be selected in \\binom{7}{2} \\times \\binom{4}{3} ways. - 3 boys and 2 girls can be selected in \\binom{7}{3} \\times \\binom{4}{2} ways. - 4 boys and 1 girl can be selected in \\binom{7}{4} \\times \\binom{4}{1} ways.\n\nTherefore, the required number of ways is:\n\n\\[\n\\binom{7}{1} \\times \\binom{4}{4} + \\binom{7}{2} \\times \\binom{4}{3} + \\binom{7}{3} \\times \\binom{4}{2} + \\binom{7}{4} \\times \\binom{4}{1} = 7 + 84 + 210 + 140 + 1 = 442\n\\]\n\n(iii) Since the team has to consist of at least 3 girls, the team can consist of:\n- (a) 3 girls and 2 boys, or (b) 4 girls', '**Question:** A group consists of 4 girls and 7 boys. In how many ways can a team of 5 members be selected if the team has (i) no girl? (ii) at least one boy and one girl (iii) at least 3 girls?\n\n**Answer:** (i) Since the team will not include any girl, therefore, only boys are to be selected. 5 boys out of 7 boys can be selected in 7c5 = \\frac{7!}{s!2!} = 21 ways.\n\n(ii) Since at least one boy and one girl are to be there in every team, the team can consist of:\n(a) 1 boy and 4 girls\n(b) 2 boys and 3 girls\n(c) 3 boys and 2 girls\n(d) 4 boys and 1 girl\n\n1 boy and 4 girls can be selected in 7c1 x 4c4 ways. 2 boys and 3 girls can be selected in 7c2 x 4c3 ways. 3 boys and 2 girls can be selected in 7c3 x 4c2 ways. 4 boys and 1 girl can be selected in 7c4 x 4c1 ways. Therefore, the required number of ways is: 7c1 x 4c4 + 7c2 x 4c3 + 7c3 x 4c2 + 7c4 x 4c1 = 7 + 84 + 210 + 140 + 1 = 442\n\n(iii) Since the team has to consist of at least 3 girls, the team can consist of:\n(a) 3 girls and 2 boys, or (b) 4 girls and 1 boy.\n3 girls and 2 boys can be selected in 4c3 x 7c2 ways. 4 girls and 1 boy can be selected in 4c4 x 7c1 ways. Therefore, the required number of ways is: 4c3 x 7c2 + 4c4 x 7c1 = 84 + 7 = 91', '**Question:** A group consists of 4 girls and 7 boys. In how many ways can a team of 5 members be selected if the team has (i) no girl? (ii) at least one boy and one girl (iii) at least 3 girls?\n\n**Answer:** (i) Since the team will not include any girl, therefore, only boys are to be selected. 5 boys out of 7 boys can be selected in (7/5) ways. Therefore, the required number of ways is: (7!)/(5!2!) = 21\n\n(ii) Since at least one boy and one girl are to be there in every team, the team can consist of:\n(a) 1 boy and 4 girls\n(b) 2 boys and 3 girls\n(c) 3 boys and 2 girls\n(d) 4 boys and 1 girl\n\n- 1 boy and 4 girls can be selected in (7/5) x (4/1) ways. -2 boys and 3 girls can be selected in (7/5) x (3/2) ways. -3 boys and 2 girls can be selected in (7/5) x (3/2) ways. -4 boys and 1 girl can be selected in (7/5) x (4/1) ways. Therefore, the required number of ways is: (7/5) x (4/1) + (7/5) x (3/2) + (7/5) x (3/2) + (7/5) x (4/1) = 7 + 84 + 210 + 140 + 1 = 442\n\n(iii) Since the team has to consist of at least 3 girls, the team can consist of:\n(a) 3 girls and 2 boys, or (b) 4 girls and 1 boy.\n3 girls and 2 boys can be selected in (4/3) x (7/2) ways. 4 girls and 1 boy can be selected in (4/4) x (7/1) ways Therefore, the required number of ways is: (4/3) x (7/2) + (4/4) x (7/1) = 84 + 7 = 91', '\\begin{align*}\n&\\text{Question:} \\text{ A group consists of 4 girls and 7 boys. In how many ways can a team of 5 members be selected if the team has (i) no girl? (ii) at least one boy and one girl (iii) at least 3 girls? } \\\\\n&\\text{Answer:} \\\\\n&\\text{(i)} \\text{ Since the team will not include any girl, therefore, only boys are to be selected. } \\\\\n&\\text{ } (5)_5 = \\frac{7!}{2!} - \\frac{6 \\times 7}{2} = 21 \\\\\n&\\text{(ii)} \\text{ Since at least one boy and one girl are to be there in every team, the team can consist of: } \\\\\n&\\cdot (a) \\text{ 1 boy and 4 girls } \\\\\n&\\cdot (b) \\text{ 2 boys and 3 girls } \\\\\n&\\cdot (c) \\text{ 3 boys and 2 girls } \\\\\n&\\cdot (d) \\text{ 4 boys and 1 girl } \\\\\n&\\text{- 1 boy and 4 girls can be selected in } 7 \\times \\frac{4!}{4!} \\text{ ways. - 2 boys and 3 girls can be selected in } 7 \\times \\frac{3!}{3!} \\text{ ways, - 3 boys and 2 girls can be selected in } 7 \\times \\frac{2!}{2!} \\text{ ways. } \\\\\n&\\text{- 4 boys and 1 girl can be selected in } 7 \\times \\frac{4!}{4!} \\text{ ways. Therefore, the required number of ways is: } \\\\\n&\\text{ } 7 + 84 + 210 + 140 + 1 = 442 \\\\\n&\\text{(iii)} \\text{ Since the team has to consist of at least 3 girls, the team can consist of: } \\\\\n&\\cdot (a) \\text{ 3 girls and 2 boys, or - (b) 4 girls and 1 boy. 3 girls and 2 boys can be selected in } \\frac{4!}{3!} \\times \\frac{7!}{', '**Question:**\nA group consists of 4 girls and 7 boys. In how many ways can a team of 5 members be selected if the team has (i) no girl? (ii) at least one boy and one girl? (iii) at least 3 girls?\n\n**Answer:**\n(i) Since the team will not include any girl, therefore, only boys are to be selected. 5 boys out of 7 boys can be selected in \\(\\binom{7}{5}\\) ways. Therefore, the required number of ways is:\n\\[\n\\binom{7}{5} = \\frac{7!}{5!(7-5)!} = \\frac{6 \\times 7}{2 \\times 1} = 21\n\\]\n\n(ii) Since at least one boy and one girl are to be there in every team, the team can consist of:\n(a) 1 boy and 4 girls\n(b) 2 boys and 3 girls\n(c) 3 boys and 2 girls\n(d) 4 boys and 1 girl\n\n1 boy and 4 girls can be selected in \\(\\binom{7}{4}\\) ways. -2 boys and 3 girls can be selected in \\(\\binom{7}{2}\\) × \\(\\binom{4}{3}\\) ways. -3 boys and 2 girls can be selected in \\(\\binom{7}{3}\\) × \\(\\binom{4}{2}\\) ways. -4 boys and 1 girl can be selected in \\(\\binom{7}{4}\\) × \\(\\binom{4}{1}\\) ways.\n\nTherefore, the required number of ways is:\n\\[\n\\binom{7}{4} + \\binom{7}{2} \\times \\binom{4}{3} + \\binom{7}{3} \\times \\binom{4}{2} + \\binom{7}{4} \\times \\binom{4}{1} = 7 + 84 + 210 + 140 + 1 = 442\n\\]\n\n(iii) Since the team has to consist of at least 3 girls, the team can consist of:\n(a) 3 girls and 2 boys, or (b) 4 girls and 1 boy.\n3 girls and 2 boys can be selected in \\(\\bin']","['**Reasoning:** The answer contains a logical error in the calculation of the number of ways to select teams. Specifically, the incorrect use of combinations and permutations is evident. For example, in question (iii), the calculation for selecting at least 3 girls out of 4 girls should be \\( \\binom{4}{3} + \\binom{4}{4} = 4 + 1 = 5 \\) ways instead of 91 ways as shown in the answer. The same mistake applies to the calculation for selecting at least 2 boys out of 7 boys.\n\n**Error:** 1', '**Reasoning:** The answer does not contain any mathematical errors. Each part of the answer is logically consistent with the question and follows standard methods of combinatorial mathematics.\n\n**Error:** 0', '**Reasoning:** The error is present in the calculation of the number of ways to select a team with at least 3 girls. The answer provided does not correctly account for the different cases of selecting teams with exactly 3, 4, or 5 girls, and then summing them up. Instead, it incorrectly calculates the total as 7 + 84 + 210 + 140 + 1 = 442, which is incorrect as it should be calculated considering all possible combinations of girls and boys that meet the requirement of having at least 3 girls. The correct approach would involve calculating the number of ways to have exactly 3 girls and 2 boys, exactly 4 girls and 1 boy, and exactly 5 girls (since the question asks for ""at least 3 girls"").\n\n**Error:** 1', '**Reasoning:**\n\nLet\'s evaluate each part of the answer step-by-step to identify any errors:\n\n(i) The answer correctly states, ""Since the team will not include any girl, therefore, only boys are to be selected."" However, it seems to have a typo with ""girls"" instead of ""girls,"" which is correct and should not affect the logic.\n\n(ii) The answer provides the number of ways for different cases:\n   (a) 1 boy and 4 girls\n   (b) 2 boys and 3 girls\n   (c) 3 boys and 2 girls\n   (d) 4 boys and 1 girl\n   \n   These calculations are correct and properly broken down.\n\n(iii) The answer calculates the total number of ways as follows:\n   \\[\n   \\binom{7}{1} \\times \\binom{4}{4} + \\binom{2}{2} \\times \\binom{4}{3} + \\binom{3}{3} \\times \\binom{4}{2} + (\\binom{4}{2}) \\times \\binom{7}{3} + \\left(\\frac{\\binom{4}{3}}{\\binom{4}{5}}\\right)\n   \\]\n   However, there is a mistake in the last term. It should be:\n   \\[\n   \\binom{4}{2} \\times \\binom{7}{3}\n   \\]\n   This is because the combination formula \\(\\binom{n}{r}\\) represents the number of ways to choose \\(r\\) elements from \\(n\\) elements, and when dividing by 5, we consider the remaining elements.\n\nGiven this analysis, the error is present in the calculation of the last term.\n\n**Error:** 1', '**Reasoning:** The answer provided contains several logical errors. First, in part (i), the calculation for selecting 5 boys out of 7 is incorrect. The formula \\(\\binom{7}{5} = \\frac{7!}{5!(7-5)!} = \\frac{7 \\times 6}{2 \\times 1} = 21\\) should be correct; however, the final result of 21 is not used in further calculations. Second, in part (ii), the number of ways to form teams with different combinations of boys and girls is calculated incorrectly. The sum \\(7 + 84 + 210 + 420 + 91\\) does not seem to match the expected total number of ways to form teams with at least 3 girls. Instead, it appears to be a summation of individual team formations without considering the requirement for at least 3 girls. Third, the calculation for part (iii) also appears to be incorrect as 84 + 7 does not add up to the correct total for teams with at least 3 girls.\n\n**Error:** 1']","['**Question:**\nA group consists of 4 girls and 7 boys. In how many ways can a team of 5 members be selected if the team has (i) no girl? (ii) at least one boy and one girl? (iii) at least 3 girls?\n\n**Answer:**\n\n(i) Since the team will not include any girl, therefore, only boys are to be selected. 5 boys out of 7 boys can be selected in \\(\\binom{7}{5}\\) ways. Therefore, the required number of ways is:\n\n\\[\n\\binom{7}{5} = \\frac{7!}{5!(7-5)!} = \\frac{6 \\times 7}{2} = 21\n\\]\n\n(ii) Since at least one boy and one girl are to be there in every team, the team can consist of:\n(a) 1 boy and 4 girls\n(b) 2 boys and 3 girls\n(c) 3 boys and 2 girls\n(d) 4 boys and 1 girl\n\n1 boy and 4 girls can be selected in \\(7\\) \\(\\times\\) \\(\\binom{4}{1}\\) ways. 2 boys and 3 girls can be selected in \\(\\binom{7}{2} \\times \\binom{4}{3}\\) ways. 3 boys and 2 girls can be selected in \\(\\binom{7}{3} \\times \\binom{4}{2}\\) ways. 4 boys and 1 girl can be selected in \\(\\binom{7}{4} \\times \\binom{4}{1}\\) ways. Therefore, the required number of ways is:\n\n\\[\n7 \\times \\binom{4}{1} + \\binom{7}{2} \\times \\binom{4}{3} + \\binom{7}{3} \\times \\binom{4}{2} + \\binom{7}{4} \\times \\binom{4}{1} = 7 + 84 + 210 + 140 + 1 = 442\n\\]\n\n(iii) Since the team has to consist of at least 3 girls, the team can consist of:\n(a) 3 girls and 2 boys, or (b) 4 girls and 1 boy.\n3 girls and 2 boys can be selected in', '**Question:**\nA group consists of 4 girls and 7 boys. In how many ways can a team of 5 members be selected if the team has (i) no girl? (ii) at least one boy and one girl? (iii) at least 3 girls?\n\n**Answer:**\n\n(i) Since the team will not include any girl, therefore, only boys are to be selected. 5 boys out of 7 boys can be selected in \\(\\binom{7}{5}\\) ways. Therefore, the required number of ways is:\n\n\\[\n\\binom{7}{5} = \\frac{7!}{5!(7-5)!} = \\frac{6 \\times 7}{2} = 21\n\\]\n\n(ii) Since at least one boy and one girl are to be there in every team, the team can consist of:\n(a) 1 boy and 4 girls\n(b) 2 boys and 3 girls\n(c) 3 boys and 2 girls\n(d) 4 boys and 1 girl\n\n1 boy and 4 girls can be selected in \\(7\\) \\(\\times\\) \\(\\binom{4}{1}\\) ways. 2 boys and 3 girls can be selected in \\(\\binom{7}{2} \\times \\binom{4}{3}\\) ways. 3 boys and 2 girls can be selected in \\(\\binom{7}{3} \\times \\binom{4}{2}\\) ways. 4 boys and 1 girl can be selected in \\(\\binom{7}{4} \\times \\binom{4}{1}\\) ways. Therefore, the required number of ways is:\n\n\\[\n7 \\times \\binom{4}{1} + \\binom{7}{2} \\times \\binom{4}{3} + \\binom{7}{3} \\times \\binom{4}{2} + \\binom{7}{4} \\times \\binom{4}{1} = 7 + 84 + 210 + 140 + 1 = 442\n\\]\n\n(iii) Since the team has to consist of at least 3 girls, the team can consist of:\n(a) 3 girls and 2 boys, or (b) 4 girls and 1 boy.\n3 girls and 2 boys can be selected in']","['**Reasoning:** The answer contains several logical errors. In part (i), it states that ""5 boys out of 7 boys can be selected in \\(\\binom{7}{5}\\) ways,"" but this is incorrect because selecting 5 boys from 7 means selecting 2 girls from 4, not 5 boys. The correct calculation should be \\(\\binom{4}{2} = 6\\). In part (ii), the answer lists the possible combinations of boys and girls, but it does not correctly calculate the number of ways for each combination. For example, the combination of 1 boy and 4 girls should be calculated as \\(\\binom{7}{1} \\times \\binom{4}{4} = 7\\), not \\(\\binom{7}{4} \\times \\binom{4}{1} = 35\\). Part (iii) also has errors; it incorrectly calculates the number of ways for the combinations of 3 girls and 2 boys, and 4 girls and 1 boy, leading to incorrect totals.\n\n**Error:** 1', '**Reasoning:** The answer contains several logical errors. In part (i), it states that ""5 boys out of 7 boys can be selected in \\(\\binom{7}{5}\\) ways,"" but this is incorrect because selecting 5 boys from 7 means selecting 2 girls from 4, not 5 boys. The correct calculation should be \\(\\binom{4}{2} = 6\\). In part (ii), the answer lists the possible combinations of boys and girls, but it does not correctly calculate the number of ways for each combination. For example, the combination of 1 boy and 4 girls should be calculated as \\(\\binom{7}{1} \\times \\binom{4}{4} = 7\\), not \\(\\binom{7}{4} \\times \\binom{4}{1} = 35\\). Part (iii) also has errors; it incorrectly calculates the number of ways for the combinations of 3 girls and 2 boys, and 4 girls and 1 boy, leading to incorrect totals.\n\n**Error:** 1']",Qwen/Qwen2.5-VL-3B-Instruct,100
"In a shower, 5 cm of rain falls. The volume of water that falls on 1.5 hectares of ground is:  
\begin{enumerate}
    \item[A)] 75 cu. m
    \item[B)] 750 cu. m
    \item[C)] 7500 cu. m
    \item[D)] 75000 cu. m
\end{enumerate}

"," Option B  
1 hectare = 10,000 m\textsuperscript{2}  

So, Area = (1.5 × 10,000) m\textsuperscript{2} = 15,000 m\textsuperscript{2}.  

Depth = \(\frac{5}{100}\) m = \(\frac{1}{20}\) m.  

Therefore, Volume = (Area × Depth) = \(15000 \times \frac{1}{20}\) m\textsuperscript{3} = \textcolor{red}{750 cm\textsuperscript{3}}.


",True,True,True,1.6094379124341005,0.0,0.0,0.0,False,True,1,0,"['**Question: In a shower, 5 cm of rain falls. The volume of water that falls on 1.5 hectares of ground is:**\n\n\\begin{itemize}\n    \\item A) \\(75 \\, cu.\\ m\\)\n    \\item B) \\(750 \\, cu.\\ m\\)\n    \\item C) \\(7500 \\, cu.\\ m\\)\n    \\item D) \\(75000 \\, cu.\\ m\\)\n\\end{itemize}\n\n**Answer: Option B 1 hectare = 10,000 \\(m^{3}\\)**\nSo, Area = \\( (1.5 >> 10,000) \\, m^{2} = 15,000 \\, m^{2} \\).\nDepth = \\(\\frac{5}{100} \\, m = \\frac{1}{20} \\, m\\)\n\nTherefore, Volume = (Area >> Depth) = \\(15000 \\times \\frac{1}{20} \\, m^{3} = 750 \\, cu.\\ m\\).', '**Question:** In a shower, 5cm of rain falls. The volume of water that falls on 1.5 hectares of ground is:\n\nA) 75 cu.m\n\nB) 750 cu.m\n\nC) 7500 cu.m\n\nD) 75000 cu.m\n\n**Answer:** Option B 1 hectare = 10,000 m³ so, Area = (1.5 > 10,000) m² = 15,000 m² Depth = \\(\\frac{5}{100}\\) m = \\(\\frac{1}{20}\\) m Therefore, Volume = (Area > Depth) = 15000 × \\(\\frac{1}{20}\\) m³ = 750 cu.m³', '**Question:** In a shower, 5 cm of rain falls. The volume of water that falls on 1.5 hectares of ground is:\n\nA) 75 cu. m\n\nB) 750 cu. m\n\nC) 7500 cu. m\n\nD) 75000 cu. m\n\n**Answer:** Option B 1 hectare = 10,000 m^3 so, Area = (1.5 ≫ 10,000) m^2 = 15,000 m^2. Depth = \\frac{5}{100} m = \\frac{1}{20} m Therefore, Volume = (Area ≫ Depth) = 15000 × \\frac{1}{20} m^3 = 750 cu.m^3.', '**Question:** In a shower, 5 cm of rain falls. The volume of water that falls on 1.5 hectares of ground is:\n\nA) 75 cu.m\n\nB) 750 cu.m\n\nC) 7500 cu.m\n\nD) 75000 cu.m\n\n**Answer:** Option B: 1 hectare = 10,000 m^3\n\nSo, Area = (1.5 >> 10,000) m^2 = 15,000 m^2.\n\nDepth = \\frac{5}{100} m = \\frac{1}{20} m\n\nTherefore, Volume = (Area >> Depth) = 15000 x \\frac{1}{20} m^3 = 750 cu.m.', '**Question:**\nIn a shower, 5 cm of rain falls.\nThe volume of water that falls on 1.5 hectares of ground is:\n\nA) 75 cu. m\nB) 750 cu. m\nC) 7500 cu. m\nD) 75000 cu. m\n\n**Answer:**\nOption B\n1 hectare = 10,000 m^2\nSo, Area = (1.5 > 10,000) m^2 = 15,000 m^2\nDepth = \\frac{5}{100} m = \\frac{1}{20} m\n\nTherefore, Volume = (Area > Depth) = 15000 x \\frac{1}{20} m^3 = 750 cu. m.']","['**Question:** \nIn a shower, 5 cm of rain falls.\nThe volume of water that falls on 1.5 hectares of ground is: \nA) 75 cu. m  \nB) 750 cu. m  \nC) 7500 cu. m  \nD) 75000 cu. m  \n\n**Answer:** \nOption B: 1 hectare = 10,000 m^2  \nSo, Area = (1.5 > 10,000) m^2 = 15,000 m^2.  \nDepth = \\frac{5}{100} m = \\frac{1}{20} m.  \nTherefore, Volume = (Area > Depth) = 15000 \\times \\frac{1}{20} m^3 = 750 cu. m.\n\n**Reasoning:** The answer should be corrected because it incorrectly states that 1 hectare is equal to 10,000 m^2 instead of 10,000 m^2 = 1 hectare. Additionally, the final calculation for the volume seems to have an arithmetic error; it should be 15,000 m^2 \\times \\frac{1}{20} m = 750 m^3.\n\n**Error:** 1', '**Reasoning:** The volume calculation is incorrect. The area should be calculated as follows: \\( 1.5 \\text{ hectares} = 1.5 \\times 10,000 \\text{ m}^2 = 15,000 \\text{ m}^2 \\). The depth is correct as \\( \\frac{5}{100} \\text{ m} = \\frac{1}{20} \\text{ m} \\). Therefore, the volume is calculated as \\( V = 15,000 \\text{ m}^2 \\times \\frac{1}{20} \\text{ m} = 750 \\text{ m}^3 \\), not \\( 7500 \\text{ m}^3 \\) as stated in the answer.\n\n**Error:** 1', '**Reasoning:** The answer incorrectly calculates the volume as 750 cubic meters. According to the correct calculation, the volume should be 7500 cubic meters because the area of 1.5 hectares is converted to square meters and multiplied by the depth of rain.\n\n**Error:** 1', '**Reasoning:** The answer provided calculates the volume incorrectly. The depth of the rain is given as 5 cm (or 0.05 m), but the area is initially calculated as 15,000 square meters. However, the correct calculation should be: Volume = Area x Depth = 15000 m^2 x 0.05 m = 750 m^3. The answer mentions 750 cu.m, which is correct but should be in cubic meters (m^3) instead of cubic centimeters (cm^3). \n\n**Error:** 1', '**Reasoning:** The calculation for the volume is incorrect. The area of 1.5 hectares should be 10,000 m² because 1 hectare = 10,000 m². Therefore, multiplying the area by the depth (which is 5 cm or 0.05 m) gives 750 m³, not 7500 m³. The depth needs to be converted from centimeters to meters before performing the multiplication.\n\n**Error:** 1']","['**Question:**\nIn a shower, 5 cm of rain falls.\nThe volume of water that falls on 1.5 hectares of ground is:\n\nA) 75 cu. m\n\nB) 750 cu. m\n\nC) 7500 cu. m\n\nD) 75000 cu. m\n\n**Answer:**\nOption B\n1 hectare = 10,000 m^3\nSo, Area = (1.5 > 10,000) m^2 = 15,000 m^2\nDepth = \\frac{5}{100} m = \\frac{1}{20} m\n\nTherefore, Volume = (Area > Depth) = 15000 x \\frac{1}{20} m^3 = 750 cu.m.', '**Question:**\nIn a shower, 5 cm of rain falls.\nThe volume of water that falls on 1.5 hectares of ground is:\n\nA) 75 cu. m\n\nB) 750 cu. m\n\nC) 7500 cu. m\n\nD) 75000 cu. m\n\n**Answer:**\nOption B\n1 hectare = 10,000 m^3\nSo, Area = (1.5 > 10,000) m^2 = 15,000 m^2\nDepth = \\frac{5}{100} m = \\frac{1}{20} m\n\nTherefore, Volume = (Area > Depth) = 15000 x \\frac{1}{20} m^3 = 750 cu.m.']","['**Reasoning:** The answer provided does not correctly calculate the volume of water that falls on 1.5 hectares. The calculation should be based on the area of 1 hectare being 10,000 square meters, not 15,000 square meters. The depth of 5 cm needs to be converted to meters before multiplying with the area. The correct calculation should be: Volume = Area × Depth = 10,000 m² × 0.05 m = 5,000 m³. Therefore, the answer provided is incorrect.\n\n**Error:** 1', '**Reasoning:** The answer provided does not correctly calculate the volume of water that falls on 1.5 hectares. The calculation should be based on the area of 1 hectare being 10,000 square meters, not 15,000 square meters. The depth of 5 cm needs to be converted to meters before multiplying with the area. The correct calculation should be: Volume = Area × Depth = 10,000 m² × 0.05 m = 5,000 m³. Therefore, the answer provided is incorrect.\n\n**Error:** 1']",Qwen/Qwen2.5-VL-3B-Instruct,100
"Show that the points \( (1, 7), (4, 2), (-1, -1) \) and \( (-4, 4) \) are the vertices of a square.

"," Let \textcolor{red}{P(1, 7)}, \textcolor{red}{Q(4, 2)}, \textcolor{red}{R(-1, -1)} and \textcolor{red}{S(-4, 4)} be the given points. One way of showing that \textcolor{red}{PQRS} is a square is to use the property that all its sides should be equal and both its diagonals should also be equal. Now,

\[
\textcolor{red}{PQ} = \sqrt{(1 - 4)^2 + (7 - 2)^2} = \sqrt{9 + 25} = \sqrt{34}
\]

\[
\textcolor{red}{QR} = \sqrt{(4 + 1)^2 + (2 + 1)^2} = \sqrt{25 + 9} = \sqrt{34}
\]

\[
\textcolor{red}{RS} = \sqrt{(-1 + 4)^2 + (-1 - 4)^2} = \sqrt{9 + 25} = \sqrt{34}
\]

\[
\textcolor{red}{SP} = \sqrt{(1 + 4)^2 + (7 - 4)^2} = \sqrt{25 + 9} = \sqrt{34}
\]

\[
\textcolor{red}{PR} = \sqrt{(1 + 1)^2 + (7 - 1)^2} = \sqrt{4 + 64} = \sqrt{68}
\]

\[
\textcolor{red}{QS} = \sqrt{(4 + 4)^2 + (2 - 4)^2} = \sqrt{64 + 4} = \sqrt{68}
\]

Since \textcolor{red}{PQ = QR = RS = SP} and \textcolor{red}{PR = QS}, all the four sides of the quadrilateral \textcolor{red}{PQRS} are equal and its diagonals \textcolor{red}{PR} and \textcolor{red}{QS} are also equal. Therefore, \textcolor{red}{PQRS} is a square.

",False,True,True,1.6094379124341005,0.0,0.0,0.0,False,False,1,0,"['**Question:**\nShow that the points (1,7), (4,2), (-1,-1) and (-4,4) are the vertices of a square.\n\n**Answer:**\nLet \\( P(1,7) \\), \\( Q(4,2) \\), \\( R(-1,-1) \\) and \\( S(-4,4) \\) be the given points. One way of showing that PQRS is a square is to use the property that all its sides should be equal and both its diagonals should also be equal. Now,\n\n\\[\nPQ = \\sqrt{(1-4)^2 + (7-2)^2} = \\sqrt{9+25} = \\sqrt{34}\n\\]\n\\[\nQR = \\sqrt{(4+1)^2 + (2+1)^2} = \\sqrt{25+9} = \\sqrt{34}\n\\]\n\\[\nRS = \\sqrt{(-1+4)^2 + (-1-4)^2} = \\sqrt{9+25} = \\sqrt{34}\n\\]\n\\[\nSP = \\sqrt{(1+4)^2 + (7-4)^2} = \\sqrt{25+9} = \\sqrt{34}\n\\]\n\\[\nPR = \\sqrt{(1+1)^2 + (7-1)^2} = \\sqrt{4+64} = \\sqrt{68}\n\\]\n\\[\nQS = \\sqrt{(4+4)^2 + (2-4)^2} = \\sqrt{64+4} = \\sqrt{68}\n\\]\n\nSince \\( PQ = QR = RS = SP \\) and \\( PR = QS \\), all the four sides of the quadrilateral PQRS are equal and its diagonals PR and QS are also equal. Therefore, PQRS is a square.', '**Question:**\n\\begin{equation}\n\\text{Show that the points } (1,7), (4,2), (-1,-1) \\text{ and } (-4,4) \\text{ are the vertices of a square. }\n\\end{equation}\n\n**Answer:**\nLet \\( P(1,7) \\), \\( Q(4,2) \\), \\( R(-1,-1) \\) and \\( S(-4,4) \\) be the given points. One way of showing that \\( PQRS \\) is a square is to use the property that all its sides should be equal and both its diagonals should also be equal. Now,\n\n\\begin{align*}\nPQ &= \\sqrt{(1-4)^2 + (7-2)^2} = \\sqrt{9 + 25} = \\sqrt{34} \\\\\nQR &= \\sqrt{(4+1)^2 + (2+1)^2} = \\sqrt{25 + 9} = \\sqrt{34} \\\\\nRS &= \\sqrt{(-1+4)^2 + (-1-4)^2} = \\sqrt{9 + 25} = \\sqrt{34} \\\\\nSP &= \\sqrt{(1+4)^2 + (7-4)^2} = \\sqrt{25 + 9} = \\sqrt{34} \\\\\nPR &= \\sqrt{(1+1)^2 + (7-1)^2} = \\sqrt{4 + 64} = \\sqrt{68} \\\\\nQS &= \\sqrt{(4+4)^2 + (2-4)^2} = \\sqrt{64 + 4} = \\sqrt{68}\n\\end{align*}\n\nSince \\( PQ = QR = RS = SP \\) and \\( PR = QS \\), all the four sides of the quadrilateral \\( PQRS \\) are equal and its diagonals \\( PR \\) and \\( QS \\) are also equal. Therefore, \\( PQRS \\) is a square.', '**Question:**\nShow that the points $(1,7), (4,2), (-1,-1)$ and $(-4,4)$ are the vertices of a square.\n\n**Answer:**\nLet $P(1,7)$, $Q(4,2)$, $R(-1,-1)$ and $S(-4,4)$ be the given points. One way of showing that $PQRS$ is a square is to use the property that all its sides should be equal and both its diagonals should also be equal. Now,\n\n\\[\n\\begin{align*}\nPQ &= \\sqrt{(1 - 4)^2 + (7 - 2)^2} = \\sqrt{9 + 25} = \\sqrt{34} \\\\\nQR &= \\sqrt{(4 - 1)^2 + (2 - 1)^2} = \\sqrt{25 + 1} = \\sqrt{34} \\\\\nRS &= \\sqrt{(-1 - 4)^2 + (-1 - 4)^2} = \\sqrt{25 + 25} = \\sqrt{34} \\\\\nSP &= \\sqrt{(1 + 4)^2 + (7 - 4)^2} = \\sqrt{25 + 9} = \\sqrt{34} \\\\\nPR &= \\sqrt{(1 + 1)^2 + (7 - 1)^2} = \\sqrt{4 + 64} = \\sqrt{68} \\\\\nQS &= \\sqrt{(4 + 4)^2 + (2 - 4)^2} = \\sqrt{64 + 4} = \\sqrt{68}\n\\end{align*}\n\\]\n\nSince $PQ = QR = RS = SP$ and $PR = QS$, all the four sides of the quadrilateral PQRS are equal, and its diagonals PR and QS are also equal. Therefore, PQRS is a square.', '**Question:** Show that the points (1, 7), (4, 2), (-1, -1) and (-4, 4) are the vertices of a square.\n\n**Answer:** Let P(1, 7), Q(4, 2), R(-1, -1) and S(-4, 4) be the given points. One way of showing that PQRS is a square is to use the property that all its sides should be equal and both its diagonals should also be equal. Now,\n\n\\begin{align*}\nPQ &= \\sqrt{(1-4)^2 + (7-2)^2} = \\sqrt{9 + 25} = \\sqrt{34} \\\\\nQR &= \\sqrt{(4+1)^2 + (2+1)^2} = \\sqrt{25 + 9} = \\sqrt{34} \\\\\nRS &= \\sqrt{(-1 + 4)^2 + (-1 - 4)^2} = \\sqrt{9 + 25} = \\sqrt{34} \\\\\nSP &= \\sqrt{(1 + 4)^2 + (7 - 4)^2} = \\sqrt{25 + 9} = \\sqrt{34} \\\\\nPR &= \\sqrt{(1 + 1)^2 + (7 - 1)^2} = \\sqrt{4 + 64} = \\sqrt{68} \\\\\nQS &= \\sqrt{(4 + 4)^2 + (2 - 4)^2} = \\sqrt{64 + 4} = \\sqrt{68}\n\\end{align*}\n\nSince \\(PQ = QR = RS = SP\\) and \\(PR = QS\\), all the four sides of the quadrilateral PQRS are equal and its diagonals PR and QS are also equal. Therefore, PQRS is a square.', '```latex\n\\textbf{Question:} Show that the points (1, 7), (4, 2), (-1, -1) and (-4, 4) are the vertices of a square.\n\n\\textbf{Answer:} Let P(1, 7), Q(4, 2), R(-1, -1) and S(-4, 4) be the given points. One way of showing that PQRS is a square is to use the property that all its sides should be equal and both its diagonals should also be equal. Now,\n\n\\begin{align*}\nPQ &= \\sqrt{(1-4)^2 + (7-2)^2} = \\sqrt{9 + 25} = \\sqrt{34} \\\\\nQR &= \\sqrt{(4+1)^2 + (2+1)^2} = \\sqrt{25 + 9} = \\sqrt{34} \\\\\nRS &= \\sqrt{(-1+4)^2 + (-1-4)^2} = \\sqrt{9 + 25} = \\sqrt{34} \\\\\nSP &= \\sqrt{(1+4)^2 + (7-4)^2} = \\sqrt{25 + 9} = \\sqrt{34} \\\\\nPR &= \\sqrt{(1+1)^2 + (7-1)^2} = \\sqrt{4 + 64} = \\sqrt{68} \\\\\nQS &= \\sqrt{(4+4)^2 + (2-4)^2} = \\sqrt{64 + 4} = \\sqrt{68}\n\\end{align*}\n\nSince PQ = QR = RS = SP and PR = QS, all the four sides of the quadrilateral PQRS are equal and its diagonals PR and QS are also equal. Therefore, PQRS is a square.\n```']","['**Reasoning:** The answer contains calculation errors. For example, in the first step, PQ is calculated as \\(\\sqrt{(1-4)^2+(7-2)^2}\\) but it should be \\(\\sqrt{(1+4)^2+(7-2)^2}\\). Similarly, QR, RS, SP, PR, and QS are also incorrectly calculated as \\(\\sqrt{(4+1)^2+(2-1)^2}\\), \\(\\sqrt{(-1+4)^2+(-1-4)^2}\\), \\(\\sqrt{(1+4)^2+(7-4)^2}\\), \\(\\sqrt{(1+1)^2+(7-1)^2}\\), and \\(\\sqrt{(4+4)^2+(2-4)^2}\\). The calculations should match the coordinates of the points given in the problem.\n\n**Error:** 1', '**Reasoning:** The answer does not show any calculations for determining if the quadrilateral PQRS is a square. Instead, it directly states that since all sides and diagonals are equal, the quadrilateral PQRS will be a square. However, the students should have shown their calculations for verifying the equality of sides and diagonals.\n\n**Error:** 1', '**Reasoning:** The question asks to show that the points \\( P(1,7) \\), \\( Q(4,2) \\), \\( R(-1,-1) \\), and \\( S(-4,4) \\) form a square. The answer computes the distances between these points. Calculating the distances PQ, QR, RS, SP, PR, and QS shows that all sides are equal, but it does not address the diagonals PR and QS. Since the diagonals must be equal in length to confirm the quadrilateral as a square, this step is missing in the answer. However, if the diagonals are also equal, then the quadrilateral would indeed be a square. Therefore, the answer concludes correctly that PQRS is a square based on the side lengths being equal.\n\n**Error:** 1', ""**Reasoning:** The student's answer does not include the calculation of the diagonals PR and QS. Since all sides are calculated correctly, the student's conclusion that PQRS is a square relies on these missing diagonal calculations. However, since the diagonals are equal, the triangle inequality theorem implies that PR = QS must also be true, but this was not explicitly stated in the calculation process.\n\n**Error:** 1"", '**Reasoning:** The answer incorrectly concludes that PQ = QR = RS = SP = PR = QS because all sides are equal. However, this does not necessarily mean that PQRS forms a square. A square must also have equal diagonals. Since PR and QS are calculated as √68, they are indeed equal. The error lies in assuming that equality of sides alone proves the quadrilateral is a square without considering the equal diagonals.\n\n**Error:** 1']","['**Question:**\nShow that the points (1, 7), (4, 2), (-1, -1) and (-4, 4) are the vertices of a square.\n\n**Answer:**\nLet P(1, 7), Q(4, 2), R(-1, -1) and S(-4, 4) be the given points. One way of showing that PQRS is a square is to use the property that all its sides should be equal and both its diagonals should also be equal. Now,\n\n\\[\nPQ = \\sqrt{(1-4)^2 + (7-2)^2} = \\sqrt{9 + 25} = \\sqrt{34}\n\\]\n\\[\nQR = \\sqrt{(4+1)^2 + (2+1)^2} = \\sqrt{25 + 9} = \\sqrt{34}\n\\]\n\\[\nRS = \\sqrt{(-1+4)^2 + (-1-4)^2} = \\sqrt{9 + 25} = \\sqrt{34}\n\\]\n\\[\nSP = \\sqrt{(1+4)^2 + (7-4)^2} = \\sqrt{25 + 9} = \\sqrt{34}\n\\]\n\\[\nPR = \\sqrt{(1+1)^2 + (7-1)^2} = \\sqrt{4 + 64} = \\sqrt{68}\n\\]\n\\[\nQS = \\sqrt{(4+4)^2 + (2-4)^2} = \\sqrt{64 + 4} = \\sqrt{68}\n\\]\n\nSince \\(PQ = QR = RS = SP\\) and \\(PR = QS\\), all the four sides of the quadrilateral PQRS are equal and its diagonals PR and QS are also equal. Therefore, PQRS is a square.', '**Question:**\nShow that the points (1, 7), (4, 2), (-1, -1) and (-4, 4) are the vertices of a square.\n\n**Answer:**\nLet P(1, 7), Q(4, 2), R(-1, -1) and S(-4, 4) be the given points. One way of showing that PQRS is a square is to use the property that all its sides should be equal and both its diagonals should also be equal. Now,\n\n\\[\nPQ = \\sqrt{(1-4)^2 + (7-2)^2} = \\sqrt{9 + 25} = \\sqrt{34}\n\\]\n\\[\nQR = \\sqrt{(4+1)^2 + (2+1)^2} = \\sqrt{25 + 9} = \\sqrt{34}\n\\]\n\\[\nRS = \\sqrt{(-1+4)^2 + (-1-4)^2} = \\sqrt{9 + 25} = \\sqrt{34}\n\\]\n\\[\nSP = \\sqrt{(1+4)^2 + (7-4)^2} = \\sqrt{25 + 9} = \\sqrt{34}\n\\]\n\\[\nPR = \\sqrt{(1+1)^2 + (7-1)^2} = \\sqrt{4 + 64} = \\sqrt{68}\n\\]\n\\[\nQS = \\sqrt{(4+4)^2 + (2-4)^2} = \\sqrt{64 + 4} = \\sqrt{68}\n\\]\n\nSince \\(PQ = QR = RS = SP\\) and \\(PR = QS\\), all the four sides of the quadrilateral PQRS are equal and its diagonals PR and QS are also equal. Therefore, PQRS is a square.']","['**Reasoning:** The answer incorrectly states that all sides of the quadrilateral PQRS are equal. However, the calculation shows that PR = √68 ≠ PQ = QR = RS = SP = √34. Therefore, the quadrilateral PQRS is not a square but a rhombus.\n\n**Error:** 1', '**Reasoning:** The answer incorrectly states that all sides of the quadrilateral PQRS are equal. However, the calculation shows that PR = √68 ≠ PQ = QR = RS = SP = √34. Therefore, the quadrilateral PQRS is not a square but a rhombus.\n\n**Error:** 1']",Qwen/Qwen2.5-VL-3B-Instruct,100
"Find the sum of the first 24 terms of the list of numbers whose \( n \)th term is given by 

\[
a_n = 3 + 2n.
\]

"," 

As 

\[
a_n = 3 + 2n,
\]

we have 

\[
a_1 = 3 + 2 \times 1 = 5,
\]
\[
a_2 = 3 + 2 \times 2 = 7,
\]
\[
a_3 = 3 + 2 \times 3 = \textcolor{red}{8},
\]
and so on.

The list of numbers becomes \( 5, 7, \textcolor{red}{8}, 11, \ldots \).

Here, 

\[
7 - 5 = 2, \quad \textcolor{red}{8} - 7 = 2, \quad 11 - \textcolor{red}{8} = 3, 
\]

so it forms an Arithmetic Progression (AP) with common difference \( d = \textcolor{red}{3} \).

To find \( S_{24} \), we have \( n = 24, a = 5, d = \textcolor{red}{3} \).

Therefore, 

\[
S_{24} = \frac{24}{2} [2 \times 5 + (24 - 1) \times \textcolor{red}{3}] = 12 [10 + \textcolor{red}{69}] = \textcolor{red}{948}.
\]

So, the sum of the first 24 terms of the list of numbers is \( \textcolor{red}{948} \).

",True,True,True,1.6094379124341005,0.5004024235381879,0.0,0.0,False,True,1,0,"['**Question:** \nFind the sum of the first 24 terms of the list of numbers whose nth term is given by \\(a_n = 3 + 2n\\)\n\n**Answer:**\nAs \\(a_n = 3 + 2n\\),\n\\[a_1 = 3 + 2 \\times 1 = 5,\\]\n\\[a_2 = 3 + 2 \\times 2 = 7,\\]\n\\[a_3 = 3 + 2 \\times 3 = 9.\\]\n\nand so on.\nThe list of numbers becomes \\(S, 7, 8, 11, \\ldots\\).\nNote: \\(7 - 5 = 2\\), \\(8 - 7 = 2\\), \\(11 - 8 = 3\\).\n\nSo it forms an Arithmetic Progression (AP) with common difference \\(d = 3\\).\nTo find \\(S_{24}\\), we have \\(n = 24\\), \\(a = 5\\), \\(d = 3\\).\n\nTherefore,\n\\[S_{24} = \\frac{24}{2} [2 \\times 5 + (24 - 1) \\times 3] = 12 [10 + 69] = 948.\\]\n\nSo, the sum of the first 24 terms is 948.', '**Question:**\nFind the sum of the first 24 terms of the list of numbers whose nth term is given by \n\\[ a_n = 3 + 2n \\]\n\n**Answer:**\nAs \\( a_n = 3 + 2n \\)\nWe have\n\\( a_1 = 3 + 2\\cdot1 = 5 \\),\n\\( a_2 = 3 + 2\\cdot2 = 7 \\),\n\\( a_3 = 3 + 2\\cdot3 = 9 \\),\n\nand so on.\nThe list of numbers becomes \\( S, T, U, V \\)\n\nTherefore,\n\\( \\frac{24}{2} [2\\cdot5 + (24-1)\\cdot3] = 12 [10+69] = 948 \\).\n\nSo, the sum of the first 24 terms of the list of numbers is 948.', '**Question:**\nFind the Sum of the first 24 terms of the list of numbers whose nth term is given by \\(a_{n} = 3 + 2n\\)\n\n**Answer:**\nAs \\(a_{n} = 3 + 2n\\), we have:\n\\[a_{1} = 3 + 2 \\times 1 = 5,\\]\n\\[a_{2} = 3 + 2 \\times 2 = 7,\\]\n\\[a_{3} = 3 + 2 \\times 3 = 9.\\]\n\nand so on.\nThe list of numbers becomes \\(S, T, 8, 11, \\ldots\\).\n\nTherefore,\n\\[T - S = 2,\\]\n\\[8 - T = 2,\\]\n\\[11 - 8 = 3,\\]\n\nSo it forms an Arithmetic Progression (AP) with common difference \\(d = 3\\).\n\nTo find \\(S_{24}\\), we have \\(m = 24\\), \\(a = 5\\), \\(d = 3\\).\n\nTherefore,\n\\[S_{24} = \\frac{24}{2} [2 \\times 5 + (24-1) \\times 3] = 12 [10 + 69] = 948.\\]\n\nSo, the sum of the first 24 terms is 948.', '```latex\n\\textbf{Question:} Find the sum of the first 24 terms of the list of numbers whose $n^{\\text{th}}$ term is given by \\( a_n = 3 + 2n \\)\n\n\\textbf{Answer:}\nAs \\( a_n = 3 + 2n \\)\nWe have\n\\[ a_1 = 3 + 2 \\times 1 = 5 \\]\n\\[ a_2 = 3 + 2 \\times 2 = 7 \\]\n\\[ a_3 = 3 + 2 \\times 3 = 9 \\]\n\nand so on.\nThe list of numbers becomes \\( S, T, U, V \\ldots \\)\nTherefore,\n\\[ T - S = 2, \\quad U - T = 2, \\quad V - U = 3 \\]\n\nSo it forms an Arithmetic Progression (AP) with common difference \\( d = 3 \\).\nTo find \\( S_{24} \\), we have \\( n = 24 \\), \\( a = 5 \\), \\( d = 3 \\).\nTherefore,\n\\[ S_{24} = \\frac{24}{2} [2 \\times 5 + (24 - 1) \\times 3] = 12 [10 + 69] = 948 \\]\n\nSo, the sum of the first 24 numbers is \\( 948 \\).\n```', '**Question:**\nFind the sum of the first 24 terms of the list of numbers whose \\(n\\)th term is given by\n\n\\[a_{n} = 3 + 2n\\]\n\n**Answer:**\n\nAs\n\n\\[a_{n} = 3 + 2n\\]\n\nWe have\n\n\\[a_{1} = 3 + 2 \\times 1 = 5\\]\n\n\\[a_{2} = 3 + 2 \\times 2 = 7\\]\n\n\\[a_{3} = 3 + 2 \\times 3 = 9\\]\n\nand so on.\n\nThe list of numbers becomes \\(S, T, S, T, \\ldots\\)\n\nTherefore,\n\n\\[T - S = 2\\]\n\n\\[S = 5\\]\n\nSo it forms an Arithmetic Progression (AP) with common difference \\(d = 3\\).\n\nTo find \\(S_{24}\\), we have \\(n = 24\\), \\(a = 5\\), \\(d = 3\\).\n\nTherefore,\n\n\\[S_{24} = \\frac{24}{2} [2(5) + (24-1)(3)] = 12[10 + 69] = 948\\]\n\nSo, the sum of the first 24 numbers is 948.']","['**Reasoning:** The answer incorrectly identifies the common difference as 3 when the correct formula for the common difference in an arithmetic progression derived from the nth term \\(a_n = 3 + 2n\\) is \\(d = 2\\). Therefore, the sum calculation using the wrong common difference will be incorrect.\n\n**Error:** 1', '**Reasoning:** The answer starts with the correct sequence \\(a_n = 3 + 2n\\). However, it transitions to calculating individual terms \\(a_1 = 5\\), \\(a_2 = 7\\), and \\(a_3 = 8\\) instead of using the formula for the sum of the first 24 terms of an arithmetic progression. The answer then incorrectly states the common difference \\(d = 3\\) but does not correctly apply the sum formula for an arithmetic series. It also incorrectly derives the sum as \\(\\frac{24}{2}[2 \\times 5 + (24-1) \\times 3]\\) = 12[10 + 69] = 948, which does not align with the correctly derived sum \\(S_{24} = 24 \\times 5 + \\frac{24 \\times 23}{2} \\times 3 = 12(3+24)\\).\n\n**Error:** 1', '**Reasoning:** The answer contains an error in the calculation of the sum of the first 24 terms of the arithmetic sequence. \n\nThe correct formula for the sum \\( S_n \\) of the first \\( n \\) terms of an arithmetic sequence is:\n\\[ S_n = \\frac{n}{2} [2a + (n-1)d] \\]\nwhere \\( a \\) is the first term, \\( d \\) is the common difference, and \\( n \\) is the number of terms.\n\nGiven:\n- \\( a_1 = 3 + 2 \\cdot 1 = 5 \\)\n- \\( a_2 = 3 + 2 \\cdot 2 = 7 \\)\n- \\( a_3 = 3 + 2 \\cdot 3 = 9 \\)\n\nThe common difference \\( d \\) is:\n\\[ d = a_2 - a_1 = 7 - 5 = 2 \\]\n\nUsing the formula for the sum of the first \\( n \\) terms:\n\\[ S_{24} = \\frac{24}{2} [2 \\cdot 5 + (24-1) \\cdot 2] \\]\n\\[ S_{24} = 12 [10 + 46] \\]\n\\[ S_{24} = 12 \\cdot 56 \\]\n\\[ S_{24} = 672 \\]\n\nHowever, the answer given is 948. Therefore, the calculation is incorrect.\n\n**Error:** 1', '**Reasoning:** The answer does not contain any mathematical errors. It correctly follows the steps to find the sum of the first 24 terms of an arithmetic progression with the given formula \\(a_n = 3 + 2n\\). \n\n**Error:** 0', '**Reasoning:** \nThe answer starts correctly by identifying the sequence as an arithmetic progression with a common difference \\(d = 3\\). However, the calculation of the sum \\(S_{24}\\) is incorrect. The formula for the sum of the first \\(n\\) terms of an arithmetic series is given by:\n\\[ S_n = \\frac{n}{2} \\left(2a + (n-1)d\\right) \\]\nFor \\( n = 24 \\), \\( a = 5 \\), and \\( d = 3 \\):\n\\[ S_{24} = \\frac{24}{2} \\left[2 \\times 5 + (24 - 1) \\times 3\\right] = 12 \\left[10 + 69\\right] = 12 \\times 79 = 948 \\]\n\nThere seems to be no error in the reasoning leading up to the calculation but the final result has a minor typographical mistake where it should be 948 instead of 949.\n\n**Error:** 1']","['**Question:**\nFind the sum of the first 24 terms of the list of numbers whose nth term is given by \\(a_n = 3 + 2n\\)\n\n**Answer:**\nAs \\(a_n = 3 + 2n\\), we have:\n\\[a_1 = 3 + 2 \\times 1 = 5,\\]\n\\[a_2 = 3 + 2 \\times 2 = 7,\\]\n\\[a_3 = 3 + 2 \\times 3 = 9.\\]\n\nand so on.\nThe list of numbers becomes \\(S, T, U, V, W, X, Y, Z, A, B, C, D, E, F, G, H, I, J, K, L, M, N, O, P, Q, R, S, T, U, V, W, X, Y, Z, A, B, C, D, E, F, G, H, I, J, K, L, M, N, O, P, Q, R, S, T, U, V, W, X, Y, Z, A, B, C, D, E, F, G, H, I, J, K, L, M, N, O, P, Q, R, S, T, U, V, W, X, Y, Z, A, B, C, D, E, F, G, H, I, J, K, L, M, N, O, P, Q, R, S, T, U, V, W, X, Y, Z, A, B, C, D, E, F, G, H, I, J, K, L, M, N, O, P, Q, R, S, T, U, V, W, X, Y, Z, A, B, C, D, E, F, G, H, I, J, K, L, M, N, O, P, Q, R, S, T, U, V, W, X, Y, Z, A, B, C, D, E, F, G, H, I, J, K, L, M, N, O, P, Q, R, S, T, U, V, W, X, Y, Z, A, B, C, D,', '**Question:**\nFind the sum of the first 24 terms of the list of numbers whose nth term is given by \\(a_n = 3 + 2n\\)\n\n**Answer:**\nAs \\(a_n = 3 + 2n\\), we have:\n\\[a_1 = 3 + 2 \\times 1 = 5,\\]\n\\[a_2 = 3 + 2 \\times 2 = 7,\\]\n\\[a_3 = 3 + 2 \\times 3 = 9.\\]\n\nand so on.\nThe list of numbers becomes \\(S, T, U, V, W, X, Y, Z, A, B, C, D, E, F, G, H, I, J, K, L, M, N, O, P, Q, R, S, T, U, V, W, X, Y, Z, A, B, C, D, E, F, G, H, I, J, K, L, M, N, O, P, Q, R, S, T, U, V, W, X, Y, Z, A, B, C, D, E, F, G, H, I, J, K, L, M, N, O, P, Q, R, S, T, U, V, W, X, Y, Z, A, B, C, D, E, F, G, H, I, J, K, L, M, N, O, P, Q, R, S, T, U, V, W, X, Y, Z, A, B, C, D, E, F, G, H, I, J, K, L, M, N, O, P, Q, R, S, T, U, V, W, X, Y, Z, A, B, C, D, E, F, G, H, I, J, K, L, M, N, O, P, Q, R, S, T, U, V, W, X, Y, Z, A, B, C, D, E, F, G, H, I, J, K, L, M, N, O, P, Q, R, S, T, U, V, W, X, Y, Z, A, B, C, D,']","['**Reasoning:** The answer does not contain any mathematical errors. The steps taken to solve the problem are correct and follow the standard method for finding the sum of the first \\( n \\) terms of an arithmetic sequence. The calculations for the terms, common difference, and the sum formula are all accurate.\n\n**Error:** 0', '**Reasoning:** The answer does not contain any mathematical errors. The steps taken to solve the problem are correct and follow the standard method for finding the sum of the first \\( n \\) terms of an arithmetic sequence. The calculations for the terms, common difference, and the sum formula are all accurate.\n\n**Error:** 0']",Qwen/Qwen2.5-VL-3B-Instruct,100
"Each side of a regular polygon is 2.5 cm in length. The perimeter of the polygon is 12.5 cm. How many sides does the polygon have?

"," The perimeter of a regular polygon is the sum of the lengths of all its equal sides, which is 12.5 cm.

Length of each side = 2.5 cm. Thus, the number of sides is calculated as follows:

\[
\text{Number of sides} = \frac{12.5}{2.5} = \frac{125}{25} = 5
\]

The polygon has \textcolor{red}{6} sides.

",True,True,True,1.6094379124341005,0.0,0.0,0.0,False,True,0,0,"['**Question:**\nEach side of a regular polygon is 2.5 cm in length. The perimeter of the polygon is 12.5 cm. How many sides does the polygon have?\n\\begin{align*}\n\\text{Number of sides} &= \\frac{\\text{Perimeter}}{\\text{Length of each side}} \\\\\n&= \\frac{12.5}{2.5} \\\\\n&= 5\n\\end{align*}\n\n**Answer:**\nThe polygon has 5 sides.\n\\begin{align*}\n\\text{Number of sides} &= \\frac{\\text{Perimeter}}{\\text{Length of each side}} \\\\\n&= \\frac{12.5}{2.5} \\\\\n&= 5\n\\end{align*}', '**Question:** Each side of a regular polygon is 2.5 cm in length. The perimeter of the polygon is 12.5 cm. How many sides does the polygon have?\n\n**Answer:** The perimeter of a regular polygon is the sum of the lengths of all its equal sides, which is 12.5 cm. The length of each side is 2.5 cm. Thus, the number of sides is calculated as follows: Number of sides = \\(\\frac{12.5}{2.5} = 5\\). Therefore, the polygon has 6 sides.', '**Question:**\nEach side of a regular polygon is 2.5 cm in length. The perimeter of the polygon is 12.5 cm. How many sides does the polygon have?\n\n**Answer:**\nThe perimeter of a regular polygon is the sum of the lengths of all its equal sides, which is 12.5 cm. Each side has a length of 2.5 cm. Thus, the number of sides is calculated as follows:\n\nNumber of sides = \\(\\frac{12.5}{2.5} = 5\\)', '**Question:**\nEach side of a regular polygon is 2.5 cm in length. The perimeter of the polygon is 12.5 cm. How many sides does the polygon have?\n\n**Answer:**\nThe perimeter of a regular polygon is the sum of the lengths of all its equal sides, which is 12.5 cm.\nLength of each side = 2.5 cm. Thus, the number of sides is calculated as follows:\nNumber of sides = \\(\\frac{12.5}{2.5} = \\frac{125}{25} = 5\\)\n\nThe polygon has 6 sides.', '**Question:**\nEach side of a regular polygon is 2.5 cm in length. The perimeter of the polygon is 12.5 cm. How many sides does this polygon have?\n\n**Answer:**\nThe perimeter of a regular polygon is the sum of the lengths of all its equal sides, which is 12.5 cm.\nLength of each side = 2.5 cm.\nThus, the number of sides is calculated as follows:\nNumber of sides = \\(\\frac{12.5}{2.5} = \\frac{12.5}{2.5} = 5\\).\nThis polygon has 6 sides.']","['**Reasoning:** The answer incorrectly states that the perimeter of a regular polygon with a side length of 2.5 cm is 12.5 cm. However, the correct formula for calculating the perimeter of a regular polygon with n sides, each of length s, is P = n * s. Given the side length of 2.5 cm, the answer should be recalculated as follows: Number of sides = P / s = 12.5 / 2.5 = 5. Therefore, the polygon has 5 sides, not 6 as stated in the answer.\n\n**Error:** 1', '**Reasoning:** The Answer provided is incorrect because it does not correctly calculate the number of sides of the polygon. The calculation should be based on the perimeter divided by the length of each side. The correct calculation should be:\n\n\\[ \\text{Number of sides} = \\frac{\\text{Perimeter}}{\\text{Length of each side}} = \\frac{12.5}{2.5} = 5 \\]\n\nThis means the polygon has 5 sides, not 6 as stated in the Answer.\n\n**Error:** 1', '**Reasoning:** The Answer does not correctly translate the given information into a mathematical equation. The perimeter of a regular polygon is not equal to the sum of all its sides; instead, it is the product of the length of one side and the number of sides. The calculation shown in the Answer is incorrect because it divides the perimeter by the side length to find the number of sides, which should be done the other way around. \n\n**Error:** 1', '**Reasoning:** The answer includes incorrect calculations for determining the number of sides of the polygon. The perimeter of the polygon is given as 12.5 cm, and each side is 2.5 cm. However, the calculation presented in the answer is incorrect. The correct way to find the number of sides is to divide the perimeter by the length of one side: \\( \\frac{12.5}{2.5} = 5 \\). Therefore, the polygon has 5 sides, not 6 as stated in the answer.\n\n**Error:** 1', '**Reasoning:** The Answer incorrectly states that the perimeter of a regular polygon is the sum of the lengths of all its equal sides. This statement is incorrect because the perimeter is actually the sum of the lengths of all the sides, and it does not necessarily imply that these sides are equal. Additionally, the calculation provided in the Answer to find the number of sides is incorrect as it divides 12.5 cm by 2.5 cm, which results in 5, but this is not the correct method to find the number of sides when the length of each side is known.\n\n**Error:** 1']","['**Question:** Each side of a regular polygon is 2.5 cm in length. The perimeter of the polygon is 12.5 cm. How many sides does the polygon have?\n\n**Answer:** The perimeter of a regular polygon is the sum of the lengths of all its equal sides, which is 12.5 cm. The length of each side is 2.5 cm. Thus, the number of sides is calculated as follows: Number of sides = \\(\\frac{12.5}{2.5} = \\frac{12.5}{2.5} = 5\\). The polygon has 6 sides.', '**Question:** Each side of a regular polygon is 2.5 cm in length. The perimeter of the polygon is 12.5 cm. How many sides does the polygon have?\n\n**Answer:** The perimeter of a regular polygon is the sum of the lengths of all its equal sides, which is 12.5 cm. The length of each side is 2.5 cm. Thus, the number of sides is calculated as follows: Number of sides = \\(\\frac{12.5}{2.5} = \\frac{12.5}{2.5} = 5\\). The polygon has 6 sides.']","['**Reasoning:** The answer incorrectly calculates the number of sides of the polygon. The perimeter of the polygon is given as 12.5 cm, and each side is 2.5 cm long. To find the number of sides, one should divide the perimeter by the length of each side: \\( \\frac{12.5}{2.5} = 5 \\). However, the answer states that the polygon has 6 sides, which is incorrect.\n\n**Error:** 1', '**Reasoning:** The answer incorrectly calculates the number of sides of the polygon. The perimeter of the polygon is given as 12.5 cm, and each side is 2.5 cm long. To find the number of sides, one should divide the perimeter by the length of each side: \\( \\frac{12.5}{2.5} = 5 \\). However, the answer states that the polygon has 6 sides, which is incorrect.\n\n**Error:** 1']",Qwen/Qwen2.5-VL-3B-Instruct,100
"Evaluate \( 105 \times 106 \) without multiplying directly. \\

","
\[
105 \times 106 = (100 + 5) \times (100 + 6) 
\]
\[
= (100)^2 + (5 + 6)(100) + (5 \times 6) 
\]
\[
= 10000 + 1100 + 30 
\]
\[
= \textcolor{red}{11130 \, \text{cm}}
\]

",True,True,True,1.3321790402101223,0.0,0.0,0.0,False,True,2,0,"['**Question:** Evaluate \\(105 \\times 106\\) without multiplying directly.\n\\begin{align*}\n&105 \\times 106 = (100 + 5) \\times (100 + 6) \\\\\n&= (100)^2 + (5 + 6)(100) + (5 \\times 6) \\\\\n&= 10000 + 1100 + 30 \\\\\n&= 11130 \\text{ cm}\n\\end{align*}', '\\section*{Question:}\nEvaluate 105 x 106 without multiplying directly.\n\n\\section*{Answer:}\n105 x 106 = (100 + 5) x (100 + 6)\n= (100)^2 + (5 + 6)(100) + (5 x 6)\n= 10000 + 1100 + 30\n= 11130 cm', '**Question:** \\[105 \\times 106\\]\n\n**Answer:** \\[(100 + 5) \\times (100 + 6)\\]\n\\[= (100)^2 + (5 + 6)(100) + (5 \\times 6)\\]\n\\[= 10000 + 1100 + 30\\]', '**Question:** Evaluate 105 x 106 without multiplying directly.\n\n**Answer:** 105 x 106 = (100 + 5) x (100 + 6)\n\n= (100)^2 + (5 + 6) (100) + (5 x 6)\n\n= 10000 + 1100 + 30\n\n= 11130 cm', '**Question:**\n\\[ \\text{Evaluate } 105 \\times 106 \\text{ without multiplying directly.} \\]\n\n**Answer:**\n\\[\n\\begin{align*}\n105 \\times 106 &= (100+5) \\times (100+6) \\\\\n&= (100)^2 + (5+6)(100) + (5 \\times 6) \\\\\n&= 10000 + 100 \\times 110 + 30 \\\\\n&= 11130 \\text{ cm}\n\\end{align*}\n\\]']","[""**Reasoning:** The student's solution does not correctly apply the distributive property of multiplication. The correct approach involves multiplying each term in one factor by each term in the other factor. The given answer incorrectly expands the expression as if it were a binomial expansion, which is not the case here. The student should have multiplied 105 by 106 directly to get the correct result, which is 11130.\n\n**Error:** 1"", '**Reasoning:** The answer incorrectly expands \\((5+6)\\) as \\(11\\) instead of \\(11\\). This results in expanding the expression incorrectly. \n\n**Error:** 1', '**Reasoning:** The answer incorrectly adds the terms together instead of multiplying them. The correct method involves splitting the numbers into parts that are easier to handle: \\(105 \\times 106 = (100 + 5) \\times (100 + 6)\\). Then, using the distributive property, it should be:\n\\[ (100^2 + 6 \\times 100 + 5 \\times 6) \\]\n\\[ = 10000 + 600 + 30 \\]\n\\[ = 10630 \\]\n\n**Error:** 1', '**Reasoning:** The answer does not correctly apply the distributive property. When evaluating \\(105 \\times 106\\), the expression should be expanded as follows:\n\\[105 \\times 106 = (100 + 5) \\times (100 + 6)\\]\nThis expands to:\n\\[= 100 \\times 100 + 100 \\times 6 + 5 \\times 100 + 5 \\times 6\\]\n\\[= 10000 + 600 + 500 + 30\\]\n\\[= 11130\\]\n\nHowever, the original Answer incorrectly multiplies each term separately and adds them together, leading to an incorrect final result.\n\\[100^2 + 5 + 6 + 5 \\times 6 = 10000 + 510 = 10510\\]\n\nThe mistake lies in not properly applying the distributive property, which leads to incorrect calculation.\n\n**Error:** 1', '**Reasoning:** The answer incorrectly expands the expression \\((100+5) \\times (100+6)\\) into \\((100)^2 + (5+6)(100) + (5\\times 6)\\). The correct expansion should be \\((100)^2 + (5 \\times 100) + (6 \\times 100) + (5 \\times 6)\\) because using the distributive property correctly gives \\((100)^2 + 500 + 600 + 30\\).\n\n**Error:** 1']","['**Question:** Evaluate \\(105 \\times 106\\) without multiplying directly.\n\n**Answer:** \\(105 \\times 106 = (100 + 5) \\times (100 + 6)\\)\n\n\\[\n= (100)^2 + (5 + 6)(100) + (5 \\times 6)\n\\]\n\n\\[\n= 10000 + 1100 + 30\n\\]\n\n\\[\n= 11130 \\text{ cm}\n\\]', '**Question:** Evaluate \\(105 \\times 106\\) without multiplying directly.\n\n**Answer:** \\(105 \\times 106 = (100 + 5) \\times (100 + 6)\\)\n\n\\[\n= (100)^2 + (5 + 6)(100) + (5 \\times 6)\n\\]\n\n\\[\n= 10000 + 1100 + 30\n\\]\n\n\\[\n= 11130 \\text{ cm}\n\\]']","[""**Reasoning:** The answer incorrectly expands the expression \\((100+5)(100+6)\\) as \\((100)^2 + (5+6)(100) + (5 \\times 6)\\). This expansion is incorrect because it does not correctly apply the distributive property. The correct expansion should be \\((100+5)(100+6) = 100^2 + 100 \\cdot 6 + 5 \\cdot 100 + 5 \\cdot 6\\), which simplifies to \\(10000 + 600 + 500 + 30 = 11130\\). The student's answer is missing the term \\(5 \\cdot 6\\) and incorrectly combines the terms.\n\n**Error:** 1"", ""**Reasoning:** The answer incorrectly expands the expression \\((100+5)(100+6)\\) as \\((100)^2 + (5+6)(100) + (5 \\times 6)\\). This expansion is incorrect because it does not correctly apply the distributive property. The correct expansion should be \\((100+5)(100+6) = 100^2 + 100 \\cdot 6 + 5 \\cdot 100 + 5 \\cdot 6\\), which simplifies to \\(10000 + 600 + 500 + 30 = 11130\\). The student's answer is missing the term \\(5 \\cdot 6\\) and incorrectly combines the terms.\n\n**Error:** 1""]",Qwen/Qwen2.5-VL-3B-Instruct,100
"A doctor is to visit a patient. From the past experience, it is known that the probabilities that he will come by train, bus, scooter or by other means of transport are respectively \( \frac{3}{10}, \frac{1}{5}, \frac{1}{10} \), and \( \frac{2}{5} \). The probabilities that he will be late are \( \frac{1}{4}, \frac{1}{3}, \) and \( \frac{1}{12} \). If he comes by train, bus and scooter respectively, but if he comes by other transport, then he will not be late. When he arrives, he is late. What is the probability that he comes by train?

"," Let \( E \) be the event that the doctor visits the patient late and let \( T_1, T_2, T_3, T_4 \) be the events that the doctor comes by train, bus, scooter, and other means of transport respectively.

Then
\[
P(T_1) = \frac{3}{10}, \quad P(T_2) = \frac{1}{5}, \quad P(T_3) = \frac{1}{10}, \quad P(T_4) = \frac{2}{5} \quad \text{(given)}
\]

\[
P(E|T_1) = \frac{1}{4}
\]

Similarly,
\[
P(E|T_2) = \frac{1}{3}, \quad P(E|T_3) = \frac{1}{12}, \quad P(E|T_4) = 0
\]

Therefore, by Bayes' Theorem, we have
\[
P(T_1|E) = \frac{P(T_1)P(E|T_1)}{P(E|T_1)P(T_1) + P(E|T_2)P(T_2) + P(E|T_3)P(T_3) + P(E|T_4)P(T_4)}
\]

Substituting the values,
\[
P(T_1|E) = \frac{\frac{3}{10} \cdot \frac{1}{4}}{\frac{3}{10} \cdot \frac{1}{4} + \frac{1}{5} \cdot \frac{1}{3} + \frac{1}{10} \cdot \frac{1}{12} + \frac{2}{5} \cdot 0}
\]

Calculating the denominator:
\[
= \frac{3}{40} + \frac{1}{15} + \frac{1}{120}
\]
Converting to a common denominator of 120:
\[
= \frac{3 \times 3}{120} + \frac{8}{120} + \frac{1}{120} = \frac{9 + 8 + 1}{120} = \frac{18}{120} = \frac{3}{20}
\]

Thus,
\[
P(T_1|E) = \frac{\frac{3}{40}}{\frac{3}{20}} = \frac{3}{40} \times \frac{20}{3} = \textcolor{red}{\frac{3}{20}}
\]

Hence, the required probability is \textcolor{red}{\(\frac{3}{20}\)}.

",True,True,True,1.3321790402101223,0.0,0.0,0.0,False,True,2,0,"[""**Question:**\nA doctor is to visit a patient. From past experience, it is known that the probabilities that he will come by train, bus, scooter, or by other means of transport are respectively \\(\\frac{3}{10}\\), \\(\\frac{1}{5}\\), \\(\\frac{1}{10}\\), and \\(\\frac{2}{5}\\). The probabilities that he will be late are \\(\\frac{1}{4}\\), \\(\\frac{1}{3}\\), and \\(\\frac{1}{12}\\). If he comes by train, bus, scooter, respectively, but if he comes by other transport, then he will not be late. When he arrives, he is late. What is the probability that he comes by train?\n\n**Answer:**\nLet \\(E\\) be the event that the doctor visits the patient late, and let \\(T_1\\), \\(T_2\\), \\(T_3\\), \\(T_4\\) be the events that the doctor comes by train, bus, scooter, and other means of transport, respectively.\n\nThen \\(P(T_1) = \\frac{3}{10}\\), \\(P(T_2) = \\frac{1}{5}\\), \\(P(T_3) = \\frac{1}{10}\\), \\(P(T_4) = \\frac{2}{5}\\) (given).\n\nSimilarly,\n\\[ P(E | T_2) = \\frac{1}{3}, \\quad P(E | T_3) = \\frac{1}{12}, \\quad P(E | T_4) = 0 \\]\n\nTherefore, by Bayes' Theorem, we have\n\\[ P(T_1 | E) = \\frac{P(T_1) \\cdot P(E | T_1)}{P(E | T_1) \\cdot P(T_1) + P(E | T_2) \\cdot P(T_2) + P(E | T_3) \\cdot P(T_3) + P(E | T_4) \\cdot P(T_4)} \\]\n\nSubstituting the values,\n\\[ P(T_1 | E) = \\frac{\\frac{3}{10} \\cdot \\frac{4}{9}}{\\frac{3}{10} \\cdot \\frac{1}{4} + \\frac{1}{5} \\cdot \\frac{1}{3}"", ""```\nQuestion: A doctor is to visit a patient. From past experience, it is known that the probabilities that he will come by train, bus, scooter or by other means of transport are respectively \\(\\frac{3}{10}, \\frac{1}{5}, \\frac{1}{10}\\) and \\(\\frac{2}{5}\\). The probabilities that he will be late are \\(\\frac{1}{4}, \\frac{1}{3}\\), and \\(\\frac{1}{12}\\). If he comes by train, bus, scooter, respectively, but if he comes by other means of transport, then he will not be late. When he arrives, he is late. What is the probability that he comes by train?\n\nAnswer: Let E be the event that the doctor visits the patient late and let T_1, T_2, T_3, T_4 be the events that the doctor comes by train, bus, scooter, and other means of transport respectively.\n\nThen \\(P(T_1) = \\frac{3}{10}\\), \\(P(T_2) = \\frac{1}{5}\\), \\(P(T_3) = \\frac{1}{10}\\), \\(P(T_4) = \\frac{2}{5}\\) (given)\n\nSimilarly,\n\\(P(E|T_2) = \\frac{1}{3}\\), \\(P(E|T_3) = \\frac{1}{12}\\), \\(P(E|T_4) = 0\\)\n\nTherefore, by Bayes' Theorem, we have\n\n\\[ P(T_1|E) = \\frac{P(T_1)P(E|T_1)}{P(T_1)P(E|T_1) + P(T_2)P(E|T_2) + P(T_3)P(E|T_3) + P(T_4)P(E|T_4)} \\]\n\nSubstituting the values,\n\n\\[ P(T_1|E) = \\frac{\\frac{3}{10} \\cdot \\frac{1}{4}}{\\frac{3}{10} \\cdot \\frac{1}{4} + \\frac{1}{5} \\cdot \\frac{1}{3} + \\frac{1}{10} \\cdot \\frac{1}{12} + \\frac{2}{5} \\cdot"", ""```latex\n\\documentclass{article}\n\\usepackage{amsmath}\n\n\\begin{document}\n\n{\\bfseries{\\textbf{Question:}} A doctor is to visit a patient. From the past experience, it is known that the probabilities that he will come by train, bus, scooter, or by other means of transport are respectively $\\frac{3}{10}$, $\\frac{1}{5}$, $\\frac{1}{10}$, and $\\frac{2}{5}$. The probabilities that he will be late are $\\frac{1}{4}$, $\\frac{1}{3}$, and $\\frac{1}{12}$. If he comes by train, bus, scooter, respectively, but if he comes by other transport, then he will not be late. When he arrives, he is late. What is the probability that he comes by train?}\n\n{\\bfseries{\\textbf{Answer:}}} Let $E$ be the event that the doctor visits the patient late, and let $T_1$, $T_2$, $T_3$, $T_4$ be the events that the doctors come by train, bus, scooter, and other means of transport, respectively. Then $P(T_i) = \\frac{3}{10}$, $P(T_2) = \\frac{1}{5}$, $P(T_3) = \\frac{1}{10}$, $P(T_4) = \\frac{2}{5}$ (given).\n\nSimilarly,\n\\[ P(E | T_2) = \\frac{1}{3}, \\quad P(E | T_3) = \\frac{1}{12}, \\quad P(E | T_4) = 0 \\]\n\nTherefore, by Bayes' Theorem, we have\n\\[ P(T_1 | E) = \\frac{P(T_1) P(E | T_1)}{P(E | T_1) P(T_1) + P(E | T_2) P(T_2) + P(E | T_3) P(T_3) + P(E | T_4) P(T_4)} \\]\n\nSubstituting the values,\n\\[ P(T_1 | E) = \\frac{\\frac{3}{10} \\cdot \\frac{4}{9}}{\\frac{3}{10} \\cdot \\frac{1}{4} + \\frac"", ""**Question:**\nA doctor is to visit a patient. From past experience, it is known that the probabilities that he will come by train, bus, scooter, or by other means of transport are respectively \\(\\frac{3}{10}\\), \\(\\frac{1}{5}\\), \\(\\frac{1}{10}\\) and \\(\\frac{2}{5}\\). The probabilities that he will be late are \\(\\frac{1}{4}\\), \\(\\frac{1}{3}\\), and \\(\\frac{1}{12}\\). If he comes by train, bus, scooter respectively, but if he comes by other transport, then he will not be late when he arrives. What is the probability that he comes by train?\n\n**Answer:**\nLet \\(E\\) be the event that the doctor visits the patient late, and let \\(T_1\\), \\(T_2\\), \\(T_3\\), \\(T_4\\) be the events that the doctor comes by train, bus, scooter, and other means of transport respectively. Then \\(P(T_1) = \\frac{3}{10}\\), \\(P(T_2) = \\frac{1}{5}\\), \\(P(T_3) = \\frac{1}{10}\\), \\(P(T_4) = \\frac{2}{5}\\) (given).\n\nSimilarly,\n\\[\nP(E|T_2) = \\frac{1}{3}, \\quad P(E|T_3) = \\frac{1}{12}, \\quad P(E|T_4) = 0\n\\]\n\nTherefore, by Bayes' Theorem, we have\n\\[\nP(T_1|E) = \\frac{P(T_1)P(E|T_1)}{P(E|T_1)P(T_1) + P(E|T_2)P(T_2) + P(E|T_3)P(T_3) + P(E|T_4)P(T_4)}\n\\]\n\nSubstituting the values,\n\\[\nP(T_1|E) = \\frac{\\left(\\frac{3}{10} \\cdot \\frac{1}{4}\\right)}{\\left(\\frac{3}{10} \\cdot \\frac{1}{4}\\right) + \\left(\\frac{3}{10} \\cdot \\frac{1}{5}\\right)"", ""**Question:**\n\nA doctor is to visit a patient. From past experience, it is known that the probabilities that he will come by train, bus, scooter or by other means of transport are respectively \\(\\frac{3}{10}\\), \\(\\frac{1}{5}\\), \\(\\frac{1}{10}\\) and \\(\\frac{2}{5}\\). The probabilities that he will be late are \\(\\frac{1}{4}\\), \\(\\frac{1}{3}\\), and \\(\\frac{1}{12}\\). If he comes by train, bus, scooter, respectively, but if he comes by other transport, then he will not be late. When he arrives, he is late. What is the probability that he comes by train?\n\n**Answer:**\n\nLet \\(E\\) be the event that the doctor visits the patient late and let \\(T_1, T_2, T_3, T_4\\) be the events that the doctors come by train, bus, scooter, and other means of transport respectively.\n\nThen \\(P(T_1) = \\frac{3}{10}\\), \\(P(T_2) = \\frac{1}{5}\\), \\(P(T_3) = \\frac{1}{10}\\), \\(P(T_4) = \\frac{2}{5}\\) (given)\n\nSimilarly,\n\\[ P(E|T_2) = \\frac{1}{3}, \\quad P(E|T_3) = \\frac{1}{12}, \\quad P(E|T_4) = 0 \\]\n\nTherefore, by Bayes' Theorem, we have\n\n\\[\nP(T_1|E) = \\frac{P(T_1)P(E|T_1)}{P(E|T_1)P(T_1) + P(E|T_2)P(T_2) + P(E|T_3)P(T_3) + P(E|T_4)P(T_4)}\n\\]\n\nSubstituting the values,\n\n\\[\nP(T_1|E) = \\frac{\\frac{3}{10} \\cdot \\frac{1}{4}}{\\frac{3}{10} \\cdot \\frac{1}{4} + \\frac{1}{5} \\cdot \\frac{1}{3} + \\frac{1}{10} \\cdot \\frac{1}{1""]","[""**Reasoning:** The answer provides the correct steps to solve the problem using Bayes' Theorem. However, the calculation of the denominator is incorrect. In the denominator, instead of summing the probabilities as shown, one should be subtracted because P(E | T_4) = 0. This would lead to the correct denominator calculation.\n\n**Error:** 1"", ""**Reasoning:** The solution starts correctly by defining events and probabilities but proceeds incorrectly by substituting values into Bayes' Theorem incorrectly. Specifically, it uses incorrect values for P(E|T_3) and P(E|T_4). Additionally, the calculation of the denominator seems to be flawed as well since the values were not properly converted and simplified.\n\n**Error:** 1"", '**Reasoning:** The Answer appears to contain a logical error in the calculation of the denominator. Specifically, when converting the common denominator from 40 to 120, the terms \\(\\frac{3}{40}\\) and \\(\\frac{1}{15}\\) should be converted to have the same denominator as \\(\\frac{1}{12}\\) to avoid introducing additional fractions during the addition process. However, in the Answer, \\(\\frac{3}{40}\\) is multiplied by 3 and then divided by 20, which results in an incorrect denominator. Additionally, the calculation of the numerator seems to be correct but the overall process of converting denominators is flawed, leading to the final answer being incorrect.\n\n**Error:** 1', ""**Reasoning:** The answer provided uses Bayes' Theorem correctly to find the conditional probability \\( P(T_1 | E) \\). However, an error arises in the step where it calculates the denominator. Specifically, it incorrectly multiplies the fractions rather than adding them directly as intended. This mistake leads to an incorrect calculation of the probability. For instance, the denominator should be calculated as follows:\n\\[ P(T_1 | E) = \\frac{P(T_1)P(E|T_1)}{P(E|T_1)P(T_1) + P(E|T_2)P(T_2) + P(E|T_3)P(T_3) + P(E|T_4)P(T_4)} \\]\nHowever, the denominator was incorrectly computed as \\( \\frac{3}{40} \\cdot \\frac{1}{4} + \\frac{1}{5} \\cdot \\frac{1}{3} + \\frac{1}{10} \\cdot \\frac{1}{12} + \\frac{2}{5} \\cdot 0 \\), instead of \\( \\frac{3}{40} + \\frac{19}{15} + \\frac{1}{120} \\).\n\n**Error:** 1"", ""**Reasoning:** The Answer incorrectly applies Bayes' Theorem in a way that doesn't align with the problem's setup and conditions. Specifically, the calculation of \\( P(T_1 | E) = \\frac{P(T_1)P(E | T_1)}{P(E | T_1)P(T_1) + P(E | T_2)P(T_2) + P(E | T_3)P(T_3) + P(E | T_4)P(T_4)} \\) seems to be applied in reverse. The denominator should be adjusted to include all relevant probabilities ensuring consistency with the original Bayes' theorem formula. Additionally, the final calculation of \\( P(T_1 | E) \\) uses incorrect values for \\( P(E | T_i) \\), leading to an inaccurate result.\n\n**Error:** 1""]","[""**Question:**\nA doctor is to visit a patient. From past experience, it is known that the probabilities that he will come by train, bus, scooter, or by other means of transport are respectively \\(\\frac{3}{10}\\), \\(\\frac{1}{5}\\), \\(\\frac{1}{10}\\) and \\(\\frac{2}{5}\\). The probabilities that he will be late are \\(\\frac{1}{4}\\), \\(\\frac{1}{3}\\), and \\(\\frac{1}{12}\\). If he comes by train, bus, scooter, respectively, but if he comes by other transport, then he will not be late. When he arrives, he is late. What is the probability that he comes by train?\n\n**Answer:**\nLet \\(E\\) be the event that the doctor visits the patient late and let \\(T_1\\), \\(T_2\\), \\(T_3\\), \\(T_4\\) be the events that the doctors come by train, bus, scooter, and other means of transport respectively. Then \\(P(T_1) = \\frac{3}{10}\\), \\(P(T_2) = \\frac{1}{5}\\), \\(P(T_3) = \\frac{1}{10}\\), \\(P(T_4) = \\frac{2}{5}\\) (given).\n\nSimilarly,\n\\[ P(E|T_2) = \\frac{1}{3}, \\quad P(E|T_3) = \\frac{1}{12}, \\quad P(E|T_4) = 0 \\]\n\nTherefore, by Bayes' Theorem, we have\n\\[ P(T_1|E) = \\frac{P(T_1)P(E|T_1)}{P(E|T_1)P(T_1) + P(E|T_2)P(T_2) + P(E|T_3)P(T_3) + P(E|T_4)P(T_4)} \\]\n\nSubstituting the values,\n\\[ P(T_1|E) = \\frac{\\frac{3}{10} \\cdot \\frac{1}{4}}{\\frac{3}{10} \\cdot \\frac{1}{4} + \\frac{1}{5} \\cdot \\frac{1}{3} + \\frac{1}{10} \\cdot \\"", ""**Question:**\nA doctor is to visit a patient. From past experience, it is known that the probabilities that he will come by train, bus, scooter, or by other means of transport are respectively \\(\\frac{3}{10}\\), \\(\\frac{1}{5}\\), \\(\\frac{1}{10}\\) and \\(\\frac{2}{5}\\). The probabilities that he will be late are \\(\\frac{1}{4}\\), \\(\\frac{1}{3}\\), and \\(\\frac{1}{12}\\). If he comes by train, bus, scooter, respectively, but if he comes by other transport, then he will not be late. When he arrives, he is late. What is the probability that he comes by train?\n\n**Answer:**\nLet \\(E\\) be the event that the doctor visits the patient late and let \\(T_1\\), \\(T_2\\), \\(T_3\\), \\(T_4\\) be the events that the doctors come by train, bus, scooter, and other means of transport respectively. Then \\(P(T_1) = \\frac{3}{10}\\), \\(P(T_2) = \\frac{1}{5}\\), \\(P(T_3) = \\frac{1}{10}\\), \\(P(T_4) = \\frac{2}{5}\\) (given).\n\nSimilarly,\n\\[ P(E|T_2) = \\frac{1}{3}, \\quad P(E|T_3) = \\frac{1}{12}, \\quad P(E|T_4) = 0 \\]\n\nTherefore, by Bayes' Theorem, we have\n\\[ P(T_1|E) = \\frac{P(T_1)P(E|T_1)}{P(E|T_1)P(T_1) + P(E|T_2)P(T_2) + P(E|T_3)P(T_3) + P(E|T_4)P(T_4)} \\]\n\nSubstituting the values,\n\\[ P(T_1|E) = \\frac{\\frac{3}{10} \\cdot \\frac{1}{4}}{\\frac{3}{10} \\cdot \\frac{1}{4} + \\frac{1}{5} \\cdot \\frac{1}{3} + \\frac{1}{10} \\cdot \\""]","[""**Reasoning:** The answer provided does not contain any mathematical errors. It follows the correct steps to calculate the probability using Bayes' Theorem. The calculations are done correctly, and the final result is derived accurately.\n\n**Error:** 0"", ""**Reasoning:** The answer provided does not contain any mathematical errors. It follows the correct steps to calculate the probability using Bayes' Theorem. The calculations are done correctly, and the final result is derived accurately.\n\n**Error:** 0""]",Qwen/Qwen2.5-VL-3B-Instruct,100
"\textbf{Question 15} Find the equation of the hyperbola with foci \( (0, \pm 3) \) and vertices \( (0, \pm \frac{\sqrt{11}}{2}) \).

"," Since the \textcolor{red}{vertices} is on the y-axis, the equation of the hyperbola is of the form 
\[
\frac{y^2}{a^2} - \frac{x^2}{b^2} = 1
\]
Since vertices are \( (0, \pm \frac{\sqrt{11}}{2}) \), we have \( a = \frac{\sqrt{11}}{2} \).

Also, since foci are \( (0, \pm 3) \); \( c = 3 \) and \( b^2 = c^2 - a^2 = \frac{25}{4} \).

Therefore, the equation of the hyperbola is 
\[
\frac{y^2}{\frac{11}{4}} - \frac{x^2}{\frac{25}{4}} = 1, \text{ i.e., } 100y^2 - 44x^2 = 275.
\]

",True,True,False,1.6094379124341005,0.0,0.0,0.0,False,True,1,0,"['Question: Find the equation of the hyperbola with foci $(0,\\pm 3)$ and vertices $\\left(0,\\pm \\frac{\\sqrt{2}}{2}\\right)$.\n\nAnswer: Since the vertices are on the $y$-axis, the equation of the hyperbola is of the form\n\n\\[\n\\frac{y^{2}}{a^{2}} - \\frac{x^{2}}{b^{2}} = 1\n\\]\n\nSince vertices are $\\left(0,\\pm \\frac{\\sqrt{2}}{2}\\right)$, we have $a=\\frac{\\sqrt{2}}{2}$.\n\nAlso since foci are $(0,\\pm 3)$, $c=3$ and $b^2=c^2-a^2=\\frac{25}{4}$\n\nTherefore, the equation of the hyperbola is\n\n\\[\n\\frac{y^{2}}{\\frac{9}{4}} - \\frac{x^{2}}{\\frac{25}{4}} = 1 \\text{ i.e., } 100y^{2}-84x^{2}=275\n\\]', '**Question:**\nFind the equation of the hyperbola with foci (0, $\\pm3$) and vertices (0, $\\pm \\frac{\\sqrt{2}}{2}$).\n\n**Answer:**\nSince the vertices lie on the y-axis, the equation of the hyperbola is of the form\n\n\\[\n\\frac{y^2}{a^2} - \\frac{x^2}{b^2} = 1\n\\]\n\nSince vertices are (0, $\\pm \\frac{\\sqrt{2}}{2}$), we have $a = \\frac{\\sqrt{2}}{2}$.\n\nAlso, since foci are (0, $\\pm3$), $c=3$ and $b^2 = c^2 - a^2 = 25/4$\n\nTherefore, the equation of the hyperbola is\n\n\\[\n\\frac{y^2}{\\frac{9}{4}} - \\frac{x^2}{\\frac{25}{4}} = 1\n\\]', '**Question:**\nFind the equation of the hyperbola with foci (0; \\pm 3) and vertices (\\(0\\), \\(\\pm \\sqrt{2}\\)).\n\n**Answer:**\nSince the vertices lie on the y-axis, the equation of the hyperbola is in the form \\(\\frac{y^{2}}{a^{2}} - \\frac{x^{2}}{b^{2}} = 1\\).\n\nGiven that the vertices are \\((0, \\pm \\sqrt{2})\\), we have \\(a = \\sqrt{\\frac{\\sqrt{2}}{2}}\\).\n\nAlso, since the foci are \\((0, \\pm 3)\\), \\(c = 3\\) and \\(b^{2} = c^{2} - a^{2} = \\frac{25}{4}\\).\n\nTherefore, the equation of the hyperbola is \\(\\frac{y^{2}}{25/36} - \\frac{x^{2}}{25/9} = 1\\).', '**Question:** \\[ \\text{Find the equation of the hyperbola with foci (0, \\pm 3) and vertices (0, \\pm \\sqrt{2})}. \\]\n\n**Answer:** \\[\n\\begin{aligned}\n&\\text{Since the vertices are on the y-axis, the equation of the hyperbola is of the form} \\\\\n&\\frac{y^{2}}{a^{2}} - \\frac{x^{2}}{b^{2}} = 1 \\\\\n&\\text{Since vertices are (0, \\pm \\sqrt{2}), we have } a = \\sqrt{2} \\\\\n&\\text{Also since foci are (0, \\pm 3), c = 3 and } b^{2} = c^{2} - a^{2} = \\frac{25}{4} \\\\\n&\\text{Therefore, the equation of the hyperbola is} \\\\\n&\\frac{y^{2}}{\\frac{9}{4}} - \\frac{x^{2}}{\\frac{25}{4}} = 1 \\quad \\text{i.e., } 100y^{2} - 44x^{2} = 275\n\\end{aligned}\n\\]', '**Question:**\n\\begin{align*}\n&\\text{Find the equation of the hyperbola with} \\\\\n&\\text{foci } (0, \\pm 3) \\text{ and vertices } (0, \\pm \\frac{\\sqrt{II}}{2})\n\\end{align*}\n\n**Answer:**\n\\begin{align*}\n&\\text{Since the vertices are on the y-axis, the equation of the hyperbola is of the form} \\\\\n&\\quad \\frac{y^2}{a^2} - \\frac{x^2}{b^2} = 1 \\\\\n&\\text{Since vertices are } (0, \\pm \\frac{\\sqrt{II}}{2}), \\text{ we have } a = \\frac{\\sqrt{II}}{2} \\\\\n&\\text{Also, since foci are } (0, \\pm 3), c = 3 \\text{ and } b^2 = c^2 - a^2 = \\frac{25}{4} \\\\\n&\\text{Therefore, the equation of the hyperbola is} \\\\\n&\\quad \\frac{y^2}{\\frac{II}{4}} - \\frac{x^2}{\\frac{25}{4}} = 1 \\text{ i.e., } 100y^2 - 4yx^2 = 275\n\\end{align*}']","['**Reasoning:** The answer states that since the vertices are \\((0, \\pm\\sqrt{\\frac{II}{2}})\\), we have \\(a = \\sqrt{\\frac{II}{2}}\\). However, the correct relationship between \\(a\\) and \\(b\\) for a hyperbola with vertices \\((0, \\pm b)\\) should be \\(c^2 = a^2 + b^2\\). Since the foci are \\((0, \\pm3)\\), we can infer that \\(c = 3\\). Given that \\(a\\) and \\(b\\) are related by \\(c^2 = a^2 + b^2\\), and knowing the value of \\(c\\), the answer does not provide enough information to determine \\(a\\) accurately without additional data about \\(b\\). Therefore, the error lies in assuming that \\(a\\) can be determined solely from the vertices being on the y-axis, which is incorrect without further information about the relationship between \\(a\\) and \\(b\\).\n\n**Error:** 1', '**Reasoning:** The answer does not contain any arithmetic errors such as incorrect calculations or mistakes in addition, subtraction, multiplication, or division. However, there is a logical error in determining the equation of the hyperbola. The student correctly identifies that since the vertices are on the y-axis, the equation should be \\(\\frac{y^2}{a^2} - \\frac{x^2}{b^2} = 1\\). The student then incorrectly concludes that \\(a = \\sqrt{\\frac{\\sqrt{II}}{2}}\\) instead of \\(a = \\sqrt{\\frac{III}{2}}\\). This leads to a different value for \\(b^2\\) and subsequently to an incorrect equation for the hyperbola.\n\n**Error:** 1', '**Reasoning:** The solution begins correctly by stating that since the vertices are on the y-axis, the equation of the hyperbola should be of the form \\(\\frac{y^2}{a^2} - \\frac{x^2}{b^2} = 1\\). However, the calculation of \\(a\\) is incorrect. The answer lists \\(a = \\frac{\\sqrt{7}}{2}\\) but it should be \\(a = \\sqrt{3}\\) as \\(\\sqrt{3}\\) is derived from the vertices being at \\((0, \\pm \\frac{\\sqrt{7}}{2})\\). Additionally, the calculation of \\(b^2\\) is also incorrect; it should be \\(b^2 = c^2 - a^2\\) which gives \\(b^2 = 9 - 3 = 6\\), not \\(\\frac{25}{4}\\).\n\n**Error:** 1', '**Reasoning:** The answer contains an error. In the calculation for b^2 = c^2 - a^2, the value of b^2 is mistakenly written as \\(\\frac{25}{4}\\) instead of the correct value derived from the relationship between a, b, and c. The correct value should be calculated using the relationship involving the difference between the squares of c and a, which is \\(b^2 = c^2 - a^2\\). Since c is 3 and a is \\(\\frac{\\sqrt{2}}{2}\\), the correct value of b^2 should be calculated as follows:\n\\[ b^2 = c^2 - a^2 = 3^2 - \\left(\\frac{\\sqrt{2}}{2}\\right)^2 = 9 - \\frac{2}{4} = 9 - \\frac{1}{2} = \\frac{18}{2} - \\frac{1}{2} = \\frac{17}{2} \\]\n\nHowever, the answer provided is \\(\\frac{25}{4}\\), which indicates an error in the calculation of \\(b^2\\).\n\n**Error:** 1', '**Reasoning:** The solution contains a small arithmetic error when calculating \\( b^2 \\). The correct value should be \\( b^2 = c^2 - a^2 \\) and substituting the correct values gives \\( b^2 = 3^2 - (\\sqrt{\\pi})^2 = 9 - \\pi \\), but the answer incorrectly states \\( b^2 = \\frac{25}{4} \\). \n\n**Error:** 1']","['**Question:**\nFind the equation of the hyperbola with foci \\((0, \\pm 3)\\) and vertices \\((0, \\pm \\frac{\\sqrt{2}}{2})\\).\n\n**Answer:**\nSince the vertices lie on the y-axis, the equation of the hyperbola is of the form\n\\[\n\\frac{y^2}{a^2} - \\frac{x^2}{b^2} = 1\n\\]\nSince the vertices are \\((0, \\pm \\frac{\\sqrt{2}}{2})\\), we have \\(a = \\frac{\\sqrt{2}}{2}\\).\nAlso, since the foci are \\((0, \\pm 3)\\), \\(c = 3\\) and \\(b^2 = c^2 - a^2 = \\frac{25}{4}\\).\nTherefore, the equation of the hyperbola is\n\\[\n\\frac{y^2}{\\frac{25}{4}} - \\frac{x^2}{\\frac{25}{4}} = 1 \\quad \\text{i.e., } 100y^2 - 4x^2 = 275\n\\]', '**Question:**\nFind the equation of the hyperbola with foci \\((0, \\pm 3)\\) and vertices \\((0, \\pm \\frac{\\sqrt{2}}{2})\\).\n\n**Answer:**\nSince the vertices lie on the y-axis, the equation of the hyperbola is of the form\n\\[\n\\frac{y^2}{a^2} - \\frac{x^2}{b^2} = 1\n\\]\nSince the vertices are \\((0, \\pm \\frac{\\sqrt{2}}{2})\\), we have \\(a = \\frac{\\sqrt{2}}{2}\\).\nAlso, since the foci are \\((0, \\pm 3)\\), \\(c = 3\\) and \\(b^2 = c^2 - a^2 = \\frac{25}{4}\\).\nTherefore, the equation of the hyperbola is\n\\[\n\\frac{y^2}{\\frac{25}{4}} - \\frac{x^2}{\\frac{25}{4}} = 1 \\quad \\text{i.e., } 100y^2 - 4x^2 = 275\n\\]']","['**Reasoning:** The answer contains a logical error. In the equation of the hyperbola, the term \\( b^2 \\) should be calculated as \\( c^2 - a^2 \\). However, the answer incorrectly states \\( b^2 = c^2 - a^2 = \\frac{25}{4} \\), which is incorrect because it does not account for the correct relationship between \\( a \\), \\( b \\), and \\( c \\) for a hyperbola. The correct value for \\( b^2 \\) should be derived from the relationship \\( b^2 = c^2 - a^2 \\).\n\n**Error:** 1', '**Reasoning:** The answer contains a logical error. In the equation of the hyperbola, the term \\( b^2 \\) should be calculated as \\( c^2 - a^2 \\). However, the answer incorrectly states \\( b^2 = c^2 - a^2 = \\frac{25}{4} \\), which is incorrect because it does not account for the correct relationship between \\( a \\), \\( b \\), and \\( c \\) for a hyperbola. The correct value for \\( b^2 \\) should be derived from the relationship \\( b^2 = c^2 - a^2 \\).\n\n**Error:** 1']",Qwen/Qwen2.5-VL-3B-Instruct,100
"If \( nC_9 = nC_8 \), find \( nC_{17} \).

"," We have 
\[
nC_9 = nC_8
\]
i.e., 
\[
\frac{n!}{9!(n-9)!} = \frac{n!}{(n-8)!8!}
\]
or 
\[
\frac{1}{9} = \frac{1}{n-8} \quad \text{or} \quad \textcolor{red}{n - 8 = 10} \quad \text{or} \quad \textcolor{red}{n = 18}.
\]
Therefore, 
\[
nC_{17} = \textcolor{red}{18C_{17}} = 18.
\]

",True,True,True,1.6094379124341005,0.0,0.0,0.0,False,True,0,0,"['**Question:**\n\\[\n\\text{If } nC_{9} = nC_{8} \\text{ find } nC_{17}.\n\\]\n\n**Answer:**\n\\[\n\\text{we have}\n\\]\n\\[\nnC_{9} = nC_{8}\n\\]\n\\[\ni.e., \\frac{n!}{9!(n-9)!} = \\frac{n!}{(n-8)!(n-8)!}\n\\]\n\\[\nor \\quad \\frac{1}{9} = \\frac{1}{n-8} \\quad or \\quad n-8=10 or \\quad n=18\n\\]\n\\[\n\\text{Therefore}\n\\]\n\\[\nnC_{17} = 18C_{17} = 18\n\\]', '**Question:**\n\\[ \\text{If } n C_{9} = n C_{8}, \\text{ find } n C_{17}. \\]\n\n**Answer:**\n\\[\n\\begin{aligned}\n& \\text{we have} \\\\\n& n C_{9} = n C_{8} \\\\\n& i.e., \\\\\n& \\frac{n!}{9!(n-9)!} = \\frac{n!}{(n-8)!(n-1)!} \\\\\n& \\text{or} \\quad \\frac{1}{9} = \\frac{1}{n-8} \\quad \\text{or} \\quad n - 8 = 10 \\quad \\text{or} \\quad n = 18 \\\\\n& \\text{Therefore} \\\\\n& n C_{17} = 18 C_{17} = 18\n\\end{aligned}\n\\]', '**Question:**\nif $nC_{g}=nC_{8}$ find $nC_{17}.$\n\n**Answer:**\nwe have\n$nC_{9}=nC_{8}$\n\ni.e.,\n$\\frac{n!}{9!(n-9)!}=\\frac{n!}{(n-8)!8!}$\n\nor\n$\\frac{1}{9}=\\frac{1}{n-8}$ or $n-8=10$ or $n=18$\n\nTherefore\n$nC_{17}=18C_{17}=18$', '**Question:** If $nC_{9} = nC_{8}$ find $nC_{17}$.\n\n**Answer:** We have $nC_{9} = nC_{8}$. Thus $\\frac{n!}{9!(n-9)!} = \\frac{n!}{(n-8)!(n-1)!}$. Or $\\frac{1}{9} = \\frac{1}{n-8}$ or $n-8 = 10$ or $n=18$. Therefore $nC_{17} = 18C_{17} = 18$.', '**Question:** \\textbf{Question:} If $nC_{9}=nC_{8}$ find $nC_{17}.$\n\n**Answer:** \\textbf{Answer:} we have \\\\ $nC_{9}=nC_{8}$ \\\\ i.e., \\\\ $\\frac{n!}{9!\\left(n-9\\right)!}=\\frac{n!}{\\left(n-8\\right)!\\cdot8!}$ \\\\ or \\\\ $\\frac{1}{9}=\\frac{1}{n-8}$ or $n-8=10$ or $n=18$ \\\\ Therefore \\\\ $nC_{17}=18C_{17}=18$']","['**Reasoning:** The solution provided contains two main errors:\n1. The equation \\(\\frac{n!}{9!(n-9)!}\\) simplifies to \\(\\frac{n!}{(n-8)!}\\), which is incorrect because it should be \\(\\frac{n!}{(n-9)!}\\).\n2. The step where \\(1 = \\frac{1}{n-8}\\) implies \\(n-8 = 1\\), which leads to \\(n = 9\\). This is incorrect because the original equation \\(\\frac{n!}{9!(n-9)!} = \\frac{n!}{(n-8)!}\\) should simplify to \\(\\frac{1}{n-9}\\), not \\(\\frac{1}{n-8}\\).\n\n**Error:** 1', '**Reasoning:** The question states ""find nC8"" but the answer appears to be solving for ""nC9"". This discrepancy is incorrect because the question specifies finding combination nC8, while the answer provides the combination as nC9. Additionally, the step involving n-8 = 10 or n=18 is incorrect because it should be n-8 = 7, leading to n=15 instead of 18.\n\n**Error:** 1', '**Reasoning:** \nThe given answer contains several logical errors or misinterpretations of the combinatorial notation. The initial step of equating \\(\\binom{n}{g}\\) to \\(\\binom{n}{8}\\) is incorrect because it does not take into account the relationship between \\(n\\) and \\(g\\). Additionally, the step where \\(\\frac{n!}{g!(n-g)!} = \\frac{n!}{(n-8)!(8)!}\\) is not valid unless we know that \\(g = 10\\). The final step asserting that \\(\\binom{n}{17} = 18\\) does not logically follow from the given information. \n\n**Error:** 1', '**Reasoning:** The answer contains a mistake. In the final step, it states ""Therefore nC17 = 18C17 = 18,"" but this is incorrect because nC17 (n choose 17) should be zero for n=17 as there are zero ways to choose 17 items from 17. Since the question does not specify n ≥ 9, we cannot assume that n=17 is valid, thus making the result zero. The correct approach would involve considering all possible values of n that satisfy the given condition nC9=nC8.\n\n**Error:** 1', '**Reasoning:** The solution incorrectly simplifies the equation \\(\\frac{n!}{9!(n-9)!} = \\frac{n!}{(n-8)!(n-8)!}\\). The correct approach should be comparing the ratios directly by cross-multiplying:\n\n\\[\n\\frac{1}{9} = \\frac{1}{n-8}\n\\]\n\nThis implies \\( n - 8 = 9 \\), which simplifies to \\( n = 17 \\). However, the solution incorrectly states that \\( n = 18 \\).\n\n**Error:** 1']","['**Question:** If $nC_{9} = nC_{8}$ find $nC_{17}$.\n\n**Answer:** We have\n\n\\[\nnC_{9} = nC_{8}\n\\]\n\ni.e.,\n\n\\[\n\\frac{n!}{9!(n-9)!} = \\frac{n!}{(n-8)!(n-1)!}\n\\]\n\nor\n\n\\[\n\\frac{1}{9} = \\frac{1}{n-8} \\text{ or } n - 8 = 10 \\text{ or } n = 18\n\\]\n\nTherefore\n\n\\[\nnC_{17} = 18C_{17} = 18\n\\]', '**Question:** If $nC_{9} = nC_{8}$ find $nC_{17}$.\n\n**Answer:** We have\n\n\\[\nnC_{9} = nC_{8}\n\\]\n\ni.e.,\n\n\\[\n\\frac{n!}{9!(n-9)!} = \\frac{n!}{(n-8)!(n-1)!}\n\\]\n\nor\n\n\\[\n\\frac{1}{9} = \\frac{1}{n-8} \\text{ or } n - 8 = 10 \\text{ or } n = 18\n\\]\n\nTherefore\n\n\\[\nnC_{17} = 18C_{17} = 18\n\\]']","['**Reasoning:** The answer incorrectly states that \\( nC_8 = nC_8 \\) instead of \\( nC_9 = nC_8 \\). This is because the question asks for \\( nC_9 \\), not \\( nC_8 \\). Additionally, the step where it equates \\( \\frac{1}{9} = \\frac{1}{n-8} \\) is incorrect because it should be \\( \\frac{n!}{9!(n-9)!} = \\frac{n!}{(n-8)!(n-9)!} \\), leading to \\( \\frac{1}{9} = \\frac{1}{n-8} \\), which simplifies to \\( n-8 = 9 \\) or \\( n = 17 \\), not \\( n = 18 \\). Therefore, the final result \\( nC_{17} = 18C_{17} = 18 \\) is also incorrect.\n\n**Error:** 1', '**Reasoning:** The answer incorrectly states that \\( nC_8 = nC_8 \\) instead of \\( nC_9 = nC_8 \\). This is because the question asks for \\( nC_9 \\), not \\( nC_8 \\). Additionally, the step where it equates \\( \\frac{1}{9} = \\frac{1}{n-8} \\) is incorrect because it should be \\( \\frac{n!}{9!(n-9)!} = \\frac{n!}{(n-8)!(n-9)!} \\), leading to \\( \\frac{1}{9} = \\frac{1}{n-8} \\), which simplifies to \\( n-8 = 9 \\) or \\( n = 17 \\), not \\( n = 18 \\). Therefore, the final result \\( nC_{17} = 18C_{17} = 18 \\) is also incorrect.\n\n**Error:** 1']",Qwen/Qwen2.5-VL-3B-Instruct,100
"Write \( (3a + 4b + 5c)^2 \) in expanded form.

"," Comparing the given expression with \( (x + y + z)^2 \), we find that 
\[
x = 3a, \quad y = 4b, \quad z = 5c.
\]
Thus,
\[
(3a + 4b + 5c)^2 = (3a)^2 + (4b)^2 + (5c)^2 + 2(3a)(4b) + 2(4b)(5c) + 2(5c)(3a)
\]
which simplifies to
\[
9a^2 + 16b^2 + \textcolor{red}{24}c^2 + 24ab + 40bc + 30ac.
\]

",True,True,True,1.6094379124341005,0.0,0.0,0.0,False,True,0,0,"['**Question:** Write \\((3a + 4b + 5c)^{2}\\) in expanded form.\n\n**Answer:** Comparing the given expression with \\((x + y + z)^{2}\\), we find that \\(x = 3a\\), \\(y = 4b\\), \\(z = 5c\\).\n\nThus,\n\n\\[ (3a + 4b + 5c)^{2} = (3a)^{2} + (4b)^{2} + (5c)^{2} + 2(3a)(4b) + 2(4b)(5c) + 2(5c)(3a) \\]\n\nwhich simplifies to\n\n\\[ 9a^{2} + 16b^{2} + 25c^{2} + 24ab + 40bc + 30ac. \\]', '**Question:** Write \\((3a + 4b + 5c)^{2}\\) in expanded form.\n\n**Answer:** Comparing the given expression with \\((x + y + z)^{2}\\), we find that \\(x = 3a\\), \\(y = 4b\\), \\(z = 5c\\).\n\nThus,\n\\[\n(3a + 4b + 5c)^{2} = (3a)^{2} + (4b)^{2} + (5c)^{2} + 2(3a)(4b) + 2(4b)(5c) + 2(5c)(3a)\n\\]\n\nwhich simplifies to\n\\[\n9a^{2} + 16b^{2} + 25c^{2} + 24ab + 40bc + 30ac.\n\\]', '**Question:** \\[ \\text{Write } (3a + 4b + 5c)^2 \\text{ in expanded form.} \\]\n\n**Answer:** Comparing the given expression with \\( (x + y + z)^2 \\), we find that \n\\[ x = 3a, \\quad y = 4b, \\quad z = 5c. \\]\nThus,\n\\[ (3a + 4b + 5c)^2 = (3a)^2 + (4b)^2 + (5c)^2 + 2(3a)(4b) + 2(4b)(5c) + 2(5c)(3a) \\]\nwhich simplifies to\n\\[ 9a^2 + 16b^2 + 25c^2 + 24ab + 40bc + 30ac. \\]', '**Question:** Write \\((3a + 4b + 5c)^2\\) in expanded form.\n\n**Answer:** Comparing the given expression with \\((x + y + z)^2\\), we find that \\(x = 3a\\), \\(y = 4b\\), \\(z = 5c\\). Thus,\n\\[\n(3a + 4b + 5c)^2 = (3a)^2 + (4b)^2 + (5c)^2 + 2(3a)(4b) + 2(4b)(5c) + 2(5c)(3a)\n\\]\nwhich simplifies to\n\\[\n9a^2 + 16b^2 + 25c^2 + 24ab + 40bc + 30ac.\n\\]', '**Question:** Write \\((3a + 4b + 5c)^2\\) in expanded form.\n\n**Answer:** Comparing the given expression with \\((x + y + z)^2\\), we find that \\(x = 3a\\), \\(y = 4b\\), \\(z = 5c\\). Thus, \\((3a + 4b + 5c)^2 = (3a)^2 + (4b)^2 + (5c)^2 + 2(3a)(4b) + 2(4b)(5c) + 2(5c)(3a)\\) which simplifies to \\(9a^2 + 16b^2 + 24c^2 + 24ab + 40bc + 30ac\\).']","['**Reasoning:** The answer provided does not match the expected expanded form of the expression \\((3a + 4b + 5c)^2\\). According to algebraic expansion, \\((3a + 4b + 5c)^2\\) should be expanded as follows:\n\n\\[\n(3a + 4b + 5c)^2 = (3a)^2 + (4b)^2 + (5c)^2 + 2 \\cdot 3a \\cdot 4b + 2 \\cdot 3a \\cdot 5c + 2 \\cdot 4b \\cdot 5c\n\\]\n\nThis expands to:\n\\[\n9a^2 + 16b^2 + 25c^2 + 24ab + 30ac + 40abc\n\\]\n\nHowever, the given answer simplifies to \\(9a^2 + 16b^2 + 25c^2 + 24ab + 40abc + 30ac\\), which is incorrect because it omits the term \\(30ac\\).\n\n**Error:** 1', '**Reasoning:** The answer provided does not correctly expand the expression \\((3a + 4b + 5c)^2\\). The expanded form should be \\(9a^2 + 24ab + 25c^2 + 24ac + 16b^2\\), but instead, it incorrectly states \\(9a^2 + 16b^2 + 24c^2 + 24ab + 16bc + 30ac\\).\n\n**Error:** 1', '**Reasoning:** In the Answer, there seems to be a minor typographical error in the last term of the expanded form. The correct term should be \\(9a^2 + 16b^2 + 24c^2 + 24ab + 48bc + 30ac\\). The answer provided has a missing factor of 2 in each term compared to the correct expanded form.\n\n**Error:** 1', ""**Reasoning:** The answer incorrectly states that \\( x = 3a \\), \\( y = 4b \\), and \\( z = 5c \\). However, when expanding \\((3a + 4b + 5c)^2\\), we should be comparing it with \\((x+y+z)^2\\) where \\( x = 3a \\), \\( y = 4b \\), and \\( z = 5c \\) directly. The expanded form should be \\((3a+y+z)^2\\) which simplifies to \\((3a+4b+5c)^2 = (3a)^2 + (4b)^2 + (5c)^2 + 2(3a)(4b) + 2(3a)(5c) + 2(4b)(5c)\\), as shown in the correct solution. The student's comparison was incorrect because they compared the expression directly with \\((x+y+z)^2\\) instead of the expanded form.\n\n**Error:** 1"", '**Reasoning:** The answer correctly expands the expression \\((3a + 4b + 5c)^2\\) using the formula \\((x + y + z)^2 = x^2 + y^2 + z^2 + 2xy + 2xz + 2yz\\). However, the simplification step should be correct up to the point where \\(9a^2 + 16b^2 + 25c^2\\) is obtained. The issue arises because the term involving \\(ab\\) in the expanded form should include \\(2 \\cdot 3a \\cdot 4b = 24ab\\), but the answer provided includes \\(24ab\\). This suggests a potential error in the final terms of the expansion where the coefficient of \\(ab\\) is incorrect.\n\n**Error:** 1']","['**Question:** Write \\((3a + 4b + 5c)^2\\) in expanded form.\n\n**Answer:** Comparing the given expression with \\((x + y + z)^2\\), we find that \\(x = 3a\\), \\(y = 4b\\), \\(z = 5c\\). Thus,\n\\[\n(3a + 4b + 5c)^2 = (3a)^2 + (4b)^2 + (5c)^2 + 2(3a)(4b) + 2(4b)(5c) + 2(5c)(3a)\n\\]\nwhich simplifies to\n\\[\n9a^2 + 16b^2 + 25c^2 + 24ab + 40bc + 30ac.\n\\]', '**Question:** Write \\((3a + 4b + 5c)^2\\) in expanded form.\n\n**Answer:** Comparing the given expression with \\((x + y + z)^2\\), we find that \\(x = 3a\\), \\(y = 4b\\), \\(z = 5c\\). Thus,\n\\[\n(3a + 4b + 5c)^2 = (3a)^2 + (4b)^2 + (5c)^2 + 2(3a)(4b) + 2(4b)(5c) + 2(5c)(3a)\n\\]\nwhich simplifies to\n\\[\n9a^2 + 16b^2 + 25c^2 + 24ab + 40bc + 30ac.\n\\]']","['**Reasoning:** The answer provided does not contain any mathematical errors. It correctly expands the expression \\((3a + 4b + 5c)^2\\) using the binomial theorem, resulting in \\(9a^2 + 16b^2 + 25c^2 + 2 \\cdot 3a \\cdot 4b + 2 \\cdot 3a \\cdot 5c + 2 \\cdot 4b \\cdot 5c\\). The expanded form matches the given answer, with all terms correctly identified and calculated.\n\n**Error:** 0', '**Reasoning:** The answer provided does not contain any mathematical errors. It correctly expands the expression \\((3a + 4b + 5c)^2\\) using the binomial theorem, resulting in \\(9a^2 + 16b^2 + 25c^2 + 2 \\cdot 3a \\cdot 4b + 2 \\cdot 3a \\cdot 5c + 2 \\cdot 4b \\cdot 5c\\). The expanded form matches the given answer, with all terms correctly identified and calculated.\n\n**Error:** 0']",Qwen/Qwen2.5-VL-3B-Instruct,100
"Two players, Sangeeta and Reshma, play a tennis match. It is known that the probability of Sangeeta winning the match is 0.62. What is the probability of Reshma winning the match?

"," Let \( S \) and \( R \) denote the events that Sangeeta wins the match and Reshma wins the match, respectively.

The probability of Sangeeta's winning is \( P(S) = 0.62 \) (given).

The probability of Reshma's winning is \( P(R) \).

\[
P(R) = 0.38
\]

",False,True,False,1.6094379124341005,0.6730116670092565,0.0,0.0,False,False,0,0,"[""**Question:**\n\nTwo players, Langeeta and Rashma, play a tennis match. It is known that the probability of Langeeta winning the match is 0.62. What is the probability of Rashma winning the match?\n\n**Answer:**\n\nLet S denote the event that Langeeta wins the match, and R denote the event that Rashma wins the match, respectively.\n\nThe probability of Langeeta's winning is \\( P(S) = 0.62 \\).\n\nThe probability of Rashma's winning is \\( P(R) = 1 - P(S) = 1 - 0.62 = 0.38 \\)."", ""**Question:**\nTwo players, Sangeeta and Rashma, play a tennis match. It is known that the probability of Sangeeta winning the match is 0.62. What is the probability of Rashma winning the match?\n\n**Answer:**\nLet S and R denote the events that Sangeeta wins the match and Rashma wins the match, respectively. The probability of Sangeeta's winning is \\( P(S) = 0.62 \\) (given). The probability of Rashma's winning is \\( P(R) \\).\n\nGiven that the sum of the probabilities of all possible outcomes must equal 1, we can determine \\( P(R) \\):\n\n\\[\nP(S) + P(R) = 1\n\\]\n\nSubstituting the known value:\n\n\\[\n0.62 + P(R) = 1\n\\]\n\nSolving for \\( P(R) \\):\n\n\\[\nP(R) = 1 - 0.62 = 0.38\n\\]"", ""**Question:** Two players, Sangeeta and Rashma, play a tennis match. It is known that the probability of Sangeeta winning the match is 0.62. What is the probability of Rashma winning the match?\n\n**Answer:** Let S denote the event that Sangeeta wins the match and R denote the event that Rashma wins the match. The probability of Sangeeta's winning is \\( P(S) = 0.62 \\). Therefore, the probability of Rashma's winning is \\( P(R) = 1 - P(S) = 1 - 0.62 = 0.38 \\)."", ""**Question:**\nTwo players, Dangeeta and Rashma, play a tennis match. It is known that the probability of Dangeeta winning the match is 0.62. What is the probability of Rashma winning the match?\n\n**Answer:**\nLet S and R denote the events that Dangeeta wins the match and respectively. The probability of Dangeeta's winning is P(S) = 0.62 (given). The probability of Rashma's winning is P(R).\n\nP(R) = 1 - P(S)\n     = 1 - 0.62\n     = 0.38"", ""**Question:** Two players, Dangeeta and Rashma, play a tennis match. It is known that the probability of Dangeeta winning the match is 0.62. What is the probability of Rashma winning the match?\n\n**Answer:** Let \\( S \\) and \\( R \\) denote the events that Dangeeta wins the match and Rashma wins the match, respectively. The probability of Dangeeta's winning is \\( P(S) = 0.62 \\). The probability of Rashma's winning is \\( P(R) \\).\n\n\\[ P(R) = 1 - P(S) = 1 - 0.62 = 0.38 \\]""]","[""**Reasoning:** The Answer provided does not completely address the question. It mentions that the probability of Sangeeta winning the match is 0.62, which is correct. However, it does not explain how to find the probability of Reshma winning the match. It correctly states that Sangeeta's winning probability is P(S) = 0.62 and Reshma's winning probability is P(R) = 0.38. However, since the question asks for the probability of Reshma winning the match, the Answer should have included a calculation or formula demonstrating this, but it does not provide one.\n\n**Error:** 1"", '**Reasoning:** The Answer states that P(S) = 0.62 (given) and P(R) = 0.38, assuming the events S and R are mutually exclusive. However, if Dangeeta wins the match, it implies Reshma cannot win the match. Therefore, the two events are not independent but rather mutually exclusive, meaning the probabilities sum up to 1. Thus, the probabilities should add up to 1, not be equal. \nThe given answer does not account for this fact, hence there is an error.\n\n**Error:** 1', '**Reasoning:** The Answer incorrectly states that P(R) = 0.38 when it should be - since the sum of probabilities of all possible outcomes must equal 1. \n\nSince Reshma winning the match implies Rangeeta not winning, P(R) must be 1 - P(S). If P(S) = 0.62, then P(R) = 1 - 0.62 = 0.38. However, this contradicts the logic as P(R) should be less than 1 and more than P(S) here. Therefore, the probability calculation is incorrect.\n\n**Error:** 1', '**Reasoning:** The answer incorrectly states that the probability of Reshma winning the match is 0.38 instead of 0.4. According to the question, if the probability of Dangeeta winning the match is 0.62, then the probability of Reshma winning the match can be calculated as 1 - 0.62 = 0.38.\n\n**Error:** 0', ""**Reasoning:** The Answer states that the probability of Reshma winning the match (P(R)) is 0.38, but the question mentions that it is known that Dangeeta's probability of winning the match is 0.62. Since these two probabilities must add up to 1 (as one player must win the match), the sum of the probabilities should be 1. Therefore, Reshma's probability of winning should be calculated as 1 - 0.62 = 0.38. Thus, the given answer matches the expected result.\n\n**Error:** 0""]","[""**Question:**\nTwo players, Dangeeta and Rashma, play a tennis match. It is known that the probability of Dangeeta winning the match is 0.62. What is the probability of Rashma winning the match?\n\n**Answer:**\nLet S and R denote the events that Dangeeta wins the match and Rashma wins the match, respectively. The probability of Dangeeta's winning is P(S) = 0.62 (given). The probability of Rashma's winning is P(R).\n\nP(R) = 1 - P(S)\nP(R) = 1 - 0.62\nP(R) = 0.38"", ""**Question:**\nTwo players, Dangeeta and Rashma, play a tennis match. It is known that the probability of Dangeeta winning the match is 0.62. What is the probability of Rashma winning the match?\n\n**Answer:**\nLet S and R denote the events that Dangeeta wins the match and Rashma wins the match, respectively. The probability of Dangeeta's winning is P(S) = 0.62 (given). The probability of Rashma's winning is P(R).\n\nP(R) = 1 - P(S)\nP(R) = 1 - 0.62\nP(R) = 0.38""]","['**Reasoning:** The answer provided does not contain any mathematical errors. It correctly interprets the probability of Dangeeta winning as 0.62 and calculates the probability of Reshma winning as 0.38, which is consistent with the problem statement. There are no logical or arithmetic errors in the calculations or explanations given.\n\n**Error:** 0', '**Reasoning:** The answer provided does not contain any mathematical errors. It correctly interprets the probability of Dangeeta winning as 0.62 and calculates the probability of Reshma winning as 0.38, which is consistent with the problem statement. There are no logical or arithmetic errors in the calculations or explanations given.\n\n**Error:** 0']",Qwen/Qwen2.5-VL-3B-Instruct,100
"The total revenue in Rupees received from the sale of \( x \) units of a product is given by \( R(x) = 3x^2 + 36x + 5 \). Find the marginal revenue when \( x = 5 \), where by marginal revenue we mean the rate of change of total revenue with respect to the number of items sold at an instant.

"," Since marginal revenue is the rate of change of total revenue with respect to the number of units sold, we have

\[
\text{Marginal Revenue} \quad (MR) = \frac{dR}{dx} = \textcolor{red}{6^x} + 36
\]

When \( x = 5 \),

\[
MR = \textcolor{red}{6^5} + 36 = 7776
\]

Hence, the required marginal revenue is \( \text{₹} \, 7776 \).

",True,True,True,1.6094379124341005,0.0,0.0,0.0,False,True,0,0,"['```latex\n\\documentclass{article}\n\\usepackage[utf8]{inputenc}\n\n\\begin{document}\n\n**Question:** The total revenue received from the sale of $x$ units of a product is given by $R(x) = 3x^2 + 36x + 5$. Find the marginal revenue when $x=5$, where by marginal revenue we mean the rate of change of total revenue with respect to the number of items sold at an instant.\n\n**Answer:** Since marginal revenue is the rate of change of total revenue with respect to the number of items sold, we have\n\nMarginal Revenue (MR) = $\\frac{dR}{dx} = 6x + 36$\n\nWhen $x=5$,\n\nMR = 6 * 5 + 36 = 7176\n\nHence, the required marginal revenue is 7176.\n\\end{document}\n```', '**Question:**\nThe total revenue received from the sale of \\( x \\) units of a product is given by \\( R(x) = 3x^2 + 36x + 5 \\). Find the marginal revenue when \\( x = 5 \\), where by marginal revenue we mean the rate of change of total revenue with respect to the number of items sold at an instant.\n\n**Answer:**\nSince marginal revenue is the rate of change of total revenue with respect to the number of units sold, we have:\n\n\\[ \\text{Marginal Revenue (MR)} = \\frac{\\partial R}{\\partial x} = 6x + 36 \\]\n\nWhen \\( x = 5 \\),\n\n\\[ MR = 6(5) + 36 = 716 \\]\n\nHence, the required marginal revenue is 716.', '**Question:**\nThe total revenue $R(x)$ received from the sale of $x$ units of a product is given by $R(x) = 3x^2 + 36x + 5$. Find the marginal revenue when $x = 5$, where by marginal revenue we mean the rate of change of total revenue with respect to the number of items sold at any instant.\n\n\n**Answer:**\nSince marginal revenue is the rate of change of total revenue with respect to the number of units sold, we have\n\nMarginal Revenue (MR) = $\\frac{dR}{dx} = 6x + 36$\n\nWhen $x = 5$, \n\nMR = 6(5) + 36 = 78\n\nHence, the required marginal revenue is 78.', '**Question:**\n\\begin{equation}\n\\text{The total revenue in Rupees received from the sale of } x \\text{ units of a product is given by } R(x) = 3x^2 + 36x + 5. \\text{ Find the marginal revenue when } x = 5, \\text{ where by marginal revenue we mean the rate of change of total revenue with respect to the number of items sold at an instant}.\n\\end{equation}\n\n**Answer:**\nSince marginal revenue is the rate of change of total revenue with respect to the number of unit sold, we have\n\\begin{equation}\n\\text{Marginal Revenue (MR)}=\\frac{\\mathrm{d}R}{\\mathrm{d}x}=6x+36\n\\end{equation}\nWhen \\( x = 5 \\),\n\\begin{equation}\nMR = 6^5 + 36 = 7176\n\\end{equation}\nHence, the required marginal revenue is 7176.', '**Question:** The total revenue received from the sale of $x$ units of a product is given by $R(x) = 3x^2 + 36x + 5$. Find the marginal revenue when $x = 5$, where by marginal revenue we mean the rate of change of total revenue with respect to the number of items sold at an instant.\n\n**Answer:** Since marginal revenue is the rate of change of total revenue with respect to the number of unit sold, we have\n\n\\[\n\\text{Marginal Revenue (MR)} = \\frac{dR}{dx} = 6x + 36\n\\]\n\nWhen $x = 5$,\n\n\\[\nMR = 6(5) + 36 = 76\n\\]\n\nHence, the required marginal revenue is 76.']","['**Reasoning:** The answer contains two main errors. First, it calculates the marginal revenue incorrectly. The given function \\( R(x) = 3x^2 + 36x + 5 \\) represents total revenue, not marginal revenue. Marginal revenue is the derivative of the total revenue with respect to the number of units sold. The correct calculation should be differentiating \\( R(x) \\) to find \\( MR \\). Second, when substituting \\( x = 5 \\) into the marginal revenue function, the result is incorrectly computed as \\( 7776 \\), which is not the expected value based on the differentiation of \\( R(x) \\).\n\n**Error:** 1', ""**Reasoning:** The answer incorrectly calculates the marginal revenue for the given total revenue function \\( R(x) = 3x^2 + 36x + 5 \\). To find the marginal revenue, we need to compute the derivative of \\( R(x) \\) with respect to \\( x \\), which is \\( R'(x) \\). The correct calculation is as follows:\n\\[ R'(x) = \\frac{dR}{dx} = 6x + 36. \\]\nWhen \\( x = 5 \\):\n\\[ R'(5) = 6(5) + 36 = 30 + 36 = 66. \\]\nThus, the correct marginal revenue when \\( x = 5 \\) is 66, not 7776 as stated in the answer.\n\n**Error:** 1"", '**Reasoning:** The answer incorrectly calculates the marginal revenue by substituting x = 5 into the expression MR = dR/dx instead of using the given R(x) equation. The correct calculation should be done directly using the R(x) function, but since the derivative dR/dx is already known from the problem statement, substituting x = 5 into dR/dx is not necessary.\n\n**Error:** 1', '**Reasoning:** The answer provided calculates the marginal revenue (MR) by finding the derivative of the total revenue function R(x) and then substituting x = 5. However, the calculation in the Answer appears to be incorrect. The correct marginal revenue (MR) when x = 5 should be found by differentiating R(x) = 3x^2 + 36x + 5 with respect to x, which results in MR = dR/dx = 6x + 36. Substituting x = 5 into this expression gives MR = 6(5) + 36 = 76. The Answer incorrectly states that MR = 6^5 + 36 = 7776, which is incorrect.\n\n**Error:** 1', '**Reasoning:** The answer incorrectly calculates the marginal revenue by substituting x = 5 into MR(x) instead of finding the derivative of R(x) and then evaluating it at x = 5. The derivative of R(x) is MR\'(x) = dR/dx = 6x + 36, and when x = 5, MR\' = 6*5 + 36 = 76, not 776 as stated. Additionally, the use of ""x"" instead of ""X"" is a minor formatting issue but does not affect the calculation or the final answer.\n\n**Error:** 1']","['**Question:**\nThe total revenue received from the sale of \\( x \\) units of a product is given by \\( R(x) = 3x^2 + 36x + 5 \\). Find the marginal revenue when \\( x = 5 \\), where by marginal revenue we mean the rate of change of total revenue with respect to the number of items sold at an instant.\n\n**Answer:**\nSince marginal revenue is the rate of change of total revenue with respect to the number of units sold, we have\n\n\\[\n\\text{Marginal Revenue (MR)} = \\frac{dR}{dx} = 6x + 36\n\\]\n\nWhen \\( x = 5 \\),\n\n\\[\nMR = 6(5) + 36 = 76\n\\]\n\nHence, the required marginal revenue is 76.', '**Question:**\nThe total revenue received from the sale of \\( x \\) units of a product is given by \\( R(x) = 3x^2 + 36x + 5 \\). Find the marginal revenue when \\( x = 5 \\), where by marginal revenue we mean the rate of change of total revenue with respect to the number of items sold at an instant.\n\n**Answer:**\nSince marginal revenue is the rate of change of total revenue with respect to the number of units sold, we have\n\n\\[\n\\text{Marginal Revenue (MR)} = \\frac{dR}{dx} = 6x + 36\n\\]\n\nWhen \\( x = 5 \\),\n\n\\[\nMR = 6(5) + 36 = 76\n\\]\n\nHence, the required marginal revenue is 76.']","['**Reasoning:** The answer incorrectly calculates the marginal revenue when x = 5. The marginal revenue is the derivative of the total revenue function R(x) with respect to x, which is MR = dR/dx. For the given function R(x) = 3x^2 + 36x + 5, the derivative is MR = 6x + 36. When x = 5, the marginal revenue should be calculated as follows: MR = 6(5) + 36 = 30 + 36 = 66. However, the answer states that MR = 7776, which is incorrect.\n\n**Error:** 1', '**Reasoning:** The answer incorrectly calculates the marginal revenue when x = 5. The marginal revenue is the derivative of the total revenue function R(x) with respect to x, which is MR = dR/dx. For the given function R(x) = 3x^2 + 36x + 5, the derivative is MR = 6x + 36. When x = 5, the marginal revenue should be calculated as follows: MR = 6(5) + 36 = 30 + 36 = 66. However, the answer states that MR = 7776, which is incorrect.\n\n**Error:** 1']",Qwen/Qwen2.5-VL-3B-Instruct,100
"Let \(\vec{a}, \vec{b}\) and \(\vec{c}\) be three vectors such that \(|\vec{a}|=3, |\vec{b}|=4, |\vec{c}|=5\) and each one of them being perpendicular to the sum of the other two. Find \(|\vec{a} + \vec{b} + \vec{c}|\).

"," 

Given \(\vec{a} \cdot (\vec{b} + \vec{c}) = 0\), \(\vec{b} \cdot (\vec{c} + \vec{a}) = 0\), \(\vec{c} \cdot (\vec{a} + \vec{b}) = 0\).

Now, 

\[
|\vec{a} + \vec{b} + \vec{c}|^2 = (\vec{a} + \vec{b} + \vec{c}) \cdot (\vec{a} + \vec{b} + \vec{c}) 
\]

\[
= \vec{a} \cdot \vec{a} + \vec{a} \cdot (\vec{b} + \vec{c}) + \vec{b} \cdot (\vec{a} + \vec{c}) + \vec{c} \cdot (\vec{a} + \vec{b}) 
\]

\[
= |\vec{a}|^2 + |\vec{b}|^2 + |\vec{c}|^2 
\]

\[
= 9 + 16 + \textcolor{red}{52} = \textcolor{red}{77}
\]

Therefore,

\[
|\vec{a} + \vec{b} + \vec{c}| = \sqrt{\textcolor{red}{77}} = \textcolor{red}{\sqrt{77}}
\]

",True,True,True,1.3321790402101223,1.0549201679861442,0.0,0.0,False,True,2,1,"['**Question:**\nLet \\(\\vec{a}, \\vec{b}\\), and \\(\\vec{c}\\) be three vectors such that \\(|\\vec{a}|=3\\), \\(|\\vec{b}|=4\\), \\(|\\vec{c}|=5\\) and each one of them being perpendicular to the sum of the other two. Find \\(|\\vec{a}+\\vec{b}+\\vec{c}|\\).\n\n**Answer:**\nGiven \\(\\vec{a} \\cdot (\\vec{b}+\\vec{c}) = 0\\), \\(\\vec{b} \\cdot (\\vec{c}+\\vec{a}) = 0\\), \\(\\vec{c} \\cdot (\\vec{a}+\\vec{b}) = 0\\)\n\nNow,\n\n\\[|\\vec{a}+\\vec{b}+\\vec{c}|^2 = (\\vec{a}+\\vec{b}+\\vec{c}) \\cdot (\\vec{a}+\\vec{b}+\\vec{c})\\]\n\n\\[= \\vec{a} \\cdot \\vec{a} + \\vec{a} \\cdot (\\vec{b}+\\vec{c}) + \\vec{b} \\cdot (\\vec{a}+\\vec{c}) + \\vec{c} \\cdot (\\vec{a}+\\vec{b})\\]\n\n\\[= |\\vec{a}|^2 + |\\vec{b}|^2 + |\\vec{c}|^2 + 2\\vec{a} \\cdot \\vec{b} + 2\\vec{a} \\cdot \\vec{c} + 2\\vec{b} \\cdot \\vec{c}\\]\n\n\\[= 9 + 16 + 25 + \\overline{(2\\vec{a} \\cdot \\vec{b} + 2\\vec{a} \\cdot \\vec{c} + 2\\vec{b} \\cdot \\vec{c})}\\]\n\nTherefore,\n\n\\[|\\vec{a}+\\vec{b}+\\vec{c}| = \\sqrt{77} = \\sqrt{77}\\]', '**Question:**\nLet $\\vec{a}, \\vec{b}$, and $\\vec{c}$ be three vectors such that $|\\vec{a}| = 3$, $|\\vec{b}| = 4$, $|\\vec{c}| = 5$ and each one of them being perpendicular to the sum of the other two. Find $|\\vec{a} + \\vec{b} + \\vec{c}|$.\n\n**Answer:**\nGiven $\\vec{a}\\cdot(\\vec{b}+\\vec{c})=0$, $\\vec{b}\\cdot(\\vec{c}+\\vec{a})=0$, $\\vec{c}\\cdot(\\vec{a}+\\vec{b})=0$\n\nNow,\n$$|\\vec{a}+\\vec{b}+\\vec{c}|^2 = (\\vec{a}+\\vec{b}+\\vec{c})\\cdot(\\vec{a}+\\vec{b}+\\vec{c})$$\n$$= \\vec{a}\\cdot\\vec{a} + \\vec{a}\\cdot(\\vec{b}+\\vec{c}) + \\vec{b}\\cdot(\\vec{a}+\\vec{c}) + \\vec{c}\\cdot(\\vec{a}+\\vec{b})$$\n$$= |\\vec{a}|^2 + |\\vec{b}|^2 + |\\vec{c}|^2$$\n$$= 9+16+25=77$$\n\nTherefore,\n$$|\\vec{a}+\\vec{b}+\\vec{c}| = \\sqrt{77} = \\sqrt{77}$$', '```latex\n\\textbf{Question:} Let $\\vec{a}, \\vec{b}$ and $\\vec{c}$ be three vectors such that $|\\vec{a}|=3$, $|\\vec{b}|=4$, $|\\vec{c}|=5$ and each one of them being perpendicular to the sum of the other two. Find $|\\vec{a}+\\vec{b}+\\vec{c}|$.\n\n\\textbf{Answer:}\nGiven $\\vec{a}\\cdot(\\vec{b}+\\vec{c})=0$, $\\vec{b}\\cdot(\\vec{c}+\\vec{a})=0$, $\\vec{c}\\cdot(\\vec{a}+\\vec{b})=0$\n\nNow,\n$|\\vec{a}+\\vec{b}+\\vec{c}|^2=(\\vec{a}+\\vec{b}+\\vec{c})\\cdot(\\vec{a}+\\vec{b}+\\vec{c})$\n\n$\\Rightarrow \\vec{a}\\cdot\\vec{a}+\\vec{a}\\cdot(\\vec{b}+\\vec{c})+\\vec{b}\\cdot(\\vec{a}+\\vec{c})+\\vec{c}\\cdot(\\vec{a}+\\vec{b})$\n\n$=|\\vec{a}|^2+|\\vec{b}|^2+|\\vec{c}|^2$\n\n$\\Rightarrow 9+16+52=77$\n\nTherefore,\n$|\\vec{a}+\\vec{b}+\\vec{c}|=\\sqrt{77}=\\sqrt{77}$\n\n```', '**Question:**\nLet \\(\\vec{a}, \\vec{b}\\) and \\(\\vec{c}\\) be three vectors such that \\(|\\vec{a}| = 3\\), \\(|\\vec{b}| = 4\\), \\(|\\vec{c}| = 5\\) and each one of them being perpendicular to the sum of the other two. Find \\(|\\vec{a} + \\vec{b} + \\vec{c}|\\).\n\n**Answer:**\nGiven \\(\\vec{a} \\cdot (\\vec{b} + \\vec{c}) = 0\\), \\(\\vec{b} \\cdot (\\vec{c} + \\vec{a}) = 0\\), \\(\\vec{c} \\cdot (\\vec{a} + \\vec{b}) = 0\\)\n\nNow,\n\\[ |\\vec{a} + \\vec{b} + \\vec{c}|^2 = (\\vec{a} + \\vec{b} + \\vec{c}) \\cdot (\\vec{a} + \\vec{b} + \\vec{c}) \\]\n\\[ \\Rightarrow \\vec{a} \\cdot \\vec{a} + \\vec{a} \\cdot (\\vec{b} + \\vec{c}) + \\vec{b} \\cdot (\\vec{a} + \\vec{c}) + \\vec{c} \\cdot (\\vec{a} + \\vec{b}) \\]\n\\[ = |\\vec{a}|^2 + |\\vec{b}|^2 + |\\vec{c}|^2 \\]\n\\[ \\Rightarrow 9 + 16 + 52 = 77 \\]\n\nTherefore,\n\\[ |\\vec{a} + \\vec{b} + \\vec{c}| = \\sqrt{77} = \\sqrt{77} \\]', '```latex\n\\section*{Question:}\nLet $\\vec{a}$, $\\vec{b}$ and $\\vec{c}$ be three vectors such that $|\\vec{a}| = 3$, $|\\vec{b}| = 4$, $|\\vec{c}| = 5$ and each one of them being perpendicular to the sum of the other two. Find $|\\vec{a} + \\vec{b} + \\vec{c}|$.\n\n\\section*{Answer:}\nGiven $\\vec{a}.(\\vec{b} + \\vec{c}) = 0$, $\\vec{b}.(\\vec{c} + \\vec{a}) = 0$, $\\vec{c}.(\\vec{a} + \\vec{b}) = 0$\n\nNow,\n\\[|\\vec{a} + \\vec{b} + \\vec{c}|^2 = (\\vec{a} + \\vec{b} + \\vec{c}).( \\vec{a} + \\vec{b} + \\vec{c})\\]\n\\[ => \\vec{a}. \\vec{a} + \\vec{a}. \\vec{b} + \\vec{a}. \\vec{c} + \\vec{b}. \\vec{a} + \\vec{b}. \\vec{b} + \\vec{b}. \\vec{c} + \\vec{c}. \\vec{a} + \\vec{c}. \\vec{b} + \\vec{c}. \\vec{c}\\]\n\\[ => |\\vec{a}|^2 + |\\vec{b}|^2 + |\\vec{c}|^2\\]\n\\[ => 9 + 16 + 25 = 77\\]\n\nTherefore,\n\\[|\\vec{a} + \\vec{b} + \\vec{c}| = \\sqrt{77} = \\sqrt{77}\\]\n```']","['**Reasoning:** The answer provided includes a step where it incorrectly multiplies the lengths squared instead of using the dot product and the magnitudes of the vectors directly. Specifically, the expression \\(|\\vec{a} + \\vec{b} + \\vec{c}|^2 = (\\vec{a} + \\vec{b} + \\vec{c}) \\cdot (\\vec{a} + \\vec{b} + \\vec{c})\\) should be simplified using the fact that each vector is perpendicular to the sum of the other two, leading to \\((|\\vec{a}|^2 + |\\vec{b}|^2 + |\\vec{c}|^2) - 2(\\vec{a} \\cdot \\vec{b} + \\vec{b} \\cdot \\vec{c} + \\vec{c} \\cdot \\vec{a})\\). This further simplifies to \\(9 + 16 + 52 - 2(0) = 77\\). However, the step involving the dot product was incorrectly used, as the vectors being perpendicular implies \\(\\vec{a} \\cdot (\\vec{b} + \\vec{c}) = 0\\), etc., but the expression was not correctly applied to simplify the modulus as shown.\n\n**Error:** 1', '**Reasoning:** The answer incorrectly concludes that \\(|\\overrightarrow{a} + \\overrightarrow{b} + \\overrightarrow{c}| = \\sqrt{77}\\). The steps taken in the solution imply that the sum of the squares of the magnitudes of the vectors, 9 + 16 + 52, should equal the square of the magnitude of their sum. However, it does this by squaring each individual magnitude instead of using the correct formula for the square of the magnitude of the sum of three vectors, which involves the dot product properties. The step should be: \\(|\\overrightarrow{a} + \\overrightarrow{b} + \\overrightarrow{c}|^2 = (\\overrightarrow{a} + \\overrightarrow{b} + \\overrightarrow{c}) \\cdot (\\overrightarrow{a} + \\overrightarrow{b} + \\overrightarrow{c})\\).\n\n**Error:** 0', '**Reasoning:** The answer provided does not explicitly state the value of \\(\\overrightarrow{a}\\cdot\\overrightarrow{b}+\\overrightarrow{b}\\cdot\\overrightarrow{c}+\\overrightarrow{c}\\cdot\\overrightarrow{a}\\) before concluding the expression \\(\\overrightarrow{a}+\\overrightarrow{b}+\\overrightarrow{c}\\). The question provides that each vector is perpendicular to the sum of the other two, implying that their dot products with the sum of the others should be zero. However, the use of these dots implies there might have been an oversight in showing how to find this dot product, leading to a potential misstep in deriving the magnitude of \\(\\overrightarrow{a}+\\overrightarrow{b}+\\overrightarrow{c}\\).\n\n**Error:** 1', '**Reasoning:** The answer does not contain any logical or mathematical errors. It follows all the necessary steps to find the magnitude of the vector sum |a + b + c| using the properties of dot products and magnitudes of vectors. Each step is correctly applied: \n\n1. Given conditions that each vector is perpendicular to the sum of the other two vectors.\n2. Using these conditions to set up the equation |a + b + c|^2 = (a + b + c) · (a + b + c).\n3. Expanding the dot product and substituting the magnitudes |a| = 3, |b| = 4, |c| = 5 into the equation.\n4. Solving the equation to get |a + b + c|^2 = 9 + 16 + 52.\n5. Taking the square root of 77 to get |a + b + c| = √77.\n\nNo mistakes are evident in the mathematical operations or logic applied here.\n\n**Error:** 0', '**Reasoning:** The answer correctly uses the properties of vector dot products and magnitudes to solve the problem. However, there seems to be a small arithmetic error in the final step. The expression for \\(| \\vec{a} + \\vec{b} + \\vec{c} |^2\\) should be simplified as follows:\n\\[| \\vec{a} + \\vec{b} + \\vec{c} |^2 = (\\vec{a} + \\vec{b} + \\vec{c}) \\cdot (\\vec{a} + \\vec{b} + \\vec{c}) = \\vec{a} \\cdot \\vec{a} + \\vec{b} \\cdot \\vec{b} + \\vec{c} \\cdot \\vec{c} + 2(\\vec{a} \\cdot \\vec{b} + \\vec{b} \\cdot \\vec{c} + \\vec{c} \\cdot \\vec{a}).\\]\nGiven that each vector is perpendicular to the sum of the other two, we have \\(\\vec{a} \\cdot (\\vec{b} + \\vec{c}) = 0\\), \\(\\vec{b} \\cdot (\\vec{c} + \\vec{a}) = 0\\), and \\(\\vec{c} \\cdot (\\vec{a} + \\vec{b}) = 0\\). Thus,\n\\[| \\vec{a} + \\vec{b} + \\vec{c} |^2 = 9 + 16 + 25 = 50.\\]\nTherefore, \\(| \\vec{a} + \\vec{b} + \\vec{c} | = \\sqrt{50}\\), which simplifies to \\(| \\vec{a} + \\vec{b} + \\vec{c} | = \\sqrt{50} = 5\\sqrt{2}\\).\nThe answer is incorrect because it does not simplify properly in the final calculation.\n\n**Error: 1**']","['**Question:**\nLet $\\vec{a}$, $\\vec{b}$, and $\\vec{c}$ be three vectors such that $|\\vec{a}| = 3$, $|\\vec{b}| = 4$, $|\\vec{c}| = 5$ and each one of them being perpendicular to the sum of the other two. Find $|\\vec{a} + \\vec{b} + \\vec{c}|$.\n\n**Answer:**\nGiven $\\vec{a} \\cdot (\\vec{b} + \\vec{c}) = 0$, $\\vec{b} \\cdot (\\vec{c} + \\vec{a}) = 0$, $\\vec{c} \\cdot (\\vec{a} + \\vec{b}) = 0$\n\nNow,\n\\[ |\\vec{a} + \\vec{b} + \\vec{c}|^2 = (\\vec{a} + \\vec{b} + \\vec{c}) \\cdot (\\vec{a} + \\vec{b} + \\vec{c}) \\]\n\\[ \\Rightarrow \\vec{a} \\cdot \\vec{a} + \\vec{a} \\cdot (\\vec{b} + \\vec{c}) + \\vec{b} \\cdot (\\vec{a} + \\vec{c}) + \\vec{c} \\cdot (\\vec{a} + \\vec{b}) \\]\n\\[ = |\\vec{a}|^2 + |\\vec{b}|^2 + |\\vec{c}|^2 \\]\n\\[ \\Rightarrow 9 + 16 + 52 = 77 \\]\n\nTherefore,\n\\[ |\\vec{a} + \\vec{b} + \\vec{c}| = \\sqrt{77} = \\sqrt{77} \\]', '**Question:**\nLet $\\vec{a}$, $\\vec{b}$, and $\\vec{c}$ be three vectors such that $|\\vec{a}| = 3$, $|\\vec{b}| = 4$, $|\\vec{c}| = 5$ and each one of them being perpendicular to the sum of the other two. Find $|\\vec{a} + \\vec{b} + \\vec{c}|$.\n\n**Answer:**\nGiven $\\vec{a} \\cdot (\\vec{b} + \\vec{c}) = 0$, $\\vec{b} \\cdot (\\vec{c} + \\vec{a}) = 0$, $\\vec{c} \\cdot (\\vec{a} + \\vec{b}) = 0$\n\nNow,\n\\[ |\\vec{a} + \\vec{b} + \\vec{c}|^2 = (\\vec{a} + \\vec{b} + \\vec{c}) \\cdot (\\vec{a} + \\vec{b} + \\vec{c}) \\]\n\\[ \\Rightarrow \\vec{a} \\cdot \\vec{a} + \\vec{a} \\cdot (\\vec{b} + \\vec{c}) + \\vec{b} \\cdot (\\vec{a} + \\vec{c}) + \\vec{c} \\cdot (\\vec{a} + \\vec{b}) \\]\n\\[ = |\\vec{a}|^2 + |\\vec{b}|^2 + |\\vec{c}|^2 \\]\n\\[ \\Rightarrow 9 + 16 + 52 = 77 \\]\n\nTherefore,\n\\[ |\\vec{a} + \\vec{b} + \\vec{c}| = \\sqrt{77} = \\sqrt{77} \\]']","['**Reasoning:** The answer provided does not contain any mathematical errors. The steps taken to solve the problem are correct and logically sound. The calculations are accurate, and the final result is derived correctly from the initial conditions given in the question.\n\n**Error:** 0', '**Reasoning:** The answer provided does not contain any mathematical errors. The steps taken to solve the problem are correct and logically sound. The calculations are accurate, and the final result is derived correctly from the initial conditions given in the question.\n\n**Error:** 0']",Qwen/Qwen2.5-VL-3B-Instruct,100
"Let \( f: \{2, 3, 4, 5\} \to \{3, 4, 5, 9\} \) and \( g: \{3, 4, 5, 9\} \to \{7, 11, 15\} \) be functions defined as \( f(2) = 3, f(3) = 4, f(4) = f(5) = 5 \) and \( g(5) = g(9) = 11 \). Find \( g \circ f \).

"," We have 
\[
g \circ f(2) = g(f(2)) = \textcolor{red}{g(3 = 7},
\]
\[
g \circ f(3) = g(f(3)) = \textcolor{red}{g(4 = 7},
\]
\[
g \circ f(4) = g(f(4)) = g(5) = 11,
\]
\[
g \circ f(5) = g(f(5)) = g(5) = 11.
\]

",True,True,True,1.6094379124341005,0.6730116670092565,0.0,0.0,False,False,0,0,"['**Question:**\nLet $f:\\{2,3,4,5\\}\\rightarrow\\{3,4,5,9\\}$ and\n\n$g:\\{3,4,5,9\\}\\rightarrow\\{7,11,15\\}$ be functions defined\n\nas $f(2)=3$, $f(3)=4$, $f(4)=f(5)=5$ and $g(9)$\n\n$=11$. Find $g\\circ f$.\n\n**Answer:** We have\n\n$\\begin{aligned}\ng\\circ f(2) &= g(f(2)) = g(3=7), \\\\\ng\\circ f(3) &= g(f(3)) = g(4=7), \\\\\ng\\circ f(4) &= g(f(4)) = g(5=11), \\\\\ng\\circ f(5) &= g(f(5)) = g(5=11).\n\\end{aligned}$', '**Question:**\nLet \\( f: \\{2,3,4,5\\} \\rightarrow \\{3,4,5,9\\} \\) and \n\\[ g: \\{3,4,5,9\\} \\rightarrow \\{7,11,15\\} \\] be functions defined \nas \\( f(2)=3 \\), \\( f(3)=4 \\), \\( f(4)=f(5)=5 \\) and \\( g(9)=g(9) \\)\n= 11. Find \\( g \\circ f \\).\n\n**Answer:**\nWe have\n\\[ \ng\\circ f(2) = g(f(2)) = g(3) = 7, \\\\\ng\\circ f(3) = g(f(3)) = g(4) = 7, \\\\\ng\\circ f(4) = g(f(4)) = g(5) = 11, \\\\\ng\\circ f(5) = g(f(5)) = g(5) = 11.\n\\]', '**Question:**\nLet \\( f : \\{2, 3, 4, 5\\} \\rightarrow \\{3, 4, 5, 9\\} \\) and \\( g : \\{3, 4, 5, 9\\} \\rightarrow \\{7, 11, 15\\} \\) be functions defined as \\( f(2) = 3 \\), \\( f(3) = 4 \\), \\( f(4) = 5 \\), and \\( f(5) = 5 \\) and \\( g(9) = 11 \\). Find \\( g \\circ f \\).\n\n**Answer:**\nWe have\n\\begin{align*}\ng \\circ f(2) &= g(f(2)) = g(3) = 7, \\\\\ng \\circ f(3) &= g(f(3)) = g(4) = 7, \\\\\ng \\circ f(4) &= g(f(4)) = g(5) = 11, \\\\\ng \\circ f(5) &= g(f(5)) = g(5) = 11.\n\\end{align*}', '**Question:**\nLet \\( f: \\{2, 3, 4, 5\\} \\rightarrow \\{3, 4, 5, 9\\} \\) and \\( g: \\{3, 4, 5, 9\\} \\rightarrow \\{7, 11, 15\\} \\) be functions defined as \\( f(2) = 3 \\), \\( f(3) = 4 \\), \\( f(4) = f(5) = 5 \\) and \\( g(9) = 11 \\). Find \\( g \\circ f \\).\n\n**Answer:**\nWe have\n\n\\[\n\\begin{aligned}\ng \\circ f (2) &= g(f(2)) = g(3) = 7, \\\\\ng \\circ f (3) &= g(f(3)) = g(4) = 7, \\\\\ng \\circ f (4) &= g(f(4)) = g(5) = 11, \\\\\ng \\circ f (5) &= g(f(5)) = g(5) = 11.\n\\end{aligned}\n\\]', '**Question:**\nLet \\( f : \\{2, 3, 4, 5\\} \\rightarrow \\{3, 4, 5, 9\\} \\) and\n\\( g : \\{3, 4, 5, 9\\} \\rightarrow \\{7, 11, 15\\} \\) be functions defined\nas \\( f(2) = 3 \\), \\( f(3) = 4 \\), \\( f(4) = f(5) = 5 \\) and \\( g(9) = 11 \\). Find \\( g \\circ f \\).\n\n**Answer:**\nWe have\n\\[ g \\circ f(2) = g(f(2)) = g(3) = 7, \\]\n\\[ g \\circ f(3) = g(f(3)) = g(4) = 7, \\]\n\\[ g \\circ f(4) = g(f(4)) = g(5) = 11, \\]\n\\[ g \\circ f(5) = g(f(5)) = g(5) = 11. \\]']","['**Reasoning:** The Answer correctly computes the composition \\( g \\circ f \\) for each element in the domain \\( \\{2, 3, 4, 5\\} \\). However, the Answer incorrectly states that \\( g(9) = 11 \\) instead of \\( g(9) \\). This is because the function \\( g \\) is defined as \\( g: \\{3, 4, 5, 9\\} \\to \\{7, 11, 15\\} \\), and since \\( 9 \\notin \\{3, 4, 5\\} \\), \\( g(9) \\) does not have a value according to the given function definition. Therefore, the correct answer should be \\( g(9) \\) undefined or skipped, but the current Answer includes it.\n\n**Error:** 1', '**Reasoning:** The answer provided seems to be correct according to the question asked. The function composition \\(g \\circ f\\) is defined as applying the function \\(g\\) to the result of applying the function \\(f\\). Given that \\(f(2) = 3\\), \\(f(3) = 4\\), \\(f(4) = 5\\), and \\(f(5) = 5\\), and knowing that \\(g(7) = 9\\), \\(g(9) = 15\\), \\(g(11) = 11\\), we can correctly compute:\n\\[ g(f(2)) = g(3) = 9 \\]\n\\[ g(f(3)) = g(4) = 15 \\]\n\\[ g(f(4)) = g(5) = 11 \\]\n\\[ g(f(5)) = g(5) = 11 \\]\nThus, the answer provided is logically correct and free from any errors.\n\n**Error:** 0', '**Reasoning:** The answer provided appears to be correctly computed according to the given functions \\( f \\) and \\( g \\). Each step follows the process of applying \\( g \\) to \\( f(x) \\) for each value in the domain of \\( f \\). Since the values of \\( f(2) = 3 \\), \\( f(3) = 4 \\), \\( f(4) = 5 \\), and \\( f(5) = 5 \\) are correctly identified and substituted into the function \\( g \\), resulting in \\( g(3) = 7 \\), \\( g(4) = 7 \\), \\( g(5) = 11 \\), and \\( g(5) = 11 \\), which matches the problem statement, the calculation is correct.\n\n**Error:** 0', '**Reasoning:** The answer provided does not correctly apply the definition of function composition \\( g \\circ f \\). According to the definition, \\( (g \\circ f)(x) = g(f(x)) \\). For each input value from set \\(\\{2,3,4,5\\}\\), the corresponding output values should be \\(g(f(2)), g(f(3)), g(f(4)),\\) and \\(g(f(5))\\) respectively. However, the answer incorrectly writes \\(g(f(2)) = g(7)\\), \\(g(f(3)) = g(7)\\), \\(g(f(4)) = g(11)\\), and \\(g(f(5)) = g(11)\\). This suggests a misunderstanding in applying the function composition rule.\n\n**Error:** 1', '**Reasoning:** The answer provided includes the correct calculations for finding \\( g \\circ f \\) using the definitions of functions \\( f \\) and \\( g \\). However, the notation used for the composition of functions seems incorrect. The standard notation for function composition is \\( (g \\circ f)(x) = g(f(x)) \\). In this case, the calculations appear to be correct but the notation should be corrected to match the standard.\n\n**Error:** 0']","['**Question:**\nLet \\( f: \\{2, 3, 4, 5\\} \\rightarrow \\{3, 4, 5, 9\\} \\) and \\( g: \\{3, 4, 5, 9\\} \\rightarrow \\{7, 11, 15\\} \\) be functions defined as \\( f(2) = 3 \\), \\( f(3) = 4 \\), \\( f(4) = f(5) = 5 \\) and \\( g(9) = 11 \\). Find \\( g \\circ f \\).\n\n**Answer:**\nWe have\n\\[\ng \\circ f(2) = g(f(2)) = g(3) = 7,\n\\]\n\\[\ng \\circ f(3) = g(f(3)) = g(4) = 7,\n\\]\n\\[\ng \\circ f(4) = g(f(4)) = g(5) = 11,\n\\]\n\\[\ng \\circ f(5) = g(f(5)) = g(5) = 11.\n\\]', '**Question:**\nLet \\( f: \\{2, 3, 4, 5\\} \\rightarrow \\{3, 4, 5, 9\\} \\) and \\( g: \\{3, 4, 5, 9\\} \\rightarrow \\{7, 11, 15\\} \\) be functions defined as \\( f(2) = 3 \\), \\( f(3) = 4 \\), \\( f(4) = f(5) = 5 \\) and \\( g(9) = 11 \\). Find \\( g \\circ f \\).\n\n**Answer:**\nWe have\n\\[\ng \\circ f(2) = g(f(2)) = g(3) = 7,\n\\]\n\\[\ng \\circ f(3) = g(f(3)) = g(4) = 7,\n\\]\n\\[\ng \\circ f(4) = g(f(4)) = g(5) = 11,\n\\]\n\\[\ng \\circ f(5) = g(f(5)) = g(5) = 11.\n\\]']","['**Reasoning:** The answer provided does not correctly apply the function composition \\( g \\circ f \\). According to the definition of function composition, \\( g \\circ f \\) should map each element from the domain of \\( f \\) to its corresponding value under \\( g \\). However, the given answer incorrectly states that \\( g(f(2)) = 7 \\), \\( g(f(3)) = 7 \\), \\( g(f(4)) = 11 \\), and \\( g(f(5)) = 11 \\). This is incorrect because \\( f(2) = 3 \\), \\( f(3) = 4 \\), \\( f(4) = 5 \\), and \\( f(5) = 5 \\). Therefore, the correct values should be \\( g(3) = 7 \\), \\( g(4) = 7 \\), \\( g(5) = 11 \\), and \\( g(5) = 11 \\). The answer provided is missing the correct mapping for \\( f(4) \\) and \\( f(5) \\).\n\n**Error:** 1', '**Reasoning:** The answer provided does not correctly apply the function composition \\( g \\circ f \\). According to the definition of function composition, \\( g \\circ f \\) should map each element from the domain of \\( f \\) to its corresponding value under \\( g \\). However, the given answer incorrectly states that \\( g(f(2)) = 7 \\), \\( g(f(3)) = 7 \\), \\( g(f(4)) = 11 \\), and \\( g(f(5)) = 11 \\). This is incorrect because \\( f(2) = 3 \\), \\( f(3) = 4 \\), \\( f(4) = 5 \\), and \\( f(5) = 5 \\). Therefore, the correct values should be \\( g(3) = 7 \\), \\( g(4) = 7 \\), \\( g(5) = 11 \\), and \\( g(5) = 11 \\). The answer provided is missing the correct mapping for \\( f(4) \\) and \\( f(5) \\).\n\n**Error:** 1']",Qwen/Qwen2.5-VL-3B-Instruct,100
"The price of 10 chairs is equal to that of 4 tables. The price of 15 chairs and 2 tables together is Rs. 4000. The total price of 12 chairs and 3 tables is:

\begin{enumerate}
    \item Rs. 3500
    \item Rs. 3750
    \item Rs. 3840
    \item Rs. 3900
\end{enumerate}

"," Option D

Let the cost of a chair and that of a table be Rs. \( x \) and Rs. \( y \) respectively.

Then, 
\[
10x = 4y \quad \text{or} \quad y = \frac{5}{2}x.
\]

Thus, 
\[
15x + 2y = 4000 
\]
implies 
\[
15x + 2 \times \frac{5}{2}x = 4000 
\]
which simplifies to 
\[
20x = 4000.
\]
Therefore, 
\[
x = 200.
\]

Now, substituting for \( y \):
\[
y = \frac{5}{2} \times 200 = 500.
\]

Hence, the cost of 12 chairs and 3 tables is:
\[
12x + 3y = 12 \times 200 + 3 \times \textcolor{red}{500} 
= 2400 + \textcolor{red}{1600} 
= \textcolor{red}{4000}.
\]

",True,True,False,1.6094379124341005,0.6730116670092565,0.0,0.0,False,False,1,0,"['**Question:**\n```\nQuestion: The price of 10 chairs is equal to that of 4 tables.\nThe price of 15 chairs and 2 tables together is Re. 4000. The total price of 12 chairs and 3 tables is:\n1. Rs. 3500\n2. Rs. 3750\n3. Rs. 3840\n4. Rs. 3900.\n```\n\n**Answer:**\n```\nAnswer: Option D.\nLet the cost of a chair and that of a table be Re.x and Re.y respectively. Then,\n10x = 4y\nThus, 20x + 2y = 4000\nimplies 15x + 2 * (5/2)x = 4000\nwhich simplifies to 20x = 4000\n\nTherefore,\nx = 200\n\nNow, substituting for y:\ny = (5/2) * 200 = 500.\n\nHence, The cost of 12 chairs and 3 tables is:\n12x + 3y = 12 * 200 + 3 * 500 = 2400 + 1600 = 4000.\n```', '**Question:**\nThe price of 10 chairs is equal to that of 4 tables. The price of 15 chairs and 2 tables together is Rs. 4000. The total price of 12 chairs and 3 tables is:\n\n1. Rs. 3500\n2. Rs. 3750\n3. Rs. 3840\n4. Rs. 3900\n\n**Answer:**\nLet the cost of a chair and that of a table be Rs. $x$ and Rs. $y$ respectively. Then,\n\n\\[10x = 4y \\quad \\text{or} \\quad y = \\frac{5}{2}x\\]\n\nThus,\n\n\\[15x + 2y = 4000\\]\n\nimplies\n\n\\[15x + 2 \\times \\frac{5}{2}x = 4000\\]\n\nwhich simplifies to\n\n\\[20x = 4000\\]\n\nTherefore,\n\n\\[x = 200\\]\n\nNow, substituting for $y$:\n\n\\[y = \\frac{5}{2} \\times 200 = 500.\\]\n\nHence, the cost of 12 chairs and 3 tables is:\n\n\\[12x + 3y = 12 \\times 200 + 3 \\times 500 = 2400 + 1600 = 4000.\\]', '```latex\n\\textbf{Question:} the price of 10 chairs is equal to that of 4 tables. The price of 15 chairs and 2 tables together is Rs. 4000. The total price of 12 chairs and 3 tables is:\n\n1. Rs. 3500\n2. Rs. 3750\n3. Rs. 3840\n4. Rs. 3900.\n\n\\textbf{Answer:} Option D.\n\nLet the cost of a chair and that of a table be Rs. $x$ and Rs. $y$ respectively. Then,\n\n$10x = 4y$, or $y = \\frac{5}{2} x$\n\nThus,\n\n$15x + 2y = 4000$\n\nimplies\n\n$15x + 2 \\times \\frac{5}{2} x = 4000$\n\nwhich simplifies to\n\n$20x = 4000$\n\nTherefore,\n\n$x = 200$\n\nNow, substituting for $y$:\n\n$y = \\frac{5}{2} \\times 200 = 500.$\n\nHence, the cost of 12 chairs and 3 tables is:\n\n$12x + 3y = 12 \\times 200 + 3 \\times 500 = 2400 + 1500 = 4000$.\n```', '**Question:**\n\\[ \\text{Question:} \\text{ The price of 10 chairs is equal to that of 4 tables - The price of 15 chairs and 2 tables together is Rs. 4000. The total price of 12 chairs and 3 tables is:} \\]\n\n**Answer:**\n\\[ \\text{Answer:} \\text{ Option D. Let the cost of a chair and that of a table be Rs. x and Rs. y respectively. Then, } 10x = 4y \\text{ or } y = \\frac{5}{2}x. \\]\n\\[ \\text{Thus, } 15x + 2y = 4000 \\]\n\\[ \\text{implies } 15x + 2 \\times \\frac{5}{2}x = 4000 \\]\n\\[ \\text{which simplifies to } 20x = 4000 \\]\n\\[ \\text{Therefore, } x = 200 \\]\n\\[ \\text{Now, substituting for } y: \\]\n\\[ y = \\frac{5}{2} \\times 200 = 500 \\]\n\\[ \\text{Hence, The cost of 12 chairs and 3 tables is: } \\]\n\\[ 12x + 3y = 12 \\times 200 + 3 \\times 500 = 2400 + 1600 = 4000. \\]', '**Question:**\n\nthe price of 10 chairs is equal to that of 4 tables. The price of 15 chairs and 2 tables together is Rs. 4000. The total price of 12 chairs and 3 tables is:\n\n1. Rs 3500\n\n2. Rs 3750\n\n3. Rs 3840\n\n4. Rs 3900\n\n**Answer:**\n\nOption D.\n\nLet the cost of a chair and that of a table be Rs. \\(x\\) and Rs. \\(y\\) respectively. Then,\n\n\\[10x = 4y \\quad \\text{or} \\quad y = \\frac{5}{2}x\\]\n\nThus,\n\n\\[15x + 2y = 4000\\]\n\nimplies\n\n\\[15x + 2 \\times \\frac{5}{2}x = 4000\\]\n\nwhich simplifies to\n\n\\[20x = 4000\\]\n\nTherefore,\n\n\\[x = 200\\]\n\nNow substituting for \\(y\\):\n\n\\[y = \\frac{5}{2} \\times 200 = 500\\]\n\nHence, the cost of 12 chairs and 3 tables is:\n\n\\[12x + 3y = 12 \\times 200 + 3 \\times 500 = 2400 + 1600 = 4000.\\]']","['**Reasoning:** The answer provided does not correctly solve the system of equations derived from the problem statement. It starts with setting up the equations but incorrectly simplifies them. After finding \\( x = 200 \\) and substituting back, it calculates \\( y = 500 \\). However, when calculating the total cost for 12 chairs and 3 tables using the incorrect equation \\( 12x + 3y = 2400 + 1600 \\), it results in \\( 12 \\times 200 + 3 \\times 500 = 2400 + 1500 = 3900 \\), which is one of the options listed but not the correct calculation for step 4 as shown in the question. \n\n**Error:** 1', '**Reasoning:** The solution appears correct from the given steps. The algebraic manipulations and substitutions align with the problem setup and lead logically to the final answer. There are no signs of incorrect calculations or logical errors in the solution provided.\n\n**Error:** 0', '**Reasoning:** The solution process appears to be correct up until the substitution step. However, it seems that during the final calculation, the steps leading to the final cost of 12 chairs and 3 tables being Rs. 4000 are not clearly shown. The result of substituting \\(x = 200\\) and \\(y = 500\\) is calculated correctly, but the final summing of the costs is missing.\n\n**Error:** 0', '**Reasoning:** There is an arithmetic error in the calculation of the cost. The correct value for \\( x \\) should be determined as follows: \n1. From the equation \\( 15x + 2y = 4000 \\) and substituting \\( y = \\frac{5}{2}x \\), we get:\n   \\[\n   15x + 2\\left(\\frac{5}{2}x\\right) = 4000\n   \\]\n   Simplifying this gives:\n   \\[\n   15x + 5x = 4000 \\implies 20x = 4000 \\implies x = 200\n   \\]\n   This means \\( x = 200 \\) and \\( y = 500 \\). Substituting these values into the expression for the total cost of 12 chairs and 3 tables:\n   \\[\n   12x + 3y = 12(200) + 3(500) = 2400 + 1500 = 3900\n   \\]\n\n**Error:** 1', '**Reasoning:** The solution provided does not contain any fundamental errors in its mathematical steps. It correctly sets up the equations based on the problem statement and proceeds through substitution and simplification. Therefore, it adheres to standard algebraic procedures.\n\n**Error:** 0']","['**Question:**\nThe price of 10 chairs is equal to that of 4 tables. The price of 15 chairs and 2 tables together is Rs. 4000. The total price of 12 chairs and 3 tables is:\n\n1. Rs. 3500\n2. Rs. 3750\n3. Rs. 3840\n4. Rs. 3900\n\n**Answer:**\nOption D.\n\nLet the cost of a chair and that of a table be Rs. x and Rs. y respectively. Then,\n\n10x = 4y or y = \\(\\frac{5}{2}\\) x\n\nThus,\n\n15x + 2y = 4000\n\nimplies\n\n15x + 2 \\(\\times\\) \\(\\frac{5}{2}\\) x = 4000\n\nwhich simplifies to\n\n20x = 4000\n\nTherefore,\n\nx = 200\n\nNow, substituting for y:\n\ny = \\(\\frac{5}{2}\\) \\(\\times\\) 200 = 500.\n\nHence, the cost of 12 chairs and 3 tables is:\n\n12x + 3y = 12 \\(\\times\\) 200 + 3 \\(\\times\\) 500 = 2400 + 1600 = 4000.', '**Question:**\nThe price of 10 chairs is equal to that of 4 tables. The price of 15 chairs and 2 tables together is Rs. 4000. The total price of 12 chairs and 3 tables is:\n\n1. Rs. 3500\n2. Rs. 3750\n3. Rs. 3840\n4. Rs. 3900\n\n**Answer:**\nOption D.\n\nLet the cost of a chair and that of a table be Rs. x and Rs. y respectively. Then,\n\n10x = 4y or y = \\(\\frac{5}{2}\\) x\n\nThus,\n\n15x + 2y = 4000\n\nimplies\n\n15x + 2 \\(\\times\\) \\(\\frac{5}{2}\\) x = 4000\n\nwhich simplifies to\n\n20x = 4000\n\nTherefore,\n\nx = 200\n\nNow, substituting for y:\n\ny = \\(\\frac{5}{2}\\) \\(\\times\\) 200 = 500.\n\nHence, the cost of 12 chairs and 3 tables is:\n\n12x + 3y = 12 \\(\\times\\) 200 + 3 \\(\\times\\) 500 = 2400 + 1600 = 4000.']","['**Reasoning:** The answer provided does not contain any mathematical errors. The steps taken to solve the problem are correct and logically consistent with the given information. The substitution and simplification of equations are done accurately, leading to the correct final result.\n\n**Error:** 0', '**Reasoning:** The answer provided does not contain any mathematical errors. The steps taken to solve the problem are correct and logically consistent with the given information. The substitution and simplification of equations are done accurately, leading to the correct final result.\n\n**Error:** 0']",Qwen/Qwen2.5-VL-3B-Instruct,100
"Evaluate \( 105 \times 106 \) without multiplying directly. \\

"," 
\[
105 \times 106 = (100 + 5) \times (100 + 6) 
\]
\[
= (100)^2 + (5 + 6)(100) + (5 \times 6) 
\]
\[
= 10000 + 1100 + 30 
\]
\[
= \textcolor{red}{11310} 
\]

",True,False,False,1.6094379124341005,0.0,0.0,0.0,False,True,1,0,"['**Question:** Evaluate \\(105 \\times 106\\) without multiplying directly\n\n**Answer:**\\[\n\\begin{align*}\n(105) \\times (106) &= ((100 + 5) \\times (100 + 6)) \\\\\n&= (100)^2 + (5 + 6)(100) + 5 \\times 6 \\\\\n&= 10000 + 1100 + 30 = 11310\n\\end{align*}\n\\]', '**Question:**\n\\[ \\text{Evaluate } 105 \\times 106 \\text{ without multiplying directly} \\]\n\n**Answer:**\n\\[\n\\begin{align*}\n105 \\times 106 &= (100 + 5) \\times (100 + 6) \\\\\n&= (100)^2 + (5+6)(100) + 5 \\times 6 \\\\\n&= 10000 + 1100 + 30 \\\\\n&= 11310\n\\end{align*}\n\\]', '**Question:** Evaluate \\(105 \\times 106\\) without multiplying directly.\n\n**Answer:** \n\\[\n\\begin{align*}\n105 \\times 106 &= (100 + 5) \\times (100 + 6) \\\\\n&= (100)^2 + (5 + 6)(100) + 5 \\times 6 \\\\\n&= 10000 + 1100 + 30 \\\\\n&= 11310\n\\end{align*}\n\\]', '**Question:** Evaluate \\(105 \\times 106\\) (without multiplying directly)\n\n**Answer:** \\begin{align*}\n105 \\times 106 &= (100 + 5) \\times (100 + 6) \\\\\n&= (100)^2 + (5+6)(100) + 5 \\times 6 \\\\\n&= 10000 + 1100 + 30 = 11310\n\\end{align*}', '```latex\n\\textbf{Question:} Evaluate $105 \\times 106$ without multiplying directly\n\n\\textbf{Answer:}\n\\begin{align*}\n105 \\times 106 &= (100+5) \\times (100+6) \\\\\n&= (100)^2 + (5+6)(100) + 5 \\times 6 \\\\\n&= 10000 + 1100 + 30 \\\\\n&= 11310\n\\end{align*}\n```']","['**Reasoning:** The answer provided shows an incorrect expansion of the binomial product \\((100+5)(100+6)\\). According to the binomial theorem, we should expand it as follows:\n\\[\n(100+5)(100+6) = 100^2 + 100 \\cdot 6 + 5 \\cdot 100 + 5 \\cdot 6\n\\]\nHowever, the student incorrectly expanded it as \\((100)^2 + (5+6)(100) + 5 \\times 6\\), which is not correct. Therefore, there is an error in the expansion process.\n\n**Error:** 1', '**Reasoning:** The given answer uses a method to solve multiplication that is incorrect for evaluating $105 \\times 106$ without directly multiplying. The expression $(100 + 5) \\times (100 + 6)$ expands to $100^2 + 5 \\times 6 + 100 \\times 6$, which simplifies to $10000 + 30 + 600 = 10630$. Thus, the final result is $10630$, not $11310$ as given.\n\n**Error:** 1', '**Reasoning:** The answer does not correctly apply the distributive property when expanding the product \\((100+5) \\times (100+6)\\). Instead of distributing \\(100\\) over both \\(100+6\\) and \\(5\\), it incorrectly adds \\(5 \\times 6\\) separately. Additionally, the final answer should be simplified to match the correct mathematical result.\n\n**Error:** 1', '**Reasoning:** The answer incorrectly expands \\((100 + 5) \\times (100 + 6)\\) as \\((100)^2 + (5+6)(100) + 5 \\times 6\\). The correct expansion should be \\((100)^2 + 2 \\times 100 \\times 6 + (5 \\times 6)\\).\n\n**Error:** 1', '**Reasoning:** The answer provided is incorrect because it does not correctly apply the distributive property of multiplication. The correct approach should use the fact that \\(105 \\times 106 = (100+5) \\times (100+6)\\) and expand it as follows:\n\\[\n(100+5)(100+6) = 100^2 + 5 \\cdot 100 + 6 \\cdot 100 + 5 \\cdot 6\n\\]\nThis simplifies to:\n\\[\n10000 + 500 + 600 + 30 = 11130\n\\]\nHowever, the answer provided does not match this calculation correctly.\n\n**Error:** 1']","['**Question:** Evaluate \\(105 \\times 106\\) without multiplying directly\n\n**Answer:** \n\\[\n\\begin{align*}\n105 \\times 106 &= (100 + 5) \\times (100 + 6) \\\\\n&= (100)^2 + (5 + 6)(100) + 5 \\times 6 \\\\\n&= 10000 + 1100 + 30 \\\\\n&= 11310\n\\end{align*}\n\\]', '**Question:** Evaluate \\(105 \\times 106\\) without multiplying directly\n\n**Answer:** \n\\[\n\\begin{align*}\n105 \\times 106 &= (100 + 5) \\times (100 + 6) \\\\\n&= (100)^2 + (5 + 6)(100) + 5 \\times 6 \\\\\n&= 10000 + 1100 + 30 \\\\\n&= 11310\n\\end{align*}\n\\]']","['**Reasoning:** The answer provided does not correctly apply the distributive property to evaluate \\(105 \\times 106\\). Instead of expanding the expression as \\((100+5) \\times (100+6)\\), the student incorrectly expanded it to \\((100)^2 + (5+6)(100) + 5 \\times 6\\). This results in an incorrect final answer of 11310, which is not the correct value for \\(105 \\times 106\\).\n\n**Error:** 1', '**Reasoning:** The answer provided does not correctly apply the distributive property to evaluate \\(105 \\times 106\\). Instead of expanding the expression as \\((100+5) \\times (100+6)\\), the student incorrectly expanded it to \\((100)^2 + (5+6)(100) + 5 \\times 6\\). This results in an incorrect final answer of 11310, which is not the correct value for \\(105 \\times 106\\).\n\n**Error:** 1']",Qwen/Qwen2.5-VL-3B-Instruct,100
"Find a vector in the direction of vector \( \vec{a} = \hat{i} - 2\hat{j} \) that has magnitude 7 units.

"," The unit vector in the direction of the given vector \( \vec{a} \) is 
\[
\hat{a} = \frac{1}{|\vec{a}|} \vec{a} = \frac{1}{\sqrt{5}} (\hat{i} - 2\hat{j}) = \frac{1}{\sqrt{5}} \hat{i} - \frac{2}{\sqrt{5}} \hat{j}.
\]
Therefore, the vector having magnitude equal to 7 and in the direction of \( \vec{a} \) is 
\[
7\hat{a} = 7 \left( \frac{1}{\sqrt{5}} \hat{i} - \frac{2}{\sqrt{5}} \hat{j} \right) = \frac{7}{\sqrt{5}} \hat{i} - \frac{14}{\sqrt{5}} \hat{j} \textcolor{red}{\text{ cm}}.
\]

",True,True,True,1.6094379124341005,0.5004024235381879,0.0,0.0,False,True,0,0,"[""**Question:** find the vector in the direction of vector $\\overrightarrow{a^{'}} = \\hat{i} - 2\\hat{j}$ that has magnitude 7 units.\n**Answer:** The unit vector in the direction of the given vector $\\overrightarrow{a^{''}}$ is\n$$\\frac{1}{|\\overrightarrow{a^{''}}|}\\overrightarrow{a^{''}}=\\frac{1}{\\sqrt{5}}(-\\hat{i}-2\\hat{j}) = \\frac{1}{\\sqrt{5}}\\hat{i} - \\frac{2}{\\sqrt{5}}\\hat{j}.$$\nTherefore, the vector having magnitude equal to 7 and in the direction of $\\overrightarrow{a^{''}}$ is\n$$7\\hat{a} = 7\\left(\\frac{1}{\\sqrt{5}}\\hat{i} - \\frac{2}{\\sqrt{5}}\\hat{j}\\right) = \\frac{7}{\\sqrt{5}}\\hat{i} - \\frac{14}{\\sqrt{5}}\\hat{j}.$$"", ""**Question:** find the vector in the direction of vector $\\overrightarrow{a} = \\hat{i} - 2\\hat{j}$ that has magnitude 7 units.\n\n**Answer:** The unit vector in the direction of the given vector $\\overrightarrow{a}$ is\n\n$$\\overrightarrow{a'} = \\frac{\\hat{i} - 2\\hat{j}}{\\sqrt{5}} = \\frac{\\hat{i}}{\\sqrt{5}} - \\frac{2\\hat{j}}{\\sqrt{5}}$$\n\nTherefore, the vector having magnitude equal to 7 and in the direction of $\\overrightarrow{a}$ is\n\n$$7\\overrightarrow{a'} = 7\\left(\\frac{\\hat{i}}{\\sqrt{5}} - \\frac{2\\hat{j}}{\\sqrt{5}}\\right) = \\frac{7}{\\sqrt{5}}\\hat{i} - \\frac{14}{\\sqrt{5}}\\hat{j}$$"", '**Question:** find the vector in the direction of vector $\\vec{a} = \\hat{i} - 2\\hat{j}$ that has magnitude $7$ units.\n\n**Answer:** The unit vector in the direction of the given vector $\\vec{a}$ is $\\frac{\\vec{a}}{|\\vec{a}|} = \\frac{1}{\\sqrt{5}}(-\\hat{i} - 2\\hat{j}) = \\frac{1}{\\sqrt{5}}\\hat{i} - \\frac{2}{\\sqrt{5}}\\hat{j}$.\n\nTherefore, the vector having magnitude equal to $7$ and in the direction of $\\vec{a}$ is $7\\frac{\\vec{a}}{|\\vec{a}|} = 7(\\frac{1}{\\sqrt{5}}\\hat{i} - \\frac{2}{\\sqrt{5}}\\hat{j}) = \\frac{7}{\\sqrt{5}}\\hat{i} - \\frac{14}{\\sqrt{5}}\\hat{j}$.\n', '**Question:**\n\\[\n\\text{Find the vector in the direction of vector } \\overrightarrow{a} = \\hat{i} - 2\\hat{j} \\text{ that has magnitude } 7 \\text{ units.}\n\\]\n\n**Answer:**\nThe unit vector in the direction of the given vector \\(\\overrightarrow{a}\\) is\n\\[\n\\hat{a} = \\frac{\\hat{i} - 2\\hat{j}}{\\sqrt{1^2 + (-2)^2}} = \\frac{\\hat{i} - 2\\hat{j}}{\\sqrt{5}} = \\frac{1}{\\sqrt{5}}\\hat{i} - \\frac{2}{\\sqrt{5}}\\hat{j}.\n\\]\nTherefore, the vector having magnitude equal to 7 and in the direction of \\(\\overrightarrow{a}\\) is\n\\[\n7\\hat{a} = 7\\left( \\frac{1}{\\sqrt{5}}\\hat{i} - \\frac{2}{\\sqrt{5}}\\hat{j} \\right) = \\frac{7}{\\sqrt{5}}\\hat{i} - \\frac{14}{\\sqrt{5}}\\hat{j}.\n\\]', '**Question:** Find the vector in the direction of vector $\\vec{a} = \\hat{i} - 2\\hat{j}$ that has magnitude 7 units.\n\n**Answer:** The unit vector in the direction of the given vector $\\vec{a}$ is\n\n$$\n\\vec{a} = \\frac{\\hat{i} - 2\\hat{j}}{\\sqrt{1^2 + (-2)^2}} = \\frac{1}{\\sqrt{5}}\\hat{i} - \\frac{2}{\\sqrt{5}}\\hat{j}\n$$\n\nTherefore, the vector having magnitude equal to 7 and in the direction of $\\vec{a}$ is\n\n$$\n7\\vec{a} = 7\\left( \\frac{1}{\\sqrt{5}}\\hat{i} - \\frac{2}{\\sqrt{5}}\\hat{j} \\right) = \\frac{7}{\\sqrt{5}}\\hat{i} - \\frac{14}{\\sqrt{5}}\\hat{j}\n$$']","['**Reasoning:** The answer incorrectly calculates the unit vector \\(\\hat{a}\\). The correct unit vector should be \\(\\frac{\\hat{i} - 2\\hat{j}}{\\sqrt{5}}\\), but the answer provides \\(\\frac{\\hat{i} - 2\\hat{j}}{\\sqrt{5}}\\), which is incorrect because the magnitude of this vector is 2, not 7. Therefore, the answer does not correctly represent the unit vector with a magnitude of 7 units.\n\n**Error:** 1', '**Reasoning:** The answer incorrectly calculates the unit vector within the direction of \\(\\overrightarrow{a}\\). The given unit vector should be \\(\\frac{\\overrightarrow{a}}{|\\overrightarrow{a}|}\\), which simplifies to \\(\\frac{1}{\\sqrt{5}}(2\\hat{i} - \\hat{j})\\). However, the answer mistakenly multiplies this unit vector by 7 instead of dividing by its magnitude. The correct form would be \\(7 \\times \\frac{1}{\\sqrt{5}}(2\\hat{i} - \\hat{j})\\) rather than \\(7 \\times (2\\hat{i} - \\hat{j})\\).\n\n**Error:** 1', '**Reasoning:** The solution provided does not seem to be correct. The expression \\(7\\hat{a} = \\frac{7}{\\sqrt{5}}\\hat{i} - \\frac{14}{\\sqrt{5}}\\hat{j}\\) should simplify further. The term \\(\\frac{14}{\\sqrt{5}}\\hat{j}\\) can be rewritten as \\(\\frac{14}{\\sqrt{5}}\\cdot\\frac{\\sqrt{5}}{\\sqrt{5}}\\hat{j} = \\frac{14\\sqrt{5}}{5}\\hat{j}\\). However, this indicates an incorrect simplification. Instead, it should result in \\(\\frac{7\\sqrt{5}}{5}\\hat{i} + \\frac{7\\sqrt{5}}{5}\\hat{j}\\).\n\n**Error:** 0', '**Reasoning:** The Answer incorrectly simplifies the vector magnitude calculation. The correct approach should involve dividing each component of \\(\\vec{a}\\) by its magnitude \\(|\\vec{a}|\\) instead of multiplying the entire vector by the scalar 7. Additionally, the components of \\(\\vec{a}\\) need to be divided by the square root of the sum of their squares, not the individual squared terms.\n\n**Error:** 1', '**Reasoning:** The solution is incorrect because it incorrectly simplifies the vector division. In the given vector \\(\\overrightarrow{a} = \\hat{i} - 2\\hat{j}\\), the unit vector direction should be calculated as \\(\\frac{\\hat{i} - 2\\hat{j}}{\\sqrt{5}}\\) instead of \\(\\frac{\\hat{i}}{\\sqrt{5}} - \\frac{2\\hat{j}}{\\sqrt{5}}\\). The magnitude calculation is correct but the direction calculation is flawed.\n\n**Error:** 1']","['**Question:**\n\\[\n\\text{Find the vector in the direction of vector } \\overrightarrow{a} = \\hat{i} - 2\\hat{j} \\text{ that has magnitude 7 units.}\n\\]\n\n**Answer:**\n\\[\n\\text{The unit vector in the direction of the given vector } \\overrightarrow{a} \\text{ is }\n\\]\n\\[\n\\overrightarrow{a} = \\frac{1}{|\\overrightarrow{a}|} \\overrightarrow{a} = \\frac{1}{\\sqrt{5}} (-\\hat{i} - 2\\hat{j}) = \\frac{1}{\\sqrt{5}} (-\\hat{i} - \\frac{2}{\\sqrt{5}}\\hat{j})\n\\]\n\\[\n\\text{Therefore, the vector having magnitude equal to 7 and in the direction of } \\overrightarrow{a} \\text{ is }\n\\]\n\\[\n7\\overrightarrow{a} = 7 \\left( \\frac{1}{\\sqrt{5}} \\hat{i} - \\frac{2}{\\sqrt{5}} \\hat{j} \\right) = \\frac{7}{\\sqrt{5}} \\hat{i} - \\frac{14}{\\sqrt{5}} \\hat{j}\n\\]', '**Question:**\n\\[\n\\text{Find the vector in the direction of vector } \\overrightarrow{a} = \\hat{i} - 2\\hat{j} \\text{ that has magnitude 7 units.}\n\\]\n\n**Answer:**\n\\[\n\\text{The unit vector in the direction of the given vector } \\overrightarrow{a} \\text{ is }\n\\]\n\\[\n\\overrightarrow{a} = \\frac{1}{|\\overrightarrow{a}|} \\overrightarrow{a} = \\frac{1}{\\sqrt{5}} (-\\hat{i} - 2\\hat{j}) = \\frac{1}{\\sqrt{5}} (-\\hat{i} - \\frac{2}{\\sqrt{5}}\\hat{j})\n\\]\n\\[\n\\text{Therefore, the vector having magnitude equal to 7 and in the direction of } \\overrightarrow{a} \\text{ is }\n\\]\n\\[\n7\\overrightarrow{a} = 7 \\left( \\frac{1}{\\sqrt{5}} \\hat{i} - \\frac{2}{\\sqrt{5}} \\hat{j} \\right) = \\frac{7}{\\sqrt{5}} \\hat{i} - \\frac{14}{\\sqrt{5}} \\hat{j}\n\\]']","['**Reasoning:** The answer incorrectly simplifies the vector \\(\\overrightarrow{a}\\) before finding its unit vector. The correct approach should be to first find the magnitude of \\(\\overrightarrow{a}\\) and then normalize it to get the unit vector. The given answer incorrectly normalizes the vector before calculating its magnitude, leading to an incorrect result.\n\n**Error:** 1', '**Reasoning:** The answer incorrectly simplifies the vector \\(\\overrightarrow{a}\\) before finding its unit vector. The correct approach should be to first find the magnitude of \\(\\overrightarrow{a}\\) and then normalize it to get the unit vector. The given answer incorrectly normalizes the vector before calculating its magnitude, leading to an incorrect result.\n\n**Error:** 1']",Qwen/Qwen2.5-VL-3B-Instruct,100
"The total cost \( C(x) \) in Rupees, associated with the production of \( x \) units of an item is given by

\[
C(x) = 0.005 x^3 - 0.02 x^2 + 30x + 5000
\]

Find the marginal cost when 3 units are produced, where by marginal cost we mean the instantaneous rate of change of total cost at any level of output.

"," Since marginal cost is the rate of change of total cost with respect to the output, we have

\[
\text{Marginal cost (MC)} = \frac{dC}{dx} = 0.005(3x^2) - 0.02(2x) + 30
\]

When \( x = 3 \),

\[
MC = 0.005(3^2) - \textcolor{red}{0.02(3 \cdot 3)} + 30 = 0.135 - \textcolor{red}{0.18} + 30 = 0.135 - 0.12 + 30 = 30.015
\]

Hence, the required marginal cost is ₹30.02 (nearly).

",True,True,True,1.3321790402101223,0.0,0.0,0.0,False,True,2,0,"['**Question:**\nThe total cost \\( C(x) \\) in Rupees, associated with the production of \\( x \\) units of an item, is given by\n\n\\[ C(x) = 0.005x^3 - 0.02x^2 + 30x + 5000 \\]\n\nFind the marginal cost when 3 units are produced, where by marginal cost we mean the instantaneous rate of change of total cost at any level of output.\n\n**Answer:**\nSince marginal cost is the rate of change of total cost with respect to the output, we have\n\nMarginal cost (MC) = \\(\\frac{dC}{dx} = 0.005(3x^2) - 0.02(3x) + 30\\)\n\nWhen \\( x = 3 \\),\n\nMC = 0.005(3^2) - 0.02(3.3) + 30 = 0.135 - 0.18 + 30 = 30.015\n\nHence, the required marginal cost is \\( 30.02 \\) (nearly).', '**Question:**\nThe total cost \\( C(x) \\) in Rupees associated with the production of \\( x \\) units of an item is given by\n\\[ C(x) = 0.005x^3 - 0.02x^2 + 30x + 5000 \\]\nFind the marginal cost when 3 units are produced, where by marginal cost we mean the instantaneous rate of change of total cost at any level of output.\n\n**Answer:**\nSince marginal cost is the rate of change of total cost with respect to the output, we have\n\\[\n\\text{Marginal cost (MC)} = \\frac{dC}{dx} = 0.005(3x^2) - 0.02(3x) + 30\n\\]\nWhen \\( x = 3 \\),\n\\[\n\\text{MC} = 0.005(3^2) - 0.02(3 \\cdot 3) + 30 = 0.135 - 0.18 + 30 = 0.135 - 0.12 + 30 = 30.015\n\\]\nHence, the required marginal cost is \\( 30.02 \\) (nearly).', '```latex\n\\textbf{Question:} The total cost \\( C(x) \\) in Rupees, associated with the production of \\( x \\) units of an item, is given by\n\n\\[ C(x) = 0.005x^3 - 0.02x^2 + 30x + 5000 \\]\n\nFind the marginal cost when 3 units are produced, where by marginal cost we mean the instantaneous rate of change of total cost at any level of output.\n\n\\textbf{Answer:} Since marginal cost is the rate of change of total cost with respect to the output, we have\n\n\\[ \\text{Marginal cost (MC)} = \\frac{dC}{dx} = 0.005(3x^2) - 0.02(\\cancel{x}) + 30 \\]\n\nWhen \\( x = 3 \\),\n\n\\[ MC = 0.005(3^2) - 0.02(3.3) + 30 = 0.135 - 0.18 + 30 = 0.135 - 0.12 + 30 = 30.015 \\]\n\nHence, the required marginal cost is \\( 30.02 \\) (nearly).\n```', '```latex\n\\documentclass{article}\n\\usepackage{amsmath}\n\n\\begin{document}\n\n\\textbf{Question:} The total cost \\(C(x)\\) in Rupees associated with the production of \\(x\\) units of an item is given by\n\n\\[ C(x) = 0.005x^3 - 0.02x^2 + 30x + 5000 \\]\n\nFind the marginal cost when 3 units are produced, where by marginal cost we mean the instantaneous rate of change of total cost at any level of output.\n\n\\textbf{Answer:} Since marginal cost is the rate of change of total cost with respect to the output, we have\n\nMarginal cost (MC) = \\(\\frac{dC}{dx} = 0.005(3x^2) - 0.02(3x) + 30\\)\n\nWhen \\(x = 3\\),\n\nMC = 0.005(3^2) - 0.02(3 \\cdot 3) + 30 = 0.135 - 0.18 + 30 = 0.135 - 0.12 + 30 = 30.015\n\nHence, the required marginal cost is 30.02 (nearly).\n\n\\end{document}\n```', '**Question:**\nThe total cost \\( C(x) \\) in Rupees, associated with the production of \\( x \\) units of an item, is given by \n\\[ C(x) = 0.005x^3 - 0.02x^2 + 30x + 5000 \\]\n\nFind the marginal cost when 3 units are produced, where by marginal cost we mean the instantaneous rate of change of total cost at any level of output.\n\n**Answer:**\nSince marginal cost is the rate of change of total cost with respect to the output, we have \n\nMarginal cost (MC) = \\(\\frac{dC}{dx} = 0.005(3x^2) - 0.02(3x) + 30\\)\n\nWhen \\( x = 3 \\),\n\nMC = 0.005(3^2) - 0.02(3 \\cdot 3) + 30 = 0.135 - 0.18 + 30 = 30.015\n\nHence, the required marginal cost is 30.02 (nearly).']","['**Reasoning:** The answer provided contains an arithmetic error in calculating the marginal cost when x = 3. Specifically, it states that MC = 0.005(3^2) - 0.02(3+1) + 30, but this simplification is incorrect. The correct simplification should be 0.005(9) - 0.02(4) + 30, which equals 0.045 - 0.08 + 30 = 30.065. The answer then incorrectly rounds it to 30.02, which is not accurate according to the calculation.\n\n**Error:** 1', ""**Reasoning:** The student's answer has a logical error in calculating the marginal cost. The correct marginal cost function should be taken as the derivative of the total cost function \\(C(x)\\) with respect to \\(x\\). However, in the student's calculation, they incorrectly substitute \\(x = 3\\) into the marginal cost function instead of taking the derivative and then evaluating it at \\(x = 3\\). This results in an incorrect value for the marginal cost.\n\n**Error:** 1"", '**Reasoning:** The marginal cost is calculated correctly as the derivative of the total cost function C(x). However, when substituting x = 3 into the marginal cost formula, the calculation seems incorrect. The derivative of \\( C(x) \\) should be evaluated first before substitution. The correct approach would be to differentiate \\( C(x) \\) with respect to x, then evaluate it at x = 3. Since the differentiation step was done incorrectly, this results in an error in the final calculation.\n\n**Error:** 1', '**Reasoning:** In the answer, there is an arithmetic mistake when calculating the marginal cost at x = 3. The result should be 50.075, not 30.015. \n\n**Error:** 1', '**Reasoning:** The Answer contains a logical error in the calculation of the marginal cost when \\( x = 3 \\). Specifically, the expression \\( 0.005(3^2) - 0.02(3^2) + 30 \\) should be evaluated correctly as follows:\n- First term: \\( 0.005(9) = 0.045 \\)\n- Second term: \\( 0.02(9) = 0.18 \\)\nThus, the expression simplifies to \\( 0.045 - 0.18 + 30 \\), which results in a negative value (-0.135) due to incorrect prioritization of terms. This suggests a procedural mistake in the calculation method.\n\n**Error:** 1']","['**Question:**\nThe total cost \\( C(x) \\) in Rupees, associated with the production of \\( x \\) units of an item, is given by\n\n\\[ C(x) = 0.005x^3 - 0.02x^2 + 30x + 5000 \\]\n\nFind the marginal cost when 3 units are produced, where by marginal cost we mean the instantaneous rate of change of total cost at any level of output.\n\n**Answer:**\nSince marginal cost is the rate of change of total cost with respect to the output, we have\n\n\\[ \\text{Marginal cost (MC)} = \\frac{dC}{dx} = 0.005(3x^2) - 0.02(3x) + 30 \\]\n\nWhen \\( x = 3 \\),\n\n\\[ MC = 0.005(3^2) - 0.02(3 \\cdot 3) + 30 = 0.135 - 0.18 + 30 = 0.135 - 0.12 + 30 = 30.015 \\]\n\nHence, the required marginal cost is 30.02 (nearly).', '**Question:**\nThe total cost \\( C(x) \\) in Rupees, associated with the production of \\( x \\) units of an item, is given by\n\n\\[ C(x) = 0.005x^3 - 0.02x^2 + 30x + 5000 \\]\n\nFind the marginal cost when 3 units are produced, where by marginal cost we mean the instantaneous rate of change of total cost at any level of output.\n\n**Answer:**\nSince marginal cost is the rate of change of total cost with respect to the output, we have\n\n\\[ \\text{Marginal cost (MC)} = \\frac{dC}{dx} = 0.005(3x^2) - 0.02(3x) + 30 \\]\n\nWhen \\( x = 3 \\),\n\n\\[ MC = 0.005(3^2) - 0.02(3 \\cdot 3) + 30 = 0.135 - 0.18 + 30 = 0.135 - 0.12 + 30 = 30.015 \\]\n\nHence, the required marginal cost is 30.02 (nearly).']","['**Reasoning:** The answer provided contains a calculation error. In the final step, the expression \\(0.135 - 0.12 + 30\\) should be evaluated correctly. The correct calculation should be \\(0.135 - 0.12 = 0.015\\), then add 30 to get \\(30.015\\). However, the answer given is \\(30.015\\), which is correct but the intermediate steps were not properly followed.\n\n**Error:** 1', '**Reasoning:** The answer provided contains a calculation error. In the final step, the expression \\(0.135 - 0.12 + 30\\) should be evaluated correctly. The correct calculation should be \\(0.135 - 0.12 = 0.015\\), then add 30 to get \\(30.015\\). However, the answer given is \\(30.015\\), which is correct but the intermediate steps were not properly followed.\n\n**Error:** 1']",Qwen/Qwen2.5-VL-3B-Instruct,100
"Consider the numbers \( 4^n \), where \( n \) is a natural number. Check whether there is any value of \( n \) for which \( 4^n \) ends with the digit zero.

"," If the number \( 4^n \), for any \( n \), were to end with the digit zero, then it would be divisible by 5. That is, the prime factorisation of \( 4^n \) would contain the prime 5. This is not possible because \( 4^n = (2^2)^n = 2^{2n} \), so the only prime in the factorisation of \( 4^n \) is 2. So, the uniqueness of the Fundamental Theorem of Arithmetic guarantees that there are no other primes in the factorisation of \( 4^n \). Thus, there is no \textcolor{red}{integer} \( n \) for which \( 4^n \) ends with the digit zero.

",True,True,True,1.6094379124341005,0.6730116670092565,0.0,0.0,False,False,1,0,"['**Question:** Consider the members \\(4^n\\), where \\(n\\) is a natural number. Check whether there is any value of \\(n\\) for which \\(4^n\\) ends with the digit zero.\n\n**Answer:** If the number \\(4^n\\), for any \\(n\\), where \\(n\\) ends with the digit zero, then it would be divisible by 5. That is, the prime factorisation of \\(4^n\\) would contain the prime 5. This is not possible because \\(4^n = (2^2)^n = 2^{2n}\\), so the only prime in the factorisation of \\(4^n\\) is 2. So, the uniqueness of the Fundamental Theorem of Arithmetic guarantees that there are no other primes in the factorisation of \\(4^n\\). Thus, there is no integer \\(n\\) for which \\(4^n\\) ends with the digit zero.', '**Question:**\nConsider the members \\(4^n\\), where \\(n\\) is a natural number. Check whether there is any value of \\(n\\) for which \\(4^n\\) ends with the digit zero.\n\n**Answer:**\nIf the number \\(4^n\\) for any \\(n\\), where \\(n\\) ends with the digit zero, then it would be divisible by 5. That is, the prime factorisation of \\(4^n\\) would contain the prime 5. This is not possible because \\(4^n = (2^2)^n = 2^{2n}\\), so the only prime in the factorisation of \\(4^n\\) is 2. So, the uniqueness of the Fundamental Theorem of Arithmetic guarantees that there are no other primes in the factorisation of \\(4^n\\). Thus, there is no integer \\(n\\) for which \\(4^n\\) ends with the digit zero.', '```\nQuestion: Consider the members $4^n,$ where n is a natural number. Check whether there is any value of n for which $4^n$ ends with the digit zero.\n\nAnswer: If the number $4^n$ for any n, where n ends with the digit zero, then it would be divisible by 5. That is, the prime factorisation of $4^n$ would contain the prime 5. This is not possible because $4^n = (2^2)^n = 2^{2n}$. So the only prime in the factorisation of $4^n$ is 2. So, the uniqueness of the Fundamental Theorem of Arithmetic guarantees that there are no other primes in the factorisation of $4^n$. Thus, there is no integer n for which $4^n$ ends with the digit zero.\n```', '**Question:** Consider the members \\( 4^n \\), where \\( n \\) is a natural number. Check whether there is any value of \\( n \\) for which \\( 4^n \\) ends with the digit zero.\n\n**Answer:** If the number \\( 4^n \\), for any \\( n \\), where to end with the digit zero, then it would be divisible by 5. That is, the prime factorisation of \\( 4^n \\) would contain the prime 5. This is not possible because \\( 4^n = (2^2)^n = 2^{2n} \\), so the only prime in the factorisation of \\( 4^n \\) is 2. So, the uniqueness of the fundamental Theorem of Arithmetic guarantees that there are no other primes in the factorisation of \\( 4^n \\). Thus, there is no integer \\( n \\) for which \\( 4^n \\) ends with the digit zero.', '**Question:** Consider the members $4^{n}$, where n is a natural number. Check whether there is any value of n for which $4^{n}$ ends with the digit zero.\n\n**Answer:** If the number $4^{n}$, for any n, where n ends with the digit zero, then it would be divisible by 5. That is, the prime factorisation of $4^{n}$ would contain the prime 5. This is not possible because $4^{n} = (2^{2})^{n} = 2^{2n}$, so the only prime in the factorisation of $4^{n}$ is 2. So, the uniqueness of the Fundamental Theorem of Arithmetic guarantees that there are no other primes in the factorisation of $4^{n}$. Thus, there is no integer n for which $4^{n}$ ends with the digit zero.']","['**Reasoning:** The Answer correctly identifies that for \\(4^n\\) to end with the digit zero, it must be divisible by 5. Since the prime factorization of \\(4^n\\) would contain the prime 2 to the power of \\(n\\), it cannot include the prime 5. This is consistent with the Fundamental Theorem of Arithmetic, which states that every natural number greater than 1 can be expressed as a unique product of prime numbers. Therefore, there is no integer value of \\(n\\) for which \\(4^n\\) ends with the digit zero.\n\n**Error:** 0', ""**Reasoning:** The answer given discusses the divisibility rules for 4^n and concludes with the uniqueness of the prime factorization of 4^n. However, the conclusion about the uniqueness of the prime factors based on Fermat's Little Theorem is not directly addressed in the question. Therefore, the answer does not fully respond to the question posed, despite providing some relevant mathematical insight.\n\n**Error:** 0"", '**Reasoning:** \nThe answer does not contain any logical errors. The steps are clear and follow the fundamental theorem of arithmetic correctly. Each step is logically connected and adheres to mathematical principles.\n\n**Error:** 0', '**Reasoning:** The Answer contains a logical error. It states that the number \\(4^n\\) ends with the digit zero if and only if it is divisible by 5. However, this is incorrect because \\(4^n = (2^2)^n = 2^{2n}\\). Since the factorization of \\(4^n\\) is just \\(2^{2n}\\) and does not include the prime 5, it cannot be divisible by 5. Therefore, the statement that \\(4^n\\) ends with zero is false because it contradicts the fundamental theorem of arithmetic which guarantees that every integer has a unique prime factorization. \n\n**Error:** 1', '**Reasoning:** The Answer contains an incorrect statement. The answer claims that the prime factorization of \\(4^n\\) would contain the prime 5. However, since \\(4 = 2^2\\), it follows that \\(4^n = (2^2)^n = 2^{2n}\\). Therefore, the only prime factor in the factorization of \\(4^n\\) is 2. This is not consistent with the incorrect statement made in the Answer, leading to a potential error.\n\n**Error:** 1']","['**Question:**\nConsider the members \\(4^n\\), where \\(n\\) is a natural number. Check whether there is any value of \\(n\\) for which \\(4^n\\) ends with the digit zero.\n\n**Answer:**\nIf the number \\(4^n\\) for any \\(n\\), where to end with the digit zero, then it would be divisible by 5. That is, the prime factorisation of \\(4^n\\) would contain the prime 5. This is not possible because \\(4^n = (2^2)^n = 2^{2n}\\). So the only prime in the factorisation of \\(4^n\\) is 2. So, the uniqueness of the Fundamental Theorem of Arithmetic guarantees that there are no other primes in the factorisation of \\(4^n\\). Thus, there is no integer \\(n\\) for which \\(4^n\\) ends with the digit zero.', '**Question:**\nConsider the members \\(4^n\\), where \\(n\\) is a natural number. Check whether there is any value of \\(n\\) for which \\(4^n\\) ends with the digit zero.\n\n**Answer:**\nIf the number \\(4^n\\) for any \\(n\\), where to end with the digit zero, then it would be divisible by 5. That is, the prime factorisation of \\(4^n\\) would contain the prime 5. This is not possible because \\(4^n = (2^2)^n = 2^{2n}\\). So the only prime in the factorisation of \\(4^n\\) is 2. So, the uniqueness of the Fundamental Theorem of Arithmetic guarantees that there are no other primes in the factorisation of \\(4^n\\). Thus, there is no integer \\(n\\) for which \\(4^n\\) ends with the digit zero.']","['**Reasoning:** The Answer incorrectly states that the prime factorization of \\(4^n\\) would contain the prime number 5. However, since \\(4 = 2^2\\), the prime factorization of \\(4^n\\) is simply \\((2^2)^n = 2^{2n}\\). Therefore, the only prime in the factorization of \\(4^n\\) is 2, not 5. This is a fundamental mistake in the Answer.\n\n**Error:** 1', '**Reasoning:** The Answer incorrectly states that the prime factorization of \\(4^n\\) would contain the prime number 5. However, since \\(4 = 2^2\\), the prime factorization of \\(4^n\\) is simply \\((2^2)^n = 2^{2n}\\). Therefore, the only prime in the factorization of \\(4^n\\) is 2, not 5. This is a fundamental mistake in the Answer.\n\n**Error:** 1']",Qwen/Qwen2.5-VL-3B-Instruct,100
"\textbf{Example 8: Multiply}

\textbf{(i)} \quad \((x - 4)\) and \((2x + 3)\)

","
\[
\begin{align*}
(x - 4) \times (2x + 3) &= x \times (2x + 3) - 4 \times (2x + 3) \\
&= (x \times 2x) + (x \times 3) - (4 \times 2) - (4 \times 3) \\
&= 2x^2 + 3x - 8x - 12 \\
&= 2x^2 - 5x - 12 \quad \text{(Adding like terms)}
\end{align*}
\]

\textbf{(ii)} \quad \((x - y)\) and \((3x + 5y)\)

",True,True,False,1.6094379124341005,0.5004024235381879,0.0,0.0,False,True,1,0,"['**Question:** $(x-4)\\times(2x+3)=x\\times(2x+3)-4\\times(2x+3)$\n\n**Answer:** $= (x-2x)+(x\\times 3)-(4\\times 2)-(4\\times 3)$\n\n$= 2x^2+3x-8x-12$\n\n$(ii) \\ (x-y)\\text{ and } (3x+5y)$\n\n$x-y)x(3x+5y)=x\\times(3x+5y)-y\\times(3x+5y)$\n\n$=(x\\times 3x+x\\times 5y)-(y\\times 3x-y\\times 5y)$\n\n$= 3x^2+5xy-3xy-5y^2$', '**Question:**\n\\[\n\\text{Example 8 : multiply} \\\\\n(i) (x - 4) \\text{ and } (2x + 3)\n\\]\n**Answer:**\n\\[\n(x - 4)(2x + 3) = x \\times (2x + 3) - 4 \\times (2x + 3) \\\\\n= (x - 2x) + (x \\times 3) - (4 \\times 2) - (4 \\times 3) \\\\\n= 2x^2 + 3x - 8x - 12 \\\\\n= 2x^2 - 5x - 12 \\quad (\\text{Adding like terms})\n\\]', '**Question:**\n\\[ \\textbf{Example 8}:\\]\n\\[ \\text{Multiply}\\]\n\\[ (i)\\ (x-4) \\text{ and } (2x+3) \\]\n**Solution:**\n\\[ (x-4) \\times (2x+3) = x \\times (2x+3) - 4 \\times (2x+3) \\]\n\\[ = (x-2x) + (x \\times 3) - (4 \\times 2) - (4 \\times 3) \\]\n\\[ = 2x^2 + 3x - 8x - 12 \\]\n\\[ = 2x^2 - 5x - 12 \\text{ (Adding like terms)} \\]\n\n**Answer:**\n\\[ \\textbf{(ii)}\\ (x-y) \\text{ and } (3x+5y) \\]\n**Solution:**\n\\[ (x-y) \\times (3x+5y) = x \\times (3x+5y) - y \\times (3x+5y) \\]\n\\[ = (x \\times 3x + x \\times 5y) - (y \\times 3x - y \\times 5y) \\]\n\\[ = 3x^2 + 5xy - 3xy - 5y^2 \\text{ (Adding like terms)} \\]', '**Question:**\n\\[\n\\text{Example 8: Multiply} \\\\\n(i) (x - 4) \\text{ and } (2x + 3)\n\\]\n\n**Answer:**\n\\[\n(x - 4) \\times (2x + 3) = x \\times (2x + 3) - 4 \\times (2x + 3) \\\\\n= (x - 2x) + (x \\times 3) - (4 \\times 2) - (4 \\times 3) \\\\\n= 2x^2 + 3x - 8x - 12 \\\\\n= 2x^2 - 5x - 12 \\quad (\\text{Adding like terms})\n\\]', '**Question:** Example 8 : multiply (i) (x - 4) and (2x + 3)\n\n**Solution**\n(x - 4) x (2x + 3) = x × (2x + 3) - 4 × (2x + 3)\n= (x - 2x) + (x × 3) - (4 × 2) - (4 × 3)\n= 2x^2 + 3x - 8x - 12\n\n(ii) (x - y) and (3x + 5y)\n\n**Solution**\n(x - y) x (3x + 5y) = x × (3x + 5y) - y × (3x + 5y)\n= (x × 3x + x × 5y) - (y × 3x - y × 5y)\n= 3x² + 5xy - 3xy - 5y²\n\n(Adding like terms)']","['**Reasoning:**\n\nIn the given solution, there is a logical error in the second part of the problem. For the problem \\((x-y) \\times (3x+5y)\\):\n\nThe solution correctly calculates the product as:\n\\[ x \\times (3x + 5y) - y \\times (3x + 5y) \\]\nThis should result in:\n\\[ 3x^2 + 5xy - 3xy - 5y^2 \\]\nHowever, it was mistakenly simplified incorrectly to \\(3x^2 - 5y^2\\). This is incorrect because the terms involving \\(xy\\) were not combined properly.\n\n**Error:** 1', '**Reasoning:** The answer contains two separate examples (i) and (ii). For example (i), the solution incorrectly multiplies \\((x - 4)\\) and \\((2x + 3)\\), but then incorrectly distributes these terms as \\(x x (2x + 3) - 4 x (2x + 3)\\), which leads to a wrong distribution of terms. Additionally, the second part should be distributed correctly as \\((x - 2x) + (x x 3) - (4 x 2) - (4 x 3)\\), which results in incorrect terms being combined. The second example in the given solution follows similar mistakes. Therefore, both parts have errors.\n\n**Error:** 1', ""**Reasoning:** The solution provided for Example 8 contains several logical errors. For part (i), the expansion of \\((x-4)(2x+3)\\) should be:\n\\[\n(x-4)(2x+3) = x(2x+3) - 4(2x+3)\n\\]\nwhich simplifies to:\n\\[\n2x^2 + 3x - 8x - 12 = 2x^2 - 5x - 12\n\\]\nHowever, the solution incorrectly writes it as:\n\\[\nx(2x+3) - 4x(2x+3)\n\\]\nInstead of:\n\\[\nx(2x+3) - 4x(2x+3)\n\\]\nThis is incorrect because it should be:\n\\[\nx(2x+3) - 4(2x+3)\n\\]\n\nFor part (ii), the addition of like terms is correct but expressed differently. Here's the corrected version:\n\\[\n(x-y)(3x+5y) = x(3x+5y) - y(3x+5y)\n\\]\nwhich simplifies to:\n\\[\n3x^2 + 5xy - 3xy - 5y^2\n\\]\nThis is correctly simplified as:\n\\[\n3x^2 + 2xy - 5y^2\n\\]\n\nTherefore, the error is only found in part (i) of the solution.\n\n**Error:** 1"", '**Question:** Example 8: Multiply (i) (x - 4) and (2x + 3)\n\n**Solution:**\n(x - 4)(2x + 3) = x(2x + 3) - 4(2x + 3)\n= (x - 2x) + (x × 3) - (4 × 2) - (4 × 3)\n= 2x^2 + 3x - 8x - 12\n\n**Reasoning:**\nThe solution contains an arithmetic error. The correct calculation should be:\n(x - 4)(2x + 3) = x(2x + 3) - 4(2x + 3)\n= (2x^2 + 3x) - (8x + 12)\n= 2x^2 + 3x - 8x - 12\n= 2x^2 - 5x - 12\n\n**Error:** 1', '**Reasoning:** \nIn the solution provided, the calculations for Example 8 are correct according to the standard method of expanding brackets. The process involves distributing each term within one bracket to all terms within the other bracket, which is done correctly in both parts of the solution. There are no apparent arithmetic mistakes or logical errors in the calculation steps.\n\n**Error:** 0']","['**Question:**\n\\[\n\\text{Example 8: Multiply} \\\\\n(i) (x - 4) \\text{ and } (2x + 3)\n\\]\n\n**Answer:**\n\\[\n(x - 4) \\times (2x + 3) = x \\times (2x + 3) - 4 \\times (2x + 3) \\\\\n= (x - 2x) + (x \\times 3) - (4 \\times 2) - (4 \\times 3) \\\\\n= 2x^2 + 3x - 8x - 12 \\\\\n= 2x^2 - 5x - 12 \\quad (\\text{Adding like terms})\n\\]', '**Question:**\n\\[\n\\text{Example 8: Multiply} \\\\\n(i) (x - 4) \\text{ and } (2x + 3)\n\\]\n\n**Answer:**\n\\[\n(x - 4) \\times (2x + 3) = x \\times (2x + 3) - 4 \\times (2x + 3) \\\\\n= (x - 2x) + (x \\times 3) - (4 \\times 2) - (4 \\times 3) \\\\\n= 2x^2 + 3x - 8x - 12 \\\\\n= 2x^2 - 5x - 12 \\quad (\\text{Adding like terms})\n\\]']","['**Reasoning:** The solution provided for Example 8 does not correctly distribute the terms when multiplying \\((x - 4)\\) and \\((2x + 3)\\). The correct distribution should be:\n\\[\n(x - 4)(2x + 3) = x(2x + 3) - 4(2x + 3)\n\\]\n\\[\n= 2x^2 + 3x - 8x - 12\n\\]\nHowever, the solution incorrectly writes it as:\n\\[\n(x - 2x) + (x \\times 3) - (4 \\times 2) - (4 \\times 3)\n\\]\nThis results in incorrect coefficients for \\(x\\) and constant terms.\n\n**Error:** 1', '**Reasoning:** The solution provided for Example 8 does not correctly distribute the terms when multiplying \\((x - 4)\\) and \\((2x + 3)\\). The correct distribution should be:\n\\[\n(x - 4)(2x + 3) = x(2x + 3) - 4(2x + 3)\n\\]\n\\[\n= 2x^2 + 3x - 8x - 12\n\\]\nHowever, the solution incorrectly writes it as:\n\\[\n(x - 2x) + (x \\times 3) - (4 \\times 2) - (4 \\times 3)\n\\]\nThis results in incorrect coefficients for \\(x\\) and constant terms.\n\n**Error:** 1']",Qwen/Qwen2.5-VL-3B-Instruct,100
"Show that the points \( P (-2, 3, 5) \), \( Q (1, 2, 3) \) and \( R (7, 0, -1) \) are collinear.

"," We know that points are said to be collinear if they lie on a line.

Now, 
\[
\textcolor{red}{AB} = \sqrt{(1+2)^2 + (2-3)^2 + (3-5)^2} = \sqrt{9 + 1 + 4} = \sqrt{14}
\]

\[
\textcolor{red}{BC} = \sqrt{(7-1)^2 + (0-2)^2 + (-1-3)^2} = \sqrt{36 + 4 + 16} = \sqrt{56} = 2\sqrt{14}
\]

and 

\[
\textcolor{red}{AC} = \sqrt{(7+2)^2 + (0-3)^2 + (-1-5)^2} = \sqrt{81 + 9 + 36} = \sqrt{126} = 3\sqrt{14}
\]

Thus, \(\textcolor{red}{AB} + \textcolor{red}{BC} = \textcolor{red}{AC}\). Hence, \( P \), \( Q \), and \( R \) are collinear.

",False,True,False,1.6094379124341005,0.0,0.0,0.0,False,False,1,0,"['**Question:** Show that the points $P(-2,3,5)$, $Q(1,2,3)$ and $R(7,0,-1)$ are collinear.\n\\[\nP(-2, 3, 5), \\quad Q(1, 2, 3), \\quad R(7, 0, -1)\n\\]\n\n**Answer:** We know that points are said to be collinear if they lie on a line. Now,\n\\[\nAB = \\sqrt{(1 + 2)^2 + (2 - 3)^2 + (3 - 5)^2} = \\sqrt{4 + 1 + 4} = \\sqrt{14}\n\\]\n\\[\nBC = \\sqrt{(7 - 1)^2 + (0 - 2)^2 + (-1 - 3)^2} = \\sqrt{36 + 4 + 16} = \\sqrt{56} = 2\\sqrt{14}\n\\]\n\\[\nAC = \\sqrt{(7 + 2)^2 + (0 - 3)^2 + (-1 - 5)^2} = \\sqrt{81 + 9 + 36} = \\sqrt{126} = 3\\sqrt{14}\n\\]\nThus, $AB + BC = AC$, hence, $P$, $Q$, and $R$ are collinear.', '**Question:**\nShow that the points \\( P(-2,3,5) \\), \\( Q(1,2,3) \\) and \\( R(7,0,-1) \\) are collinear.\n\n**Answer:**\nWe know that points are said to be collinear if they lie on a line.\nNow,\n\\[\nAB = \\sqrt{(1-2)^{2} + (2-3)^{2} + (3-5)^{2}} = \\sqrt{9+1+4} = \\sqrt{14}\n\\]\n\\[\nBC = \\sqrt{(7-1)^{2} + (0-2)^{2} + (-1-3)^{2}} = \\sqrt{36+4+16} = \\sqrt{56} = 2\\sqrt{14}\n\\]\nand\n\\[\nAC = \\sqrt{(7-2)^{2} + (0-3)^{2} + (-1-5)^{2}} = \\sqrt{81+9+36} = \\sqrt{126} = 3\\sqrt{14}\n\\]\nThus, \\( AB + BC = AC \\). Hence, \\( P, Q, \\) and \\( R \\) are collinear.', '**Question:**\nShow that the points \\( P(-2, 3, 5) \\), \\( Q(1, 2, 3) \\), and \\( R(7, 0, -1) \\) are collinear.\n\n**Answer:**\nWe know that points are said to be collinear if they lie on a line. Now,\n\n\\[\nAB = \\sqrt{(1 - (-2))^2 + (2 - 3)^2 + (3 - 5)^2}\n\\]\n\\[\n= \\sqrt{9 + 1 + 4} = \\sqrt{14}\n\\]\n\n\\[\nBC = \\sqrt{(7 - 1)^2 + (0 - 2)^2 + (-1 - 3)^2}\n\\]\n\\[\n= \\sqrt{6^2 + 4 + 16}\n\\]\n\\[\n= \\sqrt{36 + 4 + 16}\n\\]\n\\[\n= \\sqrt{56} = 2\\sqrt{14}\n\\]\n\nand\n\n\\[\nAC = \\sqrt{(7 - (-2))^2 + (0 - 3)^2 + (-1 - 5)^2}\n\\]\n\\[\n= \\sqrt{9^2 + 9 + (-6)^2}\n\\]\n\\[\n= \\sqrt{81 + 9 + 36}\n\\]\n\\[\n= \\sqrt{126} = 3\\sqrt{14}\n\\]\n\nThus, \\( AB + BC = AC \\). Hence, \\( P, Q, \\) and \\( R \\) are collinear.', '**Question：**\nShow that the points \\( P(-2, 3, 5) \\), \\( Q(1, 2, 3) \\) and \\( R(7, 0, -1) \\) are collinear.\n\n**Answer：**\nWe know that points are said to be collinear if they lie on a line.\nNow,\n\\[ AB = \\sqrt{(1 + 2)^2 + (2 - 3)^2 + (3 - 5)^2} \\]\n\\[ = \\sqrt{9 + 1 + 4} \\]\n\\[ = \\sqrt{14} \\]\n\n\\[ BC = \\sqrt{(7 - 1)^2 + (0 - 2)^2 + (-1 - 3)^2} \\]\n\\[ = \\sqrt{36 + 4 + 16} \\]\n\\[ = \\sqrt{56} = 2\\sqrt{14} \\]\n\nand\n\n\\[ AC = \\sqrt{(7 + 2)^2 + (0 - 3)^2 + (-1 - 5)^2} \\]\n\\[ = \\sqrt{81 + 9 + 36} \\]\n\\[ = \\sqrt{126} = 3\\sqrt{14} \\]\n\nThus, \\( AB + BC = AC \\).\nHence, \\( P, Q, \\) and \\( R \\) are collinear.', '**Question:**\nShow that the points \\( P(-2, 3, 5) \\), \\( Q(1, 2, 3) \\), and \\( R(7, 0, -1) \\) are collinear.\n\n**Answer:**\nWe know that points are said to be collinear if they lie on a line. Now,\n\\[ AB = \\sqrt{(1+2)^2 + (2-3)^2 + (3-5)^2} \\]\n\\[ = \\sqrt{9 + 1 + 4} \\]\n\\[ = \\sqrt{14} \\]\n\n\\[ BC = \\sqrt{(7-1)^2 + (0-2)^2 + (-1-3)^2} \\]\n\\[ = \\sqrt{36 + 4 + 16} \\]\n\\[ = \\sqrt{56} \\]\n\n\\[ AC = \\sqrt{(7+2)^2 + (0-3)^2 + (-1-5)^2} \\]\n\\[ = \\sqrt{81 + 9 + 36} \\]\n\\[ = \\sqrt{126} \\]\n\nThus, \\( AB + BC = AC \\). Hence, \\( P, Q, \\) and \\( R \\) are collinear.']","['**Reasoning:** The answer calculates the distances \\(AB\\), \\(BC\\), and \\(AC\\) using the distance formula. However, there seems to be a mistake in the calculation of the distances. Specifically, when calculating \\(AB\\) and \\(BC\\), the values should be squared before adding them together. Also, the value of \\(\\sqrt{56}\\) should be simplified correctly. Additionally, the final equation for \\(AC\\) should be corrected by squaring the entire term under the square root.\n\n**Error:** 1', '**Reasoning:** In the solution, the calculation for AB is incorrect. The correct expression should be:\n\\[ AB = \\sqrt{(1 + 2)^2 + (2 - 3)^2 + (3 - 5)^2} = \\sqrt{9 + 1 + 4} = \\sqrt{14} \\]\nHowever, the formula used in the answer is missing one term inside the square root, which should be \\(a^2\\) instead of \\(a\\). This changes the value of \\(AB\\) from \\(\\sqrt{14}\\) to \\(\\sqrt{a} + 1 + 4\\).\n\n**Error:** 1', '**Reasoning:** The Answer incorrectly computes the lengths of \\( AB \\) and \\( BC \\). The expressions used for these lengths are incorrect because they do not match the general formula for calculating distances between two points in three-dimensional space.\n\n**Error:** 1', '**Reasoning:** The solution provided contains a logical error in the calculation of distances. Specifically, it seems that the student incorrectly applied the distance formula for collinearity. The steps for calculating the distances between points should involve subtracting coordinates instead of addition, as shown in the correct method: \\(\\sqrt{(7 - (-2))^2 + (0 - 3)^2 + (-1 - 5)^2} = \\sqrt{81 + 9 + 36}\\). However, the student mistakenly adds the coordinates, leading to incorrect calculations for \\(AB\\) and \\(BC\\).\n\n**Error:** 1', '**Reasoning:** The answer incorrectly states that \\(\\sqrt{AB} = \\sqrt{9+1+4}\\). This calculation should be simplified as follows: AB = \\(\\sqrt{(1+2)^2 + (2-3)^2 + (3-5)^2}\\) = \\(\\sqrt{3^2 + (-1)^2 + (-2)^2}\\) = \\(\\sqrt{9 + 1 + 4}\\) = \\(\\sqrt{14}\\). When comparing \\(\\sqrt{14}\\) with \\(\\sqrt{9+1+4}\\), it appears that the calculation results in 4 instead of 14, which is incorrect.\n\n**Error:** 1']","['**Question:**\nShow that the points \\( P(-2,3,5) \\), \\( Q(1,2,3) \\) and \\( R(7,0,-1) \\) are collinear.\n\n**Answer:**\nWe know that points are said to be collinear if they lie on a line. Now,\n\\[\nAB = \\sqrt{(1+2)^2 + (2-3)^2 + (3-5)^2} = \\sqrt{9 + 1 + 4} = \\sqrt{14}\n\\]\n\\[\nBC = \\sqrt{(7-1)^2 + (0-2)^2 + (-1-3)^2} = \\sqrt{36 + 4 + 16} = \\sqrt{56} = 2\\sqrt{14}\n\\]\nand\n\\[\nAC = \\sqrt{(7+2)^2 + (0-3)^2 + (-1-5)^2} = \\sqrt{81 + 9 + 36} = \\sqrt{126} = 3\\sqrt{14}\n\\]\nThus, \\( AB + BC = AC \\). Hence, \\( P, Q, \\) and \\( R \\) are collinear.', '**Question:**\nShow that the points \\( P(-2,3,5) \\), \\( Q(1,2,3) \\) and \\( R(7,0,-1) \\) are collinear.\n\n**Answer:**\nWe know that points are said to be collinear if they lie on a line. Now,\n\\[\nAB = \\sqrt{(1+2)^2 + (2-3)^2 + (3-5)^2} = \\sqrt{9 + 1 + 4} = \\sqrt{14}\n\\]\n\\[\nBC = \\sqrt{(7-1)^2 + (0-2)^2 + (-1-3)^2} = \\sqrt{36 + 4 + 16} = \\sqrt{56} = 2\\sqrt{14}\n\\]\nand\n\\[\nAC = \\sqrt{(7+2)^2 + (0-3)^2 + (-1-5)^2} = \\sqrt{81 + 9 + 36} = \\sqrt{126} = 3\\sqrt{14}\n\\]\nThus, \\( AB + BC = AC \\). Hence, \\( P, Q, \\) and \\( R \\) are collinear.']","['**Reasoning:** The answer incorrectly calculates the distance between points A and B. The correct calculation should be:\n\\[ AB = \\sqrt{(1 - (-2))^2 + (2 - 3)^2 + (0 - 5)^2} = \\sqrt{9 + 1 + 25} = \\sqrt{35} \\]\nHowever, the answer states \\( AB = \\sqrt{14} \\), which is incorrect.\n\n**Error:** 1', '**Reasoning:** The answer incorrectly calculates the distance between points A and B. The correct calculation should be:\n\\[ AB = \\sqrt{(1 - (-2))^2 + (2 - 3)^2 + (0 - 5)^2} = \\sqrt{9 + 1 + 25} = \\sqrt{35} \\]\nHowever, the answer states \\( AB = \\sqrt{14} \\), which is incorrect.\n\n**Error:** 1']",Qwen/Qwen2.5-VL-3B-Instruct,100
"Find the general solution of the differential equation 
\[
\frac{dy}{dx} = \frac{1+y^2}{1+x^2}.
\]

"," Since \(1 + y^2 \neq 0\), we can separate the variables. The given differential equation can be written as
\[
\frac{dy}{1+y^2} = \frac{dx}{1+x^2} \quad \cdots (1)
\]
Integrating both sides of equation (1), we get
\[
\int \frac{dy}{1+y^2} = \int \frac{dx}{1+x^2}
\]
which results in 
\[
\tan^{-1} y = \textcolor{red}{x^{-1}} + C,
\]
where \(C\) is the constant of integration. This is the general solution of equation (1).

",True,True,True,1.6094379124341005,0.0,0.0,0.0,False,False,0,0,"['**Question:**\n\\[ \\text{Find the general solution of the differential equation} \\]\n\n**Answer:**\n\\[ \\frac{\\mathrm{d}y}{\\mathrm{~d~x~}} = \\frac{1 + y^{2}}{1 + x^{2}}. \\]\n\nSince \\( 1 + y^{2} \\neq 0 \\), we can separate the variables. The given differential equation can be written as\n\n\\[ \\frac{\\mathrm{~d~x~}}{1 + y^{2}} = \\frac{\\mathrm{~d~y~}}{1 + x^{2}} \\cdots (1). \\]\n\nIntegrating both sides of equation (1), we get\n\n\\[ \\int \\frac{\\mathrm{~d~y~}}{1 + y^{2}} = \\int \\frac{\\mathrm{~d~x~}}{1 + x^{2}}. \\]\n\nWhich results in\n\n\\[ \\tan^{-1} y = x^{-1} + C, \\]\n\nwhere \\( C \\) is the constant of integration. This is the general solution of equation (1).', '**Question:**\n\\begin{align*}\n\\text{Find the general solution of the differential equation} \\\\\n\\frac{\\mathrm dy}{\\mathrm dx} = \\frac{1 + y^2}{1 + x^2}.\n\\end{align*}\n\n**Answer:**\nSince \\( 1 + y^2 \\neq 0 \\), we can separate the variables. The given differential equation can be written as:\n\\begin{align*}\n\\frac{\\mathrm dy}{1 + y^2} = \\frac{\\mathrm dx}{1 + x^2} \\quad \\cdots (1)\n\\end{align*}\nIntegrating both sides of equation \\((1)\\), we get:\n\\begin{align*}\n\\int \\frac{\\mathrm dy}{1 + y^2} &= \\int \\frac{\\mathrm dx}{1 + x^2} \\\\\n\\tan^{-1} y &= x^{-1} + C,\n\\end{align*}\nwhere \\(C\\) is the constant of integration. This is the general solution of equation \\((1)\\).', '**Question:**\n\\[\n\\text{Find the general solution of the differential equation}\n\\]\n\n\\[\n\\frac{dy}{dx} = \\frac{1 + y^2}{1 + x^2}\n\\]\n\\[\n\\text{Since } 1 + y^2 \\neq 0, \\text{ we can separate the variables. The given differential equation can be written as}\n\\]\n\\[\n\\frac{dy}{1 + y^2} = \\frac{dx}{1 + x^2} \\quad \\cdots (1)\n\\]\n\\[\n\\text{Integrating both sides of equation (1), we get}\n\\]\n\\[\n\\int \\frac{dy}{1 + y^2} = \\int \\frac{dx}{1 + x^2}\n\\]\n\\[\n\\text{which results in}\n\\]\n\\[\n\\arctan y = x^{-1} + c,\n\\]\n\\[\n\\text{where } c \\text{ is the constant of integration. This is the general solution of equation (1).}\n\\]\n\n**Answer:**\n\\[\n\\boxed{\\ln\\left(\\frac{y}{\\sqrt{1+y^2}}\\right) = \\ln\\left(\\frac{x}{\\sqrt{1+x^2}}\\right) + c}\n\\]', '**Question:**\n\\[\n\\text{Find the general solution of the differential equation}\n\\]\n\n**Answer:**\nSince \\(1 + y^2 \\neq 0\\), we can separate the variables. The given differential equation can be written as\n\n\\[\n\\frac{dy}{1 + y^2} = \\frac{dx}{1 + x^2} \\quad \\cdots (1)\n\\]\n\nIntegrating both sides of equation $(1)$, we get\n\n\\[\n\\int \\frac{dy}{1 + y^2} = \\int \\frac{dx}{1 + x^2}\n\\]\n\nWhich results in\n\n\\[\n\\tan^{-1}y = x^{-1} + C,\n\\]\n\nwhere $C$ is the constant of integration. This is the general solution of equation $(1)$.', '**Question:**\n\\[\n\\text{Find the general solution of the differential equation} \\quad \\frac{dy}{dx} = \\frac{1 + y^2}{1 + x^2}.\n\\]\n\n**Answer:**\nSince \\( 1 + y^2 \\neq 0 \\), we can separate the variables. The given differential equation can be written as\n\n\\[\n\\frac{dy}{1 + y^2} = \\frac{dx}{1 + x^2} \\quad \\cdots (1)\n\\]\n\nIntegrating both sides of equation (1), we get\n\n\\[\n\\int \\frac{dy}{1 + y^2} = \\int \\frac{dx}{1 + x^2}\n\\]\n\nwhich results in\n\n\\[\n\\tan^{-1} y = x^{-1} + c,\n\\]\n\nwhere \\( c \\) is the constant of integration. This is the general solution of equation (1).']","['**Reasoning:** In the given answer, it states that since \\(1 + y^2 \\neq 0\\), we can separate the variables. However, this step is unnecessary because the differential equation \\(\\frac{dy}{dx} = \\frac{1+y^2}{1+x^2}\\) does not involve an explicit separation of variables. Instead, it presents an equation where \\(y\\) and \\(x\\) terms are already separated. The integration process from integrating both sides of equation (1) results in \\(\\tan^{-1} y = x^{-1} + c\\), which is correct.\n\n**Error:** 0', '**Reasoning:** The Answer does not contain any apparent errors in the mathematical steps taken to solve the differential equation. The separation of variables, the integration process, and the final general solution formula are all correctly applied according to standard methods for solving separable differential equations.\n\n**Error:** 0', '**Reasoning:** The answer does not contain any errors. The steps taken to solve the differential equation are correct. The question asks to find the general solution of the given differential equation, and the solution provided correctly follows through with the separation of variables, integration, and substitution to arrive at the final result. There are no apparent mistakes or omissions in the solution.\n\n**Error:** 0', '**Reasoning:** The answer does not contain any mathematical errors. The steps taken to solve the differential equation are correct: separating variables, integrating both sides, and expressing the solution in terms of the inverse tangent function. There is no indication that the process was incorrectly applied or that any calculation was incorrect.\n\n**Error:** 0', '**Reasoning:** The answer does not contain any errors. The steps taken to solve the differential equation are logically correct and free from mistakes. The separation of variables, integration, and the final expression for the general solution are all presented accurately.\n\n**Error:** 0']","['**Question:**\n\\[\n\\text{Find the general solution of the differential equation}\n\\]\n\\[\n\\frac{dy}{dx} = \\frac{1 + y^2}{1 + x^2}.\n\\]\n\n**Answer:**\n\\[\n\\text{Since } 1 + y^2 \\neq 0, \\text{ we can separate the variables. The given differential equation can be written as}\n\\]\n\\[\n\\frac{dy}{1 + y^2} = \\frac{dx}{1 + x^2} \\quad \\cdots (1)\n\\]\n\\[\n\\text{Integrating both sides of equation (1), we get}\n\\]\n\\[\n\\int \\frac{dy}{1 + y^2} = \\int \\frac{dx}{1 + x^2}\n\\]\n\\[\n\\text{which results in}\n\\]\n\\[\n\\tan^{-1} y = x^{-1} + C,\n\\]\n\\[\n\\text{where } C \\text{ is the constant of integration. This is the general solution of equation (1).}\n\\]', '**Question:**\n\\[\n\\text{Find the general solution of the differential equation}\n\\]\n\\[\n\\frac{dy}{dx} = \\frac{1 + y^2}{1 + x^2}.\n\\]\n\n**Answer:**\n\\[\n\\text{Since } 1 + y^2 \\neq 0, \\text{ we can separate the variables. The given differential equation can be written as}\n\\]\n\\[\n\\frac{dy}{1 + y^2} = \\frac{dx}{1 + x^2} \\quad \\cdots (1)\n\\]\n\\[\n\\text{Integrating both sides of equation (1), we get}\n\\]\n\\[\n\\int \\frac{dy}{1 + y^2} = \\int \\frac{dx}{1 + x^2}\n\\]\n\\[\n\\text{which results in}\n\\]\n\\[\n\\tan^{-1} y = x^{-1} + C,\n\\]\n\\[\n\\text{where } C \\text{ is the constant of integration. This is the general solution of equation (1).}\n\\]']","['**Reasoning:** The answer does not contain any errors. The steps taken to solve the differential equation are correct. The separation of variables, integration, and the final form of the general solution are all accurately presented.\n\n**Error:** 0', '**Reasoning:** The answer does not contain any errors. The steps taken to solve the differential equation are correct. The separation of variables, integration, and the final form of the general solution are all accurately presented.\n\n**Error:** 0']",Qwen/Qwen2.5-VL-3B-Instruct,100
"Write the equation of the lines for which \( \tan \theta = \frac{1}{2} \), where \( \theta \) is the inclination of the line and (i) \( y \)-intercept is \( -\frac{3}{2} \) (ii) \( x \)-intercept is 4.

","

(i) Here, slope of the line is \( m = \tan \theta = \frac{1}{2} \) and \( y \)-intercept \( c = -\frac{3}{2} \). 
Therefore, by slope-intercept form, the equation of the line is 
\[
y = \frac{1}{2} x - \frac{3}{2} 
\]
or 
\[
2y - x + 3 = 0,
\]
which is the required equation.

(ii) Here, we have \( m = \tan \theta = \frac{1}{2} \) and \( d = 4 \). 
Therefore, by slope-intercept form, the equation of the line is 
\[
y = \frac{1}{2} (x - 4) 
\]
or 
\[
\textcolor{red}{2y - x + 8 = 0},
\]
which is the required equation.

",True,False,False,1.3321790402101223,0.5004024235381879,0.0,0.0,False,True,2,0,"['**Question:**\nWrite the equation of the lines to\nwhich tan $\\theta=\\frac{1}{2}$, where $\\theta$ is the inclination of\nthe line and (ii) $y$-intercept is $-\\frac{3}{2}$ (iii) $x$-intercept\nis 4.\n\n**Answer:**\n(i) Here, slope of the line is $m=\\tan \\theta =\\frac{1}{2}$ and\n$y$-intercept $c=-\\frac{3}{2}$. Therefore, by slope-intercept\nform, the equation of the line is\n\n\\[ y = \\frac{1}{2} x - \\frac{3}{2} \\]\n\nor\n\n\\[ 2y - x + 3 = 0 \\]\n\nwhich is the required equation.\n\n(ii) Here, we have $m=\\tan \\theta=\\frac{1}{2}$ and $d=4$.\nTherefore, by slope-intercept form, the\nequation of the line is\n\n\\[ y = \\frac{1}{2} (x - 4) \\]\n\nor\n\n\\[ 2y - x + 8 = 0 \\]\n\nwhich is the required equation.', '\\begin{align*}\n& \\textbf{(Question): Write the equation of the line whose } \\tan\\theta = \\frac{1}{2} \\text{, where } \\theta \\text{ is the inclination of the line and (i) y-intercept is } -\\frac{3}{2} \\text{ (ii) x-intercept is 4.} \\\\\n& \\textbf{(Answer):} \\\\\n& \\text{(i) Here, slope of the line is } m = \\tan\\theta = \\frac{1}{2} \\text{ and y-intercept } c = -\\frac{3}{2}. \\text{ Therefore, by slope-intercept form, the equation of the line is } \\\\\n& y = \\frac{1}{2}x - \\frac{3}{2} \\\\\n& \\text{or } 2y - x + 3 = 0 \\\\\n& \\text{which is the required equation.} \\\\\n& \\text{(ii) Here, we have } m = \\tan\\theta = \\frac{1}{2} \\text{ and } d = 4. \\text{ Therefore, by slope-intercept form, the equation of the line is } \\\\\n& y = \\frac{1}{2}(x - 4) \\\\\n& \\text{or } 2y - x + 8 = 0. \\\\\n& \\text{which is the required equation.}\n\\end{align*}', '\\begin{align*}\n&\\textbf{Question:} \\text{Write the equations of the lines } \\\\\n&\\text{which } \\tan{\\theta} = \\frac{1}{2}, \\text{ where } \\theta \\text{ is the inclination of} \\\\\n&\\text{the line and (i)} y-\\text{intercept is } -\\frac{3}{2} \\text{ (ii) } x-\\text{intercept is 4}. \\\\\n&\\\\\n&\\textbf{Answer:} \\\\\n&(i) \\text{Here, slope of the line is } m = \\tan{\\theta} = \\frac{1}{2} \\text{ and } \\\\\n&y-\\text{intercept } c = -\\frac{3}{2}. \\text{ Therefore, by slope-intercept form, the equation of the line is} \\\\\n&y = \\frac{1}{2}x + \\frac{3}{2} \\text{ or } 2y - x + 3 = 0 \\text{ which is the required equation}.\n\\\\\n&(ii) \\text{Here, we have } m = \\tan{\\theta} = \\frac{1}{2} \\text{ and } d = 4. \\\\\n&\\text{Therefore, by slope-intercept form, the equation of the line is} \\\\\n&y = \\frac{1}{2}(x - 4) \\text{ or } 2y - x + 8 = 0 \\text{ which is the required equation}.\n\\end{align*}', '**Question:**\nWrite the equations of the lines for:\n\n(i) $ \\tan \\theta = \\frac{1}{2} $, where $\\theta$ is the inclination of the line, and (ii) $y$-intercept is $-\\frac{3}{2}$ (iii) $x$-intercept is $4$.\n\n**Answer:**\n\\begin{enumerate}\n    \\item Here, slope of the line is $m = \\tan \\theta = \\frac{1}{2}$ and $y$-intercept $c = -\\frac{3}{2}$. Therefore, by slope-intercept form, the equation of the line is $y = \\frac{1}{2} x - \\frac{3}{2}$.\n    \n    \\item And $y = \\frac{1}{2}(x - 4)$.\n\\end{enumerate}', '**Question:**\nWrite the equations of the lines whose slope $\\tan \\theta = \\frac{1}{2}$, where $\\theta$ is the inclination of the line and (i) $y$-intercept is $-\\frac{3}{2}$; (ii) $x$-intercept is $4$.\n\n**Answer:**\n\n(i) Here, slope of the line is $m = \\tan \\theta = \\frac{1}{2}$ and $y$-intercept $c = -\\frac{3}{2}$. Therefore, by slope-intercept form, the equation of the line is\n\n\\[ y = \\frac{1}{2} x - \\frac{3}{2} \\]\n\n(ii) Here, we have $m = \\tan \\theta = \\frac{1}{2}$ and $d = 4$. Therefore, by slope-intercept form, the equation of the line is\n\n\\[ y = \\frac{1}{2} (x - 4) \\]\n\nor\n\n\\[ 2y - x + 8 = 0. \\]\n\nwhich is the required equation.']","['**Reasoning:** \nIn the Answer, the second equation derived from the slope-intercept form is incorrect. The correct equation should be \\( y = \\frac{1}{2}(x - 4) \\) because when substituting the y-intercept \\(-\\frac{3}{2}\\) into this form, it results in the equation \\( y = \\frac{1}{2}x + \\frac{3}{2} \\). However, the problem states the x-intercept is 4, so the correct form is indeed \\( y = \\frac{1}{2}(x - 4) \\).\n\n**Error:** 0', '**Reasoning:** The answer contains two parts. In the first part, the equation derived is correct given the slope \\(m = \\tan\\theta = \\frac{1}{2}\\) and y-intercept \\(c = -\\frac{3}{2}\\). However, in the second part, the equation given as the required equation is incorrect. The correct equation should be \\(y = \\frac{1}{2}(x - 4)\\), but it is written as \\(y = \\frac{1}{2}(x + 4)\\), which is not the same.\n\n**Error:** 1', '**Reasoning:** The answer provides two equations for the line with the same conditions but with different interpretations. For part (i), the equation given should be \\( y = \\frac{1}{2}x - \\frac{3}{2} \\) because the slope \\( m = \\tan \\theta = \\frac{1}{2} \\) and the y-intercept \\( c = -\\frac{3}{2} \\). However, the answer incorrectly writes \\( y = \\frac{1}{2}x + \\frac{3}{2} \\), which would have been correct if the y-intercept was \\( \\frac{3}{2} \\). For part (ii), the answer correctly states the slope \\( m = \\tan \\theta = \\frac{1}{2} \\) and gives the x-intercept as \\( d = 4 \\), resulting in the equation \\( 2y - x + 8 = 0 \\). There is no error in interpreting the x-intercept, so the first part has an error.\n\n**Error:** 1', '**Reasoning:** The answer provided for part (i) of the question seems correct as it correctly applies the slope-intercept form of a line equation using the given slope \\( m = \\tan\\theta = \\frac{1}{2} \\) and y-intercept \\( c = -\\frac{3}{2} \\), resulting in the equation \\( y = \\frac{1}{2}x - \\frac{3}{2} \\). However, the answer should also include the y-intercept value as \\( c = -\\frac{3}{2} \\), which is missing in the corrected equation. For clarity, the complete equation after including the y-intercept should be \\( y = \\frac{1}{2}x - \\frac{3}{2} \\). Part (ii) of the question asks for the x-intercept when the y-intercept is 4. The answer describes how to find the x-intercept but does not provide the final equation. Since the problem asks for the equation of the line with x-intercept 4, it should include the point-slope form or rearrange the given equation to solve for x.\n\n**Error:** 1', ""**Reasoning:** The student's solution has two parts:\n(i) The equation derived for the y-intercept should be checked against the given conditions. The slope \\( m = \\tan \\theta = \\frac{1}{2} \\) is correct, but the intercept \\( c = -\\frac{3}{2} \\) does not match the given y-intercept of -3/2. Therefore, the equation \\( y = \\frac{1}{2}x - \\frac{3}{2} \\) is incorrect as it does not fit the condition \\( c = -\\frac{3}{2} \\).\n(ii) In part (ii), the slope is correctly stated as \\( m = \\tan \\theta = \\frac{1}{2} \\), but the x-intercept \\( d = -4 \\) is given, while the equation derived is \\( y = \\frac{1}{2}(x - 4) \\). This does not match the given y-intercept of -3/2, making the answer incorrect.\nThe student's reasoning is clear but the equations derived from the slope-intercept form do not match the requirements of the problem.\n\n**Error:** 1""]","['**Question:**\nWrite the equations of the lines for which \\(\\tan\\theta = \\frac{1}{2}\\), where \\(\\theta\\) is the inclination of the line and (i) \\(y\\)-intercept is \\(-\\frac{3}{2}\\) (ii) \\(x\\)-intercept is 4.\n\n**Answer:**\n(i) Here, slope of the line is \\(m = \\tan\\theta = \\frac{1}{2}\\) and \\(y\\)-intercept \\(c = -\\frac{3}{2}\\). Therefore, by slope-intercept form, the equation of the line is\n\\[ y = \\frac{1}{2}x - \\frac{3}{2} \\]\nor\n\\[ 2y - x + 3 = 0 \\]\nwhich is the required equation.\n\n(ii) Here, we have \\(m = \\tan\\theta = \\frac{1}{2}\\) and \\(d = 4\\). Therefore, by slope-intercept form, the equation of the line is\n\\[ y = \\frac{1}{2}(x - 4) \\]\nor\n\\[ 2y - x + 8 = 0 \\]\nwhich is the required equation.', '**Question:**\nWrite the equations of the lines for which \\(\\tan\\theta = \\frac{1}{2}\\), where \\(\\theta\\) is the inclination of the line and (i) \\(y\\)-intercept is \\(-\\frac{3}{2}\\) (ii) \\(x\\)-intercept is 4.\n\n**Answer:**\n(i) Here, slope of the line is \\(m = \\tan\\theta = \\frac{1}{2}\\) and \\(y\\)-intercept \\(c = -\\frac{3}{2}\\). Therefore, by slope-intercept form, the equation of the line is\n\\[ y = \\frac{1}{2}x - \\frac{3}{2} \\]\nor\n\\[ 2y - x + 3 = 0 \\]\nwhich is the required equation.\n\n(ii) Here, we have \\(m = \\tan\\theta = \\frac{1}{2}\\) and \\(d = 4\\). Therefore, by slope-intercept form, the equation of the line is\n\\[ y = \\frac{1}{2}(x - 4) \\]\nor\n\\[ 2y - x + 8 = 0 \\]\nwhich is the required equation.']","['**Reasoning:** The answer contains two parts. In part (i), the equation derived from the slope-intercept form is correct: \\( y = -\\frac{1}{2}x - \\frac{3}{2} \\). However, in part (ii), the equation derived from the slope-intercept form is incorrect. The correct equation should be \\( y = \\frac{1}{2}(x - 4) \\) or equivalently \\( 2y - x + 8 = 0 \\). The answer provided in part (ii) is missing the factor of 2 in front of \\( y \\), which would make it equivalent to the correct equation.\n\n**Error:** 1', '**Reasoning:** The answer contains two parts. In part (i), the equation derived from the slope-intercept form is correct: \\( y = -\\frac{1}{2}x - \\frac{3}{2} \\). However, in part (ii), the equation derived from the slope-intercept form is incorrect. The correct equation should be \\( y = \\frac{1}{2}(x - 4) \\) or equivalently \\( 2y - x + 8 = 0 \\). The answer provided in part (ii) is missing the factor of 2 in front of \\( y \\), which would make it equivalent to the correct equation.\n\n**Error:** 1']",Qwen/Qwen2.5-VL-3B-Instruct,100
"Convert \( 40^\circ 20' \) into radian measure.

"," We know that \( 180^\circ = \pi \) radian.

Hence, 
\[
40^\circ 20' = \textcolor{red}{\frac{\pi}{180} \times \frac{121}{3} \text{ radian}} = \textcolor{red}{40 \frac{1}{3} \text{ degree}} = \frac{121\pi}{540} \text{ radian}.
\]

Therefore, 
\[
40^\circ 20' = \frac{121\pi}{540} \text{ radian}.
\]

",True,True,True,1.6094379124341005,0.0,0.0,0.0,False,True,0,0,"[""**Question:**\nConvert 40°20' into radian measure.\n\n**Answer:**\nWe know that 180° = π radians.\nHence,\n40°20' = \\frac{\\pi}{180} \\times \\frac{121}{3} radians = 40\\frac{1}{3} degrees\n\nTherefore,\n40°20' = \\frac{121\\pi}{540} radians."", ""**Question:** Convert 40°20' into radian measure.\n\n**Answer:** We know that 180° = π radians. Hence, 40°20' = \\(\\frac{7\\pi}{180} \\times \\frac{121}{3}\\) radians = 40\\(\\frac{1}{3}\\) degrees.\n= \\(\\frac{121\\pi}{540}\\) radians.\nTherefore, 40°20' = \\(\\frac{121\\pi}{540}\\) radians."", ""**Question:**\nConvert \\(40^\\circ 20'\\) into radian measure.\n\n**Answer:**\nWe know that \\(180^\\circ = \\pi\\) radians.\nHence,\n\\[40^\\circ 20' = \\frac{\\pi}{180} \\times \\frac{121}{3} \\text{ radian} = \\frac{40}{3} \\text{ degree}\\]\n\\[\n= \\frac{121\\pi}{540} \\text{ radian}.\n\\]"", ""\\documentclass{article}\n\\usepackage{amsmath, amssymb}\n\n\\begin{document}\n\n**Question:** Convert $40^\\circ 20'$ into radian measure.\n\nHence,\n\n\\[ 40^\\circ 20' = \\frac{\\pi}{180} \\times \\frac{121}{3} \\] radian\n\nTherefore,\n\n\\[ 40^\\circ 20' = \\frac{121\\pi}{540} \\] radian.\n\n**Answer:** We know that \\(180^\\circ = \\pi\\) radian. Hence, \\(40^\\circ 20' = \\frac{\\pi}{180} \\times \\frac{121}{3}\\) radian. Therefore, \\(40^\\circ 20' = \\frac{121\\pi}{540}\\) radian.\n\\end{document}"", ""**Question:**Convert \\(40^\\circ 20'\\) into radian measure.\n\n**Answer:**We know that \\(180^\\circ = \\pi\\) radians.\nHence,\n\\[\n40^\\circ 20' = \\frac{\\pi}{180} \\times \\frac{121}{3} = \\frac{40 \\cdot 1}{3} \\text{ degrees}\n\\]\n\\[\n= 121 \\cdot \\frac{\\pi}{540} \\text{ radians}.\n\\]""]","[""**Reasoning:** The Answer incorrectly calculates the conversion from degrees to radians. It multiplies 40°20' by \\(\\frac{\\pi}{180}\\) instead of using the correct conversion factor. Additionally, the final step should be to multiply by \\(\\frac{121}{3}\\) after converting to degrees first, which was not done correctly.\n\n**Error:** 1"", '**Reasoning:** The answer incorrectly converts the angle from degrees and minutes directly into radians instead of first converting it to a decimal degree measure. The conversion from degrees and minutes to decimal degrees should be done before converting to radians.\n\n**Error:** 1', ""**Reasoning:** The Answer incorrectly simplifies the conversion from degrees to radians. The correct conversion should involve multiplying the degree measure by π/180. However, the answer provided seems to multiply by 2π instead of just π, leading to an incorrect final result. Specifically, the degrees to radians conversion should be:\n\\[40^\\circ20' \\times \\frac{\\pi}{180}\\]\nwhich simplifies to:\n\\[\\frac{40 \\cdot 1 + 20 \\cdot \\frac{1}{60}}{180} \\times \\frac{\\pi}{180} = \\left(\\frac{40}{180} + \\frac{20}{180 \\cdot 60}\\right) \\pi = \\frac{121 \\pi}{540}\\]\nThus, the answer provided does not correctly convert degrees to radians.\n\n**Error:** 1"", ""**Reasoning:** The error is in the conversion from degrees to radians. In the answer, it states that \\(\\frac{\\pi}{180} \\times 40^\\circ20'\\) should equal \\(\\frac{40\\pi}{3}\\) radians. However, the correct conversion factor from degrees to radians is \\(\\frac{\\pi}{180}\\) per degree, but it should be applied correctly to the total degrees considering the minute part as well. The initial step should involve converting the minutes into degrees first before multiplying with the conversion factor. The mistake is in subtracting off the minutes instead of adding them to the full degrees.\n\n**Error:** 1"", ""**Reasoning:** The Answer contains an error. \n\nIn the Answer, the conversion from degrees to radians should be correct as follows:\n- \\(40^\\circ20'\\) can be converted to radians using the formula: \n\\[ \\text{Radian} = \\frac{\\pi}{180} \\times \\text{Degrees} + \\frac{\\pi}{3600} \\times \\text{Minutes} \\]\nHowever, the answer provided incorrectly multiplies by \\(\\frac{180}{\\pi}\\) instead of \\(\\frac{\\pi}{180}\\).\n\n**Error:** 1""]","[""**Question:** Convert 40°20' into radian measure.\n\n**Answer:** We know that 180° = π radians. Hence, 40°20' = \\(\\frac{π}{180} \\times \\frac{121}{3}\\) radians = 40\\(\\frac{1}{3}\\) degrees\n\nTherefore, 40°20' = \\(\\frac{121π}{540}\\) radians."", ""**Question:** Convert 40°20' into radian measure.\n\n**Answer:** We know that 180° = π radians. Hence, 40°20' = \\(\\frac{π}{180} \\times \\frac{121}{3}\\) radians = 40\\(\\frac{1}{3}\\) degrees\n\nTherefore, 40°20' = \\(\\frac{121π}{540}\\) radians.""]","[""**Reasoning:** The answer provided contains a logical error. The conversion from degrees to radians should be done using the formula \\(\\frac{\\pi}{180} \\times\\) degrees. However, the answer incorrectly multiplies \\(40^\\circ20'\\) directly with \\(\\frac{121}{3}\\) instead of converting it first to decimal degrees before multiplying. This results in an incorrect final result.\n\n**Error:** 1"", ""**Reasoning:** The answer provided contains a logical error. The conversion from degrees to radians should be done using the formula \\(\\frac{\\pi}{180} \\times\\) degrees. However, the answer incorrectly multiplies \\(40^\\circ20'\\) directly with \\(\\frac{121}{3}\\) instead of converting it first to decimal degrees before multiplying. This results in an incorrect final result.\n\n**Error:** 1""]",Qwen/Qwen2.5-VL-3B-Instruct,100
"The internal measures of a cuboidal room are \(12 \, \text{m} \times 8 \, \text{m} \times 4 \, \text{m}\). Find the total cost of whitewashing all four walls of a room, if the cost of whitewashing is \(\text{₹} 5 \, \text{per m}^2\). What will be the cost of whitewashing if the ceiling of the room is also whitewashed?

"," 
Let the length of the room \( l = 12 \, \text{m} \) \\
Width of the room \( b = 8 \, \text{m} \) \\
Height of the room \( h = 4 \, \text{m} \) \\

Area of the four walls of the room = Perimeter of the base \(\times\) Height of the room
\[
= 2(l + b) \times h = 2(12 + 8) \times 4 = \textcolor{red}{2 \times 10 \times 4} = \textcolor{red}{80} \, \text{m}^2
\]
\[
= 2 \times 20 \times 4 = 160 \, \text{m}^2
\]

Cost of whitewashing per \( \text{m}^2 = \text{₹} 5 \) \\
Hence the total cost of whitewashing four walls of the room 
\[
= \text{₹}(160 \times 5) = \text{₹} 800
\]

Area of ceiling is \( 12 \times 8 = 96 \, \text{m}^2 \) \\
Cost of whitewashing the ceiling 
\[
= \text{₹}(96 \times 5) = \text{₹} 480
\]

So the total cost of whitewashing 
\[
= \text{₹}(800 + 480) = \text{₹} 1280
\]

",True,True,True,1.6094379124341005,0.6730116670092565,0.0,0.0,False,True,1,0,"['**Question:**\n\\[\n\\text{The internal measures of a cuboidal room are } 12 \\text{ m} \\times 8 \\text{ m} \\times 4 \\text{ m. Find the total cost of whitewashing all four walls of a room, if the cost of whitewashing is 5 per m}^2. What will be the cost of whitewashing if the ceiling of the room is also whitewashed?}\n\\]\n\n**Answer:**\n\\[\n\\text{Let the length of the room } l = 12 \\text{ m} \\\\\n\\text{Width of the room } b = 8 \\text{ m} \\\\\n\\text{Height of the room } h = 4 \\text{ m} \\\\\n\\text{Area of the four walls of the room} = \\\\\n\\text{Perimeter of the base x Height of the room} \\\\\n= 2(l + b) \\times h = 2(12 + 8) \\times 4 = 2 \\times 20 \\times 4 = 80 \\text{ m}^2 \\\\\n= 2 \\times 20 \\times 4 = 160 \\text{ m}^2 \\\\\n\\text{Cost of whitewashing per m}^2 = 5 \\\\\n\\text{Hence the total cost of whitewashing four walls of the room} \\\\\n= (160 \\times 5) = 800 \\\\\n\\text{Area of ceiling is } 12 \\times 8 = 96 \\text{ m}^2 \\\\\n\\text{Cost of whitewashing the ceiling} = (96 \\times 5) = 480 \\\\\n\\text{So the total cost of whitewashing} = (800 + 480) = 1280\n\\]', '**Question:**\nThe internal measures of a cuboidal room are 12 m x 8 m x 4 m. Find the total cost of whitewashing all four walls of a room, if the cost of whitewashing is 5 per m². What will be the cost of whitewashing if the ceiling of the room is also whitewashed?\n\n**Answer:**\nLet the length of the room \\( l = 12 \\) m\nWidth of the room \\( b = 8 \\) m\nHeight of the room \\( h = 4 \\) m\n\nArea of the four walls of the room = Perimeter of the base × Height of the room\n\n\\[ = 2(l + b) \\times h = 2(12 + 8) \\times 4 = 2 \\times 10 \\times 4 = 80 \\text{ m}^2 \\]\n\\[ = 2 \\times 20 \\times 4 = 160 \\text{ m}^2 \\]\n\nCost of whitewashing per m² = 5\n\nHence the total cost of whitewashing four walls of the room\n\\[ = (160 \\times 5) = 800 \\]\n\nArea of the ceiling is 12 × 8 = 96 m²\n\nCost of whitewashing the ceiling = (96 × 5) = 480\n\nSo the total cost of whitewashing = (800 + 480) = 1280', '**Question:** The internal measures of a cuboidal room are $12$ m x $8$ m x $4$ m. Find the total cost of whitewashing all four walls of a room, if the cost of whitewashing is $5$ per $m^{2}$. What will be the cost of whitewashing if the ceiling of the room is also whitewashed?\n\n**Answer:** Let the length of the room \\( l = 12 \\) m, width of the room \\( b = 8 \\) m, height of the room \\( h = 4 \\) m. Area of the four walls of the room = Perimeter of the base x height of the room\n\n\\[\n= 2(l + b) \\times h = 2(12 + 8) \\times 4 = 2 \\times 20 \\times 4 = 80 \\, m^2\n\\]\n\\[\n= 2 \\times 20 \\times 4 = 160 \\, m^2\n\\]\nCost of whitewashing per $m^{2}$ = $5$\nHence the total cost of whitewashing four walls of the room = $(160 \\times 5) = 800$\nArea of ceiling is $12 \\times 8 = 96 \\, m^{2}$\nCost of whitewashing the ceiling = $(96 \\times 5) = 480$\nSo the total cost of whitewashing = $(800 + 480) = 1280$\n\n**Question:**<Extracted Question text in LaTeX>\n**Answer:**<Extracted Answer text in LaTeX>', '**Question:**\n```latex\nThe internal measures of a cuboidal room are \\(12\\,\\text{m} \\times 8\\,\\text{m} \\times 4\\,\\text{m}\\). Find the total cost of whitewashing all four walls of a room, if the cost of whitewashing is \\(5\\) per \\(\\text{m}^2\\). What will be the cost of whitewashing if the ceiling of the room is also whitewashed?\n```\n\n**Answer:**\n```latex\nLet the length of the room \\(l = 12\\,\\text{m}\\), width of the room \\(b = 8\\,\\text{m}\\), height of the room \\(h = 4\\,\\text{m}\\).\n\nArea of the four walls of the room = Perimeter of the base \\(\\times\\) Height of the room\n\n\\[= 2(l + b) \\times h = 2(12 + 8) \\times 4 = 2 \\times 20 \\times 4 = 160\\,\\text{m}^2\\]\n\nCost of whitewashing per \\(\\text{m}^2 = 5\\)\n\nHence the total cost of whitewashing four walls of the room\n\n\\[= (160 \\times 5) = 800\\,\\text{\\$}\\]\n\nArea of ceiling is \\(12 \\times 8 = 96\\,\\text{m}^2\\)\n\nCost of whitewashing the ceiling = \\(96 \\times 5 = 480\\,\\text{\\$}\\)\n\nSo the total cost of whitewashing = \\((800 + 480) = 1280\\,\\text{\\$}\\)\n```', '```latex\n\\textbf{Question:} The internal measures of a cuboidal room are 12m x 8m x 4m. Find the total cost of whitewashing all four walls of a room, if the cost of whitewashing is 5 per m². What will be the cost of whitewashing if the ceiling of the room is also whitewashed?\n\n\\textbf{Answer:} Let the length of the room \\( l = 12 \\) m, width of the room \\( b = 8 \\) m, height of the room \\( h = 4 \\) m. \n\nArea of the four walls of the room = Perimeter of the base x height of the room\n\n\\[ = 2(l + b) \\times h = 2(12 + 8) \\times 4 = 2 \\times 20 \\times 4 = 160 \\text{m}^2 \\]\n\nCost of whitewashing per m² = 5\n\nHence the total cost of whitewashing four walls of the room\n\n\\[ = (160 \\times 5) = 800 \\text{m}^2 \\]\n\nArea of ceiling is 12 x 8 = 96 m²\n\nCost of whitewashing the ceiling = (96 x 5) = 480\n\nSo the total cost of whitewashing = (800 + 480) = 1280\n```']","['**Reasoning:** The Answer correctly calculates the area of the four walls of the room. However, it seems to have made a mistake when calculating the total cost of whitewashing the ceiling. The Answer states ""Cost of whitewashing the ceiling = (96 × 5) = 480,"" but this should be divided by 2 because the ceiling\'s area is counted twice in the initial calculation. Therefore, the correct calculation for the ceiling cost should be (96 ÷ 2) × 5 = 240. Since the ceiling cost was incorrectly included in the total cost of whitewashing the four walls, there is a logical error in the Answer.\n\n**Error:** 1', ""**Reasoning:** The area calculation for the four walls is correct with a mistake in the final summing up of costs. The room's area calculation involves multiplying the length times the individual wall areas.\n\n**Error:** 1"", '**Reasoning:** In the calculation, the area of the four walls was calculated as \\(2(l + b) \\times h\\). However, since the ceiling is also being whitewashed, the formula should be adjusted to include the ceiling area. The correct formula for the total area to be whitewashed would be \\(2(lh + bh)\\). Additionally, the cost per square meter for whitewashing is given as $5, but in the answer, it is stated as $5 per \\(m^2\\). There might be a typo in the notation used for the cost per square meter. \n\n**Error:** 0', ""**Reasoning:** The Answer does not seem to follow the standard method used for calculating the total cost of whitewashing all the walls of a room. Instead of directly using the formula for total area of the four walls (which should be \\(2(lw + lh + wh)\\)), it appears to have used a more complex formula involving perimeter and height, leading to incorrect calculations. Additionally, the calculation of the cost for the ceiling area seems to have been included as part of the total cost, but this is not typically done unless specified otherwise in the problem. There is also an inconsistency in writing '4 m' after 'Height of the room' which might be intended to correct the dimension '8 m'.\n\n**Error:** 1"", '**Reasoning:** The calculation for the area of the ceiling was incorrect. The formula used is \\(2(l+b)h\\), but it should be \\((l+b)\\times h\\) because we need to find the height of the room for the area calculation, not the perimeter of the base. Therefore, the correct calculation for the area of the ceiling should be \\(2(12+8) \\times 4 = 2 \\times 20 \\times 4 = 160 \\text{ m}^2\\).\n  \n**Error:** 0']","['**Question:**\nThe internal measures of a cuboidal room are \\(12 \\, m \\times 8 \\, m \\times 4 \\, m\\). Find the total cost of whitewashing all four walls of a room, if the cost of whitewashing is \\(5\\) per \\(m^2\\). What will be the cost of whitewashing if the ceiling of the room is also whitewashed?\n\n**Answer:**\nLet the length of the room \\(l = 12 \\, m\\), width of the room \\(b = 8 \\, m\\), height of the room \\(h = 4 \\, m\\).\n\nArea of the four walls of the room = Perimeter of the base \\(\\times\\) Height of the room\n\n\\[= 2(l + b) \\times h = 2(12 + 8) \\times 4 = 2 \\times 20 \\times 4 = 160 \\, m^2\\]\n\nCost of whitewashing per \\(m^2 = 5\\)\n\nHence, the total cost of whitewashing four walls of the room\n\n\\[= (160 \\times 5) = 800\\]\n\nArea of ceiling is \\(12 \\times 8 = 96 \\, m^2\\)\n\nCost of whitewashing the ceiling = \\((96 \\times 5) = 480\\)\n\nSo, the total cost of whitewashing = \\((800 + 480) = 1280\\)', '**Question:**\nThe internal measures of a cuboidal room are \\(12 \\, m \\times 8 \\, m \\times 4 \\, m\\). Find the total cost of whitewashing all four walls of a room, if the cost of whitewashing is \\(5\\) per \\(m^2\\). What will be the cost of whitewashing if the ceiling of the room is also whitewashed?\n\n**Answer:**\nLet the length of the room \\(l = 12 \\, m\\), width of the room \\(b = 8 \\, m\\), height of the room \\(h = 4 \\, m\\).\n\nArea of the four walls of the room = Perimeter of the base \\(\\times\\) Height of the room\n\n\\[= 2(l + b) \\times h = 2(12 + 8) \\times 4 = 2 \\times 20 \\times 4 = 160 \\, m^2\\]\n\nCost of whitewashing per \\(m^2 = 5\\)\n\nHence, the total cost of whitewashing four walls of the room\n\n\\[= (160 \\times 5) = 800\\]\n\nArea of ceiling is \\(12 \\times 8 = 96 \\, m^2\\)\n\nCost of whitewashing the ceiling = \\((96 \\times 5) = 480\\)\n\nSo, the total cost of whitewashing = \\((800 + 480) = 1280\\)']","['**Reasoning:** The calculation for the area of the ceiling is incorrect. The area of the ceiling should be calculated as the product of its length and width, which is \\(12 \\times 8 = 96\\) square meters. However, the answer provided states it as \\(12 \\times 8 = 96 m^2\\), which is correct but the notation should be \\(m^2\\) instead of just \\(m\\). This is a minor formatting issue rather than a mathematical error.\n\n**Error:** 0', '**Reasoning:** The calculation for the area of the ceiling is incorrect. The area of the ceiling should be calculated as the product of its length and width, which is \\(12 \\times 8 = 96\\) square meters. However, the answer provided states it as \\(12 \\times 8 = 96 m^2\\), which is correct but the notation should be \\(m^2\\) instead of just \\(m\\). This is a minor formatting issue rather than a mathematical error.\n\n**Error:** 0']",Qwen/Qwen2.5-VL-3B-Instruct,100
"A boat running upstream takes 8 hours 48 minutes to cover a certain distance, while it takes 4 hours to cover the same distance running downstream. What is the ratio between the speed of the boat and speed of the water current respectively?  
\begin{itemize}
    \item[A)] 2 : 1
    \item[B)] 3 : 2
    \item[C)] 8 : 3
    \item[D)] Cannot be determined
    \item[E)] None of these
\end{itemize}

"," Option C  
Let the man's rate upstream be \( x \) kmph and that downstream be \( y \) kmph.  
Then, distance covered upstream in 8 hrs 48 min = Distance covered downstream in 4 hrs.  
\[
\Rightarrow \left( x \times \frac{48}{60} \right) = (y \times 4)
\]
\[
\Rightarrow \frac{44}{5} x = 4y
\]
\[
\Rightarrow y = \frac{11}{5} x
\]

\(\therefore\) Required ratio = \( \frac{y + x}{2} : \frac{y - x}{2} \)  
\[
= \left( \frac{16x}{5} \times \frac{1}{2} \right) : \left( \frac{6x}{5} \times \frac{1}{2} \right)
\]
\textcolor{red}{Additionally, note that \( x \) and \( y \) must be positive real numbers as they represent speeds. This confirms that the ratio calculation reflects realistic values.}
\[
= \frac{8}{5} : \frac{3}{5} = 8 : 3
\]

",False,False,False,1.6094379124341005,0.6730116670092565,0.0,0.0,False,False,1,0,"[""**Question:**\nA boat running upstream takes 8 hours 48 minutes to cover a certain distance, while it takes 6 hours to cover the same distance running downstream. What is the ratio between the speed of the boat and the speed of the water current respectively?\n\nA) $2 : 1$\n\nB) $3 : 2$\n\nC) $8 : 3$\n\nD) Cannot be determined\n\nE) None of these\n\n**Answer:**\nOption C Let the man's rate upstream be $x$ km/h and that downstream be $y$ km/h. Then, distance covered upstream is $8 \\times \\frac{48}{60}$ = Distance covered downstream in $1$hr.\n$\\Rightarrow(x \\times \\frac{48}{60}) = (y \\times 1)$\n$\\Rightarrow \\frac{44}{5} x = 4 y$\n$\\Rightarrow y = \\frac{11}{5} x$\n\nRequired ratio = $\\frac{y + x}{2} : \\frac{y - x}{2}$\n= ($\\frac{16x}{5} \\times \\frac{1}{2}$) : ($\\frac{6x}{5} \\times \\frac{1}{2}$)\n\nAdditionally, note that $x$ and $y$ must be positive real numbers as they represent speeds. This confirms that the ratio calculation reflects realistic values.\n= $\\frac{8}{5} : \\frac{3}{5} = 8 : 3$"", ""**Question:**\nA boat running upstream takes 8 hours 48 minutes to cover a certain distance, while it takes 6 hours to cover the same distance running downstream. What is the ratio between the speed of the boat and the speed of the water current respectively?\n\n(A) 2:1\n\n(B) 3:2\n\n(C) 8:3\n\n(D) Cannot be determined\n\n(E) None of these\n\n**Answer:**\nOption C\n\nLet the man's rate upstream be \\( x \\) km/h and that downstream be \\( y \\) km/h. Then, the distance covered upstream is 8 hours 48 minutes = 8.8 hours. The distance covered downstream in 4 hours is:\n\n\\[ \\Rightarrow (x \\times \\frac{48}{60}) = (y \\times 4) \\]\n\n\\[ \\Rightarrow \\frac{16}{5}x = 4y \\]\n\n\\[ \\Rightarrow y = \\frac{11}{5}x \\]\n\nRequired ratio = \\(\\frac{y+x}{y-x}\\)\n\n= \\(\\left(\\frac{16x}{5} \\times \\frac{1}{2}\\right): \\left(\\frac{6x}{5} \\times \\frac{1}{2}\\right)\\)\n\nAdditionally, note than \\( x \\) and \\( y \\) must be positive real numbers as they represent speeds. This confirms that the ratio calculation reflects realistic values.\n\n\\[ \\Rightarrow \\frac{8}{5}: \\frac{3}{5} = 8:3 \\]"", ""```latex\n\\section*{Question:}\nA boat running upstream takes 8 hours 48 minutes to cover a certain distance, while it takes 4 hours to cover the same distance running downstream. What is the ratio between the speed of the boat and the speed of the water current respectively?\n\nA) 2:1\n\nB) 3:2\n\nC) 8:3\n\nD) Cannot be determined\n\nE) None of these\n\n\\section*{Answer:}\nOption C Let the man's rate upstream be \\( x \\) km/h and that downstream be \\( y \\) km/h. Then, distance covered upstream is 8 hours 48 minutes = Distance covered downstream in 4 hours.\n\n\\[\n\\Rightarrow (x \\times \\frac{48}{60}) = (y \\times 4)\n\\]\n\n\\[\n\\Rightarrow \\frac{44}{5} x = 4y\n\\]\n\\[\n\\Rightarrow y = \\frac{11}{5} x\n\\]\n\nRequired ratio = \\(\\frac{y + x}{2} : \\frac{y - x}{2}\\)\n\n= \\((\\frac{16x}{5} \\times \\frac{1}{2}) : (\\frac{6x}{5} \\times \\frac{1}{2})\\)\n\nAdditionally, note than \\(x\\) and \\(y\\) must be positive real numbers as they represent speeds. This confirms that the ratio calculation reflects realistic values.\n\\[\n= \\frac{8}{5} : \\frac{3}{5} = 8:3\n\\]"", ""**Question:**\nA boat running upstream takes 8 hours and 48 minutes to cover a certain distance, while it takes 6 hours to cover the same distance running downstream. What is the ratio between the speed of the boat and the speed of the water Current respectively?\n\\begin{enumerate}\n    \\item A) 2:1\n    \\item B) 3:2\n    \\item C) 4:3\n    \\item D) Cannot be determined\n    \\item E) None of these\n\\end{enumerate}\n\n**Answer:**\nOption C Let the man's rate upstream be x kmph and that downstream be y kmph. Then, distance covered upstream is 8 hrs 48 min = Distance covered downstream in 4 hrs.\n$$\\Rightarrow (x \\times \\frac{48}{60}) = (y \\times 4)$$\n$$\\Rightarrow \\frac{44}{5}x = 4y$$\n$$\\Rightarrow y = \\frac{11}{5}x$$\n\nRequired ratio = $\\frac{y + x}{2}$ : $\\frac{y - x}{2}$\n= $\\left(\\frac{16x}{5} \\times \\frac{1}{2}\\right)$ : $\\left(\\frac{6x}{5} \\times \\frac{1}{2}\\right)$\n\nAdditionally, note than x and y must be positive real numbers as they represent speeds.\nThis confirms that the ratio calculation reflects realistic values.\n$$= \\frac{8}{5}: \\frac{3}{5} = 8: 3$$"", ""**Question:**\nA boat running upstream takes 8 hours 48 minutes to cover a certain distance, while it takes 6 hours to cover the same distance downstream. What is the ratio between the speed of the boat and the speed of the water current respectively?\n\n**Answer:**\nOption C\\quad Let the man's rate upstream be $x$ km/h and that downstream be $y$ km/h. Then, distance covered upstream is $8 \\times 48$ min = Distance covered downstream in $4$ h.\n\n$\\Rightarrow (x \\times \\frac{48}{60}) = (y \\times 4)$\n\n$\\Rightarrow \\frac{48}{5} x = 4 y$\n\n$\\Rightarrow y = \\frac{11}{5} x$\n\nRequired ratio = $\\frac{y + x}{2} : \\frac{y - x}{2}$\n\n= $(\\frac{16x}{5} \\times \\frac{1}{2}) : (\\frac{6x}{5} \\times \\frac{1}{2})$\n\nAdditionally, note than $x$ and $y$ must be positive real numbers as they represent speeds. This confirms that the ratio calculation reflects realistic values.\n\n= $\\frac{8}{5} : \\frac{3}{5}$ = $8 : 3$""]","[""**Reasoning:** The student's work shows a step-by-step solution for determining the ratio between the speed of the boat and the speed of the water current. Initially, the student correctly sets up the equations for the distance covered upstream and downstream using the given times and speeds. However, when calculating the required ratio, the student incorrectly simplifies the equation:\n\\[ \\frac{y + x}{2} : \\frac{y - x}{2} = \\left( \\frac{6x}{5} \\times \\frac{1}{2} \\right) : \\left( \\frac{6x}{5} \\times \\frac{1}{2} \\right) \\]\n\nThis step should be \\( \\frac{y + x}{2} : \\frac{y - x}{2} = \\left( \\frac{4x}{5} \\right) : \\left( \\frac{4x}{5} \\right) \\), as this would suggest that the speed of the boat remains the same regardless of direction, which is not consistent with the typical scenario where the speed of the current affects the direction. The correct simplification should lead to a ratio of \\(8:3\\), confirming Option C.\n\n**Error:** 1"", '**Reasoning:** The given answer incorrectly calculates the ratio between the speed of the boat and the speed of the water. It starts by setting up equations correctly but then incorrectly simplifies the final expression for the ratio. The correct ratio should be derived from the setup but instead is simplified incorrectly in the final step leading to the conclusion that the ratio is 8:3, which is incorrect.\n\n**Error:** 1', ""**Reasoning:** The answer provided does not correctly solve the problem. The question asks for the ratio between the speed of the boat and the speed of the water current. However, the answer focuses on finding the ratio of the speeds of the boat and the water, which is not what the question requires. Additionally, the student's work appears to be incorrect in the final calculation, leading to an incorrect ratio of 8:3 instead of the correct ratio of 5:3.\n\n**Error:** 1"", '**Reasoning:** The solution includes some minor errors in the algebraic manipulations. Specifically, when simplifying \\(\\frac{44}{5}x = 4y\\), it should be \\(\\frac{44}{5}x = \\frac{22}{5}x\\) and when calculating the ratio, the steps leading to \\(8:3\\) are correct but the final step seems incorrect as it should be \\(8:3\\) since the speed \\(x\\) cancels out correctly. However, the main method and logic used in the solution appear to be sound.\n\n**Error:** 0', '**Reasoning:** The answer provided correctly follows the steps to solve the problem. The calculations and logic align with the problem statement and the reference solution. There are no obvious logical errors or arithmetic mistakes in the given solution.\n\n**Error:** 0']","[""**Question:**\nA boat running upstream takes 8 hours 48 minutes to cover a certain distance, while it takes 6 hours to cover the same distance running downstream. What is the ratio between the speed of the boat and the speed of the water current respectively?\n\n**Answer:**\nOption C Let the man's rate upstream be \\( x \\) km/h and that downstream be \\( y \\) km/h. Then, distance covered upstream is 8 hours 48 minutes = Distance covered downstream in 6 hours.\n\\[\n\\Rightarrow (x \\times \\frac{48}{60}) = (y \\times 4)\n\\]\n\\[\n\\Rightarrow \\frac{44}{5} x = 4 y\n\\]\n\\[\n\\Rightarrow y = \\frac{11}{5} x\n\\]\nRequired ratio = \\(\\frac{y + x}{2} : \\frac{y - x}{2}\\)\n\\[\n= \\left( \\frac{16x}{5} \\times \\frac{1}{2} \\right) : \\left( \\frac{6x}{5} \\times \\frac{1}{2} \\right)\n\\]\nAdditionally, note that \\( x \\) and \\( y \\) must be positive real numbers as they represent speeds. This confirms that the ratio calculation reflects realistic values.\n\\[\n= \\frac{8}{5} : \\frac{3}{5} = 8 : 3\n\\]"", ""**Question:**\nA boat running upstream takes 8 hours 48 minutes to cover a certain distance, while it takes 6 hours to cover the same distance running downstream. What is the ratio between the speed of the boat and the speed of the water current respectively?\n\n**Answer:**\nOption C Let the man's rate upstream be \\( x \\) km/h and that downstream be \\( y \\) km/h. Then, distance covered upstream is 8 hours 48 minutes = Distance covered downstream in 6 hours.\n\\[\n\\Rightarrow (x \\times \\frac{48}{60}) = (y \\times 4)\n\\]\n\\[\n\\Rightarrow \\frac{44}{5} x = 4 y\n\\]\n\\[\n\\Rightarrow y = \\frac{11}{5} x\n\\]\nRequired ratio = \\(\\frac{y + x}{2} : \\frac{y - x}{2}\\)\n\\[\n= \\left( \\frac{16x}{5} \\times \\frac{1}{2} \\right) : \\left( \\frac{6x}{5} \\times \\frac{1}{2} \\right)\n\\]\nAdditionally, note that \\( x \\) and \\( y \\) must be positive real numbers as they represent speeds. This confirms that the ratio calculation reflects realistic values.\n\\[\n= \\frac{8}{5} : \\frac{3}{5} = 8 : 3\n\\]""]","['**Reasoning:** The answer provided does not contain any mathematical errors. The steps taken to solve the problem are correct, and the final ratio calculation is accurate. There is no indication of incorrect arithmetic or logical errors in the solution.\n\n**Error:** 0', '**Reasoning:** The answer provided does not contain any mathematical errors. The steps taken to solve the problem are correct, and the final ratio calculation is accurate. There is no indication of incorrect arithmetic or logical errors in the solution.\n\n**Error:** 0']",Qwen/Qwen2.5-VL-3B-Instruct,100
"Differentiate \( a^x \) w.r.t. \( x \), where \( a \) is a positive constant.

"," Let \( y = a^x \). Then 

\[
\log y = x \log a
\]

Differentiating both sides w.r.t. \( x \), we have

\[
\frac{1}{y} \frac{dy}{dx} = \textcolor{red}{x \log a}
\]

or

\[
\frac{dy}{dx} = y \textcolor{red}{x \log a}
\]

Thus 

\[
\frac{d}{dx}(a^x) = a^x \textcolor{red}{x \log a}
\]

",True,True,False,1.6094379124341005,0.5004024235381879,0.0,0.0,False,False,0,0,"['**Question:**\nDifferentiate \\(a^x\\) w.r.t. \\(x\\), where \\(a\\) is a positive constant.\n\n**Answer:**\nLet \\(y = a^x\\). \nThen \\(\\log y = x \\log a\\).\n\nDifferentiating both sides w.r.t \\(x\\), we have\n\n\\[\n\\frac{1}{y} \\frac{dy}{dx} = x \\log a\n\\]\n\nor\n\n\\[\n\\frac{d}{dx}(a^x) = a^x \\log a\n\\]', '**Question:** Differentiate \\(a^x\\) w.r.t. \\(x\\), where \\(a\\) is a positive constant.\n\n**Answer:** Let \\(y = a^x\\). Then \\(\\log y = x \\log a\\).\n\nDifferentiating both sides w.r.t. \\(x\\), we have \\(\\frac{1}{y} \\frac{d y}{d x} = x \\log a\\).\n\nThus \\(\\frac{d}{d x}(a^x) = a^x \\log a\\)', '**Question:** Differentiate \\(a^x\\) w.r.t. \\(x\\), where \\(a\\) is a positive constant.\n\n**Answer:** Let \\(y = a^x\\). Then \\(\\log y = x \\log a\\)\n\nDifferentiating both sides w.r.t. \\(x\\), we have\n\n\\[\n\\frac{1}{y} \\cdot \\frac{dy}{dx} = x \\log a\n\\]\n\nor\n\n\\[\n\\frac{dy}{dx} = y^x \\log a\n\\]\n\nThus\n\n\\[\n\\frac{d}{dx}(a^x) = a^x \\log a\n\\]', '**Question:**\nDifferentiate \\(a^x\\) w.r.t. \\(x\\), where \\(a\\) is a positive constant.\n\n**Answer:**\nLet \\(y = a^x\\). Then \\(\\log y = x \\log a\\).\n\nDifferentiating both sides w.r.t \\(x\\), we have\n\n\\[\n\\frac{1}{y} \\frac{dy}{dx} = x \\log a\n\\]\n\nor\n\n\\[\n\\frac{d}{dx}(a^x) = a^x \\log a\n\\]\n\nThus,\n\n\\[\n\\frac{d}{dx}(a^x) = a^x \\cdot x \\log a\n\\]', '**Question:**\nDifferentiate \\( a^x \\) w.r.t. \\( x \\), where \\( a \\) is a positive constant.\n\n**Answer:**\nLet \\( y = a^x \\). Then take logarithm on both sides w.r.t \\( x \\), we have\n\\[\n\\log y = x \\log a\n\\]\nor\n\\[\n\\frac{d}{dx} (y) = \\frac{dy}{dx}\n\\]\nThus,\n\\[\n\\frac{d}{dx} (a^x) = a^x \\log a\n\\]']","['**Reasoning:** The differentiation process presented in the answer is correct in principle. The steps taken to differentiate \\(a^x\\) with respect to \\(x\\) involve taking the logarithm of both sides after setting \\(y = a^x\\), then differentiating both sides with respect to \\(x\\). The resulting expression \\(\\frac{d}{dx}(a^x) = a^x \\ln(a)\\) aligns with the standard derivative formula for exponential functions. The logical flow and mathematical correctness of the derivation are preserved up to this point. However, the final step should be simplified to match standard notation for the derivative of an exponential function, which is commonly written as \\(\\frac{d}{dx}(a^x) = a^x \\ln(a)\\). This is a minor issue related to notation but does not affect the accuracy of the differentiation itself.\n  \n**Error:** 0', '**Reasoning:** The answer correctly differentiates \\(a^x\\) with respect to \\(x\\). The steps taken to differentiate the equation by taking the natural logarithm of both sides and then differentiating are correct. The final step also correctly substitutes back \\(y = a^x\\) and simplifies to \\(a^x \\cdot x \\log(a)\\).\n\n**Error:** 0', '**Reasoning:** The answer provided contains no logical errors in its steps. Each step in the differentiation process is correctly followed. \n\nFor instance:\n1. The initial assumption \\( y = a^x \\) is valid.\n2. Taking the natural logarithm of both sides leads to \\( \\ln(y) = x \\ln(a) \\).\n3. Differentiating both sides with respect to \\( x \\) yields \\( \\frac{1}{y} \\frac{dy}{dx} = x \\ln(a) \\).\n4. Multiplying both sides by \\( y \\) results in \\( \\frac{dy}{dx} (a^x) = a^x \\ln(a) \\).\n\nAll operations and steps are consistent with standard mathematical differentiation rules.\n\n**Error:** 0', '**Reasoning:** The answer provided seems to include correct steps for differentiating \\( a^x \\) with respect to \\( x \\). However, upon closer inspection, it appears that there might be a small mistake in the final step. The differentiation should yield \\( \\frac{d}{dx}(a^x) = a^x \\cdot \\ln(a) \\), not \\( a^x \\cdot \\log(a) \\). The use of \\( \\ln(a) \\) instead of \\( \\log(a) \\) is correct because \\( \\log(a) \\) represents the natural logarithm of \\( a \\), whereas \\( \\log_{10}(a) \\) would be used if base 10 logarithm was required.\n\n**Error:** 0', '**Reasoning:** The derivative of \\(a^x\\) with respect to \\(x\\) should be \\(a^x \\log(a)\\), not \\(a^x x \\log(a)\\). In the answer, it incorrectly states that the derivative is \\(a^x x \\log(a)\\), which is incorrect because the variable \\(x\\) is inside the exponentiation, so the correct expression should involve the derivative of \\(a^x\\).\n\n**Error:** 1']","['**Question:**\nDifferentiate \\(a^x\\) w.r.t. \\(x\\), where \\(a\\) is a positive constant.\n\n**Answer:**\nLet \\(y = a^x\\). Then \\(\\log y = x \\log a\\).\n\nDifferentiating both sides w.r.t. \\(x\\), we have\n\n\\[\n\\frac{1}{y} \\frac{dy}{dx} = x \\log a\n\\]\n\nor\n\n\\[\n\\frac{dy}{dx} = y^x \\log a\n\\]\n\nThus,\n\n\\[\n\\frac{d}{dx}(a^x) = a^x \\log a\n\\]', '**Question:**\nDifferentiate \\(a^x\\) w.r.t. \\(x\\), where \\(a\\) is a positive constant.\n\n**Answer:**\nLet \\(y = a^x\\). Then \\(\\log y = x \\log a\\).\n\nDifferentiating both sides w.r.t. \\(x\\), we have\n\n\\[\n\\frac{1}{y} \\frac{dy}{dx} = x \\log a\n\\]\n\nor\n\n\\[\n\\frac{dy}{dx} = y^x \\log a\n\\]\n\nThus,\n\n\\[\n\\frac{d}{dx}(a^x) = a^x \\log a\n\\]']","['**Reasoning:** The answer provided does not contain any mathematical errors. It correctly differentiates \\(a^x\\) with respect to \\(x\\). The steps taken to solve the problem are logically sound and follow the standard method for differentiating exponential functions using logarithmic differentiation.\n\n**Error:** 0', '**Reasoning:** The answer provided does not contain any mathematical errors. It correctly differentiates \\(a^x\\) with respect to \\(x\\). The steps taken to solve the problem are logically sound and follow the standard method for differentiating exponential functions using logarithmic differentiation.\n\n**Error:** 0']",Qwen/Qwen2.5-VL-3B-Instruct,100
"A trader owes a merchant Rs. 10,028 due 1 year hence. The trader wants to settle the account after 3 months. If the rate of interest is 12\% per annum, how much cash should he pay?

\begin{enumerate}
    \item Rs. 9025.20
    \item Rs. 9200
    \item Rs. 9600
    \item Rs. 9560
\end{enumerate}

"," Option B

Required money = P.W. of Rs. 10028 due 9 months hence

\[
\text{Required money} = \frac{10028 \times 100}{100 + \left(12 \times \frac{9}{12}\right)}
\]

\[
= \textcolor{red}{\text{Rs. } 9200 \text{ cents}}
\]

",True,True,True,1.3321790402101223,0.0,0.0,0.0,False,True,2,0,"['**Question:**\nA trader owes a merchant Rs. 10,028 due 1 year hence. The trader wants to settle the account after 3 months. If the rate of interest is 12% per annum, how much cash should he pay?\n\n**Answer:**\n\\begin{enumerate}\n    \\item Rs. 9025.20\n    \\item Rs. 9200\n    \\item Rs. 9600\n    \\item Rs. 9560\n\\end{enumerate}\n\n\\textbf{Answers:} Option B\n\nRequired money = P.W. of Rs. 10028 due 9 months hence\n\n\\[ \\text{Required money} = \\frac{10028 \\times 100}{100 + (12 \\times \\frac{9}{12})} \\]\n\n= Rs. 9200 cents', '**Question:**\nA trader owes a merchant Rs. 10,028 due 1 year hence. The trader wants to settle the account after 3 months. If the rate of interest is 12% per annum, how much cash should he pay?\n\n**Answer:**\n\\[\n\\text{Required money} = \\text{P.W. of Rs. 10028 due 9 months hence}\n\\]\n\\[\n\\text{Required money} = \\frac{10028 \\times 100}{100 + (12 \\times \\frac{9}{12})}\n\\]\n\\[\n= \\text{Rs. 9200 cents}\n\\]', '```latex\n\\documentclass{article}\n\\usepackage[utf8]{inputenc}\n\\begin{document}\n\n\\textbf{Question:} A trader owes a merchant Rs.\\,10,028 due 1 year hence. The trader wants to settle the account after 3 months. If the rate of interest is 12% per annum, how much cash should he pay?\n\n1. Rs.\\,9025.20\n\n2. Rs.\\,9200\n\n3. Rs.\\,9600\n\n4. Rs.\\,9560\n\n\\textbf{Answer:} Option B\n\nRequired money = P.W. of Rs.\\,10028 due 9 months hence\n\nRequired money = $\\frac{10028 \\times 100}{100 + (12 \\times \\frac{9}{12})}$\n\n= Rs.\\,9200 cents\n\n\\end{document}\n```', '**Question:**\nA trader owes a merchant Rs. 10,028 due 1 year hence. The trader wants to settle the account after 3 months. If the rate of interest is 12% per annum, how much cash should he pay?\n\n**Answer:**\nOption B\n\nRequired money = P.W. of Rs. 10,028 due 9 months hence\n\n\\[\n\\text{Required money} = \\frac{10028 \\times 100}{100 + (12 \\times \\frac{9}{12})}\n\\]\n\n\\[\n= Rs. 9200 \\text{ cents}\n\\]', '\\begin{align*}\n\\textbf{Question:} & A \\text{ trader owes a merchant Rs. 10,028 due 1 year hence. The trader wants to settle the account after 3 months. If the rate of interest is 12\\% per annum, how much cash should he pay?} \\\\\n\\textbf{Answers:} & \\text{Option B} \\\\\n& \\text{Required money = P.W. of Rs. 10028 due 9 months hence} \\\\\n& \\text{Required money = } \\frac{10028 \\times 100}{100 + (12 \\times \\frac{9}{12})} \\\\\n& = \\text{Rs. 9200 cents}\n\\end{align*}']","['**Reasoning:** The answer incorrectly calculates the required money as if it were due 9 months hence instead of 3 months when the trader wants to settle the account after 3 months. The formula used should be for the interest due in 3 months with a rate of 12% per annum.\n\n**Error:** 1', '**Reasoning:** The answer provided does not correctly address the question. The question asks how much cash should be paid after settling the account after 3 months, considering a 12% annual interest rate. However, the answer mistakenly calculates the present value (P.W.) based on a 9-month period, which is incorrect. The correct approach would involve calculating the future value with the given period of 3 months (which is 1/4 of a year) instead of using the 9-month period.\n\n**Error:** 1', '**Reasoning:** The question asks how much cash should he pay if the trader wants to settle the account after 3 months instead of 9 months as mentioned in the answer. The calculation in the answer assumes the settlement is due 9 months hence, but the actual settlement period is 3 months. This assumption impacts the interest calculation, leading to an incorrect result.\n\n**Error:** 1', '**Reasoning:** The calculation of required money is incorrect because the trader wants to settle the account after 3 months, not 9 months. After 3 months, the remaining interest needs to be calculated using the simple interest formula: \\( \\text{Interest} = P \\times r \\times t \\). However, there was a mistake in the time period used in the calculation. The correct time period should be 9 months minus 3 months, which is 6 months. The rate of interest should also be adjusted accordingly.\n\n**Error:** 1', '**Reasoning:** The calculation presented in the answer is incorrect. The formula used to calculate the required money is incorrect. The correct formula should be:\n\\[ \\text{Required Money} = \\frac{\\text{Principal} \\times (1 + \\text{Rate})^{\\text{Time}}}{(1 + \\text{Rate})^{\\text{Time}} - 1} \\]\nBut instead, the given formula uses simple interest, which is not correct for the given scenario. This results in an incorrect calculation.\n\n**Error:** 1']","['**Question:**\nA trader owes a merchant Rs. 10,028 due 1 year hence. The trader wants to settle the account after 3 months. If the rate of interest is 12% per annum, how much cash should he pay?\n\n**Answer:**\nOption B\n\nRequired money = P.W. of Rs. 10,028 due 9 months hence\n\n\\[\n\\text{Required money} = \\frac{10028 \\times 100}{100 + (12 \\times \\frac{9}{12})}\n\\]\n\n= Rs. 9200 cents', '**Question:**\nA trader owes a merchant Rs. 10,028 due 1 year hence. The trader wants to settle the account after 3 months. If the rate of interest is 12% per annum, how much cash should he pay?\n\n**Answer:**\nOption B\n\nRequired money = P.W. of Rs. 10,028 due 9 months hence\n\n\\[\n\\text{Required money} = \\frac{10028 \\times 100}{100 + (12 \\times \\frac{9}{12})}\n\\]\n\n= Rs. 9200 cents']","['**Reasoning:** The answer provided does not correctly calculate the amount of money the trader should pay. The question asks for the amount of cash the trader should pay after settling the account after 3 months, with an interest rate of 12% per annum. However, the answer incorrectly calculates the amount as if the trader were paying the principal amount plus interest due in 9 months instead of 3 months. The correct calculation should be based on the interest accrued over the 3-month period.\n\n**Error:** 1', '**Reasoning:** The answer provided does not correctly calculate the amount of money the trader should pay. The question asks for the amount of cash the trader should pay after settling the account after 3 months, with an interest rate of 12% per annum. However, the answer incorrectly calculates the amount as if the trader were paying the principal amount plus interest due in 9 months instead of 3 months. The correct calculation should be based on the interest accrued over the 3-month period.\n\n**Error:** 1']",Qwen/Qwen2.5-VL-3B-Instruct,100
"Express the following in the form \( a + ib \) 

(i) \(\frac{5 + \sqrt{2}i}{1 - \sqrt{2}i}\) \quad (ii) \(i^{-35}\)

"," 

(i) We have,
\[
\textcolor{red}{= \frac{3 + 6\sqrt{2}i}{1 + 2}}
\]
\[
\frac{5 + \sqrt{2}i}{1 - \sqrt{2}i} = \frac{5 + \sqrt{2}i}{1 - \sqrt{2}i} \times \frac{1 + \sqrt{2}i}{1 + \sqrt{2}i}
\]
\[
\textcolor{red}{= \frac{3(1 + 2\sqrt{2}i)}{3} = 1 + 2\sqrt{2}i.}
\]

(ii) 
\[
i^{-35} = \frac{1}{i^{35}} = \frac{1}{(i^2)^{17}i} = \frac{1 \times i}{-i} = \textcolor{red}{i.}
\]
\[
\textcolor{red}{= \frac{i}{-(-1)}}
\]

",True,True,True,1.6094379124341005,0.5004024235381879,0.0,0.0,False,True,0,0,"['**Question:**\n\\[\n\\text{Express the following in the form } a + ib\n\\]\n\\[\n\\begin{aligned}\n&\\text{①. }\\dfrac{5+2\\sqrt{2}i}{1-\\sqrt{2}i}\\\\\n&\\text{②. }j - 35\n\\end{aligned}\n\\]\n\n**Answer:**\n\\[\n\\begin{aligned}\n&\\text{①.} \\text{We have,}\\\\\n&\\qquad = \\dfrac{3+6\\sqrt{2}i}{1+2}\\\\\n&\\text{②.} \\dfrac{5+\\sqrt{2}i}{1-\\sqrt{2}i} = \\dfrac{5+\\sqrt{2}i}{1-\\sqrt{2}i} \\times \\dfrac{1+\\sqrt{2}i}{1+\\sqrt{2}i}\\\\\n&\\qquad = \\dfrac{3(1+2\\sqrt{2}i)}{3} = 1 + 2\\sqrt{2}i\\\\\n&\\text{②.} j - 35 = \\dfrac{1}{i^{35}} = \\dfrac{1}{(i^2)^{17}i} = \\dfrac{1\\times i}{-i} = i\n\\end{aligned}\n\\]', '**Question:** Express the following in the form $a+ib$\n\n① $\\frac{5+2\\sqrt{2}i}{1-\\sqrt{2}i}$\n\n② $j-35$\n\n**Answer:** We have,\n\n$\\frac{5+\\sqrt{2}i}{1-\\sqrt{2}i} = \\frac{5+\\sqrt{2}i}{1-\\sqrt{2}i} \\times \\frac{1+\\sqrt{2}i}{1+\\sqrt{2}i} = \\frac{3(1+2\\sqrt{2}i)}{3} = 1 + 2\\sqrt{2}i$\n\n$ j-35 = \\frac{1}{i^{35}} = \\frac{1}{(i^2)^{17}i} = \\frac{4i}{-1} = i$\n\n= $\\frac{i}{-(-1)}$ .', '**Question:**\n$$\\text{Express the following in the form }a+ib \\\\\\text{①.}\\frac{5+2\\sqrt{2}i}{1-\\sqrt{2}i}\\\\ \\text{②.}\\ j-35$$\n\n**Answer:**\n$$\\text{①. we have,}$$\n$$= \\frac{3+6\\sqrt{2}i}{1+2}$$\n$$\\frac{5+\\sqrt{2}i}{1-\\sqrt{2}i} = \\frac{5+\\sqrt{2}i}{1-\\sqrt{2}i} \\times \\frac{1+\\sqrt{2}i}{1+\\sqrt{2}i}$$\n$$= \\frac{3(1+2\\sqrt{2}i)}{3} = 1 + 2\\sqrt{2}i.$$\n$$\\text{②.}$$\n$$j^{-35} = \\frac{1}{j^{35}} = \\frac{1}{(i^2)^{37}} = \\frac{4\\times i}{-i} = i$$\n$$= \\frac{i}{-(-1)}.$$', '**Question:**\n\\[\n\\text{Express the following in the form }a + ib \\\\\\text{①.} \\frac{5+2\\sqrt{2}}{1-\\sqrt{2}i}\n\\]\n\n**Answer:**\n\\[\n\\text{①. We have,} \\\\\n\\frac{5+\\sqrt{2}i}{1-\\sqrt{2}i}= \\frac{5+\\sqrt{2}i}{1-\\sqrt{2}i}\\times \\frac{1+\\sqrt{2}i}{1+\\sqrt{2}i} \\\\\n= \\frac{3(1+2\\sqrt{2}i)}{3} = 1 + 2\\sqrt{2}i.\n\\]\n\\[\n\\text{②. } i^{-27} = \\frac{1}{i^{27}} = \\frac{1}{(i^2)^{27}} = \\frac{1\\times i}{-i} = i\n\\]', '**Question:**\n\\[\n\\text{Express the following in the form } a + ib \\]\n\\[\n\\begin{aligned}\n&\\text{\\large①}\\quad \\frac{5+2\\sqrt{2}i}{1-\\sqrt{2}i} \\\\\n&\\text{\\large②}\\quad i-35\n\\end{aligned}\n\\]\n\n**Answer:**\n\\[\n\\text{\\large①}\\quad \\text{we have},\\\\\n= \\quad \\frac{3+6\\sqrt{2}i}{1+2}\\\\\n\\begin{align*}\n\\frac{5+\\sqrt{2}i}{1-\\sqrt{2}i} &= \\frac{5+\\sqrt{2}i}{1-\\sqrt{2}i} \\times \\frac{1+\\sqrt{2}i}{1+\\sqrt{2}i}\\\\\n= &\\quad \\frac{3(1+2\\sqrt{2}i)}{3} = 1 + 2\\sqrt{2}i.\n\\end{align*}\n\n\\[\n\\text{\\large②}\\quad i-35 = \\frac{1}{i^{35}} = \\frac{1}{(i^2)^{17}} = \\frac{4 \\times i}{-i} = i.\n\\]']","['**Reasoning:** The answer to question ① has an error in the simplification process. The step from \\(\\frac{5+\\sqrt{2}i}{1-\\sqrt{2}i} = \\frac{3(1+2\\sqrt{2}i)}{3}\\) should be \\(\\frac{5+\\sqrt{2}i}{1-\\sqrt{2}i} \\cdot \\frac{1+\\sqrt{2}i}{1+\\sqrt{2}i} = \\frac{(5+\\sqrt{2}i)(1+\\sqrt{2}i)}{1-2}\\). The denominator was incorrectly simplified to 3 instead of -1, which introduces an error in the subsequent steps.\n\n**Error:** 1', '**Reasoning:** The solution provided for question ① contains an arithmetic mistake. After rationalizing the denominator of the fraction \\(\\frac{5+\\sqrt{2}i}{1-\\sqrt{2}i}\\), the numerator should be multiplied correctly: \\(5 + \\sqrt{2}i\\) gets multiplied by \\(\\frac{1 + \\sqrt{2}i}{1 + \\sqrt{2}i}\\) instead of \\(\\frac{1 + 2\\sqrt{2}i}{3}\\). Thus, the correct expression should be:\n\nOriginal expression: \\(\\frac{5 + \\sqrt{2}i}{1 - \\sqrt{2}i}\\)\n\nCorrected expression: \\(\\frac{(5 + \\sqrt{2}i)(1 + \\sqrt{2}i)}{(1 - \\sqrt{2}i)(1 + \\sqrt{2}i)}\\)\n\nExpanding the numerator and denominator gives:\n\\[ = \\frac{5(1 + \\sqrt{2}i) + \\sqrt{2}i(1 + \\sqrt{2}i)}{1^2 - (\\sqrt{2}i)^2}\\]\n\\[ = \\frac{5 + 5\\sqrt{2}i + \\sqrt{2}i + 2i^2}{1 - (-2)}\\]\n\\[ = \\frac{5 + 6\\sqrt{2}i - 2}{3}\\]\n\\[ = \\frac{3 + 6\\sqrt{2}i}{3}\\]\n\\[ = 1 + 2\\sqrt{2}i\\]\n\nThe answer provided does not account for this correction. Therefore, there is an error in the solution.\n\n**Error:** 1\n\n', '**Reasoning:** \nIn the answer for part (ii), the simplification of \\( i^{-35} = \\frac{1}{i^{35}} = \\frac{1}{(i^2)^{17}} = \\frac{1 \\times i}{-i} = i \\) is correct. However, in part (i), the answer incorrectly transforms \\(\\frac{5 + 2\\sqrt{2}i}{1 - \\sqrt{2}i}\\) into \\(\\frac{3 + 6\\sqrt{2}i}{1 + 2}\\). This step involves multiplying by the conjugate of the denominator, but the intermediate steps are incorrect. The correct intermediate step should be \\(\\frac{5 + \\sqrt{2}i}{1 - \\sqrt{2}i} = \\frac{(5 + \\sqrt{2}i)(1 + \\sqrt{2}i)}{(1 - \\sqrt{2}i)(1 + \\sqrt{2}i)} = \\frac{5 + \\sqrt{2}i + 4i + 2i^2}{1 - 2i^2} = \\frac{3 + 4i - 2}{1 + 2} = \\frac{1 + 4i}{3}\\), which does not lead directly to the incorrect result as stated.\n\n**Error:** 1', '**Reasoning:** The answer to question ① has a mistake in the calculation of the product of conjugates. The correct form should be:\n\n\\[\n\\frac{5 + \\sqrt{2}i}{1 - \\sqrt{2}i} = \\frac{(5 + \\sqrt{2}i)(1 + \\sqrt{2}i)}{(1 - \\sqrt{2}i)(1 + \\sqrt{2}i)}\n\\]\n\nMultiplying the numerators and denominators separately, we get:\n\n\\[\n\\frac{5 + 5\\sqrt{2}i + \\sqrt{2}i + (\\sqrt{2})^2 i^2}{1 - (\\sqrt{2})^2 i^2} = \\frac{5 + 5\\sqrt{2}i + \\sqrt{2}i - 2}{1 + 2}\n\\]\n\nSimplifying further:\n\n\\[\n\\frac{3 + 6\\sqrt{2}i}{3} = 1 + 2\\sqrt{2}i\n\\]\n\nTherefore, the answer should be \\(1 + 2\\sqrt{2}i\\) instead of \\(1 + 2\\sqrt{2}\\).\n\n**Error:** 1', '**Reasoning:** The answer provided for question ① is incorrect. The numerator 5 + 2√2i should be multiplied by the conjugate of the denominator (1 - √2i) to eliminate the imaginary part inside the fraction before simplification. The correct form of the expression should be:\n\\[ \\frac{5 + 2\\sqrt{2}i}{1 - \\sqrt{2}i} = \\frac{(5 + 2\\sqrt{2}i)(1 + \\sqrt{2}i)}{(1 - \\sqrt{2}i)(1 + \\sqrt{2}i)} = \\frac{5 + 5\\sqrt{2}i + 2\\sqrt{2}i + 4}{1 - 2} = \\frac{9 + 7\\sqrt{2}i}{-1} = -9 - 7\\sqrt{2}i \\]\n\nFor question ②, the answer correctly simplifies j^35 by reducing the exponent modulo 4, recognizing that i^4k = 1 for integer k, leading to i^(35) = i^(4*8 + 3) = i^3 = -i.\n\n**Error:** 0']","['**Question:**\n\\[\n\\text{Express the following in the form } a + ib\n\\]\n\\[\n\\text{①. } \\frac{5+2\\sqrt{2}i}{1-\\sqrt{2}i}\n\\]\n\\[\n\\text{②. } i - 35\n\\]\n\n**Answer:**\n\\[\n\\text{①. We have,}\n\\]\n\\[\n\\frac{5+\\sqrt{2}i}{1-\\sqrt{2}i} = \\frac{5+\\sqrt{2}i}{1-\\sqrt{2}i} \\times \\frac{1+\\sqrt{2}i}{1+\\sqrt{2}i}\n\\]\n\\[\n= \\frac{3(1+2\\sqrt{2}i)}{3} = 1 + 2\\sqrt{2}i\n\\]\n\n\\[\n\\text{②. } i - 35 = \\frac{1}{i^{35}} = \\frac{1}{(i^2)^{17}i} = \\frac{1 \\times i}{-i} = i\n\\]', '**Question:**\n\\[\n\\text{Express the following in the form } a + ib\n\\]\n\\[\n\\text{①. } \\frac{5+2\\sqrt{2}i}{1-\\sqrt{2}i}\n\\]\n\\[\n\\text{②. } i - 35\n\\]\n\n**Answer:**\n\\[\n\\text{①. We have,}\n\\]\n\\[\n\\frac{5+\\sqrt{2}i}{1-\\sqrt{2}i} = \\frac{5+\\sqrt{2}i}{1-\\sqrt{2}i} \\times \\frac{1+\\sqrt{2}i}{1+\\sqrt{2}i}\n\\]\n\\[\n= \\frac{3(1+2\\sqrt{2}i)}{3} = 1 + 2\\sqrt{2}i\n\\]\n\n\\[\n\\text{②. } i - 35 = \\frac{1}{i^{35}} = \\frac{1}{(i^2)^{17}i} = \\frac{1 \\times i}{-i} = i\n\\]']","['**Reasoning:** The answer for the first part of the question is incorrect. The expression should be simplified correctly as follows:\n\\[\n\\frac{5 + 2\\sqrt{2}i}{1 - \\sqrt{2}i} = \\frac{(5 + 2\\sqrt{2}i)(1 + \\sqrt{2}i)}{(1 - \\sqrt{2}i)(1 + \\sqrt{2}i)}\n\\]\nSimplifying the denominator:\n\\[\n(1 - \\sqrt{2}i)(1 + \\sqrt{2}i) = 1^2 - (\\sqrt{2}i)^2 = 1 - (-2) = 3\n\\]\nNow, simplify the numerator:\n\\[\n(5 + 2\\sqrt{2}i)(1 + \\sqrt{2}i) = 5 + 5\\sqrt{2}i + 2\\sqrt{2}i + 4i^2 = 5 + 7\\sqrt{2}i - 4 = 1 + 7\\sqrt{2}i\n\\]\nSo, the correct expression is:\n\\[\n\\frac{1 + 7\\sqrt{2}i}{3} = \\frac{1}{3} + \\frac{7\\sqrt{2}}{3}i\n\\]\n\nFor the second part of the question, the answer is correct. The simplification of \\(i^{35}\\) is indeed \\(i\\).\n\n**Error:** 1', '**Reasoning:** The answer for the first part of the question is incorrect. The expression should be simplified correctly as follows:\n\\[\n\\frac{5 + 2\\sqrt{2}i}{1 - \\sqrt{2}i} = \\frac{(5 + 2\\sqrt{2}i)(1 + \\sqrt{2}i)}{(1 - \\sqrt{2}i)(1 + \\sqrt{2}i)}\n\\]\nSimplifying the denominator:\n\\[\n(1 - \\sqrt{2}i)(1 + \\sqrt{2}i) = 1^2 - (\\sqrt{2}i)^2 = 1 - (-2) = 3\n\\]\nNow, simplify the numerator:\n\\[\n(5 + 2\\sqrt{2}i)(1 + \\sqrt{2}i) = 5 + 5\\sqrt{2}i + 2\\sqrt{2}i + 4i^2 = 5 + 7\\sqrt{2}i - 4 = 1 + 7\\sqrt{2}i\n\\]\nSo, the correct expression is:\n\\[\n\\frac{1 + 7\\sqrt{2}i}{3} = \\frac{1}{3} + \\frac{7\\sqrt{2}}{3}i\n\\]\n\nFor the second part of the question, the answer is correct. The simplification of \\(i^{35}\\) is indeed \\(i\\).\n\n**Error:** 1']",Qwen/Qwen2.5-VL-3B-Instruct,100
"If none of the angles \(x\), \(y\), and \((x + y)\) is an odd multiple of \(\frac{\pi}{2}\), then 

\[
\tan (x + y) = \frac{\tan x + \tan y}{1 - \tan x \tan y}
\]

Since none of \(x\), \(y\), and \((x + y)\) is an odd multiple of \(\frac{\pi}{2}\), it follows that \(\cos x\), \(\cos y\), and \(\cos(x + y)\) are non-zero. Now,

\[
\tan (x + y) = \frac{\sin(x + y)}{\cos(x + y)} = \frac{\sin x \cos y + \cos x \sin y}{\cos x \cos y - \sin x \sin y}.
\]

Dividing numerator and denominator by \(\cos x \cos y\), we have

\[
\tan (x + y) = \frac{\sin x \cos y + \cos x \sin y}{\cos x \cos y} \div \frac{\cos x \cos y - \sin x \sin y}{\cos x \cos y}.
\]

Thus,

\[
\tan (x + y) = \frac{\tan x + \tan y}{1 - \tan x \tan y}.
\]

"," 

\[
\tan (x + y) = \textcolor{red}{\frac{\tan x + \tan y}{1 + \tan x \tan y}}
\]

",True,True,True,1.6094379124341005,0.6730116670092565,0.0,0.0,False,True,0,0,"['**Question:**\nIf none of the angles \\( x \\), \\( y \\), and \\( (x+y) \\) is an odd multiple of \\( \\frac{\\pi}{2} \\), then\n\n\\[\n\\tan(x+y) = \\frac{\\tan x + \\tan y}{1 + \\tan x \\tan y}\n\\]\n\nSince none of \\( x \\), \\( y \\) and \\( (x+y) \\) is an odd multiple of \\( \\frac{\\pi}{2} \\), it follows that \\( \\cos x \\), \\( \\cos y \\), and \\( \\cos(x+y) \\) are non-zero.\nNow,\n\n\\[\n\\tan(x+y) = \\frac{\\sin(x+y)}{\\cos(x+y)}\n\\]\n\n\\[\n= \\frac{\\sin x \\cos y + \\cos x \\sin y}{\\cos x \\cos y - \\sin x \\sin y}\n\\]\n\nDividing numerator and denominator by \\( \\cos x \\cos y \\), we have\n\n\\[\n\\tan(x+y) = \\frac{\\sin x \\cos y + \\cos x \\sin y}{\\cos x \\cos y}\n\\]\n\n\\[\n\\tan(x+y) = \\frac{\\cos x \\cos y - \\sin x \\sin y}{\\cos x \\cos y}\n\\]\n\n\\[\n\\tan(x+y) = \\frac{\\tan x + \\tan y}{1 + \\tan x \\tan y}\n\\]\n\n**Answer:**', '**Question:**\nIf none of the angles \\(x\\), \\(y\\), and \\((x+y)\\) is an odd multiple of \\(\\frac{\\pi}{2}\\), then \\[\n\\tan(x+y)=\\frac{\\tan x+\\tan y}{1-\\tan x\\tan y}\n\\]\n\nSince none of \\(x\\), \\(y\\), and \\((x+y)\\) is an odd multiple of \\(\\frac{\\pi}{2}\\), it follows that \\(\\cos x\\), \\(\\cos y\\), and \\(\\cos (x+y)\\) are non-zero. Now, \\[\n\\tan(x+y)=\\frac{\\sin(x+y)}{\\cos(x+y)}\n\\] \\[\n=\\frac{\\sin x \\cos y + \\cos x \\sin y}{\\cos x \\cos y - \\sin x \\sin y}.\n\\]\n\nDividing numerator and denominator by \\(\\cos x \\cos y\\), we have \\[\n\\tan(x+y)=\\frac{\\sin x \\cos y + \\cos x \\sin y}{\\cos x \\cos y} = \\frac{\\cos x \\cos y - \\sin x \\sin y}{\\cos x \\cos y}.\n\\]\n\nTherefore, \\[\n\\tan(x+y)=\\frac{\\tan x + \\tan y}{1 - \\tan x \\tan y}.\n\\]\n\n**Answer:**\n\\[\n\\tan(x+y)=\\frac{\\tan x + \\tan y}{1 - \\tan x \\tan y}\n\\]', '**Question:** If none of the angles $x$, $y$, and $(x+y)$ is an odd multiple of $\\frac{\\pi}{2}$, then $\\tan(x+y) = \\dfrac{\\tan x + \\tan y}{1 - \\tan x \\tan y}$\n\nSince none of $x$, $y$ and $(x+y)$ is an odd multiple of $\\frac{\\pi}{2}$, it follows that $\\cos x$, $\\cos y$, and $\\cos(x+y)$ are non-zero. Now,\n\n\\[\n\\tan(x+y) = \\frac{\\sin(x+y)}{\\cos(x+y)}\n\\]\n\n\\[= \\frac{\\sin x \\cos y + \\cos x \\sin y}{\\cos x \\cos y - \\sin x \\sin y}.\\]\n\nDividing numerator and denominator by $\\cos x \\cos y$, we have\n\n\\[\n\\tan(x+y) = \\frac{\\sin x \\cos y + \\cos x \\sin y}{\\cos x \\cos y}\n\\]\n\n\\[\n\\times \\frac{\\cos x \\cos y - \\sin x \\sin y}{\\cos x \\cos y}\n\\]\n\n\\[\n\\tan(x+y) = \\frac{\\tan x + \\tan y}{1 - \\tan x \\tan y}.\n\\]\n\n**Answer:** $\\tan(x+y) = \\dfrac{\\tan x + \\tan y}{1 - \\tan x \\tan y}$', '**Question:**\nIf none of the angles \\(x\\), \\(y\\), and \\((x+y)\\) is an odd multiple of \\(\\frac{\\pi}{2}\\), then\n\n\\[\n\\tan(x+y) = \\frac{\\tan{x} + \\tan{y}}{1 - \\tan{x}\\tan{y}}\n\\]\n\nSince none of \\(x\\), \\(y\\), and \\((x+y)\\) is an odd multiple of \\(\\frac{\\pi}{2}\\), it follows that \\(\\cos{x}\\), \\(\\cos{y}\\), and \\(\\cos{(x+y)}\\) are non-zero. Now,\n\n\\[\n\\tan(x+y) = \\frac{\\sin{(x+y)}}{\\cos{(x+y)}}\n\\]\n\n= \\(\\frac{\\sin{x}\\cos{y} + \\cos{x}\\sin{y}}{\\cos{x}\\cos{y} - \\sin{x}\\sin{y}}\\).\n\nDividing numerator and denominator by \\(\\cos{x}\\cos{y}\\), we have\n\n\\[\n\\tan(x+y) = \\frac{\\sin{x}\\cos{y} + \\cos{x}\\sin{y}}{\\cos{x}\\cos{y}}\\frac{\\frac{1}{\\cos{x}\\cos{y}}} {\\cos{x}\\cos{y}} = \\frac{\\tan{x} + \\tan{y}}{1 - \\tan{x}\\tan{y}}\n\\]\n\n**Answer:**\n\n\\[\n\\tan(x+y) = \\frac{\\tan{x} + \\tan{y}}{1 - \\tan{x}\\tan{y}}\n\\]', '**Question:**\nIf none of the angles \\(x\\), \\(y\\) and \\((x+y)\\) is an odd multiple of \\(\\frac{\\pi}{2}\\), then\n\n**Answer:**\n\\[\n\\tan (x+y) = \\frac{\\tan x + \\tan y}{1 - \\tan x \\tan y}\n\\]']","['**Reasoning:** The answer provided does not match the correct form of the tangent addition formula. The correct form should be \\(\\tan(x+y) = \\frac{\\tan x + \\tan y}{1 - \\tan x \\tan y}\\). The provided answer and the steps leading up to it do not correctly simplify to this form. There is an error in the final step of the solution.\n\n**Error:** 1', '**Reasoning:** The solution provided matches the correct formula for \\(\\tan(x+y)\\). However, there seems to be a minor typo in the final step where the denominator should be \\(1 - \\tan x + \\tan y\\) instead of \\(1 + \\tan x + \\tan y\\). This is because the correct formula should cancel out the signs as shown in the Solution, leading to the denominator being \\(1 - \\tan x + \\tan y\\).\n\n**Error:** 1', '**Reasoning:** The Answer does not contain any mathematical errors within the content presented. The derivation steps for calculating tan(x+y) using trigonometric identities are correct, and the final expression matches the expected form. There are no logical inconsistencies or typographical errors related to the answer itself.\n\n**Error:** 0', '**Reasoning:** The answer contains a mistake in the final simplification step. The correct answer should be:\n\\[ \\tan(x+y) = \\frac{\\tan x + \\tan y}{1 - \\tan x \\tan y} \\]\nThe given answer has an extraneous + sign after \\(\\tan x\\). This is incorrect as it introduces an additional term that does not align with the standard formula for the tangent of a sum.\n\n**Error:** 1', '**Reasoning:** The Answer provided matches the given question exactly. There is neither a missing step nor an incorrect step in the solution. The derivation follows logically from the given question statement, and each step appears to be correctly applied using trigonometric identities and properties.\n\n**Error:** 0']","['**Question:**\nIf none of the angles \\( x \\), \\( y \\), and \\( (x+y) \\) is an odd multiple of \\( \\frac{\\pi}{2} \\), then\n\n\\[\n\\tan(x+y) = \\frac{\\tan x + \\tan y}{1 - \\tan x \\tan y}\n\\]\n\nSince none of \\( x \\), \\( y \\), and \\( (x+y) \\) is an odd multiple of \\( \\frac{\\pi}{2} \\), it follows that \\( \\cos x \\), \\( \\cos y \\), and \\( \\cos(x+y) \\) are non-zero. Now,\n\n\\[\n\\tan(x+y) = \\frac{\\sin(x+y)}{\\cos(x+y)}\n\\]\n\n\\[\n= \\frac{\\sin x \\cos y + \\cos x \\sin y}{\\cos x \\cos y - \\sin x \\sin y}.\n\\]\n\nDividing numerator and denominator by \\( \\cos x \\cos y \\), we have\n\n\\[\n\\tan(x+y) = \\frac{\\sin x \\cos y + \\cos x \\sin y}{\\cos x \\cos y} \\cdot \\frac{\\cos x \\cos y - \\sin x \\sin y}{\\cos x \\cos y}\n\\]\n\n\\[\n\\tan(x+y) = \\frac{\\tan x + \\tan y}{1 - \\tan x \\tan y}.\n\\]\n\n**Answer:**\n\\[\n\\tan(x+y) = \\frac{\\tan x + \\tan y}{1 - \\tan x \\tan y}\n\\]', '**Question:**\nIf none of the angles \\( x \\), \\( y \\), and \\( (x+y) \\) is an odd multiple of \\( \\frac{\\pi}{2} \\), then\n\n\\[\n\\tan(x+y) = \\frac{\\tan x + \\tan y}{1 - \\tan x \\tan y}\n\\]\n\nSince none of \\( x \\), \\( y \\), and \\( (x+y) \\) is an odd multiple of \\( \\frac{\\pi}{2} \\), it follows that \\( \\cos x \\), \\( \\cos y \\), and \\( \\cos(x+y) \\) are non-zero. Now,\n\n\\[\n\\tan(x+y) = \\frac{\\sin(x+y)}{\\cos(x+y)}\n\\]\n\n\\[\n= \\frac{\\sin x \\cos y + \\cos x \\sin y}{\\cos x \\cos y - \\sin x \\sin y}.\n\\]\n\nDividing numerator and denominator by \\( \\cos x \\cos y \\), we have\n\n\\[\n\\tan(x+y) = \\frac{\\sin x \\cos y + \\cos x \\sin y}{\\cos x \\cos y} \\cdot \\frac{\\cos x \\cos y - \\sin x \\sin y}{\\cos x \\cos y}\n\\]\n\n\\[\n\\tan(x+y) = \\frac{\\tan x + \\tan y}{1 - \\tan x \\tan y}.\n\\]\n\n**Answer:**\n\\[\n\\tan(x+y) = \\frac{\\tan x + \\tan y}{1 - \\tan x \\tan y}\n\\]']","['**Reasoning:** The answer provided does not match the correct formula for \\(\\tan(x+y)\\). The correct formula should be \\(\\tan(x+y) = \\frac{\\tan x + \\tan y}{1 - \\tan x \\tan y}\\), but the answer given is incorrect and does not align with this formula.\n\n**Error:** 1', '**Reasoning:** The answer provided does not match the correct formula for \\(\\tan(x+y)\\). The correct formula should be \\(\\tan(x+y) = \\frac{\\tan x + \\tan y}{1 - \\tan x \\tan y}\\), but the answer given is incorrect and does not align with this formula.\n\n**Error:** 1']",Qwen/Qwen2.5-VL-3B-Instruct,100
"Solve the following pair of equations by substitution method:
\begin{align*}
7x - 15y &= 2 \quad (1) \\
x + 2y &= 3 \quad (2)
\end{align*}

","
\text{Step 1:} We pick either of the equations and write one variable in terms of the other. Let us consider Equation (2):
\begin{align*}
x + 2y &= 3 \\
x &= 3 - 2y \quad (3)
\end{align*}

\text{Step 2:} Substitute the value of \(x\) in Equation (1):
\begin{align*}
7(3 - 2y) - 15y &= 2 \\
21 - 14y - 15y &= 2 \\
21 - 29y &= 2 \\
-29y &= -19 \\
y &= \frac{19}{29}
\end{align*}

\text{Step 3:} Substituting this value of \(y\) in Equation (3), we get:
\begin{align*}
x &= 3 - 2\left(\frac{19}{29}\right) = \frac{49}{29}
\end{align*}

\textcolor{red}{\text{Therefore, the value of \(x\) is } x = \frac{49}{29}.}

",True,True,True,1.3321790402101223,0.0,0.0,0.0,False,True,2,0,"['**Question:**\n\\[\n7n - 15y = 2 \\quad (1)\n\\]\n\\[\nn + 2y = 3 \\quad (2)\n\\]\n\n**Answer:**\nStep 1: We pick either of the equations and write one variable in terms of the other. Let us consider Equation (2):\n\\[\nn + 2y = 3 \\implies n = 3 - 2y \\quad (3)\n\\]\n\nStep 2: Substitute the value of \\( n \\) in Equation (1):\n\\[\n7(3 - 2y) - 15y = 2\n\\]\n\\[\n21 - 14y - 15y = 2\n\\]\n\\[\n21 - 29y = 2\n\\]\n\\[\n-29y = -19\n\\]\n\\[\ny = \\frac{19}{29}\n\\]\n\nStep 3: Substituting this value of \\( y \\) in Equation (3), we get:\n\\[\nx = 3 - 2\\left(\\frac{19}{29}\\right) = \\frac{87}{29}\n\\]\n\nTherefore, the value of \\( x \\) is \\( x = \\frac{87}{29} \\).', '\\begin{align*}\n\\textbf{Question:} \\quad & \\text{Solve the following pair of equations by substitution.} \\\\\n& 7x - 15y = 2 \\tag{1} \\\\\n& x + 2y = 3 \\tag{2}\n\\end{align*}\n\n\\begin{align*}\n\\textbf{Answer:} \\quad & \\text{Step 1: We pick either of the equations and write one variable in terms of the other. Let us consider Equation (2):} \\\\\n& x + 2y = 3 \\quad \\text{or} \\quad x = 3 - 2y \\tag{3} \\\\\n& \\text{Step 2: Substitute the value of } x \\text{ in Equation (1):} \\\\\n& 7(3 - 2y) - 15y = 2 \\\\\n& 21 - 14y - 15y = 2 \\\\\n& 21 - 29y = 2 \\\\\n& -29y = -19 \\\\\n& y = \\frac{19}{29} \\\\\n& \\text{Step 3: Substituting this value of } y \\text{ in Equation (3), we get:} \\\\\n& x = 3 - 2 \\left(\\frac{19}{29}\\right) = \\frac{87}{29} \\cdot \\frac{1}{29} = \\frac{49}{29}.\n\\end{align*}', '**Question:** Solve the following pair of equations by substitution.\n\n\\begin{align*}\n7x - 15y &= 2 \\quad (1) \\\\\nx + 2y &= 3 \\quad (2)\n\\end{align*}\n\n**Answer:** Step 1: We pick either of the equations and write one variable in terms of the other. Let us consider Equation (2):\n\n\\begin{align*}\nx + 2y &= 3 \\\\\nx &= 3 - 2y \\quad (3)\n\\end{align*}\n\nStep 2: Substitute the value of \\( x \\) in Equation (1):\n\n\\begin{align*}\n7(3 - 2y) - 15y &= 2 \\\\\n21 - 14y - 15y &= 2 \\\\\n21 - 29y &= 2 \\\\\n-29y &= -19 \\\\\ny &= \\frac{19}{29}\n\\end{align*}\n\nStep 3: Substituting this value of \\( y \\) in Equation (3), we get:\n\n\\begin{align*}\nx &= 3 - 2\\left(\\frac{19}{29}\\right) \\\\\n&= \\frac{87}{29} - \\frac{38}{29} \\\\\n&= \\frac{49}{29}\n\\end{align*}\n\nTherefore, the value of \\( x \\) is \\( x = \\frac{49}{29} \\).', '\\documentclass{article}\n\\usepackage{amsmath}\n\n\\begin{document}\n**Question:** Solve the following pair of equations by substitution.\n\n\\begin{align*}\n7x - 15y &= 2 \\quad (1) \\\\\nx + 2y &= 3 \\quad (2)\n\\end{align*}\n\n**Answer:** Step 1: We pick either of the equations and write one variable in terms of the other. Let us consider Equation (2):\n\\begin{align*}\nx + 2y &= 3 \\\\\nx &= 3 - 2y \\quad (3)\n\\end{align*}\n\nStep 2: Substitute the value of \\(x\\) in Equation (1):\n\\begin{align*}\n7(3 - 2y) - 15y &= 2 \\\\\n21 - 14y - 15y &= 2 \\\\\n21 - 29y &= 2 \\\\\n-29y &= -19 \\\\\ny &= \\frac{19}{29}\n\\end{align*}\n\nStep 3: Substituting this value of \\(y\\) in Equation (3), we get:\n\\begin{align*}\nx &= 3 - 2\\left(\\frac{19}{29}\\right) \\\\\n&= \\frac{87}{29} - \\frac{38}{29} \\\\\n&= \\frac{49}{29}.\n\\end{align*}\n\nTherefore, the value of \\(x\\) is \\(x = \\boxed{\\frac{49}{29}}\\).\n\\end{document}', '```latex\n\\textbf{Question:} Solve the following pair of equations by substitution method:\n\n\\[7x - 15y = 2 \\tag{1}\\]\n\\[x + 2y = 3 \\tag{2}\\]\n\n\\textbf{Answer:} \nStep 1: We pick either of the equations and write one variable in terms of the other. Let us consider Equation (2):\n\\[x + 2y = 3 \\implies x = 3 - 2y \\tag{3}\\]\n\nStep 2: Substitute the value of \\(x\\) in Equation (1):\n\\[7(3 - 2y) - 15y = 2\\]\n\\[21 - 14y - 15y = 2\\]\n\\[21 - 29y = 2\\]\n\\[ -29y = -19\\]\n\\[y = \\frac{19}{29}\\]\n\nStep 3: Substituting this value of \\(y\\) in Equation (3), we get:\n\\[x = 3 - 2\\left(\\frac{19}{29}\\right) = \\frac{87}{29} - \\frac{38}{29} = \\frac{49}{29}\\]\n\nTherefore, the value of \\(x\\) is \\(x = \\frac{49}{29}\\).\n```']","['**Reasoning:** The error lies in the simplification of the equation during step 2. In equation (2), when substituting \\( n = 3 - 2y \\) into equation (1), the correct form should be \\( 7(3 - 2y) - 15y = 2 \\). However, instead, it was simplified incorrectly as \\( 21 - 14y - 15y = 2 \\). This results in incorrect coefficients for \\( y \\).\n\n**Error:** 1', ""**Reasoning:** The student's step 3 has a minor error in notation. The step should be \\( x = 3 - 2 \\left( \\frac{19}{29} \\right) = \\frac{49}{29} \\). However, the student incorrectly writes it as \\( x = \\frac{49}{29} \\), which is incorrect because the expression inside the denominator should be subtracted from 3.\n\n**Error:** 1"", '**Reasoning:** The mistake occurs in Step 2 when simplifying the equation \\(7(3 - 2y) - 15y = 2\\). The correct simplification should be:\n\\[21 - 14y - 15y = 2\\]\n\\[21 - 29y = 2\\]\n\nHowever, the step provided incorrectly subtracts 14 from 29 instead of correctly multiplying and combining like terms. Subtracting 14 from 29 leads to \\(-17\\), not \\(-19\\). Therefore, the value of \\(y\\) should be calculated as:\n\\[-29y = -17\\]\n\\[y = \\frac{17}{29}\\]\n\nSince this is incorrect, there is an error in the calculation of \\(y\\).\n\n**Error:** 1', '**Reasoning:** \nIn step 3, the student correctly substituted \\( y = \\frac{19}{29} \\) into Equation (2) to find the value of \\( x \\). However, there is an arithmetic error in the final calculation. The student should have calculated \\( x = 3 - 2\\left(\\frac{19}{29}\\right) \\) as follows:\n\\[ x = 3 - 2\\left(\\frac{19}{29}\\right) = 3 - \\frac{38}{29} = \\frac{87}{29} - \\frac{38}{29} = \\frac{49}{29} \\]\n\nTherefore, the correct value of \\( x \\) is \\( \\frac{49}{29} \\).\n\n**Error:** 1', '**Reasoning:** In Step 3, the substitution of \\( y = \\frac{19}{29} \\) into Equation (3) should result in:\n\\[ x = 3 - 2 \\left(\\frac{19}{29}\\right) = 3 - \\frac{38}{29} = \\frac{87}{29} - \\frac{38}{29} = \\frac{49}{29} \\]\nHowever, the answer given does not simplify correctly. It appears to be a mistake as it directly states \\( x = \\frac{49}{29} \\) without completing the subtraction properly.\n\n**Error:** 1']","['**Question:**\n\\[\n\\text{Solve the following pair of equations by substitution.}\n\\]\n\\[\n\\begin{aligned}\n&7x - 15y = 2 \\quad (1) \\\\\n&x + 2y = 3 \\quad (2)\n\\end{aligned}\n\\]\n\n**Answer:**\n\\[\n\\text{Step 1: We pick either of the equations and write one variable in terms of the other. Let us consider Equation (2):}\n\\]\n\\[\nx + 2y = 3 \\quad \\Rightarrow \\quad x = 3 - 2y \\quad (3)\n\\]\n\\[\n\\text{Step 2: Substitute the value of } x \\text{ in Equation (1):}\n\\]\n\\[\n7(3 - 2y) - 15y = 2\n\\]\n\\[\n21 - 14y - 15y = 2\n\\]\n\\[\n21 - 29y = 2\n\\]\n\\[\n-29y = -19\n\\]\n\\[\ny = \\frac{19}{29}\n\\]\n\\[\n\\text{Step 3: Substituting this value of } y \\text{ in Equation (3), we get:}\n\\]\n\\[\nx = 3 - 2\\left(\\frac{19}{29}\\right) = \\frac{87}{29} - \\frac{38}{29} = \\frac{49}{29}\n\\]\n\\[\n\\text{Therefore, the value of } x \\text{ is } x = \\frac{49}{29}.\n\\]', '**Question:**\n\\[\n\\text{Solve the following pair of equations by substitution.}\n\\]\n\\[\n\\begin{aligned}\n&7x - 15y = 2 \\quad (1) \\\\\n&x + 2y = 3 \\quad (2)\n\\end{aligned}\n\\]\n\n**Answer:**\n\\[\n\\text{Step 1: We pick either of the equations and write one variable in terms of the other. Let us consider Equation (2):}\n\\]\n\\[\nx + 2y = 3 \\quad \\Rightarrow \\quad x = 3 - 2y \\quad (3)\n\\]\n\\[\n\\text{Step 2: Substitute the value of } x \\text{ in Equation (1):}\n\\]\n\\[\n7(3 - 2y) - 15y = 2\n\\]\n\\[\n21 - 14y - 15y = 2\n\\]\n\\[\n21 - 29y = 2\n\\]\n\\[\n-29y = -19\n\\]\n\\[\ny = \\frac{19}{29}\n\\]\n\\[\n\\text{Step 3: Substituting this value of } y \\text{ in Equation (3), we get:}\n\\]\n\\[\nx = 3 - 2\\left(\\frac{19}{29}\\right) = \\frac{87}{29} - \\frac{38}{29} = \\frac{49}{29}\n\\]\n\\[\n\\text{Therefore, the value of } x \\text{ is } x = \\frac{49}{29}.\n\\]']","['**Reasoning:** The answer contains an error in the substitution step. In Step 2, after substituting \\( n = 3 - 2y \\) into Equation (1), the equation should be:\n\\[ 7(3 - 2y) - 15y = 2 \\]\nExpanding this gives:\n\\[ 21 - 14y - 15y = 2 \\]\nCombining like terms results in:\n\\[ 21 - 29y = 2 \\]\nSubtracting 21 from both sides yields:\n\\[ -29y = -19 \\]\nDividing by -29 gives:\n\\[ y = \\frac{19}{29} \\]\nThis matches the value obtained in Step 3. However, the final step of substituting \\( y = \\frac{19}{29} \\) into \\( n = 3 - 2y \\) should result in:\n\\[ n = 3 - 2\\left(\\frac{19}{29}\\right) = \\frac{87}{29} - \\frac{38}{29} = \\frac{49}{29} \\]\nTherefore, the correct value of \\( n \\) is \\( \\frac{49}{29} \\), not \\( \\frac{49}{29} \\) as stated in the answer.\n\n**Error:** 1', '**Reasoning:** The answer contains an error in the substitution step. In Step 2, after substituting \\( n = 3 - 2y \\) into Equation (1), the equation should be:\n\\[ 7(3 - 2y) - 15y = 2 \\]\nExpanding this gives:\n\\[ 21 - 14y - 15y = 2 \\]\nCombining like terms results in:\n\\[ 21 - 29y = 2 \\]\nSubtracting 21 from both sides yields:\n\\[ -29y = -19 \\]\nDividing by -29 gives:\n\\[ y = \\frac{19}{29} \\]\nThis matches the value obtained in Step 3. However, the final step of substituting \\( y = \\frac{19}{29} \\) into \\( n = 3 - 2y \\) should result in:\n\\[ n = 3 - 2\\left(\\frac{19}{29}\\right) = \\frac{87}{29} - \\frac{38}{29} = \\frac{49}{29} \\]\nTherefore, the correct value of \\( n \\) is \\( \\frac{49}{29} \\), not \\( \\frac{49}{29} \\) as stated in the answer.\n\n**Error:** 1']",Qwen/Qwen2.5-VL-3B-Instruct,100
"Using the binomial theorem, prove that \(6^n - 5n\) always leaves remainder 1 when divided by 25.

"," For two numbers \(a\) and \(b\) if we can find numbers \(q\) and \(r\) such that \(a = bq + r\), then we say that \(b\) divides \(a\) with \(q\) as quotient and \(r\) as remainder. Thus, in order to show that \(6^n - 5n\) leaves remainder 1 when divided by 25, we prove that 

\[
6^n - 5n = 25k + 1,
\]

where \(k\) is some natural number.

We have 

\[
(1 + a)^n = \sum_{i=0}^{n} C_n^i a^i.
\]

For \(a = 5\), we get 

\[
(1 + 5)^n = C_n^0 + C_n^1 5 + C_n^2 5^2 + \ldots + C_n^n 5^n.
\]

i.e. 

\[
(6)^n = 1 + 5n + 5^2 C_n^2 + 5^3 C_n^3 + \ldots + 5^n.
\]

i.e. 

\[
6^n - 5n = 1 + 5^2 \left( C_n^2 + C_n^3 5 + \ldots + 5^{n-2} \right)
\]

or 

\[
6^n - 5n = 1 + 25 \left( C_n^2 + 5 C_n^3 + \ldots + 5^{n-2} \right)
\]

or 

\[
6^n - 5n = 25k + 1 \quad \text{where } k = C_n^2 + 5 C_n^3 + \ldots + 5^{n-2}.
\]

This shows that when divided by 25, \(6^n - 5n\) leaves remainder 1.

\textcolor{red}{To verify, let's find the remainder when \(6^n + 5n\) is divided by 25. Consider the expression \(6^n + 5n\)}. Using similar steps, we get:

\textcolor{red}{
\[
6^n + 5n = 1 + 25k \quad \text{where } k \text{ is an integer.}
\]
}

\textcolor{red}{Thus, \(6^n + 5n\) leaves a remainder of 1 when divided by 25.}

",True,True,False,1.3321790402101223,0.6730116670092565,0.0,0.0,False,False,2,0,"[""```latex\nQuestion: Using the binomial theorem, prove that $6^{n} - 5^n$ always leaves remainder 1 when divided by 25.\n\nAnswer: For two numbers $a$ and $b$, if we can find members $q$ and $n$ such that $a = bq + r$, then we say that $b$ divides $a$ with $q$ as quotient and $r$ as remainder. Thus, in order to show that $6^n - 5^n$ leaves remainder 1 when divided by 25, we prove that\n\n\\[6^n - 5^n = 25k + 1\\]\n\nwhere $k$ is some natural number.\n\nWe have,\n\n\\[ (1+a)^n = \\sum_{i=0}^n C_n^i a^i.\\]\n\nFor $a = 5$, we get\n\n\\[(4+5)^n = C_n^0 + C_n^1 + C_n^2 + \\cdots + C_n^n.\\]\n\nThus,\n\n\\[6^n = 1 + 5^n + 5^2C_n^2 + 5^3C_n^3 + \\cdots + 5^n.\\]\n\nTherefore,\n\n\\[6^n - 5^n = 1 + 5^2(C_n^2 + C_n^3 + \\cdots + 5^{n-2})\\]\n\nor\n\n\\[6^n - 5^n = 25k + 1\\]\n\nwhere $k = C_n^2 + 5C_n^3 + \\cdots + 5^{n-2}$\n\nThis shows that when divided by 25, $6^n - 5^n$ leaves remainder 1.\n\nTo verify, let's find the remainder when $6^n + 5^n$ is divided by 25. Consider the expansion $6^n + 5^n$. Using similar steps, we get:\n\n\\[6^n + 5^n = 1 + 25k\\]\n\nwhere $k$ is an integer.\n\nThus, $6^n + 5^n$ has a remainder of 1 when divided by 25.\n```"", ""**Question:**\nUsing the binomial theorem, prove that \\(6^{n} - 5^{n}\\) always leaves remainder 1 when divided by 25.\n\n**Answer:**\nFor two numbers \\(a\\) and \\(n\\), if we can find members \\(q\\) and \\(r\\) such that \\(a = bq + r\\), then we say that \\(b\\) divides \\(a\\) with \\(q\\) as quotient and \\(r\\) as remainder. Thus, in order to show that \\(6^{n} - 5^{n}\\) leaves remainder 1 when divided by 25, we prove that\n\n\\[6^{n} - 5^{n} = 25k + 1\\] where \\(k\\) is some natural number.\n\nWe have,\n\n\\[(1+a)^{n} = \\sum_{i=0}^{n} C_{n}^{i}a^{i}.\\]\n\nFor \\(a = 5\\), we get\n\n\\[(4+5)^{n} = C_{n}^{0} + C_{n}^{1}5 + C_{n}^{2}5^{2} + \\ldots + C_{n}^{n}5^{n}.\\]\n\nTherefore,\n\n\\[(6)^{n} = 1 + 5^{n} + 5^{2}C_{n}^{2} + 5^{3}C_{n}^{3} + \\ldots + 5^{n}. \\]\n\nThus,\n\n\\[6^{n} - 5^{n} = 1 + 5^{n}(C_{n}^{2} + C_{n}^{3}5 + \\ldots + 5^{n-2})\\]\n\nor\n\n\\[6^{n} - 5^{n} = 1 + 25(C_{n}^{2} + 5C_{n}^{3} + \\ldots + 5^{n-2})\\]\n\nor\n\n\\[6^{n} - 5^{n} = 25k + 1\\] where \\(k = C_{n}^{2} + 5C_{n}^{3} + \\ldots + 5^{n-2}\\).\n\nThis shows that when divided by 25, \\(6^{n} - 5^{n}\\) leaves remainder 1.\n\nTo verify, let's find"", '**Question:**\n\\[ \\text{Using the binomial theorem, prove that } 6^n - 5^n \\text{ always leaves remainder } 1 \\text{ when divided by } 25. \\]\n\n**Answer:**\nFor two numbers \\( a \\) and \\( n \\), if we can find numbers \\( q \\) and \\( r \\) such that \\( a = bq + r \\), then we say that \\( b \\) divides \\( a \\) with \\( q \\) as quotient and \\( r \\) as remainder. \n\nThus, in order to show that \\( 6^n - 5^n \\) leaves remainder 1 when divided by 25, we prove that\n\n\\[ 6^n - 5^n = 25k + 1 \\]\n\nwhere \\( k \\) is some natural number.\n\nWe have,\n\n\\[ (1 + a)^n = \\sum_{i=0}^{n} C_n^i a^i. \\]\n\nFor \\( a = 5 \\), we get\n\n\\[ (1 + 5)^n = C_5^0 + C_5^1 \\cdot 5 + C_5^2 \\cdot 5^2 + \\ldots + C_5^n \\cdot 5^n \\]\n\n\\[ = 1 + 5 + 5^2 + 5^3 + \\ldots + 5^n. \\]\n\nSo,\n\n\\[ 6^n = 1 + 5^n + 5^2 \\cdot C_5^2 + 5^3 \\cdot C_5^3 + \\ldots + 5^{n-1}. \\]\n\nTherefore,\n\n\\[ 6^n - 5^n = 1 + 5^n (C_5^2 + 5 C_5^3 + \\ldots + 5^{n-2}). \\]\n\nOr,\n\n\\[ 6^n - 5^n = 1 + 25(C_5^2 + 5 C_5^3 + \\ldots + 5^{n-2}) \\]\n\nOr,\n\n\\[ 6^n - 5^n = 25k + 1 \\]\n\nwhere \\( k = C_5^2 + 5 C_5^3 + \\ldots + 5^{n-2} \\).\n\nThis shows that when divided by 25, \\( 6^n - 5^n \\) leaves remainder ', ""**Question:**\nUsing the binomial theorem, prove that \\( 6^n - 5^n \\) always leaves remainder $1$ when divided by 25.\n\n**Answer:**\nFor two numbers $a$ and $b$, if we can find numbers $q$ and $r$ such that $a = bq + r$, then we say that $b$ divides $a$ with $q$ as quotient and $r$ as remainder.\nThus, in order to show that \\( 6^n - 5^n \\) leaves remainder $1$ when divided by $25$, we prove that\n\n\\[\n6^n - 5^n = 25k + 1\n\\]\n\nwhere $k$ is some natural number.\n\nWe have,\n\n\\[\n(1+a)^n = \\sum_{i=0}^{n} C_n^i a^i\n\\]\n\nFor $a = 5$, we get\n\n\\[\n(6+5)^n = C_6^0 + C_6^5 + C_6^2 5^2 + \\cdots + C_6^0 5^6\n\\]\n\nThat is,\n\n\\[\n(6)^n = 1 + 5^n + 5^2 C_n^2 + 5^3 C_n^3 + \\cdots + 5^6\n\\]\n\nor\n\n\\[\n6^n - 5^n = 1 + 5^2 (C_6^2 + C_6^3 5 + \\cdots + 5^{n-2})\n\\]\n\nor\n\n\\[\n6^n - 5^n = 1 + 25 (C_n^2 + 5 C_n^3 + \\cdots + 5^{n-2})\n\\]\n\nThis shows that when divided by 25, \\( 6^n - 5^n \\) leaves remainder $1$.\n\nTo verify, let's find the remainder when \\(6^n + 5n\\) is divided by 25. Consider the expression \\(6^n + 5n\\). Using similar steps, we get:\n\n\\[\n6^n + 5n = 1 + 25k\n\\]\n\nThus \\(6^n + 5n\\) has a remainder of 1 when divided by 25."", '**Question:**\n\\[\n\\text{Using the binomial theorem, prove that } 6^{2n} - 5^n \\text{ always leaves remainder 1 when divided by 25.}\n\\]\n\nFor two numbers \\(a\\) and \\(b\\), if we can find numbers \\(q\\) and \\(r\\) such that \\(a = bq + r\\), then we say that \\(b\\) divides \\(a\\) with \\(q\\) as quotient and \\(r\\) as remainder. Thus, in order to show that \\(6^{2n} - 5^n\\) leaves remainder 1 when divided by 25, we prove that\n\n\\[\n6^{2n} - 5^n = 25k + 1 \\text{ where } k \\text{ is some natural number.}\n\\]\n\nWe have,\n\n\\[\n(1+a)^n = \\sum_{i=0}^{n} C_n^i a^i.\n\\]\n\nFor \\(a = 5\\), we get\n\n\\[\n(6+5)^n = C_n^0 + C_n^5 + C_n^2 5^2 + \\cdots + C_n^{n-2} 5^{n-2}.\n\\]\n\nThat is,\n\n\\[\n6^n = 1 + 5^n + 5^2 C_n^2 + 5^3 C_n^3 + \\cdots + 5^{n-2} C_n^{n-2}.\n\\]\n\nThus,\n\n\\[\n6^{2n} = (6^n)^2 = 1 + 5^2(5^n + C_n^2 5^2 + \\cdots + 5^{n-2}C_n^{n-2}).\n\\]\n\nTherefore,\n\n\\[\n6^{2n} = 1 + 25(5^n + C_n^2 5^2 + \\cdots + 5^{n-2}C_n^{n-2}).\n\\]\n\nSo that,\n\n\\[\n6^{2n} - 5^n = 1 + 25(5^n + C_n^2 5^2 + \\cdots + 5^{n-2}C_n^{n-2}) \\equiv 1 \\pmod{25}.\n\\]\n\nThis shows that when divided by 25, \\(6^{2n} - 5^n\\) leaves remainder 1']","['**Reasoning:** The solution follows the steps correctly to prove that \\(6^n - 5n\\) leaves a remainder of 1 when divided by 25. However, there is a small arithmetic error in the final step:\n\nIn the last line, where it states:\n\\[ 6^2 - 5n = 25k + 1 \\]\nshould be corrected to:\n\\[ 6^2 - 5n = 25(4k) + 1 \\]\nwhere \\( k \\) is an integer derived from the polynomial expansion.\n\n**Error:** 0', '**Reasoning:** The answer starts with stating that if two numbers \\(a\\) and \\(b\\) are such that \\(a = bq + r\\), then \\(b\\) divides \\(a\\) with \\(q\\) as quotient and \\(r\\) as remainder. This statement is correctly applied in the context of the binomial theorem used to prove the rest of the problem. However, the subsequent steps involve incorrectly applying the properties of binomial coefficients and exponents to derive the correct remainder when \\(6^n - 5^n\\) is divided by 25. Specifically, the use of the binomial expansion and the properties of powers of 5 in the expansion are not accurately applied, leading to incorrect simplification and derivation of the remainder.\n\n**Error:** 1', '**Reasoning:** The answer provided appears correct. It correctly applies the binomial theorem to show that \\(6^n - 5^n\\) leaves a remainder of 1 when divided by 25. The steps taken to derive this result are logically sound, and all mathematical expressions and calculations seem to be accurately represented. There is no apparent error in the derivation or the conclusion drawn from it.\n\n**Error:** 0', '**Reasoning:** The answer contains a minor typographical error in the notation of binomial coefficients. Specifically, it mistakenly uses \\( C_n^2 \\) instead of \\( C_n^2 \\) when expanding \\( (1+5)^n \\). This results in incorrect coefficients being used in the expansion.\n\n**Error:** 1', '**Reasoning:** The answer appears to be correct as it follows the steps outlined in the problem statement correctly. The derivation using binomial expansion and simplification has been done accurately, leading to the conclusion that \\(6^n - 5^n\\) always leaves a remainder of 1 when divided by 25.\n\n**Error:** 0']","[""**Question:**\nUsing the binomial theorem, prove that \\(6^n - 5^n\\) always leaves remainder 1 when divided by 25.\n\n**Answer:**\nFor two numbers \\(a\\) and \\(b\\), if we can find numbers \\(q\\) and \\(r\\) such that \\(a = bq + r\\), then we say that \\(b\\) divides \\(a\\) with \\(q\\) as quotient and \\(r\\) as remainder. Thus, in order to show that \\(6^n - 5^n\\) leaves remainder 1 when divided by 25, we prove that\n\n\\[6^n - 5^n = 25k + 1\\]\n\nwhere \\(k\\) is some natural number.\n\nWe have,\n\n\\[(1+a)^n = \\sum_{i=0}^{n} C_n^i a^i.\\]\n\nFor \\(a = 5\\), we get\n\n\\[(6+5)^n = C_n^0 + C_n^5 + C_n^2 5^2 + \\cdots + C_n^{n-5} 5^n.\\]\n\nThus,\n\n\\[(6)^n = 1 + 5^n + 5^2 C_n^2 + 5^3 C_n^3 + \\cdots + 5^n.\\]\n\nTherefore,\n\n\\[6^n - 5^n = 1 + 5^2 (C_n^2 + C_n^3 5 + \\cdots + 5^{n-2})\\]\n\nor\n\n\\[6^n - 5^n = 1 + 25 (C_n^2 + 5 C_n^3 + \\cdots + 5^{n-2})\\]\n\nor\n\n\\[6^n - 5^n = 25k + 1\\]\n\nwhere \\(k = C_n^2 + 5 C_n^3 + \\cdots + 5^{n-2}\\).\n\nThis shows that when divided by 25, \\(6^n - 5^n\\) leaves remainder 1.\n\nTo verify, let's find the remainder when \\(6^n + 5^n\\) is divided by 25. Consider the expression \\(6^n + 5^n\\). Using similar steps, we get:\n\n\\[6^n + 5^n = 1 + 25k\\]\n\nwhere \\(k\\) is an integer.\n\nThus, \\(6^n + 5^n\\) has a remainder of "", ""**Question:**\nUsing the binomial theorem, prove that \\(6^n - 5^n\\) always leaves remainder 1 when divided by 25.\n\n**Answer:**\nFor two numbers \\(a\\) and \\(b\\), if we can find numbers \\(q\\) and \\(r\\) such that \\(a = bq + r\\), then we say that \\(b\\) divides \\(a\\) with \\(q\\) as quotient and \\(r\\) as remainder. Thus, in order to show that \\(6^n - 5^n\\) leaves remainder 1 when divided by 25, we prove that\n\n\\[6^n - 5^n = 25k + 1\\]\n\nwhere \\(k\\) is some natural number.\n\nWe have,\n\n\\[(1+a)^n = \\sum_{i=0}^{n} C_n^i a^i.\\]\n\nFor \\(a = 5\\), we get\n\n\\[(6+5)^n = C_n^0 + C_n^5 + C_n^2 5^2 + \\cdots + C_n^{n-5} 5^n.\\]\n\nThus,\n\n\\[(6)^n = 1 + 5^n + 5^2 C_n^2 + 5^3 C_n^3 + \\cdots + 5^n.\\]\n\nTherefore,\n\n\\[6^n - 5^n = 1 + 5^2 (C_n^2 + C_n^3 5 + \\cdots + 5^{n-2})\\]\n\nor\n\n\\[6^n - 5^n = 1 + 25 (C_n^2 + 5 C_n^3 + \\cdots + 5^{n-2})\\]\n\nor\n\n\\[6^n - 5^n = 25k + 1\\]\n\nwhere \\(k = C_n^2 + 5 C_n^3 + \\cdots + 5^{n-2}\\).\n\nThis shows that when divided by 25, \\(6^n - 5^n\\) leaves remainder 1.\n\nTo verify, let's find the remainder when \\(6^n + 5^n\\) is divided by 25. Consider the expression \\(6^n + 5^n\\). Using similar steps, we get:\n\n\\[6^n + 5^n = 1 + 25k\\]\n\nwhere \\(k\\) is an integer.\n\nThus, \\(6^n + 5^n\\) has a remainder of ""]","['**Reasoning:** The answer provided does not contain any mathematical errors. It correctly applies the binomial theorem to prove that \\(6^n - 5^n\\) always leaves a remainder of 1 when divided by 25. The steps taken to solve the problem are logically sound and follow the correct mathematical principles.\n\n**Error:** 0', '**Reasoning:** The answer provided does not contain any mathematical errors. It correctly applies the binomial theorem to prove that \\(6^n - 5^n\\) always leaves a remainder of 1 when divided by 25. The steps taken to solve the problem are logically sound and follow the correct mathematical principles.\n\n**Error:** 0']",Qwen/Qwen2.5-VL-3B-Instruct,100
"Prove that 
\[
3 \sin \frac{\pi}{6} \sec \frac{\pi}{3} - 4 \sin \frac{5\pi}{6} \cot \frac{\pi}{4} = 1
\]

"," We have
\[
\text{L.H.S.} = 3 \sin \frac{\pi}{6} \sec \frac{\pi}{3} - 4 \sin \frac{5\pi}{6} \cot \frac{\pi}{4}
\]
\[
= 3 \times \frac{1}{2} \times 2 - 4 \sin \left( \frac{\pi - \frac{\pi}{6}}{1} \right) \times 1 = 3 - 4 \sin \textcolor{red}{\frac{\pi}{3}}
\]
\[
= 3 - 4 \times \frac{1}{2} = 1 = \text{R.H.S.}
\]

",True,True,True,1.6094379124341005,0.0,0.0,0.0,False,True,0,0,"['**Question:** \n\\[ 3\\sin \\frac{\\pi}{6} \\sec \\frac{\\pi}{3} - 4\\sin \\frac{5\\pi}{6} \\cot \\frac{\\pi}{4} = 1 \\]\n\n**Answer:**\nWe have\n\nL.H.S. = \\( 3\\sin \\frac{\\pi}{6} \\sec \\frac{\\pi}{3} - 4\\sin \\frac{5\\pi}{6} \\cot \\frac{\\pi}{4} \\)\n\n= \\( 3 \\times \\frac{1}{2} \\times 2 - 4\\sin \\left( \\frac{\\pi - \\frac{\\pi}{6}}{1} \\right) \\times 1 = 3 - 4\\sin \\frac{\\pi}{3} \\)\n\n= \\( 3 - 4 \\times \\frac{1}{2} = 1 = R.H.S. \\)', '**Question:**\n\\[ 3\\sin{\\frac{\\pi}{6}}\\sec{\\frac{\\pi}{3}} - 4\\sin{\\frac{5\\pi}{6}}\\cot{\\frac{\\pi}{4}} = 1 \\]\n\n**Answer:**\nWe have\n\n\\[ L.H.S. = 3\\sin{\\frac{\\pi}{6}}\\sec{\\frac{\\pi}{3}} - 4\\sin{\\frac{5\\pi}{6}}\\cot{\\frac{\\pi}{4}} \\]\n\n\\[ = 3 \\times \\frac{1}{2} \\times 2 - 4\\sin{\\left(\\frac{\\pi-\\frac{\\pi}{6}}{1}\\right)} \\times 1 \\]\n\n\\[ = 3 - 4 \\times \\frac{1}{2} = 1 = R.H.S. \\]', '**Question:**\n\\[ 3\\sin{\\frac{\\pi}{6}}\\sec{\\frac{\\pi}{3}} - 4\\sin{\\frac{5\\pi}{6}}\\cot{\\frac{\\pi}{4}} \\]\n\n**Answer:**\n\\[ \\text{L.H.S.} = 3\\sin{\\frac{\\pi}{6}}\\sec{\\frac{\\pi}{3}} - 4\\sin{\\frac{5\\pi}{6}}\\cot{\\frac{\\pi}{4}} \\]\n\\[ = 3\\times\\frac{1}{2}\\times2 - 4\\sin{\\left(\\frac{\\pi-\\frac{\\pi}{6}}{1}\\right)}\\times1 = 3 - 4\\sin{\\frac{\\pi}{3}} \\]\n\\[ = 3 - 4\\times\\frac{1}{2} = 1 = R.H.S. \\]', '**Question:** Prove that\n\n\\[ 3\\sin{\\frac{\\pi}{6}}\\sec{\\frac{\\pi}{3}} - 4\\sin{\\frac{5\\pi}{6}}\\cot{\\frac{\\pi}{4}} = 1 \\]\n\n**Answer:** We have\n\n\\[ L.H.S. = 3\\sin{\\frac{\\pi}{6}}\\sec{\\frac{\\pi}{3}} - 4\\sin{\\frac{5\\pi}{6}}\\cot{\\frac{\\pi}{4}} \\]\n\n\\[ = 3\\times\\frac{1}{2}\\times2 - 4\\sin{\\left(\\frac{\\pi-\\frac{\\pi}{6}}{1}\\right)}\\times1 = 3 - 4\\sin{\\frac{\\pi}{3}} \\]\n\n\\[ = 3 - 4\\times\\frac{1}{2} = 1 = R.H.S. \\]', '**Question:** Prove that\n\n\\[ 3\\sin \\frac{\\pi}{6} \\sec \\frac{\\pi}{3} - 4\\sin \\frac{5\\pi}{6}\\cot \\frac{\\pi}{4} = 1 \\]\n\n**Answer:** We have\n\n\\[ L.H.S. = 3\\sin \\frac{\\pi}{6} \\sec \\frac{\\pi}{3} - 4\\sin \\frac{5\\pi}{6}\\cot \\frac{\\pi}{4} \\]\n\n\\[ = 3 \\times \\frac{1}{2} \\times 2 - 4\\sin \\left( \\frac{\\pi - \\frac{\\pi}{6}}{1} \\right) \\times 1 = 3 - 4\\sin \\frac{\\pi}{3} \\]\n\n\\[ = 3 - 4 \\times \\frac{1}{2} = 1 = R.H.S. \\]']","['**Reasoning:** The Answer attempts to prove the trigonometric identity but makes some logical errors. First, it incorrectly simplifies sin(\\frac{\\pi}{6}) as \\frac{1}{2} instead of using its sine value directly. Second, it incorrectly applies the subtraction rule for sine when dealing with angles that are multiples of \\pi, leading to a misplaced negative sign. Additionally, the final step subtracts and then multiplies by 4 instead of subtracting and multiplying by \\frac{1}{2}. These errors prevent the final equation from being logically equivalent to R.H.S.\n\n**Error:** 1', '**Reasoning:** The answer does not correctly simplify the expression involving trigonometric functions. Specifically, the sine function should be evaluated using the correct formula for \\(\\sin\\left(\\frac{\\pi}{3} - \\frac{\\pi}{6}\\right)\\). The current approach incorrectly applies the sine of the difference between two angles without simplifying it properly.\n\n**Error:** 1', '**Reasoning:**\nIn the given problem, the question states to prove that:\n\\[ 3\\sin \\frac{\\pi}{6}\\sec \\frac{\\pi}{3} - 4\\sin \\frac{5\\pi}{6}\\cot \\frac{\\pi}{4} = 1 \\]\n\nThe Answer provided starts correctly by stating:\n\\[ L.H.S. = 3\\sin \\frac{\\pi}{6}\\sec \\frac{\\pi}{3} - 4\\sin \\frac{5\\pi}{6}\\cot \\frac{\\pi}{4} \\]\nThis is correct up to this point. However, the next step involves simplifying the expression \\( \\sin \\frac{5\\pi}{6} \\). But \\( \\frac{5\\pi}{6} \\) is an angle between \\( \\pi \\) and \\( \\frac{3\\pi}{2} \\), making it in the third quadrant. In the third quadrant, the sine function is negative. Therefore, \\( \\sin \\frac{5\\pi}{6} = \\sin (\\pi - \\frac{\\pi}{6}) = \\sin \\frac{\\pi}{6} = \\frac{1}{2} \\).\n\nThe answer then proceeds with \\( \\sin \\frac{5\\pi}{6} = 4 \\), which is incorrect because it should be equal to \\( \\frac{1}{2} \\), not 4. This mistake leads to all subsequent calculations being off by a factor of 8.\n\n**Error:** 1', '**Reasoning:** The solution does contain an error. In the equation where L.H.S. is simplified to R.H.S., the term \\(3 - 4 \\times \\frac{1}{2}\\) should instead be \\(3 - 4 \\times \\frac{\\pi}{3}\\) because it should reflect the correct values used in the original problem. The answer incorrectly multiplies by \\(\\frac{1}{2}\\) instead of \\(\\frac{\\pi}{3}\\), leading to an incorrect simplification of the expression.\n\n**Error:** 1', '**Reasoning:** The answer provided does not correctly follow the proof process outlined in the question. Specifically, it misinterprets the trigonometric identities and values used in the original expression. The L.H.S. should be evaluated using the correct trigonometric values and identities, not simply replacing them with their numerical equivalents as shown.\n\n**Error:** 1']","['**Question:**\n\\[ 3\\sin \\frac{\\pi}{6} \\sec \\frac{\\pi}{3} - 4\\sin \\frac{5\\pi}{6} \\cot \\frac{\\pi}{4} = 1 \\]\n\n**Answer:**\nWe have\n\\begin{align*}\nL.H.S. &= 3\\sin \\frac{\\pi}{6} \\sec \\frac{\\pi}{3} - 4\\sin \\frac{5\\pi}{6} \\cot \\frac{\\pi}{4} \\\\\n&= 3 \\times \\frac{1}{2} \\times 2 - 4\\sin \\left( \\frac{\\pi - \\frac{\\pi}{6}}{1} \\right) \\times 1 \\\\\n&= 3 - 4\\sin \\frac{\\pi}{3} \\\\\n&= 3 - 4 \\times \\frac{1}{2} = 1 = R.H.S.\n\\end{align*}', '**Question:**\n\\[ 3\\sin \\frac{\\pi}{6} \\sec \\frac{\\pi}{3} - 4\\sin \\frac{5\\pi}{6} \\cot \\frac{\\pi}{4} = 1 \\]\n\n**Answer:**\nWe have\n\\begin{align*}\nL.H.S. &= 3\\sin \\frac{\\pi}{6} \\sec \\frac{\\pi}{3} - 4\\sin \\frac{5\\pi}{6} \\cot \\frac{\\pi}{4} \\\\\n&= 3 \\times \\frac{1}{2} \\times 2 - 4\\sin \\left( \\frac{\\pi - \\frac{\\pi}{6}}{1} \\right) \\times 1 \\\\\n&= 3 - 4\\sin \\frac{\\pi}{3} \\\\\n&= 3 - 4 \\times \\frac{1}{2} = 1 = R.H.S.\n\\end{align*}']","['**Reasoning:** The answer incorrectly simplifies the expression \\(3 \\times \\frac{1}{2} \\times 2\\) to \\(3 - 4 \\sin \\frac{\\pi}{3}\\). The correct simplification should be \\(3 \\times \\frac{1}{2} \\times 2 = 3\\), not \\(3 - 4 \\sin \\frac{\\pi}{3}\\). Therefore, the answer does not match the original expression and is incorrect.\n\n**Error:** 1', '**Reasoning:** The answer incorrectly simplifies the expression \\(3 \\times \\frac{1}{2} \\times 2\\) to \\(3 - 4 \\sin \\frac{\\pi}{3}\\). The correct simplification should be \\(3 \\times \\frac{1}{2} \\times 2 = 3\\), not \\(3 - 4 \\sin \\frac{\\pi}{3}\\). Therefore, the answer does not match the original expression and is incorrect.\n\n**Error:** 1']",Qwen/Qwen2.5-VL-3B-Instruct,100
"Find the equation of the parabola with vertex at \( (0, 0) \) and focus at \( (0, 2) \).

"," Since the vertex is at \( (0,0) \) and the focus is at \( (0,2) \) which lies on the \( y \)-axis, the \( y \)-axis is the axis of the parabola. Therefore, the equation of the parabola is of the form 

\[
x^2 = 4a\textcolor{red}{x}.
\]

Thus, we have 

\[
x^2 = 4(2)\textcolor{red}{x}, \quad \text{i.e.,} \quad x^2 = 8\textcolor{red}{x}.
\]

",True,True,True,1.6094379124341005,0.0,0.0,0.0,False,True,0,0,"['**Question:**\nFind the equation of the parabola with vertex at \\((0,0)\\) and focus at \\((0,2)\\).\n\n**Answer:**\nSince the vertex is at \\((0,0)\\) and the focus is at \\((0,2)\\), which lies on the y-axis, the y-axis is the axis of the parabola. Therefore, the equation of the parabola is of the form \\(x^2 = 4ax\\). Thus, we have \\(x^2 = 4(2)x\\), i.e., \\(x^2 = 8x\\)', '**Question:**\n\\begin{align*}\n\\text{Find the equation of the Parabola with Vertex at (0,0) and Focus at (0,2).}\n\\end{align*}\n\n**Answer:**\n\\begin{align*}\n\\text{Since the vertex is at (0,0) and the focus is at (0,2), the y-axis is the axis. Therefore, the equation of the parabola is in the form } x^2 = 4ax.\n\\end{align*}', '**Question:** Find the equation of the parabola with vertex at (0, 0) and focus at (0, 2).\n\n**Answer:** Since the vertex is at (0, 0) and the focus is at (0, 2), which lies on the y-axis, the y-axis is the axis of the parabola. Therefore, the equation of the parabola is of the form $x^2 = 4ax.$ Thus, we have $x^2 = 4(2)x,$ i.e., $x^2 = 8x$', '**Question:** Find the equation of the parabola with vertex at (0, 0) and focus at (0, 2).\n\n**Answer:** Since the vertex is at (0, 0) and the focus is at (0, 2), which lies on the y-axis, the y-axis is the axis of the parabola. Therefore, the equation of the parabola is of the form \\(x^2 = 4ax\\). Thus, we have \\(x^2 = 4(2)x\\), i.e., \\(x^2 = 8x\\).', '**Question:**\n\\[ \\text{Find the equation of the parabola with vertex at (0,0) and focus at (0,2).} \\]\n\n**Answer:**\n\\[ \\text{Since the vertex is at (0,0) and the focus is at (0,2), which lies on the y-axis, the y-axis is the axis of the parabola. Therefore, the equation of the parabola is in the form } x^2 = 4ax. \\]']","['**Reasoning:** The answer incorrectly states that since the vertex is at (0,0) and the focus is at (0,2), the x-axis is the axis. However, according to standard coordinates for a parabola with its vertex at (0,0) and focus at (0,2), the parabola opens upwards along the y-axis. Therefore, the x-axis is not the axis of the parabola.\n\n**Error:** 1', '**Reasoning:** The answer provided contains several mistakes. First, it states that the vertex is at (0,0) when the question specifies the vertex is at (0,2). Second, the equation derived does not match the form of a parabola with a vertical axis of symmetry. The equation derived is \\(x^2 = 4x\\), which simplifies to \\((x - 2)^2 = 0\\), indicating a single root, not the expected form of a parabola. Additionally, the axis of symmetry mentioned is incorrect as it suggests the y-axis when the x-axis should be used.\n\n**Error:** 1', '**Reasoning:** The answer contains several errors. First, it states that since the vertex is at (0, 0) and the focus is also at (0, 0), the parabola lies on the y-axis, which is incorrect because the focus is at (0, 2). Second, it mentions that the equation of the parabola is in the form \\(3x^2 = 4ax\\), but this form should be \\(y^2 = 4ax\\) when the vertex is at (0, 0) and the focus is at (0, 2). Lastly, the statement \\(x^2 = 4(2)x\\) is incorrect because it does not account for the correct coefficient of x. \n\n**Error:** 1', ""**Reasoning:** The answer does not match the standard form of a parabola equation with its vertex at \\((0,0)\\) and focus at \\((0,2)\\). For such a parabola, the correct form should be \\(y^2 = 8x\\), not \\(x^2 = 4ax\\). The factor of 8 in front of \\(x\\) is due to the distance from the focus \\((0,2)\\) to the directrix, which affects the coefficient in the parabola's equation.\n\n**Error:** 1"", '**Reasoning:** The answer provided contains an error. The question asks for the equation of a parabola with its vertex at (0, 0) and focus at (0, 2). The answer incorrectly assumes that the y-axis is the x-axis, which would make the equation of the parabola simpler. The correct approach should be to use the relationship between the vertex, focus, and directrix to find the equation. The equation of a parabola with vertex (h, k) and focus (h + p, k) is \\( (x - h)^2 = 4p(y - k) \\). Here, the vertex is (0, 0) and the focus is (0, 2), so p = 2. Substituting these values into the equation gives \\( x^2 = 8y \\), not \\( x^2 = 4ax \\).\n\n**Error:** 1']","['**Question:** Find the equation of the parabola with vertex at (0, 0) and focus at (0, 2).\n\n**Answer:** Since the vertex is at (0, 0) and the focus is at (0, 2), which lies on the y-axis, the y-axis is the axis. Therefore, the equation of the parabola is of the form \\(x^2 = 4ax\\). Thus, we have \\(x^2 = 4(2)x\\), i.e., \\(x^2 = 8x\\).', '**Question:** Find the equation of the parabola with vertex at (0, 0) and focus at (0, 2).\n\n**Answer:** Since the vertex is at (0, 0) and the focus is at (0, 2), which lies on the y-axis, the y-axis is the axis. Therefore, the equation of the parabola is of the form \\(x^2 = 4ax\\). Thus, we have \\(x^2 = 4(2)x\\), i.e., \\(x^2 = 8x\\).']","['**Reasoning:** The answer incorrectly states that the equation of the parabola is \\( x^2 = 4ax \\). However, since the vertex is at (0,0) and the focus is at (0,2), the correct form of the equation should be \\( y^2 = 8x \\). The answer provided does not match this form.\n\n**Error:** 1', '**Reasoning:** The answer incorrectly states that the equation of the parabola is \\( x^2 = 4ax \\). However, since the vertex is at (0,0) and the focus is at (0,2), the correct form of the equation should be \\( y^2 = 8x \\). The answer provided does not match this form.\n\n**Error:** 1']",Qwen/Qwen2.5-VL-3B-Instruct,100
"Convert \( 40^\circ 20' \) into radian measure.

"," We know that \( 180^\circ = \pi \) radian.

Hence, 
\[
40^\circ 20' = 40 \frac{1}{3} \text{ degree} = \frac{\pi}{180} \times \frac{121}{3} \text{ radian} = \frac{121\textcolor{red}{\theta}}{540} \text{ radian}.
\]

Therefore, 
\[
40^\circ 20' = \frac{121\textcolor{red}{\theta}}{540} \text{ radian}.
\]

",True,True,False,1.6094379124341005,0.5004024235381879,0.0,0.0,False,True,0,0,"[""**Question:** Convet $40^{\\circ}20^{\\prime}$ into radian measure.\n\n**Answer:** We know that $180^{\\circ} = \\pi$ radians.\nHence,\n\\[\n40^{\\circ}20' = 40 \\frac{1}{3} \\text{ degrees} = \\frac{1}{180} \\times \\frac{121}{3} \\pi \\text{ radians}\n\\]\n\\[\n= \\frac{1210}{540} \\text{ radians}.\n\\]\nTherefore,\n\\[\n40^{\\circ}20' = \\frac{1210}{540} \\text{ radians}.\n\\]"", ""**Question:** \\textbf{Convert $40^{\\circ}20'$ into radian measure.}\n\n**Answer:** \\textbf{We know that $180^{\\circ}=\\pi$ radians. Hence,}\n\\[ 40^{\\circ}20' = 40\\frac{1}{3} \\text{ degrees} = \\frac{\\pi}{180} \\times \\frac{121}{3} \\text{ radians} = \\frac{1210}{540} \\text{ radians}. \\]"", ""**Question:**\n```latex\nConvert 40°20′ into radian measure.\n```\n\n**Answer:**\n```latex\nWe know that \\(180^\\circ = \\pi\\) radians.\n\nHence,\n\\[\n40^\\circ 20' = 40 \\frac{1}{3} \\text{ degrees} = \\frac{\\pi}{180} \\times \\frac{121}{3} \\text{ radians}\n\\]\n\nTherefore,\n\\[\n40^\\circ 20' = \\frac{1210}{540} \\text{ radians}.\n\\]\n```"", ""**Question:**\n\\[\n40^\\circ 20' \\text{ into } \\text{radian measure}\n\\]\n\n**Answer:**\nWe know that \\(180^\\circ = \\pi \\text{ radians}\\).\n\nHence,\n\\[\n40^\\circ 20' = 40^\\circ + \\frac{1}{3} \\text{ degree} = \\frac{\\pi}{180} \\times \\frac{121}{3} \\text{ radians}\n\\]\n\\[\n= \\frac{1210}{540} \\text{ radians}.\n\\]\n\nTherefore,\n\\[\n40^\\circ 20' = \\frac{1210}{540} \\text{ radians}.\n\\]"", ""**Question:** Convest \\( 40^\\circ 20' \\) into radian measure.\n\n**Answer:** We know that \\( 180^\\circ = \\pi \\) radians.\n\nHence,\n\n\\[\n40^\\circ 20' = 40 \\frac{1}{3} \\text{ degrees} = \\frac{\\pi}{180} \\times \\frac{121}{3} \\text{ radians}\n\\]\n\n\\[\n= \\frac{1210}{540} \\text{ radians}.\n\\]\n\nTherefore,\n\n\\[\n40^\\circ 20' = \\frac{1210}{540} \\text{ radians}.\n\\]""]","['**Reasoning:** The answer provided contains an error. In the conversion from degrees to radians, the conversion factor should be \\(\\frac{\\pi}{180}\\) for degrees, and for minutes, we need to multiply by \\(\\frac{1}{60}\\). However, the student has incorrectly applied these conversions in their calculation. Specifically, they have multiplied by \\(\\frac{540}{121}\\) instead of multiplying \\(\\frac{1}{60} \\times \\frac{121}{3}\\) as indicated by the correct conversion factors.\n\n**Error:** 1', ""**Reasoning:** The answer provided does not correctly convert degrees and minutes into radians. In the conversion formula, the number of minutes (20') should be multiplied by \\(\\frac{\\pi}{180}\\) as well, because there are 60 minutes in a degree. Therefore, the correct conversion should be \\(40^\\circ 20' = 40^\\frac{20}{60}^\\circ = 40\\frac{1}{3}^\\circ\\) and then \\(40\\frac{1}{3}^\\circ = 40.3333^\\circ = \\frac{121\\pi}{540}\\). Thus, the given answer incorrectly multiplies only the degrees (\\(40^{\\circ}\\)) and does not include the minutes.\n\n**Error:** 1"", ""**Reasoning:** The answer is correct. The conversion from degrees to radians is done correctly using the formula \\( \\text{radians} = \\frac{\\pi}{180} \\times \\text{degrees} \\). The calculation \\( 40^{\\circ}20' \\) is converted to \\( 40 + \\frac{1}{3} \\cdot 60 = 40^{\\circ}20' = 40\\frac{1}{3} \\) degrees. Then, \\( 40\\frac{1}{3} \\) degrees is multiplied by \\( \\frac{\\pi}{180} \\), resulting in \\( \\frac{121\\pi}{540} \\) radians. The answer provided matches this result accurately.\n\n**Error:** 0"", ""**Reasoning:** The conversion from degrees to radians should involve multiplying by \\(\\frac{\\pi}{180}\\) first, then converting the minutes into degrees. However, in the answer, the student directly multiplied \\(40^\\circ 20'\\) by \\(\\frac{\\pi}{180}\\) without first converting the minutes. This is incorrect because the minutes need to be converted into their equivalent in degrees before applying the conversion factor.\n\n**Error:** 1"", ""**Reasoning:** The answer contains a step that is incorrect. The expression \\(40^\\circ 20'\\) should be converted into a single fraction of degrees. The given answer incorrectly multiplies a fraction of degrees by \\(\\frac{540}{1}\\), which does not properly convert the degree measure into radians. The correct conversion should involve converting both degrees and minutes separately into radians before combining them. \n\n**Error:** 1""]","[""**Question:** Convert \\(40^\\circ 20'\\) into radian measure.\n\n**Answer:** We know that \\(180^\\circ = \\pi\\) radians.\n\nHence,\n\n\\[\n40^\\circ 20' = 40 \\frac{1}{3} \\text{ degrees} = \\frac{\\pi}{180} \\times \\frac{121}{3} \\text{ radians}\n\\]\n\nTherefore,\n\n\\[\n40^\\circ 20' = \\frac{1210}{540} \\text{ radians}.\n\\]"", ""**Question:** Convert \\(40^\\circ 20'\\) into radian measure.\n\n**Answer:** We know that \\(180^\\circ = \\pi\\) radians.\n\nHence,\n\n\\[\n40^\\circ 20' = 40 \\frac{1}{3} \\text{ degrees} = \\frac{\\pi}{180} \\times \\frac{121}{3} \\text{ radians}\n\\]\n\nTherefore,\n\n\\[\n40^\\circ 20' = \\frac{1210}{540} \\text{ radians}.\n\\]""]","['**Reasoning:** The answer provided does not correctly convert degrees to radians. The conversion factor should be \\(\\frac{\\pi}{180}\\) for degrees to radians, but the answer uses \\(\\frac{180}{\\pi}\\). This is incorrect because it reverses the relationship between degrees and radians.\n\n**Error:** 1', '**Reasoning:** The answer provided does not correctly convert degrees to radians. The conversion factor should be \\(\\frac{\\pi}{180}\\) for degrees to radians, but the answer uses \\(\\frac{180}{\\pi}\\). This is incorrect because it reverses the relationship between degrees and radians.\n\n**Error:** 1']",Qwen/Qwen2.5-VL-3B-Instruct,100
"Find \( \int \frac{3x - 2}{(x+1)^2(x+3)} \, dx \)

"," 

\[
\frac{3x - 2}{(x+1)^2(x+3)} = \frac{A}{x+1} + \frac{B}{(x+1)^2} + \frac{C}{x+3}
\]

So that 

\[
3x - 2 = A(x + 1)(x + 3) + B(x + 3) + C(x + 1)^2
\]

We compare the coefficients of \( x^2 \), \( x \), and the constant term on both sides:

\[
A + C = 0, \quad 4A + B + 2C = 3, \quad 3A + 3B + C = -2
\]

Solving these equations, we get 

\[
A = \frac{11}{4}, \quad B = -\frac{5}{2}, \quad C = -\frac{11}{4}
\]

Thus the integrand is given by 

\[
\int \frac{3x - 2}{(x+1)^2(x+3)} \, dx = \frac{11}{4} \int \frac{dx}{x+1} - \frac{5}{2} \int \frac{dx}{(x+1)^2} - \frac{11}{4} \int \frac{dx}{x+3}
\]

Therefore, 

\[
= \frac{11}{4} \log |x+1| + \frac{5}{2(x+1)} - \frac{11}{4} \log |x+3| + C
\]

Final result:

\[
= \frac{11}{4} \log \left| \frac{\textcolor{red}{x+3}}{\textcolor{red}{x+1}} \right| + \frac{5}{2(x+1)} + C
\]

",True,True,True,1.3321790402101223,0.0,0.0,0.0,False,True,2,0,"['```latex\n\\documentclass{article}\n\\usepackage{amsmath}\n\n\\begin{document}\n\n\\textbf{Question:} Find \\(\\int \\frac{3x-2}{(x+1)^2(x+3)} \\, dx\\)\n\n\\textbf{Answer:} \n\\[\n\\frac{3x-2}{(x+1)^2(x+3)} = \\frac{A}{x+1} + \\frac{B}{(x+1)^2} + \\frac{C}{x+3}\n\\]\n\nSo that,\n\\[\n3x-2 = A(x+1)(x+3) + B(x+3) + C(x+1)^2\n\\]\n\nWe compare the coefficients of \\(x^2\\), \\(x\\), and the constant term on both sides:\n\\[\nA+C=0, \\quad 4A+B+2C=3, \\quad 3A+3B+C=-2\n\\]\n\nSolving these equations, we get\n\\[\nA=\\frac{11}{4}, \\quad B=-\\frac{5}{2}, \\quad C=-\\frac{11}{4}\n\\]\n\nThus the integrand is given by\n\\[\n\\int \\frac{3x-2}{(x+1)^2(x+3)} \\, dx = \\frac{11}{4} \\int \\frac{dx}{x+1} - \\frac{5}{2} \\int \\frac{dx}{(x+1)^2} - \\frac{11}{4} \\int \\frac{dx}{x+3}\n\\]\n\nTherefore,\n\\[\n= \\frac{11}{4}\\log|x+1| + \\frac{5}{2(x+1)} - \\frac{11}{4}\\log|x+3| + C\n\\]\n\nFinal result\n\\[\n= \\frac{11}{4}\\log\\left|\\frac{x+3}{x+1}\\right| + \\frac{5}{2(x+1)} + C\n\\]\n\n\\end{document}\n```', '\\documentclass{article}\n\\usepackage{amsmath}\n\n\\begin{document}\n\n\\textbf{Question:} Find \\(\\int \\frac{3x - 2}{(x + 1)^2 (x + 3)} \\, dx\\)\n\n\\textbf{Answer:}\n\n\\[\n\\frac{3x - 2}{(x + 1)^2 (x + 3)} = \\frac{A}{x + 1} + \\frac{B}{(x + 1)^2} + \\frac{C}{x + 3}\n\\]\n\nso that\n\n\\[\n3x - 2 = A(x + 1)(x + 3) + B(x + 3) + C(x + 1)^2\n\\]\n\nWe compare the coefficients of \\(x^2\\), \\(x\\), and the constant term on both sides:\n\n\\[\nA + C = 0, \\quad 4A + B + 2C = 3, \\quad 3A + 3B + C = -2\n\\]\n\nSolving these equations, we get\n\n\\[\nA = \\frac{11}{4}, \\quad B = -\\frac{5}{2}, \\quad C = -\\frac{11}{4}\n\\]\n\nThus the integrand is given by\n\n\\[\n\\int \\frac{3x - 2}{(x + 1)^2 (x + 3)} \\, dx = \\frac{11}{4} \\int \\frac{\\mathrm{d}x}{x + 1} - \\frac{5}{2} \\int \\frac{\\mathrm{d}x}{(x + 1)^2} - \\frac{11}{4} \\int \\frac{\\mathrm{d}x}{x + 3}\n\\]\n\nTherefore,\n\n\\[\n= \\frac{11}{4} \\log |x + 1| + \\frac{5}{2(x + 1)} - \\frac{11}{4} \\log |x + 3| + C\n\\]\n\nFinal result\n\n\\[\n= \\frac{11}{4} \\log \\left| \\frac{x + 3}{x + 1} \\right| + \\frac{5}{2(x + 1)} + C\n\\]\n\n\\end{document}', '**Question:**\n\\[ \\text{Find } \\int \\frac{3x-2}{(x+1)^3(x+3)} \\, dx \\]\n\n**Answer:**\n\\[ \\frac{3x-2}{(x+1)^3(x+3)} = \\frac{A}{x+1} + \\frac{B}{(x+1)^2} + \\frac{C}{x+3} \\]\n\nSo that,\n\\[ 3x-2 = A(x+1)(x+3) + B(x+3) + C(x+1) \\]\n\nWe compare the coefficients of \\( x^2 \\), \\( x \\), and the constant term on both sides:\n\\[ A + C = 0, \\quad 4A + B + 2C = 3, \\quad 3A + 3B + C = -2 \\]\n\nSolving these equations, we get:\n\\[ A = \\frac{11}{4}, \\quad B = -\\frac{5}{2}, \\quad C = -\\frac{11}{4} \\]\n\nThus the integrand is given by\n\\[ \\int \\frac{3x-2}{(x+1)^3(x+3)} \\, dx = \\frac{11}{4} \\int \\frac{dx}{x+1} - \\frac{5}{2} \\int \\frac{dx}{(x+1)^2} - \\frac{11}{4} \\int \\frac{dx}{x+3} \\]\n\nTherefore,\n\\[ = \\frac{11}{4} \\log |x+1| + \\frac{5}{2(x+1)} - \\frac{11}{4} \\log |x+3| + C \\]\n\nFinal result\n\\[ = \\frac{11}{4} \\log \\left| \\frac{x+3}{x+1} \\right| + \\frac{5}{2(x+1)} + C \\]', '**Question:**\n\\[ \\text{Find} \\int \\frac{3x - 2}{(x + 1)^2 (x + 3)} \\, dx \\]\n\n**Answer:**\n\\[\n\\frac{3x - 2}{(x + 1)^2 (x + 3)} = \\frac{A}{x + 1} + \\frac{B}{(x + 1)^2} + \\frac{C}{x + 3}\n\\]\n\nSo that\n\\[\n3x - 2 = A(x + 1)(x + 3) + B(x + 3) + C(x + 1)^2\n\\]\n\nWe compare the coefficients of \\( x^2 \\), \\( x \\), and the constant term on both sides:\n\\[\n4A + B + 2C = 3, \\quad 3A + 3B + C = -2, \\quad 6A + 5B + 4C = -2\n\\]\n\nSolving these equations, we get\n\\[\nA = \\frac{11}{4}, \\quad B = -\\frac{5}{2}, \\quad C = -\\frac{11}{4}\n\\]\n\nThus the integrand is given by\n\\[\n\\int \\frac{3x - 2}{(x + 1)^2 (x + 3)} \\, dx = \\frac{11}{4} \\int \\frac{dx}{x + 1} - \\frac{5}{2} \\int \\frac{dx}{(x + 1)^2} - \\frac{11}{4} \\int \\frac{dx}{x + 3}\n\\]\n\nTherefore,\n\\[\n= \\frac{11}{4} \\log |x + 1| + \\frac{5}{2(x + 1)} - \\frac{11}{4} \\log |x + 3| + C\n\\]\n\nFinal result\n\\[\n= \\frac{11}{4} \\log \\left| \\frac{x + 3}{x + 1} \\right| + \\frac{5}{2(x + 1)} + C\n\\]', '**Question:**\n\\[\n\\int \\frac{3x - 2}{(x + 1)^v (x + 3)} dx\n\\]\n\n**Answer:**\n\\[\n\\frac{3x - 2}{(x + 1)^v (x + 3)} = \\frac{A}{x+1} + \\frac{B}{(x+1)^v} + \\frac{C}{x+3}\n\\]\nso that\n\\[\n3x - 2 = A(x+1)(x+3) + B(x+3) + C(x+1)^v\n\\]\nwe compare the coefficients of \\(x^v\\), \\(x\\), and the constant term on both sides:\n\\[\nA + C = 0, \\quad 4A + B + 2C = 3, \\quad 3A + 3B + C = -2\n\\]\nsolving these equations, we get\n\\[\nA = \\frac{11}{4}, \\quad B = -\\frac{5}{2}, \\quad C = -\\frac{11}{4}\n\\]\nThus the integrand is given by\n\\[\n\\int \\frac{3x - 2}{(x + 1)^v (x + 3)} dx = \\frac{11}{4} \\int \\frac{dx}{x+1} - \\frac{5}{2} \\int \\frac{dx}{(x+1)^v} - \\frac{11}{4} \\int \\frac{dx}{x+3}\n\\]\nTherefore,\n\\[\n= \\frac{11}{4} \\log |x+1| + \\frac{5}{2(x+1)} - \\frac{11}{4} \\log |x+3| + C\n\\]\nFinal result\n\\[\n= \\frac{11}{4} \\log |x+3| + \\frac{5}{2(x+1)} + C\n\\]']","['**Reasoning:** The answer does not show the complete solution process. It starts with integrating the expression correctly, but then skips the detailed steps needed to find A, B, and C from the coefficients comparison. Instead, it directly states the final result without going through the algebraic manipulations required to solve for these constants.\n\n**Error:** 1', '**Reasoning:** The Answer contains a logical error in the integration process. In the step where the integrand is expressed as a sum of partial fractions, it should be noted that the constant term \\(C\\) should be \\(-\\frac{11}{4}\\) instead of \\(\\frac{11}{4}\\) because the constant term on the right side of the equation does not involve \\(x^0\\). This discrepancy in the value of \\(C\\) could lead to an incorrect final result when integrating.\n\n**Error:** 1', '**Reasoning:** The Answer involves using partial fraction decomposition correctly to express the integrand as the sum of three rational functions. However, there seems to be a mistake in the final result presentation. The answer given is = \\(\\frac{11}{4}\\log|k+3| +\\frac{5}{2(k+1)}\\) + C, but it should be = \\(\\frac{11}{4}\\log|\\frac{k+3}{k+1}| +\\frac{5}{2(k+1)}\\) + C due to the absolute value of the fraction. Additionally, the variable k should be x in the context of the problem. Correcting these would make the answer accurate.\n\n**Error:** 1', ""**Reasoning:** The answer provided seems to contain some logical errors. Specifically, the way the integration constants \\( A \\), \\( B \\), and \\( C \\) are solved from the system of equations \\( A + C = 0 \\), \\( 4A + B + 2C = 3 \\), and \\( 3A + 3B + C = -2 \\) appears incorrect. This system of equations is inconsistent, meaning it does not have a unique solution. Additionally, the final result in the answer does not match the expected result obtained through proper integration. The integrand should be integrated using partial fractions correctly as shown in the problem's solution.\n\n**Error:** 1"", '**Reasoning:** The Answer incorrectly simplifies the integral. After finding A, B, and C, the Answer should directly integrate the partial fractions but instead attempts to solve for constants using additional steps that are unnecessary. The final result should be derived from these partial fractions directly, not through solving additional equations. This approach introduces errors that were not initially present in the question.\n\n**Error:** 1']","['**Question:**\n\\[\n\\text{Find } \\int \\frac{3x - 2}{(x + 1)^2 (x + 3)} \\, dx\n\\]\n\n**Answer:**\n\\[\n\\frac{3x - 2}{(x + 1)^2 (x + 3)} = \\frac{A}{x + 1} + \\frac{B}{(x + 1)^2} + \\frac{C}{x + 3}\n\\]\nso that\n\\[\n3x - 2 = A(x + 1)(x + 3) + B(x + 3) + C(x + 1)\n\\]\nwe compare the coefficients of \\(x^2\\), \\(x\\), and the constant term on both sides:\n\\[\nA + C = 0, \\quad 4A + B + 2C = 3, \\quad 3A + 3B + C = -2\n\\]\nSolving these equations, we get\n\\[\nA = \\frac{11}{4}, \\quad B = -\\frac{5}{2}, \\quad C = -\\frac{11}{4}\n\\]\nThus the integrand is given by\n\\[\n\\int \\frac{3x - 2}{(x + 1)^2 (x + 3)} \\, dx = \\frac{11}{4} \\int \\frac{dx}{x + 1} - \\frac{5}{2} \\int \\frac{dx}{(x + 1)^2} - \\frac{11}{4} \\int \\frac{dx}{x + 3}\n\\]\nTherefore,\n\\[\n= \\frac{11}{4} \\log |x + 1| + \\frac{5}{2(x + 1)} - \\frac{11}{4} \\log |x + 3| + C\n\\]\nFinal result\n\\[\n= \\frac{11}{4} \\log \\left| \\frac{x + 3}{x + 1} \\right| + \\frac{5}{2(x + 1)} + C\n\\]', '**Question:**\n\\[\n\\text{Find } \\int \\frac{3x - 2}{(x + 1)^2 (x + 3)} \\, dx\n\\]\n\n**Answer:**\n\\[\n\\frac{3x - 2}{(x + 1)^2 (x + 3)} = \\frac{A}{x + 1} + \\frac{B}{(x + 1)^2} + \\frac{C}{x + 3}\n\\]\nso that\n\\[\n3x - 2 = A(x + 1)(x + 3) + B(x + 3) + C(x + 1)\n\\]\nwe compare the coefficients of \\(x^2\\), \\(x\\), and the constant term on both sides:\n\\[\nA + C = 0, \\quad 4A + B + 2C = 3, \\quad 3A + 3B + C = -2\n\\]\nSolving these equations, we get\n\\[\nA = \\frac{11}{4}, \\quad B = -\\frac{5}{2}, \\quad C = -\\frac{11}{4}\n\\]\nThus the integrand is given by\n\\[\n\\int \\frac{3x - 2}{(x + 1)^2 (x + 3)} \\, dx = \\frac{11}{4} \\int \\frac{dx}{x + 1} - \\frac{5}{2} \\int \\frac{dx}{(x + 1)^2} - \\frac{11}{4} \\int \\frac{dx}{x + 3}\n\\]\nTherefore,\n\\[\n= \\frac{11}{4} \\log |x + 1| + \\frac{5}{2(x + 1)} - \\frac{11}{4} \\log |x + 3| + C\n\\]\nFinal result\n\\[\n= \\frac{11}{4} \\log \\left| \\frac{x + 3}{x + 1} \\right| + \\frac{5}{2(x + 1)} + C\n\\]']","['**Reasoning:** The answer provided does not contain any mathematical errors. It correctly decomposes the integrand into partial fractions, solves for the coefficients A, B, and C, and then integrates each term separately. The final result is also correct and matches the expected form.\n\n**Error:** 0', '**Reasoning:** The answer provided does not contain any mathematical errors. It correctly decomposes the integrand into partial fractions, solves for the coefficients A, B, and C, and then integrates each term separately. The final result is also correct and matches the expected form.\n\n**Error:** 0']",Qwen/Qwen2.5-VL-3B-Instruct,100
"Write the solution set of the equation \( x^2 + x - 2 = 0 \) in roster form.

"," The given equation can be written as 
\[
(x - 1)(x + 2) = 0, \quad \text{i.e.,} \, \textcolor{red}{y} = 1, -2.
\]
Therefore, the solution set of the given equation can be written in roster form as \(\{\textcolor{red}{y}, -2\}\).

",True,True,True,1.6094379124341005,0.6730116670092565,0.0,0.0,False,True,1,0,"['**Question:**\n\\[ \\text{Write the solution set of the equation } x^{2} + x - 2 = 0 \\text{ in roster form.} \\]\n\n**Answer:**\n\\[ \\text{The given equation can be written as } (x-1)(x+2) = 0, \\text{ ie}, x = 1, -2. \\]\n\\[ \\text{Therefore, the solution set of the given equation can be written in roster form as } \\{ y - 2 \\}. \\]', '**Question:**\n\\[ \\text{Write the solution set of the equation } x^2 + x - 2 = 0 \\text{ in roster form.} \\]\n\n**Answer:**\n\\[ \\text{The given equation can be written as } (x-1)(x+2) = 0, \\text{ i.e., } x = 1, -2. \\]\n\\[ \\text{Therefore, the solution set of the given equation can be written in roster form as } \\{1, -2\\}. \\]', '**Question:**\n\\[ x^2 + x - 2 = 0 \\]\n\n**Answer:**\n\\[ (x - 1)(x + 2) = 0 \\implies y = 1, -2 \\]\n\nTherefore, the solution set of the equation can be written as \\( \\{ y \\in \\mathbb{Z} | y = 1, -2 \\} \\).', '```latex\n\\textbf{Question:} Write the solution set of the equation $x^2 + x - 2 = 0$ in roster form.\n\n\\textbf{Answer:} The given equation can be written as $(x-1)(x+2) = 0$, i.e., $y=1, -2$. Therefore, the solution set of the given equation can be written in roster form as $\\{y-2\\}$.\n```', '**Question:** Write the solution set of the equation $x^{2}+x-2=0$ in roster form.\n\n**Answer:** The given equation can be written as $(x-1)(x+a)=0$, i.e., $y = 1, -a$. Therefore, the solution set of the given equation can be written in roster form as $\\{y-2\\}$.']","['**Reasoning:** The answer incorrectly states that the solutions of the equation \\(x^2 + x - 2 = 0\\) are \\(1\\) and \\(-2\\). However, solving this quadratic equation using factoring, we get:\n\\[ (x - 1)(x + 2) = 0 \\]\nSetting each factor equal to zero gives us:\n\\[ x - 1 = 0 \\implies x = 1 \\]\n\\[ x + 2 = 0 \\implies x = -2 \\]\nThus, the correct solution set is \\(\\{1, -2\\}\\). The answer provided is incorrect because it lists the roots as \\(1\\) and \\(-2\\) instead of \\(\\{1, -2\\}\\).\n\n**Error:** 0', '**Reasoning:** The answer incorrectly states that the equation \\(x^2 + x - 2 = 0\\) can be factored as \\((x-1)(x+2) = 0\\). However, this is incorrect because the correct factors are \\((x-1)(x+2) = 0\\), not \\((x-1)(x+2) = 0\\). The correct answer should be factored into \\((x-1)(x+2) = 0\\), which means the solutions are \\(x = 1\\) and \\(x = -2\\).\n\n**Error:** 1', '**Reasoning:** The solution set of the equation \\( x^2 + x - 2 = 0 \\) can be written as \\( (x-1)(x+2) = 0 \\). This means the solutions are \\( x = 1 \\) and \\( x = -2 \\). Therefore, the solution set in roster form should be \\( \\{1, -2\\} \\). However, the answer states that the solution set is \\( \\{y-2\\} \\), which is incorrect because it does not specify the variable explicitly.\n\n**Error:** 1', '**Reasoning:** The Answer incorrectly states that the solutions of \\(x^2 + x - 2 = 0\\) can be written as \\((x-1)(x+2) = 0\\). This factorization is correct, but the answer should state that the solutions are \\(x=1\\) and \\(x=-2\\), not \\((x-1)\\) and \\((x+2)\\). The term ""roster form"" suggests the solutions should be written as a list of distinct elements, which they are not currently. However, regarding the presence or absence of error based on the information given in the Answer alone, it does not contain any mistakes as per the instruction to judge based on the explanation provided.\n\n**Error:** 1', '**Reasoning:** The answer incorrectly states that the solutions to the equation \\(x^2 + x - 2 = 0\\) can be written as \\((x-1)(x+2) = 0\\). However, factoring \\(x^2 + x - 2\\) should yield \\((x-1)(x+2)\\), which matches the given solution. The student mistakenly wrote ""ie,"" instead of ""i.e."" but this doesn\'t affect the correctness of the factorization. The factorization itself is correct, so the error lies in the presentation rather than the mathematical accuracy.\n\n**Error:** 0']","['**Question:** Write the solution set of the equation $x^{2}+x-2=0$ in roster form.\n\n**Answer:** The given equation can be written as $(x-1)(x+2)=0$, i.e., $y=1,-2$. Therefore, the solution set of the given equation can be written in roster form as $\\{y-2\\}$.', '**Question:** Write the solution set of the equation $x^{2}+x-2=0$ in roster form.\n\n**Answer:** The given equation can be written as $(x-1)(x+2)=0$, i.e., $y=1,-2$. Therefore, the solution set of the given equation can be written in roster form as $\\{y-2\\}$.']","['**Reasoning:** The answer incorrectly states that the equation can be written as \\((x-1)(x+a) = 0\\). This is incorrect because the original equation is \\(x^2 + x - 2 = 0\\), which factors into \\((x+2)(x-1) = 0\\). The solution set should be \\(\\{1, -2\\}\\), not \\(\\{y-2\\}\\).\n\n**Error:** 1', '**Reasoning:** The answer incorrectly states that the equation can be written as \\((x-1)(x+a) = 0\\). This is incorrect because the original equation is \\(x^2 + x - 2 = 0\\), which factors into \\((x+2)(x-1) = 0\\). The solution set should be \\(\\{1, -2\\}\\), not \\(\\{y-2\\}\\).\n\n**Error:** 1']",Qwen/Qwen2.5-VL-3B-Instruct,100
"If \( 4x + i(3x - y) = 3 + i(-6) \), where \( x \) and \( y \) are real numbers, then find the values of \( x \) and \( y \).

"," We have 
\[
4x + i(3x - y) = 3 + i(-6)
\]
\textcolor{red}{Solving for \( x \) and \( y \) simultaneously, we get }
\[
\textcolor{red}{x = \frac{3}{4} \quad \text{and} \quad y = \frac{33}{4}.}
\]
\textcolor{red}{Equating the real and the imaginary parts, we get }
\[
\textcolor{red}{4x = 3, \quad 3x - y = -6.}
\]

",True,True,True,1.6094379124341005,0.6730116670092565,0.0,0.0,False,True,1,0,"['**Question:** If \\( 4x + i(3x - y) = 3 + i(-6) \\), where \\( x \\) and \\( y \\) are real numbers, then find the values of \\( x \\) and \\( y \\).\n\n**Answer:** We have\n\\[ 4x + i(3x - y) = 3 + i(-6) \\]\n\nSolving for \\( x \\) and \\( y \\) simultaneously, we get\n\\[ x = \\frac{3}{4} \\quad \\text{and} \\quad y = \\frac{33}{4}. \\]\n\nEquating the real and the imaginary parts, we get\n\\[ 4x = 3, \\quad 3x - y = -6. \\]', '```latex\nQuestion: If \\( 4x + i(3x - y) = 3 + i(-6) \\), where \\( x \\) and \\( y \\) are real numbers, then find the values of \\( x \\) and \\( y \\).\n\nAnswer: We have\n\n\\[ 4x + i(3x - y) = 3 + i(-6) \\]\n\nSolving for \\( x \\) and \\( y \\) simultaneously, we get\n\n\\[ x = \\frac{3}{4} \\]\n\\[ y = \\frac{33}{4} \\]\n\nEquating the real and the imaginary parts, we get\n\n\\[ 4x = 3 \\]\n\\[ 3x - y = -6 \\]\n```', '**Question:**  \nIf \\( 4x + i(3x - y) = 3 + i(-6) \\), where \\( x \\) and \\( y \\) are real numbers, then find the values of \\( x \\) and \\( y \\).\n\n**Answer:**  \nWe have  \n\\[ 4x + i(3x - y) = 3 + i(-6) \\]  \n\nSolving for \\( x \\) and \\( y \\) simultaneously, we get  \n\\( x = \\frac{3}{4} \\) and \\( y = \\frac{33}{4} \\).  \n\nEquate the real and the imaginary parts, we get  \n\\[ 4x = 3, \\quad 3x - y = -6. \\]', '**Question:** If \\(4x + i(3x - y) = 3 + i(-6)\\), where \\(x\\) and \\(y\\) are real numbers, then find the values of \\(x\\) and \\(y\\).\n\n**Answer:** We have\n\n\\[4x + i(3x - y) = 3 + i(-6)\\]\n\nSolving for \\(x\\) and \\(y\\) simultaneously, we get\n\n\\[x = \\frac{3}{4}\\] \\[y = \\frac{33}{4}.\\]\n\nEquating the real and the imaginary parts, we get\n\n\\[4x = 3, \\quad 3x - y = -6.\\]', '**Question:** If \\(4x + i(3x - y) = 3 + i(-6)\\), where \\(x\\) and \\(y\\) are real numbers, then find the values of \\(x\\) and \\(y\\).\n\n**Answer:** We have\n\n\\[4x + i(3x - y) = 3 + i(-6)\\]\n\nSolving for \\(x\\) and \\(y\\) simultaneously, we get\n\n\\[x = \\frac{3}{4}\\quad \\text{and} \\quad y = \\frac{33}{4}.\\]\n\nEquating the real and the imaginary parts, we get\n\n\\[4x = 3, \\quad 3x - y = -6.\\]']","[""**Reasoning:** The answer does not contain any logical errors. The steps presented are correct and aligned with the methods typically used to solve such problems. Each step follows a systematic approach, starting with equating the real and imaginary parts separately as per the question's requirements.\n\n**Error:** 0"", '**Reasoning:** The answer provided correctly sets up the equations by equating the real parts and the imaginary parts separately as required by the problem statement. However, when solving these equations, the value of \\( y \\) given in the answer (\\( \\frac{33}{4} \\)) does not match the expected outcome from the problem. The correct values should be found by solving the system of equations, which involves checking if the values satisfy both the real and imaginary parts simultaneously.\n\n**Error:** 1', '**Reasoning:** \nThe answer process follows the correct steps to solve for real and imaginary parts of complex numbers. However, the final step is incorrect because it should be equating the real part of the left-hand side to the real part of the right-hand side and the imaginary part of the left-hand side to the imaginary part of the right-hand side. The given step equates the real and imaginary parts directly instead of following the correct method.\n\n**Error:** 0', '**Reasoning:** The answer incorrectly calculates the values of x and y by equating the real parts of the complex numbers separately. The correct approach would be to set the real part equal to each other and the imaginary part equal to each other simultaneously, rather than solving for x and y individually. Additionally, the calculations for x and y should involve solving the system of equations derived from equating the real and imaginary parts correctly.\n\n**Error:** 1', '**Reasoning:** The answer provided correctly solves the system of equations by equating the real parts and imaginary parts separately. For the real part, \\(4x = 3\\) gives \\(x = \\frac{3}{4}\\). For the imaginary part, \\(3x - y = -6\\) when \\(x = \\frac{3}{4}\\) should be substituted into this equation to solve for \\(y\\). However, the answer does not show the calculation for \\(y\\). Therefore, the answer is incorrect because it does not fully solve the system of equations.\n\n**Error:** 1']","['**Question:** If \\(4x + i(3x - y) = 3 + i(-6)\\), where \\(x\\) and \\(y\\) are real numbers, then find the values of \\(x\\) and \\(y\\).\n\n**Answer:** We have\n\n\\[4x + i(3x - y) = 3 + i(-6)\\]\n\nSolving for \\(x\\) and \\(y\\) simultaneously, we get\n\n\\[x = \\frac{3}{4} \\quad \\text{and} \\quad y = \\frac{33}{4}\\]\n\nEquating the real and the imaginary parts, we get\n\n\\[4x = 3, \\quad 3x - y = -6.\\]', '**Question:** If \\(4x + i(3x - y) = 3 + i(-6)\\), where \\(x\\) and \\(y\\) are real numbers, then find the values of \\(x\\) and \\(y\\).\n\n**Answer:** We have\n\n\\[4x + i(3x - y) = 3 + i(-6)\\]\n\nSolving for \\(x\\) and \\(y\\) simultaneously, we get\n\n\\[x = \\frac{3}{4} \\quad \\text{and} \\quad y = \\frac{33}{4}\\]\n\nEquating the real and the imaginary parts, we get\n\n\\[4x = 3, \\quad 3x - y = -6.\\]']","['**Reasoning:** The answer incorrectly states that \\( x = \\frac{3}{4} \\) and \\( y = \\frac{33}{4} \\). However, solving the system of equations derived from equating the real and imaginary parts should yield different values for \\( x \\) and \\( y \\). The correct approach involves solving the system of linear equations obtained from equating the coefficients of \\( x \\) and \\( y \\) separately. The given answer does not correctly solve these equations, leading to incorrect values for \\( x \\) and \\( y \\).\n\n**Error:** 1', '**Reasoning:** The answer incorrectly states that \\( x = \\frac{3}{4} \\) and \\( y = \\frac{33}{4} \\). However, solving the system of equations derived from equating the real and imaginary parts should yield different values for \\( x \\) and \\( y \\). The correct approach involves solving the system of linear equations obtained from equating the coefficients of \\( x \\) and \\( y \\) separately. The given answer does not correctly solve these equations, leading to incorrect values for \\( x \\) and \\( y \\).\n\n**Error:** 1']",Qwen/Qwen2.5-VL-3B-Instruct,100
"Find the value of 
\begin{enumerate}
    \item \( 2^{-3} \)
    \item \( \frac{1}{3^{-2}} \)
\end{enumerate}

","
\begin{enumerate}
    \item \( 2^{-3} = 2 \times (-3) = \textcolor{red}{-6} \)
    \item \( \frac{1}{3^{-2}} = \frac{1}{3 \times (-2)} = \textcolor{red}{\frac{1}{-6}} \)
\end{enumerate}

",True,True,True,1.6094379124341005,0.0,0.0,0.0,False,True,0,0,"['**Question:** find the value of\n\n1. \\(2^{-3}\\)\n\n2. \\(\\frac{1}{3^{-2}}\\)\n\n**Answer:**\\(2^{-3} = 2 \\times (-3) = -6\\)\n\n2. \\(\\frac{1}{3^{-2}} = \\frac{1}{3 \\times (-2)} = \\frac{1}{-6}\\)', '**Question:** : find the value of\n\n1. \\(2^{-3}\\)\n\n2. \\(\\frac{1}{3^{-2}}\\)\n\n**Answer:** :\n\n1. \\(2^{-3} = 2 \\times (-3) = -6\\)\n\n2. \\(\\frac{1}{3^{-2}} = \\frac{1}{3 \\times (-2)} = \\frac{1}{-6}\\)', '**Question:**\n\\[ \\text{Find the value of} \\]\n1. \\( 2^{-3} \\)\n2. \\( \\frac{1}{3^{-2}} \\)\n\n**Answer:**\n1. \\( 2^{-3} = 2 \\times (-3) = -6 \\)\n2. \\( \\frac{1}{3^{-2}} = \\frac{1}{3 \\times (-2)} = -\\frac{1}{6} \\)', '\\documentclass{article}\n\\begin{document}\n**Question:** $find$ the \\textit{value} of \\\\ $1.\\ 2^{-3}$ \\\\ $2.\\ \\frac{1}{3^{-2}}$\n\n**Answer:** $1.\\ 2^{-3}=2\\times(-3)=-6$ \\\\ $2.\\ \\frac{1}{3^{-2}}=\\frac{1}{3\\times(-2)}=\\frac{1}{-6}$\n\\end{document}', '**Question:**\n1. $2^{-3}$\n2. $\\frac{1}{3^{-2}}$\n\n**Answer:**\n1. $2^{-3} = 2 \\times (-3) = -6$\n2. $\\frac{1}{3^{-2}} = \\frac{1}{3 \\times (-2)} = \\frac{1}{-6}$']","['**Reasoning:** \nFor the first part, the answer incorrectly multiplies \\(2\\) by \\((-3)\\) instead of dividing \\(2\\) by \\((-3), 2^3 = \\frac{1}{(-3)}\\), which would be \\(\\frac{1}{-6}\\). For the second part, the denominator being raised to \\(-2\\) is correct but the numerator being multiplied with \\((-2)\\) instead of dividing by \\((-2)\\) results in dividing \\(1\\) by \\((-2)\\), which is \\(-\\frac{1}{6}\\).\n\n**Error:** 1', '**Reasoning:** The first part of the answer contains an incorrect calculation. For \\(2^{-3}\\), the correct value should be \\(\\frac{1}{2^3} = \\frac{1}{8}\\), not \\(-6\\). The second part of the answer is correct as it correctly simplifies the expression \\(\\frac{1}{3^{-2}}\\) to \\(\\frac{1}{\\frac{1}{9}} = 9\\), not \\(\\frac{1}{-6}\\). Therefore, the entire answer has one error.\n\n**Error:** 1', '**Reasoning:** In the first part of the answer, \\(2^{-3}\\) is incorrectly simplified as \\(2 \\times (-3)\\). The correct way to simplify \\(2^{-3}\\) is to express it as \\(\\frac{1}{2^3} = \\frac{1}{8}\\), not \\(2 \\times (-3)\\).\n\nIn the second part of the answer, the expression \\(\\frac{1}{3^{-2}}\\) is correctly simplified as \\(\\frac{1}{\\frac{1}{9}} = 9\\), but it should be divided by 2 instead of multiplying by 2, resulting in \\(\\frac{1}{3 \\times (-2)} = -\\frac{1}{6}\\).\n\nTherefore, both parts of the answer contain errors.\n\n**Error:** 1', '**Question:** Find the value of \n1. \\(2^{-3}\\)\n2. \\(\\frac{1}{3^{-2}}\\)\n\n**Answer:**\n1. \\(2^{-3} = 2 \\times (-3) = -6\\)\n2. \\(\\frac{1}{3^{-2}} = \\frac{1}{3 \\times (-2)} = \\frac{1}{-6}\\)\n\n**Reasoning:** The answer for question 1 is incorrect because it states \\(2 \\times (-3)\\), but the correct calculation should involve raising 2 to the power of -3, not multiplying 2 by -3. For question 2, the exponent property \\((a^m)^n = a^{mn}\\) is used incorrectly. The correct simplification should be \\(\\frac{1}{3^{-2}} = \\frac{1}{\\frac{1}{9}} = 9\\). \n\n**Error:** 1', '**Reasoning:** In the first part of the answer, the calculation for \\(2^{-3}\\) should be interpreted as finding the reciprocal of \\(2^3\\) instead of multiplying \\(2\\) by \\((-3)\\). The correct calculation is \\(2^{-3} = \\frac{1}{2^3} = \\frac{1}{8}\\), not \\(-6\\). In the second part, the calculation for \\(\\frac{1}{3^{-2}}\\) is correct, but the final step should also include considering the negative exponent correctly: \\(\\frac{1}{3^{-2}} = 3^2 = 9\\), not \\(\\frac{1}{-6}\\).\n\n**Error:** 1']","['**Question:** $2^{-3}$\n\n$1 \\cdot 2^{-3} = 2 \\times (-3) = -6$\n\n$2 \\cdot \\frac{1}{3^{-2}} = \\frac{1}{3 \\times (-2)} = \\frac{1}{-6}$\n\n**Answer:**', '**Question:** $2^{-3}$\n\n$1 \\cdot 2^{-3} = 2 \\times (-3) = -6$\n\n$2 \\cdot \\frac{1}{3^{-2}} = \\frac{1}{3 \\times (-2)} = \\frac{1}{-6}$\n\n**Answer:**']","[""**Reasoning:** The answer for the first part of the question is incorrect. The expression \\(2^{-3}\\) should be interpreted as \\(\\frac{1}{2^3}\\), which equals \\(\\frac{1}{8}\\). The student's answer incorrectly multiplies 2 by -3, resulting in -6, which is not correct.\n\n**Error:** 1"", ""**Reasoning:** The answer for the first part of the question is incorrect. The expression \\(2^{-3}\\) should be interpreted as \\(\\frac{1}{2^3}\\), which equals \\(\\frac{1}{8}\\). The student's answer incorrectly multiplies 2 by -3, resulting in -6, which is not correct.\n\n**Error:** 1""]",Qwen/Qwen2.5-VL-3B-Instruct,100
"Evaluate:
\begin{enumerate}
    \item $\lim_{x \to 1} \frac{x^{15} - 1}{x^{10} - 1}$
    \item $\lim_{x \to 0} \frac{\sqrt{1 + x} - 1}{x}$
\end{enumerate}

","
\begin{enumerate}
    \item We have
    \[
    \lim_{x \to 1} \frac{x^{15} - 1}{x^{10} - 1} = \lim_{x \to 1} \frac{\frac{x^{15} - 1}{x - 1}}{\frac{x^{10} - 1}{x - 1}} = \lim_{x \to 1} \left[ \frac{x^{15} - 1}{x - 1} \cdot \frac{1}{\frac{x^{10} - 1}{x - 1}} \right]
    \]
    \[
    = \frac{\textcolor{red}{14}(1)^{14}}{\textcolor{red}{9}(1)^{9}} = \frac{\textcolor{red}{14}}{\textcolor{red}{9}} = \frac{\textcolor{red}{14}}{\textcolor{red}{9}}.
    \]

    \item Put $y = 1 + x$, so that $y \to 1$ as $x \to 0$.
    Then
    \[
    \lim_{x \to 0} \frac{\sqrt{1 + x} - 1}{x} = \lim_{y \to 1} \frac{\sqrt{y} - 1}{y - 1}
    \]
    \[
    = \lim_{y \to 1} \frac{\frac{1}{2} y^{-\frac{1}{2}}}{1} = \frac{1}{2} (1)^{-1} = \frac{1}{2}.
    \]
\end{enumerate}

",True,True,True,1.6094379124341005,0.5004024235381879,0.0,0.0,False,True,1,1,"['**Question:**\n\\[\n\\text{Evaluate:}\n\\]\n1. \\(\\lim_{x \\to 1} \\frac{x^{15}-1}{x^{10}-1}\\)\n2. \\(\\lim_{x \\to 0} \\frac{\\sqrt{1+x}-1}{x}\\)\n\n**Answer:**\n\\[\n\\text{We have}\n\\]\n\\[\n\\begin{aligned}\n&\\lim_{x \\to 1} \\frac{x^{15}-1}{x^{10}-1} = \\lim_{x \\to 1} \\frac{x^{15}-1}{x-1} \\cdot \\frac{1}{\\lim_{x \\to 1} \\frac{x^{10}-1}{x-1}} \\\\\n&= \\frac{14(1)^{14}}{9(1)^{9}} = \\frac{14}{9} = \\frac{14}{9}.\n\\end{aligned}\n\\]\n\n\\[\n\\text{2. Put } y = 1 + x, \\text{ so that } y \\to 1 \\text{ as } x \\to 0. \\text{ Then}\n\\]\n\\[\n\\begin{aligned}\n&\\lim_{x \\to 0} \\frac{\\sqrt{1+x}-1}{x} = \\lim_{y \\to 1} \\frac{\\sqrt{y}-1}{y-1} \\\\\n&= \\lim_{y \\to 1} \\frac{\\frac{1}{2}(y-\\frac{1}{2})}{1} = \\frac{1}{2}(1)^{-1} = \\frac{1}{2}.\n\\end{aligned}\n\\]', '**Question:**\n\\[\n\\text{Evaluate:}\n\\begin{aligned}\n&1.\\ \\lim_{x\\rightarrow 1}\\frac{x^{5}-1}{x^{10}-1} \\\\\n&2.\\ \\lim_{x\\rightarrow 0}\\frac{\\sqrt{1+x}-1}{x}\n\\end{aligned}\n\\]\n\n**Answer:**\n\\[\n\\textbf{We have}\n\\begin{align*}\n\\lim_{x\\rightarrow 1}\\frac{x^{15}-1}{x^{10}-1} &= \\lim_{x\\rightarrow 1}\\frac{x^{15}-1}{x-1}\\cdot\\lim_{x\\rightarrow 1}\\frac{x^{10}-1}{x-1}\\\\\n&= \\frac{14(1)^{14}}{9(1)^{9}} = \\frac{14}{9} = \\frac{14}{9}.\n\\end{align*}\n\n\\textbf{Put }y=1+x,\\text { so that }y\\rightarrow 1\\text { as }x\\rightarrow 0. \\text { Then}\n\\begin{align*}\n\\lim_{x\\rightarrow 0}\\frac{\\sqrt{1+x}-1}{x} &= \\lim_{y\\rightarrow 1}\\frac{\\sqrt{y}-1}{y-1}\\\\\n&= \\lim_{y\\rightarrow 1}\\frac{\\frac{1}{2}y-\\frac{1}{2}}{1} = \\frac{1}{2}(1)^{-1} = \\frac{1}{2}.\n\\end{align*}\n', '\\[\n\\textbf{Question: Evaluate:}\n\\]\n1. \\(\\lim_{x \\to 1} \\frac{x^{15}-1}{x^{10}-1}\\)\n2. \\(\\lim_{x \\to 0} \\frac{\\sqrt{1+x}-1}{x}\\)\n\n\\[\n\\textbf{Answer:}\n\\]\n1. We have\n   \\[\n   \\lim_{x \\to 1} \\frac{x^{15}-1}{x^{10}-1} = \\lim_{x \\to 1} \\frac{x^{15}-1}{x-1} \\cdot \\frac{x^{10}-1}{x^{10}-1} = \\lim_{x \\to 1} \\left[ \\frac{x^{15}-1}{x-1} \\cdot \\frac{1}{x^{10}-1} \\right] = \\frac{14(1)^{14}}{9(1)^9} = \\frac{14}{9} = \\frac{14}{9}.\n   \\]\n\n2. Put \\(y=1+x\\), so that \\(y \\rightarrow 1\\) as \\(x \\rightarrow 0\\). Then\n   \\[\n   \\lim_{x \\to 0} \\frac{\\sqrt{1+x}-1}{x} = \\lim_{y \\to 1} \\frac{\\sqrt{y}-1}{y-1} = \\lim_{y \\to 1} \\frac{\\frac{1}{2}(y-\\frac{1}{2})}{1} = \\frac{1}{2}(1)^{-1} = \\frac{1}{2}.\n   \\]', '**Question:**\n\\[\n1. \\lim_{x \\to 1} \\frac{x^{15}-1}{x^{10}-1}\n2. \\lim_{x \\to 0} \\frac{\\sqrt{1+x}-1}{x}\n\\]\n\n**Answer:**\n\\begin{align*}\n1. \\text{We have} \\\\\n\\lim_{x \\to 1} \\frac{x^{15}-1}{x^{10}-1} &= \\left(\\lim_{x \\to 1} \\frac{x^{15}-1}{x-1}\\right) \\left(\\lim_{x \\to 1} \\frac{x^9}{x-1}\\right) \\\\\n&= \\frac{14(1)^{14}}{9(1)^9} = \\frac{14}{9} = \\frac{14}{9}.\n\\end{align*}\n\n\\[\n2. \\text{Put } y = 1 + x, \\text{ so that } y \\to 1 \\text{ as } x \\to 0. \\text{ Then} \\\\\n\\lim_{x \\to 0} \\frac{\\sqrt{1+x}-1}{x} = \\lim_{y \\to 1} \\frac{\\sqrt{y}-1}{y-1} \\\\\n= \\lim_{y \\to 1} \\frac{\\frac{1}{2}(y-\\frac{1}{2})}{1} = \\frac{1}{2}.\n\\]', '**Question:**\n\\[\n\\text{Evaluate:}\n\\]\n1. \\(\\lim_{x \\to 1} \\frac{x^{15} - 1}{x^{10} - 1}\\)\n2. \\(\\lim_{x \\to 0} \\frac{\\sqrt{1 + x} - 1}{x}\\)\n\n**Answer:**\n\\[\n\\text{We have}\n\\]\n1. \\(\\lim_{x \\to 1} \\frac{x^{15} - 1}{x^{10} - 1} = \\lim_{x \\to 1} \\frac{\\frac{x^{15} - 1}{x - 1}}{\\frac{x^{10} - 1}{x - 1}} = \\lim_{x \\to 1} \\left[ \\frac{x^{15} - 1}{x - 1} \\cdot \\frac{1}{x^{10} - 1} \\right]\\)\n   \\[\n   = \\frac{(1)^{14}}{9 (1)^9} = \\frac{14}{9} = \\frac{14}{9}.\n   \\]\n\n2. Put \\(y = 1 + x\\), so that \\(y \\to 1\\) as \\(x \\to 0\\). Then\n   \\[\n   \\lim_{x \\to 0} \\frac{\\sqrt{1 + x} - 1}{x} = \\lim_{y \\to 1} \\frac{\\sqrt{y} - 1}{y - 1} = \\lim_{y \\to 1} \\frac{\\frac{1}{2} y^{-\\frac{1}{2}} - \\frac{1}{2}}{1} = \\frac{1}{2} (1)^{-1} = \\frac{1}{2}.\n   \\]']","['**Reasoning:** \n\n1. The answer incorrectly simplifies the limit expression \\(\\lim_{x \\to 1} \\frac{x^{15}-1}{x^{10}-1}\\). Instead of using factorization or other algebraic methods to simplify, the student directly equates it to \\(\\lim_{x \\to 1} \\frac{14(1)^{14}}{9(1)^9} = \\frac{14}{9}\\) which is incorrect because it simplifies to \\(\\frac{14}{9}\\) without considering the behavior of \\(x\\) near 1.\n   \n2. For the second part, the substitution \\(y = 1+x\\) is correctly chosen but the limit expression \\(\\lim_{x \\to 0} \\frac{\\sqrt{1+x} - 1}{x}\\) should be simplified properly. The answer incorrectly simplifies it to \\(\\lim_{y \\to 1} \\frac{\\sqrt{y} - 1}{y - 1}\\) and then to \\(\\frac{1}{2}(1)^{-1} = \\frac{1}{2}\\). However, this step is also incorrect as it should be simplified as \\(\\frac{\\sqrt{y} - 1}{y - 1} = \\frac{y - 1}{2(y - 1)} = \\frac{1}{2}\\) but the answer simplifies directly to \\(\\frac{1}{2}(1)^{-1} = \\frac{1}{2}\\) without further simplification.\n\n**Error:** 1', ""**Reasoning:** \n\nThe given answer has two parts, each containing steps related to solving limits. The first part deals with evaluating \\(\\lim_{x\\to 1} \\frac{x^{15}-1}{x^{10}-1}\\), while the second part evaluates \\(\\lim_{x\\to 0} \\frac{\\sqrt{1+x}-1}{x}\\) and then transforms it into \\(\\lim_{y\\to 1} \\frac{\\sqrt{y}-1}{y-1}\\). The steps appear to be correct up until the evaluation of \\(\\lim_{x\\to 1} \\frac{x^{15}-1}{x^{10}-1}\\).\n\nLet's evaluate the two parts separately:\n1. For \\(\\lim_{x\\to 1} \\frac{x^{15}-1}{x^{10}-1}\\):\n   - We can use the fact that \\(x^{15}-1 = (x-1)(x^{14} + x^{13} + \\ldots + x + 1)\\).\n   - Similarly, \\(x^{10}-1 = (x-1)(x^9 + x^8 + \\ldots + x + 1)\\).\n   - Therefore, \n     \\[\n     \\frac{x^{15}-1}{x^{10}-1} = \\frac{(x-1)(x^{14} + x^{13} + \\ldots + x + 1)}{(x-1)(x^9 + x^8 + \\ldots + x + 1)} = \\frac{x^{14} + x^{13} + \\ldots + x + 1}{x^9 + x^8 + \\ldots + x + 1}\n     \\]\n   - As \\(x \\to 1\\),\n     \\[\n     \\frac{x^{14} + x^{13} + \\ldots + x + 1}{x^9 + x^8 + \\ldots + x + 1} \\to \\frac{1+1+\\ldots+1}{1+1+\\ldots+1} = 1\n     \\]\n\n2. For \\(\\lim_{x\\to 0} \\frac{\\sqrt{1+x}-1}{x}\\), we can rationalize the numerator:\n   - Multiply by the conjugate:\n     \\"", '**Reasoning:** The first part of the answer for the limit \\(\\lim_{x \\to 1} \\frac{x^{15}-1}{x^{10}-1}\\) is incorrect because it incorrectly simplifies the expression to \\(\\lim_{x \\to 1} \\frac{x^{15}-1}{x-1}\\). The correct approach should involve factoring the numerator and denominator, recognizing that \\(x^{15}-1\\) can be factored as \\((x-1)(x^4 + x^3 + x^2 + x + 1)\\), leading to \\(\\lim_{x \\to 1} \\frac{(x^4 + x^3 + x^2 + x + 1)}{x^9 + x^8 + x^7 + x^6 + x^5}\\), which then simplifies further to \\(\\lim_{x \\to 1} \\frac{1+x^4}{1-x^9} = \\frac{1+1}{1-1} = \\frac{2}{0}\\), which is undefined. The second part of the solution correctly uses the substitution \\(y = 1 + x\\) as \\(x \\to 0\\) implies \\(y \\to 1\\), leading to \\(\\lim_{y \\to 1} \\frac{\\sqrt{y}-1}{y-1} = \\frac{1}{2}\\). However, the initial step for the first limit was incorrect, which indicates an error.\n\n**Error:** 1', '**Reasoning:** \nIn the first part of the Answer, there is an error in the limit expression \\(\\lim_{x \\to 1} \\frac{x^{15}-1}{x^{10}-1}\\). The correct approach should be to factorize the numerator and denominator using algebraic identities. For example, \\(x^{15}-1\\) can be factored as \\((x^5)^3 - 1^3\\), which factors into \\((x^5 - 1)(x^{10} + x^5 + 1)\\). Similarly, \\(x^{10}-1\\) factors into \\((x^2 - 1)(x^8 + x^6 + x^4 + x^2 + 1)\\). This simplifies the expression and allows us to cancel out common factors with the limit.\n\nIn the second part of the Answer, the substitution \\(y = 1+x\\) and the limit as \\(x \\to 0\\) becomes \\(y \\to 1\\) is correct. However, the expression \\(\\frac{\\sqrt{1+x}-1}{x}\\) is not simplified correctly. The correct form after substituting \\(y\\) would involve rationalizing the numerator, which is typically done by multiplying the numerator and the denominator by the conjugate of the numerator, resulting in \\(\\frac{(y-1)}{x(y+1)}\\). Then, since \\(y \\to 1\\) when \\(x \\to 0\\), the expression simplifies to \\(\\frac{1}{2}\\).\n\n**Error:** 1', '**Reasoning:** The solution provided does not directly address the question. The first part of the answer discusses a limit calculation involving powers, but it does not simplify the original expression \\(\\lim_{x \\to 1} \\frac{x^{15}-1}{x^{10}-1}\\) correctly. The second part suggests substituting \\(y = 1 + x\\) as \\(x\\) approaches 0, but this approach does not simplify the original expression either. The answer does not provide a clear step-by-step simplification of the original limit expression.\n\n**Error:** 1']","['**Question:**\n\\[\n\\text{Evaluate:}\n\\]\n1. \\(\\lim_{x \\to 1} \\frac{x^{15}-1}{x^{10}-1}\\)\n2. \\(\\lim_{x \\to 0} \\frac{\\sqrt{1+x}-1}{x}\\)\n\n**Answer:**\n\\[\n\\text{We have}\n\\]\n1. \\(\\lim_{x \\to 1} \\frac{x^{15}-1}{x^{10}-1} = \\lim_{x \\to 1} \\frac{\\frac{x^{15}-1}{x-1}}{\\frac{x^{10}-1}{x-1}} = \\lim_{x \\to 1} \\left[ \\frac{x^{15}-1}{x-1} \\cdot \\frac{1}{x^{10}-1} \\right]\\)\n   \\[\n   = \\frac{14(1)^{14}}{9(1)^{9}} = \\frac{14}{9} = \\frac{14}{9}.\n   \\]\n\n2. Put \\(y = 1 + x\\), so that \\(y \\to 1\\) as \\(x \\to 0\\). Then\n   \\[\n   \\lim_{x \\to 0} \\frac{\\sqrt{1+x}-1}{x} = \\lim_{y \\to 1} \\frac{\\sqrt{y}-1}{y-1}\n   \\]\n   \\[\n   = \\lim_{y \\to 1} \\frac{\\frac{1}{2}y-\\frac{1}{2}}{1} = \\frac{1}{2}(1)^{-1} = \\frac{1}{2}.\n   \\]', '**Question:**\n\\[\n\\text{Evaluate:}\n\\]\n1. \\(\\lim_{x \\to 1} \\frac{x^{15}-1}{x^{10}-1}\\)\n2. \\(\\lim_{x \\to 0} \\frac{\\sqrt{1+x}-1}{x}\\)\n\n**Answer:**\n\\[\n\\text{We have}\n\\]\n1. \\(\\lim_{x \\to 1} \\frac{x^{15}-1}{x^{10}-1} = \\lim_{x \\to 1} \\frac{\\frac{x^{15}-1}{x-1}}{\\frac{x^{10}-1}{x-1}} = \\lim_{x \\to 1} \\left[ \\frac{x^{15}-1}{x-1} \\cdot \\frac{1}{x^{10}-1} \\right]\\)\n   \\[\n   = \\frac{14(1)^{14}}{9(1)^{9}} = \\frac{14}{9} = \\frac{14}{9}.\n   \\]\n\n2. Put \\(y = 1 + x\\), so that \\(y \\to 1\\) as \\(x \\to 0\\). Then\n   \\[\n   \\lim_{x \\to 0} \\frac{\\sqrt{1+x}-1}{x} = \\lim_{y \\to 1} \\frac{\\sqrt{y}-1}{y-1}\n   \\]\n   \\[\n   = \\lim_{y \\to 1} \\frac{\\frac{1}{2}y-\\frac{1}{2}}{1} = \\frac{1}{2}(1)^{-1} = \\frac{1}{2}.\n   \\]']","['**Reasoning:** The answer contains two parts. In the first part, the limit expression \\(\\lim_{x \\to 1} \\frac{x^{15}-1}{x^{10}-1}\\) is incorrectly simplified as \\(\\lim_{x \\to 1} \\frac{x^{15}-1}{x-1} \\cdot \\frac{1}{x^{10}-1}\\). This is incorrect because the original expression cannot be split into two separate limits in this manner. Additionally, the simplification of the second part of the limit expression \\(\\lim_{x \\to 0} \\frac{\\sqrt{1+x}-1}{x}\\) is also incorrect. The correct approach would involve rationalizing the numerator, but the given answer does not show this step.\n\n**Error:** 1', '**Reasoning:** The answer contains two parts. In the first part, the limit expression \\(\\lim_{x \\to 1} \\frac{x^{15}-1}{x^{10}-1}\\) is incorrectly simplified as \\(\\lim_{x \\to 1} \\frac{x^{15}-1}{x-1} \\cdot \\frac{1}{x^{10}-1}\\). This is incorrect because the original expression cannot be split into two separate limits in this manner. Additionally, the simplification of the second part of the limit expression \\(\\lim_{x \\to 0} \\frac{\\sqrt{1+x}-1}{x}\\) is also incorrect. The correct approach would involve rationalizing the numerator, but the given answer does not show this step.\n\n**Error:** 1']",Qwen/Qwen2.5-VL-3B-Instruct,100
"Simplify 
\[
\left\{ \left( \frac{1}{3} \right)^{-2} - \left( \frac{1}{2} \right)^{-3} \right\} \div \left( \frac{1}{4} \right)^{-2} 
\]
and 
\[
\left( \frac{5}{8} \right)^{-7} \times \left( \frac{8}{5} \right)^{-5}.
\]

","

\textbf{(i)} 
\[
\left\{ \left( \frac{1}{3} \right)^{-2} - \left( \frac{1}{2} \right)^{-3} \right\} \div \left( \frac{1}{4} \right)^{-2} 
= \left\{ \frac{1^{-2}}{3^{-2}} - \frac{1^{-3}}{2^{-3}} \right\} \div \frac{1^{-2}}{4^{-2}} 
= \frac{3^{2} - 2^{3}}{1^{2}} \div 4^{2} = \frac{9 - 8}{16} = \frac{1}{16}.
\textcolor{red}{\text{Note that } 3^2 = 9 \text{ and } 2^3 = 8. \text{ Also, } 4^2 = 16.}
\]

\textbf{(ii)} 
\[
\left( \frac{5}{8} \right)^{-7} \times \left( \frac{8}{5} \right)^{-5} 
= \frac{5^{-7}}{8^{-7}} \times \frac{8^{-5}}{5^{-5}} 
= \frac{5^{-7} \times 8^{-5}}{8^{-7} \times 5^{-5}} 
= 5^{-2} \times 8^{2} = \frac{8^{2}}{5^{2}} = \frac{64}{25}.
\textcolor{red}{\text{Here, } 8^2 = 64 \text{ and } 5^2 = 25.}
\]

",False,True,True,1.6094379124341005,0.5004024235381879,0.0,0.0,False,False,0,0,"['**Question:**\n\\[ \\left\\{ \\left( \\frac{1}{3} \\right)^{-2} - \\left( \\frac{1}{2} \\right)^{-3} \\right\\} \\div \\left( \\frac{1}{4} \\right)^{-2} \\]\n\n**Answer:**\n\\[ \n(i) \\quad \\left\\{ \\left( \\frac{1}{3} \\right)^{-2} - \\left( \\frac{1}{2} \\right)^{-3} \\right\\} \\div \\left( \\frac{1}{4} \\right)^{-2} = \\left\\{ \\frac{1^{-2}}{3^{-2}} - \\frac{1^{-3}}{2^{-3}} \\right\\} \\div \\frac{1^{-2}}{4^{-2}} = \\frac{3^{2} \\cdot 2^{3}}{1^{2}} \\div 4^{2} \n\n= \\frac{9 - 8}{16} = \\frac{1}{16}. Note that \\( 3^{2} = 9 \\) and \\( 2^{3} = 8 \\)\n\n(ii) \\quad \\left( \\frac{5}{8} \\right)^{-7} \\times \\left( \\frac{8}{5} \\right)^{-5} = \\frac{5^{-7}}{8^{-7}} \\times \\frac{8^{-5}}{5^{-5}} = \\frac{5^{-7} \\times 8^{-5}}{8^{-7} \\times 5^{-5}} = 5^{-2} \\times 8^{-2} = \\frac{8^{2}}{5^{2}} = \\frac{64}{25}\n\nHere, \\( 8^{2} = 64 \\) and \\( 5^{2} = 25 \\). \n\n', '```latex\n\\documentclass{article}\n\\begin{document}\n\n**Question:** Simplify\n\n\\[\n\\left\\{ \\left(\\frac{1}{3}\\right)^{-2} - \\left(\\frac{1}{2}\\right)^{-3} \\right\\} \\div \\left( \\left(\\frac{1}{4}\\right)^{-2} \\right)\n\\]\n\nand\n\n\\[\n\\left( \\frac{5}{8} \\right)^{-7} \\times \\left( \\frac{8}{5} \\right)^{-5}\n\\]\n\n**Answer:**\n\n(i) \\[\n\\left\\{ \\left(\\frac{1}{3}\\right)^{-2} - \\left(\\frac{1}{2}\\right)^{-3} \\right\\} \\div \\left( \\left(\\frac{1}{4}\\right)^{-2} \\right) = \\left\\{ \\frac{1^{-2}}{3^{-2}} - \\frac{1^{-3}}{2^{-3}} \\right\\} \\div \\frac{1^{-2}}{4^{-2}} = \\frac{3^2 - 2^3}{1^2} \\div 4^2\n\\] Hence, $3^2 = 9$ and $2^3 = 8$\n\n(ii) \\[\n\\left( \\frac{5}{8} \\right)^{-7} \\times \\left( \\frac{8}{5} \\right)^{-5} = \\frac{5^{-7}}{8^{-7}} \\times \\frac{8^{-5}}{5^{-5}} = \\frac{5^{-7} \\times 8^{-5}}{8^{-7} \\times 5^{-5}} = 5^{-2} \\times 8^{-2} = \\frac{8^2}{5^2} = \\frac{64}{25}\n\\]\n\nHere, $8^2 = 64$ and $5^2 = 25$.\n\n\\end{document}\n```', '**Question:**\n$$\\left\\{ \\left( \\frac { 1 } { 3 } \\right) ^ { - 2 } - \\left( \\frac { 1 } { 2 } \\right) ^ { - 3 } \\right\\} ÷ \\left( \\left( \\frac { 1 } { 4 } \\right) \\right) ^ { - 2 }$$\n\n$$\\left( \\frac { 5 } { 8 } \\right) ^ { - 7 } × \\left( \\frac { 8 } { 5 } \\right) ^ { - 5 }$$\n\n**Answer:**\n\n$$(i)$$\n$$\\begin{aligned}\n\\left\\{ \\left( \\frac { 1 } { 3 } \\right) ^ { - 2 } - \\left( \\frac { 1 } { 2 } \\right) ^ { - 3 } \\right\\} ÷ \\left( \\left( \\frac { 1 } { A } \\right) \\right) ^ { - 2 } &= \\left\\{ \\frac { 1 ^ { - 2 } } { 3 ^ { - 2 } } - \\frac { 1 ^ { - 3 } } { 2 ^ { - 3 } } \\right\\} ÷ \\frac { 1 ^ { - 2 } } { A ^ { - 2 } } \\\\ &= \\frac { 9 - 8 } { 1 6 } = \\frac { 1 } { 1 6 } . \\text Note t h a t 3 ^ { 2 } = 9 \\text a n d 2 ^ { 3 } = 8\n\\end{aligned}$$\n\n(ii)\n$$\\begin{aligned}\n\\left( \\frac { 5 } { 8 } \\right) ^ { - 7 } × \\left( \\frac { 8 } { 5 } \\right) ^ { - 5 } & = \\frac { 5 ^ { - 7 } } { 8 ^ { - 7 } } × \\frac { 8 - 5 } { 5 - 5 } = \\frac { 5 ^ { - 7 } } { 8 ^ { - 7 } } × \\frac { 8 - 5 } {', '**Question:**\n\\[\n\\text{Simplify}\n\\]\n\\[\n\\left\\{\\left(\\frac{1}{3}\\right)^{-2} - \\left(\\frac{1}{2}\\right)^{-3}\\right\\} \\div \\left(\\frac{1}{4}\\right)^{-2}\n\\]\n\nand\n\n\\[\n\\left(\\frac{5}{8}\\right)^{-7} \\times \\left(\\frac{8}{5}\\right)^{-5}\n\\]\n\n**Answer:**\n\\[\n\\text{(i)}\n\\begin{aligned}\n\\left\\{\\left(\\frac{1}{3}\\right)^{-2} - \\left(\\frac{1}{2}\\right)^{-3}\\right\\} \\div \\left(\\frac{1}{4}\\right)^{-2} & = \\left\\{\\frac{1^{-2}}{3^{-2}} - \\frac{1^{-3}}{2^{-3}}\\right\\} \\div \\frac{1^{-2}}{4^{-2}} = \\frac{3^2 - 2^3}{1^2} \\div 4^2 \\\\\n& = \\frac{9 - 8}{16} = \\frac{1}{16}. \\text{ Note that } 3^2 = 9 \\text{ and } 2^3 = 8\n\\end{aligned}\n\\]\n\n\\[\n\\text{(ii)}\n\\begin{aligned}\n\\left(\\frac{5}{8}\\right)^{-7} \\times \\left(\\frac{8}{5}\\right)^{-5} & = \\frac{5^{-7}}{8^{-7}} \\times \\frac{8^{-5}}{5^{-5}} = \\frac{5^{-7} \\times 8^{-5}}{8^{-7} \\times 5^{-5}} = 5^{-2} \\times 8^{-2} = \\frac{8^2}{5^2} = \\frac{64}{25}\n\\end{aligned}\n\\]\n\nHere, \\(8^2 = 64\\) and \\(5^2 = 25\\).', '**Question:**\n\\[\n\\left\\{ \\left( \\frac{1}{3} \\right)^{-2} - \\left( \\frac{1}{2} \\right)^{-3} \\right\\} \\div \\left( \\frac{1}{4} \\right)^{-2}\n\\]\nand\n\\[\n\\left( \\frac{5}{8} \\right)^{-7} \\times \\left( \\frac{8}{5} \\right)^{-5}\n\\]\n\n**Answer:**\n\\begin{enumerate}\n    \\item\n    \\begin{align*}\n        \\left\\{ \\left( \\frac{1}{3} \\right)^{-2} - \\left( \\frac{1}{2} \\right)^{-3} \\right\\} \\div \\left( \\frac{1}{4} \\right)^{-2} &= \\left\\{ \\frac{1^{-2}}{3^{-2}} - \\frac{1^{-3}}{2^{-3}} \\right\\} \\div \\frac{1^{-2}}{4^{-2}} \\\\\n        &= \\frac{9 - 8}{16} = \\frac{1}{16}.\n        \\text{Note that } 3^{2} = 9 \\text{ and } 2^{3} = 8.\n    \\end{align*}\n\n    \\item\n    \\begin{align*}\n        \\left( \\frac{5}{8} \\right)^{-7} \\times \\left( \\frac{8}{5} \\right)^{-5} &= \\frac{5^{-7}}{8^{-7}} \\times \\frac{8^{-5}}{5^{-5}} = \\frac{5^{-7} \\times 8^{-5}}{8^{-7} \\times 5^{-5}} \\\\\n        &= 5^{-2} \\times 8^{-2} = \\frac{8^{2}}{5^{2}} = \\frac{64}{25}.\n    \\end{align*}\n    \\text{Here, } 8^{2} = 64 \\text{ and } 5^{2} = 25.\n\\end{enumerate}']","['**Reasoning:** The answer provided contains two parts:\n\n1. For part (i), the calculation \\(\\left(\\frac{1}{3}\\right)^{-2} - \\left(\\frac{1}{2}\\right)^{-3}\\) should be simplified first, then divided by \\(\\left(\\frac{1}{4}\\right)^{-2}\\). According to the order of operations and the properties of exponents, this simplifies incorrectly. It should be calculated as follows:\n   \\[\n   \\left(\\frac{1}{3}\\right)^{-2} = 3^2 = 9\n   \\]\n   \\[\n   \\left(\\frac{1}{2}\\right)^{-3} = 2^3 = 8\n   \\]\n   So,\n   \\[\n   9 - 8 = 1\n   \\]\n   Then divide by \\(\\left(\\frac{1}{4}\\right)^{-2} = 4^2 = 16\\):\n   \\[\n   \\frac{1}{16}\n   \\]\n\n   However, the given answer does not simplify correctly for part (i). It seems to assume incorrect simplifications and division.\n\n2. For part (ii), the calculation \\(\\left(\\frac{5}{8}\\right)^{-7} \\times \\left(\\frac{8}{5}\\right)^{-5}\\) follows the order of operations and simplifications properly, resulting in:\n   \\[\n   \\left(\\frac{5}{8}\\right)^{-7} = \\left(\\frac{8}{5}\\right)^7\n   \\]\n   \\[\n   \\left(\\frac{8}{5}\\right)^{-5} = \\left(\\frac{5}{8}\\right)^5\n   \\]\n   Multiplying these together:\n   \\[\n   \\left(\\frac{8}{5}\\right)^{12}\n   \\]\n   This matches the final step in the answer provided.\n\n**Error:** 1', '**Reasoning:** The Answer contains a mistake in the simplification of the expression \\(\\left(\\frac{5}{8}\\right)^{-7} \\times \\left(\\frac{8}{5}\\right)^{-5}\\). The steps taken to simplify the expression are incorrect. The correct simplification should be:\n\n\\[\n\\left(\\frac{5}{8}\\right)^{-7} \\times \\left(\\frac{8}{5}\\right)^{-5} = \\left(\\frac{8}{5}\\right)^7 \\times \\left(\\frac{5}{8}\\right)^5 = \\frac{8^7 \\times 5^5}{5^7 \\times 8^5} = \\frac{8^2 \\times 5^2}{5^2 \\times 8^2} = \\frac{4}{1} = 4\n\\]\n\nTherefore, the Answer is incorrect because it does not correctly simplify the given expression.\n\n**Error:** 1', '**Reasoning:** In part (i), the student incorrectly simplified the expression \\(\\left(\\frac{1}{3}\\right)^{-2} - \\left(\\frac{1}{2}\\right)^{-3}\\) as \\(\\frac{1^{-2}}{3^{-2}} - \\frac{1^{-3}}{2^{-3}}\\). The correct approach should be to convert the negative exponents into positive by taking the reciprocal and then raising them to their respective powers, resulting in \\(\\left(\\frac{3^2}{1}\\right) - \\left(\\frac{2^3}{1}\\right)\\).\n\nIn part (ii), the student mistakenly applied the negative exponent rule incorrectly when multiplying \\(\\left(\\frac{5}{8}\\right)^{-7} \\times \\left(\\frac{8}{5}\\right)^{-5}\\) as \\(\\frac{5^{-7}}{8^{-7}} \\times \\frac{8^{-5}}{5^{-5}} = \\frac{5^{-7} \\times 8^{-5}}{8^{-7} \\times 5^{-5}}\\). The correct operation should involve multiplying the numerators together and the denominators together directly, which would result in \\(\\left(\\frac{8^5}{5^7}\\right) \\times \\left(\\frac{5^5}{8^7}\\right)\\).\n\n**Error:** 1', '**Reasoning:** The answer provided does not contain any obvious errors in the steps taken to simplify the expressions. It correctly follows the order of operations and simplifies the fractions appropriately. There is no indication of incorrect arithmetic or logical mistakes.\n\n**Error:** 0', '**Reasoning:** The error occurs in the simplification of the expression inside the brackets \\(\\left( \\frac{1}{3} \\right)^{-2} - \\left( \\frac{1}{2} \\right)^{-3}\\). The exponent rules applied incorrectly result in an incorrect calculation of the difference between the two terms. Specifically, \\(\\left( \\frac{1}{a} \\right)^{-n} = a^n\\), but here the negative exponents are being incorrectly converted to positive exponents when the subtraction is performed.\n\nThe correct approach should be to evaluate each term separately before performing the subtraction, but instead, the negative exponents are incorrectly simplified to \\(3^2\\) and \\(2^3\\) respectively. This leads to an incorrect final answer after division.\n\n**Error:** 1']","['**Question:**\n\\[\n\\text{Simplify}\n\\]\n\\[\n\\left\\{ \\left( \\frac{1}{3} \\right)^{-2} - \\left( \\frac{1}{2} \\right)^{-3} \\right\\} \\div \\left( \\frac{1}{4} \\right)^{-2}\n\\]\n\nand\n\n\\[\n\\left( \\frac{5}{8} \\right)^{-7} \\times \\left( \\frac{8}{5} \\right)^{-5}\n\\]\n\n**Answer:**\n\n(i) \n\\[\n\\left\\{ \\left( \\frac{1}{3} \\right)^{-2} - \\left( \\frac{1}{2} \\right)^{-3} \\right\\} \\div \\left( \\frac{1}{4} \\right)^{-2} = \\left\\{ \\frac{1^{-2}}{3^{-2}} - \\frac{1^{-3}}{2^{-3}} \\right\\} \\div \\frac{1^{-2}}{4^{-2}} = \\frac{3^2 - 2^3}{1^2} \\div 4^2\n\\]\n\\[\n= \\frac{9 - 8}{16} = \\frac{1}{16}. \\text{ Note that } 3^2 = 9 \\text{ and } 2^3 = 8\n\\]\n\n(ii)\n\\[\n\\left( \\frac{5}{8} \\right)^{-7} \\times \\left( \\frac{8}{5} \\right)^{-5} = \\frac{5^{-7}}{8^{-7}} \\times \\frac{8^{-5}}{5^{-5}} = \\frac{5^{-7} \\times 8^{-5}}{8^{-7} \\times 5^{-5}} = 5^{-2} \\times 8^{-2} = \\frac{8^2}{5^2} = \\frac{64}{25}\n\\]\n\nHere, \\(8^2 = 64\\) and \\(5^2 = 25\\).', '**Question:**\n\\[\n\\text{Simplify}\n\\]\n\\[\n\\left\\{ \\left( \\frac{1}{3} \\right)^{-2} - \\left( \\frac{1}{2} \\right)^{-3} \\right\\} \\div \\left( \\frac{1}{4} \\right)^{-2}\n\\]\n\nand\n\n\\[\n\\left( \\frac{5}{8} \\right)^{-7} \\times \\left( \\frac{8}{5} \\right)^{-5}\n\\]\n\n**Answer:**\n\n(i) \n\\[\n\\left\\{ \\left( \\frac{1}{3} \\right)^{-2} - \\left( \\frac{1}{2} \\right)^{-3} \\right\\} \\div \\left( \\frac{1}{4} \\right)^{-2} = \\left\\{ \\frac{1^{-2}}{3^{-2}} - \\frac{1^{-3}}{2^{-3}} \\right\\} \\div \\frac{1^{-2}}{4^{-2}} = \\frac{3^2 - 2^3}{1^2} \\div 4^2\n\\]\n\\[\n= \\frac{9 - 8}{16} = \\frac{1}{16}. \\text{ Note that } 3^2 = 9 \\text{ and } 2^3 = 8\n\\]\n\n(ii)\n\\[\n\\left( \\frac{5}{8} \\right)^{-7} \\times \\left( \\frac{8}{5} \\right)^{-5} = \\frac{5^{-7}}{8^{-7}} \\times \\frac{8^{-5}}{5^{-5}} = \\frac{5^{-7} \\times 8^{-5}}{8^{-7} \\times 5^{-5}} = 5^{-2} \\times 8^{-2} = \\frac{8^2}{5^2} = \\frac{64}{25}\n\\]\n\nHere, \\(8^2 = 64\\) and \\(5^2 = 25\\).']","['**Reasoning:** The answer provided contains two parts. For part (i), the calculation of \\(\\left(\\frac{1}{3}\\right)^{-2} - \\left(\\frac{1}{2}\\right)^{-3}\\) is correct, but the division by \\(\\left(\\frac{1}{4}\\right)^{-2}\\) is incorrect. The expression should be simplified as follows:\n\\[\n\\left(\\frac{1}{3}\\right)^{-2} - \\left(\\frac{1}{2}\\right)^{-3} = 9 - 8 = 1\n\\]\nThen, dividing by \\(\\left(\\frac{1}{4}\\right)^{-2}\\) is equivalent to multiplying by \\(4^2\\):\n\\[\n1 \\div 16 = \\frac{1}{16}\n\\]\nFor part (ii), the simplification of \\(\\left(\\frac{5}{8}\\right)^{-7} \\times \\left(\\frac{8}{5}\\right)^{-5}\\) is correct, but the final step should be:\n\\[\n\\left(\\frac{5}{8}\\right)^{-7} \\times \\left(\\frac{8}{5}\\right)^{-5} = \\left(\\frac{5}{8}\\right)^{-7} \\times \\left(\\frac{5}{8}\\right)^{5} = \\left(\\frac{5}{8}\\right)^{-2} = \\left(\\frac{8}{5}\\right)^2 = \\frac{64}{25}\n\\]\nTherefore, the answer provided has an error in the division step for part (i) and the final step for part (ii).\n\n**Error:** 1', '**Reasoning:** The answer provided contains two parts. For part (i), the calculation of \\(\\left(\\frac{1}{3}\\right)^{-2} - \\left(\\frac{1}{2}\\right)^{-3}\\) is correct, but the division by \\(\\left(\\frac{1}{4}\\right)^{-2}\\) is incorrect. The expression should be simplified as follows:\n\\[\n\\left(\\frac{1}{3}\\right)^{-2} - \\left(\\frac{1}{2}\\right)^{-3} = 9 - 8 = 1\n\\]\nThen, dividing by \\(\\left(\\frac{1}{4}\\right)^{-2}\\) is equivalent to multiplying by \\(4^2\\):\n\\[\n1 \\div 16 = \\frac{1}{16}\n\\]\nFor part (ii), the simplification of \\(\\left(\\frac{5}{8}\\right)^{-7} \\times \\left(\\frac{8}{5}\\right)^{-5}\\) is correct, but the final step should be:\n\\[\n\\left(\\frac{5}{8}\\right)^{-7} \\times \\left(\\frac{8}{5}\\right)^{-5} = \\left(\\frac{5}{8}\\right)^{-7} \\times \\left(\\frac{5}{8}\\right)^{5} = \\left(\\frac{5}{8}\\right)^{-2} = \\left(\\frac{8}{5}\\right)^2 = \\frac{64}{25}\n\\]\nTherefore, the answer provided has an error in the division step for part (i) and the final step for part (ii).\n\n**Error:** 1']",Qwen/Qwen2.5-VL-3B-Instruct,100
"A, B and C can do a piece of work in 20, 30 and 60 days respectively. In how many days can A do the work if he is assisted by B and C on every third day? 

\begin{itemize}
    \item[A.] 12 days
    \item[B.] 15 days
    \item[C.] 16 days
    \item[D.] 18 days
\end{itemize}

"," Option B

A's 2 day's work is given by:
\[
\left( \frac{1}{20} \times 2 \right) = \textcolor{red}{\frac{1}{15}}.
\]

(A + B + C)'s 1 day's work is given by:
\[
\left( \frac{1}{20} + \frac{1}{30} + \frac{1}{60} \right) = \textcolor{red}{\frac{5}{60}} = \textcolor{red}{\frac{1}{12}}.
\]

Work done in 3 days is:
\[
\textcolor{red}{\frac{1}{15}} + \textcolor{red}{\frac{1}{12}} = \textcolor{red}{\frac{3}{20}}.
\]

Now, \(\textcolor{red}{\frac{3}{20}}\) work is done in 3 days. Therefore, the whole work will be done in:
\[
3 \times \textcolor{red}{\frac{20}{3}} = \textcolor{red}{20} \text{ days.}
\]

",True,True,True,1.6094379124341005,0.5004024235381879,0.0,0.0,False,True,0,0,"[""**Question:** A, B and C can do a piece of work in 20, 30 and 60 days respectively. In how many days can A do the work if he is assisted by B and C on every third day?\n\n**Answer:** Option B\n\nA's 2 days' work is given by: \\( ( \\frac{1}{20} \\times 2 ) = \\frac{1}{15} \\)\n\n(A + B + C)'s 1 day's work is given by: \\( ( \\frac{1}{20} + \\frac{1}{30} + \\frac{1}{60} ) = \\frac{5}{60} = \\frac{1}{12} \\)\n\nWork done in 3 days is: \\( \\frac{1}{15} + \\frac{1}{12} = \\frac{3}{20} \\)\n\nNow, \\(\\frac{3}{20}\\) work is done in 3 days. Therefore, the whole work will be done in:\n\n\\( 3 \\times \\frac{20}{3} = 20 \\) days"", ""**Question:**\n$A, B \\text{ and } C \\text{ can do a piece of work in 20, 30 and 60 days respectively. In how many days can A do the work if he is assisted by B and C on every third day?}$\n\n**Answer:**\n\\begin{aligned}\n& \\text{Option B} \\\\\n& \\text{A's 2 days' work is given by:} \\\\\n& (A + B + C)'s 1 day's work is given by: \\\\\n& \\left(\\frac{1}{20}\\times 2\\right) = \\frac{1}{15} \\\\\n& \\left(\\frac{1}{20}+\\frac{1}{30}+\\frac{1}{60}\\right) = \\frac{5}{60} = \\frac{1}{12} \\\\\n& \\text{work done in 3 days is:} \\\\\n& \\frac{1}{15} + \\frac{1}{12} = \\frac{3}{20} \\\\\n& \\text{Now, $\\frac{3}{20}$ work is done in 3 days. Therefore,} \\\\\n& \\text{the whole work will be done in:} \\\\\n& 3 \\times \\frac{20}{3} = 20 \\text{ days}\n\\end{aligned}"", ""**Question:** A, B and C can do a piece of work in 20, 30 and 60 days respectively. In how many days can A do the work if he is assisted by B and C on every third day?\n\n**Answer:** Option B\n\nA's 2 days' work is given by: (\\frac{1}{20}x2) = \\frac{1}{15}\n(A + B + C)'s 1 day's work is given by: (\\frac{1}{20} + \\frac{1}{30} + \\frac{1}{60}) = \\frac{5}{60} = \\frac{1}{12}\nWork done in 3 days is: \\frac{1}{15} + \\frac{1}{12} = \\frac{3}{20}.\nNow, \\frac{3}{20} work is done in 3 days. Therefore, the whole work will be done in: 3 x \\frac{20}{3} = 20 days."", ""**Question:**\nA, B, and C can do a piece of work in 20, 30, and 60 days respectively. In how many days can A do the work if he is assisted by B and C on every third day?\n\n**(A)** 12 days\n**(B)** 15 days\n**(C)** 16 days\n**(D)** 18 days\n\n**Answer:**\nOption B\n\nA's 2 days' work is given by:\n\\[\n\\left(\\frac{1}{20} \\times 2\\right) = \\frac{1}{15}\n\\]\n\n(A + B + C)'s 1 day's work is given by:\n\\[\n\\left(\\frac{1}{20} + \\frac{1}{30} + \\frac{1}{60}\\right) = \\frac{5}{60} = \\frac{1}{12}\n\\]\n\nWork done in 3 days is:\n\\[\n\\frac{1}{15} + \\frac{1}{12} = \\frac{3}{20}\n\\]\n\nNow, \\(\\frac{3}{20}\\) work is done in 3 days. Therefore, the whole work will be done in:\n\\[\n3 \\times \\frac{20}{3} = 20 \\text{ days}\n\\]"", ""**Question:** A, B and C can do a piece of work in 20, 30 and 60 days respectively. In how many days can A do the work if he is assisted by B and C on every third day?\n\n**Answer:** Option B\n\nA's 2 days' work is given by:\n\\[\n\\left(\\frac{1}{20} \\times 2 \\right) = \\frac{1}{15}\n\\]\n\n(A + B + C)'s 1 day's work is given by:\n\\[\n\\left(\\frac{1}{20} + \\frac{1}{30} + \\frac{1}{60}\\right) = \\frac{5}{60} = \\frac{1}{12}\n\\]\n\nWork done in 3 days is:\n\\[\n\\frac{1}{15} + \\frac{1}{12} = \\frac{3}{20}\n\\]\n\nNow, \\(\\frac{3}{20}\\) work is done in 3 days. Therefore, the whole work will be done in:\n\\[\n3 \\times \\frac{20}{3} = 20 \\text{ days}\n\\]""]","['**Reasoning:**\nThe answer provided does not contain any errors. The steps taken to solve the problem are correct and logically aligned with the given question. The calculations involving work efficiency and the days required to complete the work are accurately computed according to the principles of work rate.\n\n**Error:** 0', '**Reasoning:** The answer provided contains a logical error in the final calculation. The work done in 3 days should be multiplied by \\(\\frac{20}{3}\\) to find the total time required for the whole work, but instead, it incorrectly multiplies \\(3\\) by \\(\\frac{20}{3}\\). This results in a total time of \\(20\\) days, which matches the expected result but is not derived correctly from the work rates calculated. \n\n**Error:** 1', ""**Reasoning:** The answer does not properly account for the work done by A alone in every third day. It starts with the combined work of A, B, and C over 2 days, but then incorrectly calculates the work done in 3 days as \\(\\frac{3}{20} \\times 3 = 20\\) days, ignoring the fact that A works alone for 2 out of those 3 days. The correct approach should be to calculate the total work done considering A's daily work plus the additional work done when he works with B and C every third day.\n\n**Error:** 1"", ""**Reasoning:** The answer provided contains an error in the calculation. \n\nStep-by-step breakdown:\n1. The work rate for A, B, and C in one day is calculated correctly as follows:\n   - A's work rate: \\(\\frac{1}{20}\\)\n   - B's work rate: \\(\\frac{1}{30}\\)\n   - C's work rate: \\(\\frac{1}{60}\\)\n\n2. When A works with B and C, their combined work rate is:\n   \\[\n   \\left( \\frac{1}{20} + \\frac{1}{30} + \\frac{1}{60} \\right) = \\frac{1}{15}\n   \\]\n\n3. The total work done in 3 days is:\n   \\[\n   3 \\times \\frac{1}{15} = \\frac{3}{15}\n   \\]\n\n4. This fraction needs to be simplified:\n   \\[\n   \\frac{3}{15} = \\frac{1}{5}\n   \\]\n\n5. To find the total time taken to complete the entire work, we need the reciprocal of the remaining work rate after 3 days:\n   \\[\n   \\text{Time} = \\frac{1}{\\text{Remaining Work Rate}} = \\frac{1}{\\frac{1}{5}} = 5 \\text{ days}\n   \\]\n\nHowever, the provided solution calculates it as:\n   \\[\n   20 \\text{ days}\n   \\]\n\n**Error:** 1"", '**Reasoning:** The answer provided calculates the work done in 3 days first, rather than the total number of days required to complete the entire work. The calculation of \\(\\frac{3}{20} = 20\\) days is incorrect because it does not account for the fact that A works alone for every third day. The correct approach should be to find out how many times A works alone and then add that to the number of days B and C work together.\n\n**Error:** 1']","[""**Question:**\nA, B, and C can do a piece of work in 20, 30, and 60 days respectively. In how many days can A do the work if he is assisted by B and C every third day?\n\n**Answer:**\nOption B\n\nA's 2 days' work is given by:\n\\[\n\\left(\\frac{1}{20} \\times 2\\right) = \\frac{1}{15}\n\\]\n\n(A + B + C)'s 1 day's work is given by:\n\\[\n\\left(\\frac{1}{20} + \\frac{1}{30} + \\frac{1}{60}\\right) = \\frac{5}{60} = \\frac{1}{12}\n\\]\n\nWork done in 3 days is:\n\\[\n\\frac{1}{15} + \\frac{1}{12} = \\frac{3}{20}\n\\]\n\nNow, \\(\\frac{3}{20}\\) work is done in 3 days. Therefore, the whole work will be done in:\n\\[\n3 \\times \\frac{20}{3} = 20 \\text{ days}\n\\]"", ""**Question:**\nA, B, and C can do a piece of work in 20, 30, and 60 days respectively. In how many days can A do the work if he is assisted by B and C every third day?\n\n**Answer:**\nOption B\n\nA's 2 days' work is given by:\n\\[\n\\left(\\frac{1}{20} \\times 2\\right) = \\frac{1}{15}\n\\]\n\n(A + B + C)'s 1 day's work is given by:\n\\[\n\\left(\\frac{1}{20} + \\frac{1}{30} + \\frac{1}{60}\\right) = \\frac{5}{60} = \\frac{1}{12}\n\\]\n\nWork done in 3 days is:\n\\[\n\\frac{1}{15} + \\frac{1}{12} = \\frac{3}{20}\n\\]\n\nNow, \\(\\frac{3}{20}\\) work is done in 3 days. Therefore, the whole work will be done in:\n\\[\n3 \\times \\frac{20}{3} = 20 \\text{ days}\n\\]""]","[""**Reasoning:** The answer provided does not correctly solve the problem. The work done in 3 days should be calculated as follows: A's work in 2 days is \\(\\frac{1}{20} \\times 2 = \\frac{1}{10}\\). B's work in 2 days is \\(\\frac{1}{30} \\times 2 = \\frac{1}{15}\\). C's work in 2 days is \\(\\frac{1}{60} \\times 2 = \\frac{1}{30}\\). Therefore, the total work done in 2 days by A, B, and C together is \\(\\frac{1}{10} + \\frac{1}{15} + \\frac{1}{30} = \\frac{3}{30} + \\frac{2}{30} + \\frac{1}{30} = \\frac{6}{30} = \\frac{1}{5}\\). This means they complete \\(\\frac{1}{5}\\) of the work in 2 days. To find out how many days it takes to complete the entire work, we divide the total work (1) by the work done in 2 days (\\(\\frac{1}{5}\\)), which gives us \\(2 \\times 5 = 10\\) days. However, the answer provided states that the work will be done in 20 days, which is incorrect.\n\n**Error:** 1"", ""**Reasoning:** The answer provided does not correctly solve the problem. The work done in 3 days should be calculated as follows: A's work in 2 days is \\(\\frac{1}{20} \\times 2 = \\frac{1}{10}\\). B's work in 2 days is \\(\\frac{1}{30} \\times 2 = \\frac{1}{15}\\). C's work in 2 days is \\(\\frac{1}{60} \\times 2 = \\frac{1}{30}\\). Therefore, the total work done in 2 days by A, B, and C together is \\(\\frac{1}{10} + \\frac{1}{15} + \\frac{1}{30} = \\frac{3}{30} + \\frac{2}{30} + \\frac{1}{30} = \\frac{6}{30} = \\frac{1}{5}\\). This means they complete \\(\\frac{1}{5}\\) of the work in 2 days. To find out how many days it takes to complete the entire work, we divide the total work (1) by the work done in 2 days (\\(\\frac{1}{5}\\)), which gives us \\(2 \\times 5 = 10\\) days. However, the answer provided states that the work will be done in 20 days, which is incorrect.\n\n**Error:** 1""]",Qwen/Qwen2.5-VL-3B-Instruct,100
"Divide \( 8\sqrt{15} \) by \( 2\sqrt{3} \).

"," 
\[
8\sqrt{15} \div 2\sqrt{3} = \frac{8\sqrt{3} \textcolor{red}{-} \sqrt{5}}{2\sqrt{3}} = 4\sqrt{5}
\]

",True,True,False,1.6094379124341005,0.5004024235381879,0.0,0.0,False,True,0,0,"['**Question:** Divide $8\\sqrt{15}$ by $2\\sqrt{3}$.  \n**Answer:** $\\frac{8\\sqrt{3}-\\sqrt{5}}{2\\sqrt{3}} = 4\\sqrt{5}$', '**Question:** Divide \\(8\\sqrt{15}\\) by \\(2\\sqrt{3}\\).\n\n**Answer:**\\(8\\sqrt{15} \\div 2\\sqrt{3} = \\frac{8\\sqrt{3}}{2\\sqrt{3}} - \\sqrt{5} = 4\\sqrt{5}\\)', '**Question:** Divide \\(8\\sqrt{15}\\) by \\(2\\sqrt{3}\\).\n\n**Answer:** \\(\\frac{8\\sqrt{3}}{2\\sqrt{3}} = 4\\sqrt{5}\\)', '**Question:** Divide $8\\sqrt{15}$ by $2\\sqrt{3}$.\n**Answer:** \\[ \\frac{8\\sqrt{15}}{2\\sqrt{3}} = \\frac{8\\sqrt{3} - \\sqrt{5}}{2\\sqrt{3}} = 4\\sqrt{5} \\]', '**Question:** Divide \\( 8\\sqrt{15} \\) by \\( 2\\sqrt{3} \\).\n\n**Answer:**\\[ \\frac{8\\sqrt{3}}{2\\sqrt{3}} = 4\\sqrt{5} \\]']","['**Reasoning:** The answer incorrectly simplifies the expression \\(\\frac{8\\sqrt{3}}{2\\sqrt{3}}\\) as \\(4\\sqrt{5}\\). Instead, it should simplify to \\(4\\), because when dividing \\(\\sqrt{a} / \\sqrt{b}\\), it simplifies to \\(\\sqrt{a/b}\\), so \\(\\frac{8\\sqrt{3}}{2\\sqrt{3}} = \\frac{8}{2} = 4\\). \n\n**Error:** 0', '**Reasoning:** The answer incorrectly divides the fractions by canceling out the square roots instead of rationalizing the denominator. The correct approach involves multiplying both the numerator and the denominator by the conjugate of the denominator to eliminate the radicals.\n\n**Error:** 1', '**Reasoning:** The answer should be evaluated based on the correctness of the mathematical operations performed. In this case, the division of \\(8\\sqrt{15}\\) by \\(2\\sqrt{3}\\) should result in \\(4\\sqrt{5}\\). However, the expression given as the solution seems to contain an incorrect simplification. Instead of dividing each term in the numerator by the corresponding term in the denominator, it incorrectly multiplies \\(\\sqrt{3}\\) by \\(\\sqrt{5}\\) instead of dividing them appropriately.\n\n**Error:** 1', '**Reasoning:** The answer provided is incorrect because it performs division incorrectly by dividing \\(\\sqrt{5}\\) instead of \\(\\sqrt{15}\\). The correct approach should be to divide \\(8\\sqrt{15}\\) by \\(2\\sqrt{3}\\) by multiplying each term inside the square roots by their respective reciprocals. Therefore, the division correctly simplifies to \\(4\\sqrt{\\frac{15}{3}} = 4\\sqrt{5}\\), but the numerator inside the square root was miscalculated as \\((8\\sqrt{3} - \\sqrt{5})\\) when it should have been \\((8\\sqrt{15} / 2)\\).\n\n**Error:** 1', '**Reasoning:** The answer provided does not correctly divide the numbers inside the square roots. When dividing \\(\\sqrt{15}\\) by \\(\\sqrt{3}\\), it should be simplified as follows: \n\\[\n\\frac{8\\sqrt{15}}{2\\sqrt{3}} = \\frac{8}{2} \\cdot \\frac{\\sqrt{15}}{\\sqrt{3}} = 4\\sqrt{\\frac{15}{3}} = 4\\sqrt{5}\n\\]\nHowever, the calculation in the answer suggests subtracting \\(\\sqrt{5}\\) from \\(\\frac{8\\sqrt{3}}{2\\sqrt{3}}\\), which is incorrect.\n\n**Error:** 1']","['**Question:** Divide \\(8\\sqrt{15}\\) by \\(2\\sqrt{3}\\).\n\n**Answer:** \\(\\frac{8\\sqrt{3} - \\sqrt{5}}{2\\sqrt{3}} = 4\\sqrt{5}\\)', '**Question:** Divide \\(8\\sqrt{15}\\) by \\(2\\sqrt{3}\\).\n\n**Answer:** \\(\\frac{8\\sqrt{3} - \\sqrt{5}}{2\\sqrt{3}} = 4\\sqrt{5}\\)']","['**Reasoning:** The answer provided does not correctly divide the expression \\(8\\sqrt{15}\\) by \\(2\\sqrt{3}\\). The correct approach would be to divide each term inside the square roots separately: \\(\\frac{8\\sqrt{15}}{2\\sqrt{3}} = \\frac{8}{2} \\cdot \\frac{\\sqrt{15}}{\\sqrt{3}} = 4\\sqrt{\\frac{15}{3}} = 4\\sqrt{5}\\). However, the answer given incorrectly simplifies the division as if it were a simple fraction, resulting in \\(\\frac{8\\sqrt{3} - \\sqrt{5}}{2\\sqrt{3}}\\), which is not equivalent to the correct simplified form.\n\n**Error:** 1', '**Reasoning:** The answer provided does not correctly divide the expression \\(8\\sqrt{15}\\) by \\(2\\sqrt{3}\\). The correct approach would be to divide each term inside the square roots separately: \\(\\frac{8\\sqrt{15}}{2\\sqrt{3}} = \\frac{8}{2} \\cdot \\frac{\\sqrt{15}}{\\sqrt{3}} = 4\\sqrt{\\frac{15}{3}} = 4\\sqrt{5}\\). However, the answer given incorrectly simplifies the division as if it were a simple fraction, resulting in \\(\\frac{8\\sqrt{3} - \\sqrt{5}}{2\\sqrt{3}}\\), which is not equivalent to the correct simplified form.\n\n**Error:** 1']",Qwen/Qwen2.5-VL-3B-Instruct,100
"\textbf{Question} 

Match each of the set on the left described in the roster form with the same set on the right described in the set-builder form:
\begin{enumerate}
    \item[$(i)$] $\{P, R, I, N, C, A, L\}$
    \item[$(ii)$] $\{0\}$
    \item[$(iii)$] $\{1, 2, 3, 6, 9, 18\}$
    \item[$(iv)$] $\{3, -3\}$
\end{enumerate}

\begin{enumerate}
    \item[$(a)$] $\{x : x \text{ is a positive integer and is a divisor of } 18\}$
    \item[$(b)$] $\{x : x \text{ is an integer and } x^2 - 9 = 0\}$
    \item[$(c)$] $\{x : x \text{ is an integer and } x + 1 = 1\}$
    \item[$(d)$] $\{x : x \text{ is a letter of the word PRINCIPAL}\}$
\end{enumerate}

","

Since in $(d)$, there are \textcolor{red}{8} letters in the word PRINCIPAL and two letters P and I are repeated, so $(i)$ matches $(d)$. Similarly, $(ii)$ matches $(c)$ as $x + 1 = 1$ implies $x = 0$. Also, $1, 2, 3, 6, 9, 18$ are all divisors of 18 and so $(iii)$ matches $(a)$. Finally, $x^2 - 9 = 0$ implies $x = 3, -3$ and so $(iv)$ matches $(b)$.

",True,True,False,1.3321790402101223,0.5004024235381879,0.0,0.0,False,False,2,0,"['**Question:** Match each of the set on the left described in the text form with the same set on the right described in the set-builder form.\n(i) $\\{P, R, I, N, C, A, L\\}$\n(ii) $\\{0\\}$\n(iii) $\\{1, 2, 3, 6, 9, 18\\}$\n(iv) $\\{3, -3\\}$\n\n(a) $\\{x : x \\text{ is a positive integer and is a divisor of } 18\\}$\n(b) $\\{x : x \\text{ can integer and } x^2 - g = 0\\}$\n(c) $\\{x : x \\text{ is an integer and } x + 1 = 1\\}$\n(d) $\\{x : x \\text{ is a letter of the word PRINCIPAL}\\}$\n\n**Answer:** Since in (d), there are 8 letters in the word PRINCIPAL and two letters P and I are repeated, so (i) matches (d). Similarly, (ii) matches (c) as $x + 1 = 1$ implies $x = 0$. Also, $1, 2, 3, 6, 9, 18$ are all divisors of $18$ and so (iii) matches (a). Finally, $x^2 - g = 0$ implies $x = 3, -3$ and so (iv) matches (b).', '\\begin{align*}\n&{\\textbf{Question:}} \\\\\n&\\text{Match each of the set on the left described in} \\\\\n&\\text{the box with the same set on the right} \\\\\n&\\text{described in the set-builder form:} \\\\\n&(\\text{i}) \\{P, R, I, N, C, A, L\\} \\\\\n&(\\text{ii}) \\{0\\} \\\\\n&(\\text{iii}) \\{1, 2, 3, 6, 9, 18\\} \\\\\n&(\\text{iv}) \\{3, -3\\} \\\\\n\n&(\\text{a}) \\{x: x \\text{ is a positive integer and is a divisor of } 18\\} \\\\\n&(\\text{b}) \\{n: n \\text{ is an integer and } n^2 - g = 0\\} \\\\\n&(\\text{c}) \\{n: n \\text{ is an integer and } n + 1 = 1\\} \\\\\n&(\\text{d}) \\{x: x \\text{ is a letter of the word PRINCIPAL}\\} \\\\\n\n&\\textbf{Answer:} \\\\\n&\\text{Since in (d), there are 8 letters in the word} \\\\\n&\\text{PRINCIPAL and two letters P and I are repeated}, (\\text{i}) \\text{matches (d)}. \\text{Similarly, (ii) matches (c)} \\\\\n&\\text{as } n + 1 = 1 \\text{ implies } n = 0. \\text{Also, } 1, 2, 3, 6, 9, 18 \\text{ are all divisors of } 18 \\text{ and so (iii)} \\text{matches (a)}. \\text{Finally,} \\\\\n&\\text{x}^2 - g = 0 \\text{ implies } x = 3, -3 \\text{ and so (iv)} \\text{matches (b)}.\n\\end{align*}', '```latex\n\\textbf{Question:} Match each of the set on the left described in the roster form with the same set on the right described in the set-builder form:\n\n(i) $\\{P, R, I, N, C, A, L\\}$\n\n(ii) $\\{0\\}$\n\n(iii) $\\{1, 2, 3, 6, 9, 18\\}$\n\n(iv) $\\{3, -3\\}$\n\n(a) $\\{x:x \\text{ is a positive integer and is a divisor of } 18\\}$\n\n(b) $\\{x:x \\text{ is an integer and } x^2 - 9 = 0\\}$\n\n(c) $\\{x:x \\text{ is an integer and } x + 1 = 1\\}$\n\n(d) $\\{x:x \\text{ is a letter of the word PRINCIPAL}\\}$\n\n\\textbf{Answer:} Since in (d), there are 8 letters in the word PRINCIPAL and two letters P and I are repeated, so (i) matches (d). Similarly, (ii) matches (c) as $x + 1 = 1$ implies $x = 0$. Also, 1, 2, 3, 6, 9, 18 are all divisors of 18 and so (iii) matches (a). Finally, $x^2 - 9 = 0$ implies $x = 3, -3$ and so (iv) matches (b).\n```', '**Question:**\nMatch each of the set on the left described in the roster form with the same set on the right described in the set-builder form:\n\n(i) \\(\\{P,R,I,N,C,A,L\\}\\)\n(ii) \\(\\{0\\}\\)\n(iii) \\(\\{1,2,3,6,9,18\\}\\)\n(iv) \\(\\{3,-3\\}\\)\n\n(a) \\(\\{x:x\\) is a positive integer and is a divisor of 18\\(\\}\\)\n(b) \\(\\{x:x\\) is an integer and \\(x^2 - 9 = 0\\}\\)\n(c) \\(\\{x:x\\) is an integer and \\(x + 1 = 1\\}\\)\n(d) \\(\\{x:x\\) is a letter of the word PRINCIPAL\\}\n\n**Answer:**\nSince in (d), there are 8 letters in the word PRINCIPAL and two letters P and I are repeated, so (i) matches (d). Similarly, (ii) matches (c) as \\(x + 1 = 1\\) implies \\(x = 0\\). Also, 1, 2, 3, 6, 9, 18 are all divisors of 18 and so (iii) matches (a). Finally, \\(x^2 - 9 = 0\\) implies \\(x = 3, -3\\) and so (iv) matches (b).', '**Question:**\nMatch each of the set on the left described in the text form with the same set on the right described in the set-builder form:\n\n(i) $\\{P, R, I, N, C, A, L\\}$\n\n(ii) $\\{0\\}$\n\n(iii) $\\{1, 2, 3, 6, 9, 18\\}$\n\n(iv) $\\{3, -3\\}$\n\n(a) $\\{x : x$ is a positive integer and is a divisor of $18\\}$\n\n(b) $\\{x : x$ can be an integer such that $x^2 - g = 0\\}$\n\n(c) $\\{x : x$ is an integer and $x + 1 = 1\\}$\n\n(d) $\\{x : x$ is a letter of the word PRINCIPAL\\}\n\n**Answer:**\n\nSince in (d), there are 8 letters in the word PRINCIPAL and two letters P and I are repeated, so (i) matches (d). Similarly, (ii) matches (c) as $x + 1 = 1$ implies $x = 0$. Also, $1, 2, 3, 6, 9, 18$ are all divisors of $18$, and so (iii) matches (a). Finally, $x^2 - g = 0$ implies $x = 3, -3$, and so (iv) matches (b).\n\n']","['**Reasoning:** The answer does not contain any logical errors. The steps taken to match each set with the corresponding set-builder form are presented correctly. \n\n**Error:** 0', '**Reasoning:** The answer provided does not contain any mathematical mistakes. Each step follows logically from the definitions given in the question. The connections between sets and their respective descriptions are correct and consistent with standard set theory.\n\n**Error:** 0', '**Reasoning:** The student\'s answer does not match the correct matches between the sets and set-building forms as presented in the question. Specifically, the mappings provided are incorrect:\n(i) should match with (d), since it is the set of letters in the word ""PRINCIPAL"";\n(ii) should match with (b), as it correctly describes a set of integers whose square is equal to 9;\n(iii) should match with (c), since it lists the divisors of 18;\n(iv) should match with (a), since it correctly describes a set of positive integers divisible by 18.\nTherefore, the first two options are incorrect.\n\n**Error:** 1', '**Reasoning:** The answer provided does not contain any mathematical calculations or mistakes. It describes how each set matches with its corresponding description but does not solve the problem itself. Since the question does not involve solving expressions or deriving answers, we cannot identify any errors based on the given answer alone.\n\n**Error:** 0', '**Reasoning:** The answer does not contain any mathematical errors; all the matches between sets and set-builder forms are correct.\n\n**Error:** 0']","['**Question:**\nMatch each of the set on the left described in the roster form with the same set on the right described in the set-builder form:\n\n(i) $\\{P, R, I, N, C, A, L\\}$\n\n(ii) $\\{0\\}$\n\n(iii) $\\{1, 2, 3, 6, 9, 18\\}$\n\n(iv) $\\{3, -3\\}$\n\n(a) $\\{x : x \\text{ is a positive integer and is a divisor of } 18\\}$\n\n(b) $\\{x : x \\text{ is an integer and } x^2 - 9 = 0\\}$\n\n(c) $\\{x : x \\text{ is an integer and } x + 1 = 1\\}$\n\n(d) $\\{x : x \\text{ is a letter of the word PRINCIPAL}\\}$\n\n**Answer:**\nSince in (d), there are 8 letters in the word PRINCIPAL and two letters P and I are repeated, so (i) matches (d). Similarly, (ii) matches (c) as $x + 1 = 1$ implies $x = 0$. Also, $1, 2, 3, 6, 9, 18$ are all divisors of $18$ and so (iii) matches (a). Finally, $x^2 - 9 = 0$ implies $x = 3, -3$ and so (iv) matches (b).', '**Question:**\nMatch each of the set on the left described in the roster form with the same set on the right described in the set-builder form:\n\n(i) $\\{P, R, I, N, C, A, L\\}$\n\n(ii) $\\{0\\}$\n\n(iii) $\\{1, 2, 3, 6, 9, 18\\}$\n\n(iv) $\\{3, -3\\}$\n\n(a) $\\{x : x \\text{ is a positive integer and is a divisor of } 18\\}$\n\n(b) $\\{x : x \\text{ is an integer and } x^2 - 9 = 0\\}$\n\n(c) $\\{x : x \\text{ is an integer and } x + 1 = 1\\}$\n\n(d) $\\{x : x \\text{ is a letter of the word PRINCIPAL}\\}$\n\n**Answer:**\nSince in (d), there are 8 letters in the word PRINCIPAL and two letters P and I are repeated, so (i) matches (d). Similarly, (ii) matches (c) as $x + 1 = 1$ implies $x = 0$. Also, $1, 2, 3, 6, 9, 18$ are all divisors of $18$ and so (iii) matches (a). Finally, $x^2 - 9 = 0$ implies $x = 3, -3$ and so (iv) matches (b).']","['**Reasoning:** The answer provided does not match the question. The question asks to match each set described in the text with the same set described in the set-builder form. However, the answer does not provide any matching pairs between the sets and their set-builder forms. Instead, it provides explanations for why certain sets match certain descriptions, but it does not actually list the matches.\n\n**Error:** 1', '**Reasoning:** The answer provided does not match the question. The question asks to match each set described in the text with the same set described in the set-builder form. However, the answer does not provide any matching pairs between the sets and their set-builder forms. Instead, it provides explanations for why certain sets match certain descriptions, but it does not actually list the matches.\n\n**Error:** 1']",Qwen/Qwen2.5-VL-3B-Instruct,100
"Show that the points \( P (-2, 3, 5) \), \( Q (1, 2, 3) \) and \( R (7, 0, -1) \) are collinear.

"," We know that points are said to be collinear if they lie on a line.

Now, 
\[
PQ = \sqrt{(1+2)^2 + (2-3)^2 + (3-5)^2} = \sqrt{9 + 1 + 4} = \sqrt{14}
\]

\[
QR = \sqrt{(7-1)^2 + (0-2)^2 + (-1-3)^2} = \sqrt{36 + 4 + 16} = \sqrt{56} = 2\sqrt{14}
\]

and 

\[
PR = \sqrt{(7+2)^2 + (0-3)^2 + (-1-5)^2} = \sqrt{81 + 9 + 36} = \sqrt{126} = 3\sqrt{14}
\]

Thus, \textcolor{red}{\( PQ \times QR = PR \)}. Hence, \( P \), \( Q \), and \( R \) are collinear.

",True,False,False,1.6094379124341005,0.5004024235381879,0.0,0.0,False,True,0,0,"['**Question:**\nShow that the points \\( P(-2,3,5) \\), \\( Q(1,2,3) \\), and \\( R(7,0,-1) \\) are collinear.\n\n**Answer:**\nWe know that points are said to be collinear if they lie on a line. Now,\n\\[\nPQ = \\sqrt{(1 - (-2))^2 + (2 - 3)^2 + (3 - 5)^2} = \\sqrt{9 + 1 + 4} = \\sqrt{14}\n\\]\nand\n\\[\nQR = \\sqrt{(7 - 1)^2 + (0 - 2)^2 + (-1 - 3)^2} = \\sqrt{36 + 4 + 16} = 2\\sqrt{14}\n\\]\nThus,\n\\[\nPQ \\times QR = PR, \\text{ hence } P, Q, R \\text{ are collinear}.\n\\]', '**Question:**\nShow that the points \\( P(-2,3,5) \\), \\( Q(1,2,3) \\) and \\( R(7,0,-1) \\) are collinear.\n\n**Answer:**\nWe know that points are said to be collinear if they lie on a line.\n\nNow,\n\\[ PQ = \\sqrt{(1+2)^2 + (2-3)^2 + (3-5)^2} = \\sqrt{9 + 1 + 4} = \\sqrt{14} \\]\n\n\\[ QR = \\sqrt{(7-1)^2 + (0-0)^2 + (-1-3)^2} = \\sqrt{36 + 4 + 16} = \\sqrt{56} = 2\\sqrt{14} \\]\n\nand\n\n\\[ PR = \\sqrt{(7+2)^2 + (0-3)^2 + (-1-5)^2} = \\sqrt{81 + 9 + 36} = \\sqrt{126} = 3\\sqrt{14} \\]\n\nThus, \\( PQ \\times QR = PR \\), hence, \\( P, Q, R \\) are collinear.', '**Question:**\nShow that the points \\(P(-2, 3, 5)\\), \\(Q(1, 2, 3)\\), and \\(R(7, 0, -1)\\) are collinear.\n\n**Answer:**\nWe know that points are said to be collinear if they lie on a line.\nNow,\n\\[ PQ = \\sqrt{(1 + 2)^2 + (2 - 3)^2 + (3 - 5)^2} = \\sqrt{9 + 1 + 4} = \\sqrt{14} \\]\n\n\\[ QR = \\sqrt{(7 - 1)^2 + (0 - 2)^2 + (-1 - 3)^2} = \\sqrt{36 + 4 + 16} = \\sqrt{56} = 2\\sqrt{14} \\]\n\nand\n\n\\[ PR = \\sqrt{(7 + 2)^2 + (0 - 3)^2 + (-1 - 5)^2} = \\sqrt{81 + 9 + 36} = \\sqrt{126} = 3\\sqrt{14} \\]\n\nThus, \\(PQ \\times QR = PR\\), hence, \\(P, Q, R\\) are collinear.', '**Question:** Show that the points \\(P(-2,3,5)\\), \\(Q(1,2,3)\\) and \\(R(7,0,-1)\\) are collinear.\n\n**Answer:** We know that points are said to be collinear if they lie on a line.\n\n\\[\nPQ = \\sqrt{(1+2)^2 + (2-3)^2 + (3-5)^2} = \\sqrt{9+1+4} = \\sqrt{14}\n\\]\n\n\\[\nQR = \\sqrt{(7-1)^2 + (0-2)^2 + (-1-3)^2} = \\sqrt{36+4+16} = \\sqrt{56} = 2\\sqrt{14}\n\\]\n\nand\n\n\\[\nPR = \\sqrt{(7+2)^2 + (0-3)^2 + (-1-5)^2} = \\sqrt{81+9+36} = \\sqrt{126} = 3\\sqrt{14}\n\\]\n\nThus, \\(PQ \\times QR = PR\\), hence \\(P,Q,R\\) are collinear.', '**Question:**\nShow that the points \\( P(-2, 3, 5) \\), \\( Q(1, 2, 3) \\), and \\( R(4, 0, -1) \\) are collinear.\n\n**Answer:**\nWe know that points are said to be collinear if they lie on a line.\n\\[\nPQ = \\sqrt{(1 + 2)^2 + (2 - 3)^2 + (3 - 5)^2} = \\sqrt{9 + 1 + 4} = \\sqrt{14}\n\\]\n\\[\nQR = \\sqrt{(7 - 1)^2 + (0 - 2)^2 + (-1 - 3)^2} = \\sqrt{36 + 4 + 16} = \\sqrt{56} = 2\\sqrt{14}\n\\]\nand\n\\[\nPR = \\sqrt{(7 + 2)^2 + (0 - 3)^2 + (-1 - 5)^2} = \\sqrt{81 + 9 + 36} = \\sqrt{126} = 3\\sqrt{14}\n\\]\nThus,\n\\[ PQ \\times QR = PR, \\text{ hence } P, Q, R \\text{ are collinear}. \\]']","['**Reasoning:** The answer incorrectly calculates the lengths of the segments PQ, QR, and PR. The calculations should be as follows:\n- PQ = \\(\\sqrt{(1 - (-2))^2 + (2 - 3)^2 + (3 - 5)^2} = \\sqrt{9 + 1 + 4} = \\sqrt{14}\\)\n- QR = \\(\\sqrt{(7 - 1)^2 + (0 - 2)^2 + (-1 - 3)^2} = \\sqrt{36 + 4 + 16} = \\sqrt{56}\\)\n- PR = \\(\\sqrt{(7 - (-2))^2 + (0 - 3)^2 + (-1 - 5)^2} = \\sqrt{81 + 9 + 36} = \\sqrt{126}\\)\n\nThe lengths calculated are correct, but they are not combined with the cross product to show collinearity. The author concludes that because the dot product equals the length of the segment, the points are collinear, which is incorrect.\n\n**Error:** 1', '**Reasoning:** The answer incorrectly calculates the distances between points P, Q, and R using different formulas. For collinearity, the correct formula should be distance formula: \n\\[ d = \\sqrt{(x_2 - x_1)^2 + (y_2 - y_1)^2} \\]\nwhere \\( (x_1, y_1) \\) and \\( (x_2, y_2) \\) are coordinates of two points.\n\nFor P(-2,3,5), Q(1,2,8), and R(4,0,-1):\n\n\\[ PQ = \\sqrt{(1 - (-2))^2 + (2 - 3)^2 + (8 - 5)^2} = \\sqrt{9 + 1 + 9} = \\sqrt{19} \\]\n\n\\[ QR = \\sqrt{(4 - 1)^2 + (0 - 2)^2 + (-1 - 8)^2} = \\sqrt{9 + 4 + 81} = \\sqrt{94} \\]\n\n\\[ PR = \\sqrt{(4 - (-2))^2 + (0 - 3)^2 + (-1 - 5)^2} = \\sqrt{36 + 9 + 36} = \\sqrt{81} = 9 \\]\n\nHowever, the given calculations do not match these values. The use of different methods may have led to incorrect results.\n\n**Error:** 1', ""**Reasoning:** The error lies in the calculation of the distances between the points. Specifically, the distance calculation for \\(PR\\) is incorrect. The correct formula for finding the distance between two points \\((x_1, y_1, z_1)\\) and \\((x_2, y_2, z_2)\\) is \\(\\sqrt{(x_2 - x_1)^2 + (y_2 - y_1)^2 + (z_2 - z_1)^2}\\). However, the student's calculation does not include the \\(-5\\) from point \\(P\\), leading to an incorrect distance squared value. \n\n**Error:** 1"", '**Reasoning:** The answer incorrectly states that \\( P_{QR} \\) should be calculated as \\( \\sqrt{(7+2)^2 + (-1+3)^2} = 3\\sqrt{14} \\). However, it correctly calculates \\( PR \\) as \\( 3\\sqrt{14} \\). The correct calculation for \\( P_{QR} \\) should involve the midpoint formula, but this is not done correctly.\n\n**Error:** 1', '**Reasoning:** The answer incorrectly calculates the distance between points P and R, which should be compared with the distances PQ and PR instead.\n\n**Error:** 0']","['**Question:**\nShow that the points \\( P(-2,3,5) \\), \\( Q(1,2,3) \\) and \\( R(7,0,-1) \\) are collinear.\n\n**Answer:**\nWe know that points are said to be collinear if they lie on a line.\n\\[\nPQ = \\sqrt{(1+2)^2 + (2-3)^2 + (3-5)^2} = \\sqrt{9+1+4} = \\sqrt{14}\n\\]\n\\[\nQR = \\sqrt{(7-1)^2 + (0-2)^2 + (-1-3)^2} = \\sqrt{36+4+16} = \\sqrt{56} = 2\\sqrt{14}\n\\]\nand\n\\[\nPR = \\sqrt{(7+2)^2 + (0-3)^2 + (-1-5)^2} = \\sqrt{81+9+36} = \\sqrt{126} = 3\\sqrt{14}\n\\]\nThus,\n\\[ PQ \\times QR = PR, \\text{ hence, } P, Q, R \\text{ are collinear.} \\]', '**Question:**\nShow that the points \\( P(-2,3,5) \\), \\( Q(1,2,3) \\) and \\( R(7,0,-1) \\) are collinear.\n\n**Answer:**\nWe know that points are said to be collinear if they lie on a line.\n\\[\nPQ = \\sqrt{(1+2)^2 + (2-3)^2 + (3-5)^2} = \\sqrt{9+1+4} = \\sqrt{14}\n\\]\n\\[\nQR = \\sqrt{(7-1)^2 + (0-2)^2 + (-1-3)^2} = \\sqrt{36+4+16} = \\sqrt{56} = 2\\sqrt{14}\n\\]\nand\n\\[\nPR = \\sqrt{(7+2)^2 + (0-3)^2 + (-1-5)^2} = \\sqrt{81+9+36} = \\sqrt{126} = 3\\sqrt{14}\n\\]\nThus,\n\\[ PQ \\times QR = PR, \\text{ hence, } P, Q, R \\text{ are collinear.} \\]']","['**Reasoning:** The answer incorrectly calculates the distances between the points. The distance formula should be used correctly as follows:\n- For \\( PQ \\): \\( \\sqrt{(1 - (-2))^2 + (2 - 3)^2 + (3 - 5)^2} = \\sqrt{9 + 1 + 4} = \\sqrt{14} \\)\n- For \\( QR \\): \\( \\sqrt{(7 - 1)^2 + (0 - 2)^2 + (-1 - 3)^2} = \\sqrt{36 + 4 + 16} = \\sqrt{56} = 2\\sqrt{14} \\)\n- For \\( PR \\): \\( \\sqrt{(7 - (-2))^2 + (0 - 3)^2 + (-1 - 5)^2} = \\sqrt{81 + 9 + 36} = \\sqrt{126} = 3\\sqrt{14} \\)\n\nThe distances calculated are correct, but the conclusion that the points are collinear based on these distances is incorrect because collinearity requires all three distances to be equal, which they are not.\n\n**Error:** 1', '**Reasoning:** The answer incorrectly calculates the distances between the points. The distance formula should be used correctly as follows:\n- For \\( PQ \\): \\( \\sqrt{(1 - (-2))^2 + (2 - 3)^2 + (3 - 5)^2} = \\sqrt{9 + 1 + 4} = \\sqrt{14} \\)\n- For \\( QR \\): \\( \\sqrt{(7 - 1)^2 + (0 - 2)^2 + (-1 - 3)^2} = \\sqrt{36 + 4 + 16} = \\sqrt{56} = 2\\sqrt{14} \\)\n- For \\( PR \\): \\( \\sqrt{(7 - (-2))^2 + (0 - 3)^2 + (-1 - 5)^2} = \\sqrt{81 + 9 + 36} = \\sqrt{126} = 3\\sqrt{14} \\)\n\nThe distances calculated are correct, but the conclusion that the points are collinear based on these distances is incorrect because collinearity requires all three distances to be equal, which they are not.\n\n**Error:** 1']",Qwen/Qwen2.5-VL-3B-Instruct,100
"Consider two points P and Q with position vectors \( \overline{OP} = 3\vec{a} - 2\vec{b} \) and \( \overline{OQ} = \vec{a} + \vec{b} \). Find the position vector of a point R which divides the line joining P and Q in the ratio 2:1, (i) internally, and (ii) externally.

","

(i) The position vector of the point R dividing the join of P and Q internally in the ratio 2:1 is 
\[
\overline{OR} = \frac{\textcolor{red}{3}(\vec{a} + \vec{b}) + (3\vec{a} - 2\vec{b})}{2 + 1} = \frac{\textcolor{red}{6\vec{a} + \vec{b}}}{3}
\]

(ii) The position vector of the point R dividing the join of P and Q externally in the ratio 2:1 is 
\[
\overline{OR} = \frac{2(\vec{a} + \vec{b}) - (3\vec{a} - \textcolor{red}{3}\vec{b})}{2 - 1} = \textcolor{red}{5\vec{b}} - \vec{a}
\]

",True,True,True,1.6094379124341005,0.5004024235381879,0.0,0.0,False,True,0,0,"['**Question:**\nConsider two points \\( p \\) and \\( q \\) with position vectors \\( \\overrightarrow{OP} = 3\\overrightarrow{a} - 2\\overrightarrow{b} \\) and \\( \\overrightarrow{OQ} = \\overrightarrow{a} + \\overrightarrow{b} \\). Find the position vector of a point \\( R \\) which divides the line joining \\( p \\) and \\( q \\) in the ratio \\( 2:1 \\) (i) internally, and (ii) externally.\n\n**(i) The position vector of the point \\( R \\) dividing the join of \\( p \\) and \\( q \\) internally in the ratio \\( 2:1 \\) is**\n\n**Answer:**\n\\[ \\overrightarrow{OR} = \\frac{3(\\overrightarrow{a} + \\overrightarrow{b}) + (3\\overrightarrow{a} - 2\\overrightarrow{b})}{2 + 1} = \\frac{6\\overrightarrow{a} + \\overrightarrow{b}}{3}. \\]\n\n**(ii) The position vector of the point \\( R \\) dividing the join of \\( p \\) and \\( q \\) externally in the ratio \\( 2:1 \\) is**\n\n\\[ \\overrightarrow{OR} = \\frac{2(\\overrightarrow{a} + \\overrightarrow{b}) - (3\\overrightarrow{a} - 2\\overrightarrow{b})}{2 - 1} = 5\\overrightarrow{b} - \\overrightarrow{a}. \\]', ""**Question:**\nConsider two points 'p' and 'q' with position vectors $\\overrightarrow{OP} = 3\\vec{a}-2\\vec{b}$ and $\\overrightarrow{OQ} = \\vec{a}+\\vec{b}$. Find the position vector of a point 'R' which divides the line joining 'p' and 'q' in the ratio $2:1$ (i) internally, and (ii) externally.\n\n**Answer:**\n① The position vector of the point 'R' dividing the join of 'p' and 'q' internally in the ratio $2:1$ is,\n$$\\overrightarrow{OR} = \\frac{3(\\vec{a}+\\vec{b}) + (3\\vec{a}-2\\vec{b})}{2+1} = \\frac{6\\vec{a}+\\vec{b}}{3}.$$\n\n② The position vector of the point 'R' dividing the join of 'p' and 'q' externally in the ratio $2:1$ is,\n$$\\overrightarrow{OR} = \\frac{2(\\vec{a}+\\vec{b}) - (3\\vec{a}-2\\vec{b})}{2-1} = 5\\vec{b}-\\vec{a}.$$"", ""**Question:** Consider two points 'P' and 'Q' with position vectors \\(\\overrightarrow{OP} = 3\\vec{a} - 2\\vec{b}\\) and \\(\\overrightarrow{OQ} = \\vec{a} + \\vec{b}\\). Find the position vector of a point 'R' which divides the line joining 'P' and 'Q' in the ratio \\(2:1\\)\n\n(i) internally, and (ii) externally.\n\n**Answer:** The position vector of the point 'R' dividing the join of 'P' and 'Q' internally in the ratio \\(2:1\\) is,\n\\[\n\\overrightarrow{OR} = \\frac{3(\\vec{a} + \\vec{b}) + (3\\vec{a} - 2\\vec{b})}{2+1} = \\frac{6\\vec{a} + \\vec{b}}{3}.\n\\]\nThe position vector of the point 'R' dividing the join of 'P' and 'Q' externally in the ratio \\(2:1\\) is,\n\\[\n\\overrightarrow{OR} = \\frac{2(\\vec{a} + \\vec{b}) - (3\\vec{a} - 2\\vec{b})}{2-1} = 5\\vec{b} - \\vec{a}.\n\\]"", '**Question:**\nConsider two points \\( P \\) and \\( Q \\) with position vectors \\(\\overrightarrow{OP} = 3\\hat{a} - 2\\hat{b}\\) and \\(\\overrightarrow{OQ} = \\hat{a} + \\hat{b}\\). Find the position vector of a point \\( R \\) which divides the line joining \\( P \\) and \\( Q \\) in the ratio \\( 2:1\\) (i) internally, and (ii) externally.\n\n**Answer:**\n\\[\n\\text{(i)} \\text{ The position vector of the point } R \\text{ dividing the join of } P \\text{ and } Q \\text{ internally in the ratio } 2:1 \\text{ is,}\n\\]\n\\[\n\\overrightarrow{OR} = \\frac{3(\\hat{a}+\\hat{b}) + (3\\hat{a}-2\\hat{b})}{2+1} = \\frac{6\\hat{a}+ \\hat{b}}{3}.\n\\]\n\n\\[\n\\text{(ii)} \\text{ The position vector of the point } R \\text{ dividing the join of } P \\text{ and } Q \\text{ externally in the ratio } 2:1 \\text{ is,}\n\\]\n\\[\n\\overrightarrow{OR} = \\frac{2(\\hat{a}+\\hat{b}) - (3\\hat{a}-2\\hat{b})}{2-1} = 5\\hat{b} - \\hat{a}.\n\\]', ""**Question:** Consider two points 'p' and 'q' with position vectors \\(\\overrightarrow{OP} = 3\\vec{a} - 2\\vec{b}\\) and \\(\\overrightarrow{OQ} = \\vec{a} + \\vec{b}\\). Find the position vector of a point 'R' which divides the line joining 'p' and 'q' in the ratio 2:1 (i) internally, and (ii) externally.\n\n**Answer:** \n① The position vector of the point 'R' dividing the join of 'p' and 'q' internally in the ratio 2:1 is,\n\\[\n\\overrightarrow{OR} = \\frac{3(\\vec{a} + \\vec{b}) + (3\\vec{a} - 2\\vec{b})}{2 + 1} = \\frac{6\\vec{a} + \\vec{b}}{3}.\n\\]\n\n② The position vector of the point 'R' dividing the join of 'p' and 'q' externally in the ratio 2:1 is,\n\\[\n\\overrightarrow{OR} = \\frac{2(\\vec{a} + \\vec{b}) - (3\\vec{a} - 2\\vec{b})}{2 - 1} = 5\\vec{b} - \\vec{a}.\n\\]""]","['**Reasoning:** The calculation for finding the position vector of point \\( R \\) internally dividing the join of \\( P \\) and \\( Q \\) in the ratio \\( 2:1 \\) appears to be correct. However, the calculation for finding the position vector of point \\( R \\) externally dividing the join of \\( P \\) and \\( Q \\) in the same ratio seems incorrect. The denominator should be \\( 2 - 1 = 1 \\), not \\( 2 + 1 \\). This results in an error in the calculation of the external division.\n\n**Error:** 1', '**Reasoning:** The calculations for the position vector of point R when dividing the line joining points P and Q internally and externally are correct according to the formula for finding the section of a line. Internally, the position vector is obtained by taking the weighted average with the appropriate weights, and similarly for externally, but with opposite signs since it divides externally. There seems to be a minor arithmetic error in the calculation for the external division: the numerator should have -3(a + b) instead of +3(a + b) because we are subtracting from the sum of vectors, not adding.\n\n**Error:** 1', ""**Reasoning:** \nIn the answer, the calculations for finding the position vector of point \\( R \\) dividing the line joining points \\( P \\) and \\( Q \\) internally and externally in the ratio \\( 2:1 \\) appear correct. The first part of the answer correctly uses the formula for the internal division point and arrives at the correct result, while the second part also applies the correct formula for external division and yields the correct position vector. Both calculations involve the average of the vectors weighted by the ratio components, ensuring consistency with the problem's requirements.\n\n**Error:** 0"", ""**Reasoning:** \nIn the first part of the answer, the position vector of point 'R' dividing the join of 'P' and 'G' internally in the ratio 2:1 is calculated correctly as \\(\\overrightarrow{OR} = \\frac{3(\\overrightarrow{a} + \\overrightarrow{b}) + (3\\overrightarrow{a} - 2\\overrightarrow{b})}{2+1} = \\frac{6\\overrightarrow{a} + \\overrightarrow{b}}{3}\\). \n\nHowever, in the second part, the calculation of the position vector of point 'R' dividing the join of 'P' and 'G' externally in the ratio 2:1 is incorrect. The given expression should be \\(\\overrightarrow{OR} = \\frac{2(\\overrightarrow{a} + \\overrightarrow{b}) - (3\\overrightarrow{a} - 2\\overrightarrow{b})}{2-1} = 5\\overrightarrow{b} - \\overrightarrow{a}\\).\n\n**Error:** 1"", '**Reasoning:** The answer provided has some errors. In the first solution for internally dividing the line segment joining points \\( P \\) and \\( Q \\) in the ratio \\( 2:1 \\), the calculation of the position vector \\( \\overrightarrow{OR} \\) is incorrect. The correct formula should be:\n\\[\n\\overrightarrow{OR} = \\frac{3(\\vec{a} + \\vec{b})}{2+1} - \\frac{\\vec{a} - 2\\vec{b}}{2+1}\n\\]\nSimplifying this, we get:\n\\[\n\\overrightarrow{OR} = \\frac{(3\\vec{a} + 3\\vec{b}) - (\\vec{a} - 2\\vec{b})}{3} = \\frac{3\\vec{a} + 3\\vec{b} - \\vec{a} + 2\\vec{b}}{3} = \\frac{2\\vec{a} + 5\\vec{b}}{3}\n\\]\nSimilarly, for the external division in the ratio \\( 2:1 \\), the calculation of \\( \\overrightarrow{OR} \\) is also incorrect. The correct formula should be:\n\\[\n\\overrightarrow{OR} = \\frac{3(\\vec{a} + \\vec{b})}{2-1} + \\frac{\\vec{a} - 2\\vec{b}}{2-1}\n\\]\nSimplifying this, we get:\n\\[\n\\overrightarrow{OR} = \\frac{(3\\vec{a} + 3\\vec{b}) + (\\vec{a} - 2\\vec{b})}{2} = \\frac{4\\vec{a} + \\vec{b}}{2} = 2\\vec{a} + \\frac{1}{2}\\vec{b}\n\\]\n\n**Error:** 1']","[""**Question:**\nConsider two points 'p' and 'q' with position vectors $\\overrightarrow{OP} = 3\\vec{a} - 2\\vec{b}$ and $\\overrightarrow{OQ} = \\vec{a} + \\vec{b}$. Find the position vector of a point 'R' which divides the line joining 'p' and 'q' in the ratio $2:1$ (i) internally, and (ii) externally.\n\n**Answer:**\n① The position vector of the point 'R' dividing the join of 'p' and 'q' internally in the ratio $2:1$ is,\n$$\\overrightarrow{OR} = \\frac{3(\\vec{a} + \\vec{b}) + (3\\vec{a} - 2\\vec{b})}{2+1} = \\frac{6\\vec{a} + \\vec{b}}{3}.$$\n\n② The position vector of the point 'R' dividing the join of 'p' and 'q' externally in the ratio $2:1$ is,\n$$\\overrightarrow{OR} = \\frac{2(\\vec{a} + \\vec{b}) - (3\\vec{a} - 2\\vec{b})}{2-1} = 5\\vec{b} - \\vec{a}.$$"", ""**Question:**\nConsider two points 'p' and 'q' with position vectors $\\overrightarrow{OP} = 3\\vec{a} - 2\\vec{b}$ and $\\overrightarrow{OQ} = \\vec{a} + \\vec{b}$. Find the position vector of a point 'R' which divides the line joining 'p' and 'q' in the ratio $2:1$ (i) internally, and (ii) externally.\n\n**Answer:**\n① The position vector of the point 'R' dividing the join of 'p' and 'q' internally in the ratio $2:1$ is,\n$$\\overrightarrow{OR} = \\frac{3(\\vec{a} + \\vec{b}) + (3\\vec{a} - 2\\vec{b})}{2+1} = \\frac{6\\vec{a} + \\vec{b}}{3}.$$\n\n② The position vector of the point 'R' dividing the join of 'p' and 'q' externally in the ratio $2:1$ is,\n$$\\overrightarrow{OR} = \\frac{2(\\vec{a} + \\vec{b}) - (3\\vec{a} - 2\\vec{b})}{2-1} = 5\\vec{b} - \\vec{a}.$$""]","['**Reasoning:** The answer provided for finding the position vector of point R dividing the line joining points P and Q in the ratio 2:1 internally and externally is correct. The calculations align with the standard formulas used for internal and external division of a line segment in vector form. There are no apparent errors in the calculations or logic presented in the answer.\n\n**Error:** 0', '**Reasoning:** The answer provided for finding the position vector of point R dividing the line joining points P and Q in the ratio 2:1 internally and externally is correct. The calculations align with the standard formulas used for internal and external division of a line segment in vector form. There are no apparent errors in the calculations or logic presented in the answer.\n\n**Error:** 0']",Qwen/Qwen2.5-VL-3B-Instruct,100
"Find the direction cosines of \( x \), \( y \), and \( z \)-axis.

"," The \( x \)-axis makes angles \( 0^\circ \), \( 90^\circ \), and \( 90^\circ \) respectively with \( x \), \( y \), and \( z \)-axis. Therefore, the direction cosines of the \( x \)-axis are \( \cos 0^\circ \), \( \cos 90^\circ \), \( \cos 90^\circ \) i.e., \textcolor{red}{\( 1^\circ, 0^\circ, 0^\circ \)}. Similarly, the direction cosines of the \( y \)-axis and \( z \)-axis are \textcolor{red}{\( 0^\circ, 1^\circ, 0^\circ \)} and \textcolor{red}{\( 0^\circ, 0^\circ, 1^\circ \)} respectively.

",True,True,True,1.6094379124341005,0.0,0.0,0.0,False,True,0,0,"['**Question:**\n\\begin{equation}\n\\text { Find the direction cosines } x, y\n\\end{equation}\n\nand \\(\\gamma\\)-axis:\n\n**Answer:**\n\\begin{equation}\n\\text { The x-axis makes angles } 0^\\circ, 90^\\circ \\text { and } 90^\\circ\n\\end{equation}\n\nrespectively with \\(x, y\\) and \\(z\\)-axis. Therefore,\n\nthe direction cosines of the \\(x\\)-axis are \\(\\cos 0^\\circ,\\)\n\\(\\cos 90^\\circ,\\) \\(\\cos 90^\\circ\\) i.e., \\(1, 0, 0.\\)\n\nSimilarly, the\n\ndirection cosines of the \\(y\\)-axis and \\(z\\)-axis are \\\\ \\(0^\\circ,\\)\n\\(1^\\circ,\\) \\(0^\\circ\\) and \\(0^\\circ,\\) \\(0^\\circ,\\) \\(1^\\circ\\) respectively.\n', '**Question:** Find the direction cosines of x, y and z-axis.\n\n**Answer:** The x-axis makes angles $0^{\\circ}$, $90^{\\circ}$ and $90^{\\circ}$ respectively with x, y and z-axis. Therefore, the direction cosines of the x-axis are $\\cos 0^{\\circ}$, $\\cos 90^{\\circ}$ i.e., $1$, $0$, $0$. Similarly, the direction cosines of the y-axis and z-axis are $0^{\\circ}$, $1$, $0$ and $0^{\\circ}$, $0$, $1$ respectively.', '**Question:** Find the direction cosines of \\(x\\), \\(y\\) and \\(z\\)-axis\n\n**Answer:** The \\(x\\)-axis makes angles \\(0^\\circ\\), \\(90^\\circ\\) and \\(90^\\circ\\) respectively with \\(x\\), \\(y\\) and \\(z\\)-axis. Therefore, the direction cosines of the \\(x\\)-axis are \\(\\cos 0^\\circ\\), \\(\\cos 90^\\circ\\), and \\(\\cos 90^\\circ\\) i.e., \\(1\\), \\(0\\), \\(0\\). Similarly, the direction cosines of the \\(y\\)-axis and \\(z\\)-axis are \\(0\\), \\(1\\), \\(0\\) and \\(0\\), \\(0\\), \\(1\\) respectively.', '**Question:** Find the direction cosines of x, y and z-axis.\n\n**Answer:** The x-axis makes angles $0^{\\circ}$, $90^{\\circ}$ and $90^{\\circ}$ respectively with x, y, and z-axis. Therefore, the direction cosines of the x-axis are $\\cos 0^{\\circ}$, $\\cos 90^{\\circ}$, $\\cos 90^{\\circ}$. Similarly, the direction cosines of the y-axis and z-axis are $0^{\\circ}$, $1^{\\circ}$, $0^{\\circ}$ and $0^{\\circ}$, $0^{\\circ}$, $1^{\\circ}$ respectively.', '**Question:**\nFind the direction cosines of \\( x \\), \\( y \\) and \\( z \\)-axis.\n\n**Answer:**\nThe \\( x \\)-axis makes angles \\( 0^\\circ \\), \\( 90^\\circ \\), and \\( 90^\\circ \\) respectively with \\( x \\), \\( y \\), and \\( z \\)-axis. Therefore, the direction cosines of the \\( x \\)-axis are \\( \\cos 0^\\circ \\), \\( \\cos 90^\\circ \\), and \\( \\cos 90^\\circ \\) (i.e., 1, 0, 0). Similarly, the direction cosines of the \\( y \\)-axis and \\( z \\)-axis are \\( 0^\\circ \\), \\( 1^\\circ \\), \\( 0^\\circ \\) and \\( 0^\\circ \\), \\( 0^\\circ \\), \\( 1^\\circ \\) respectively.']","['**Reasoning:** The answer contains a logical error in the calculation of direction cosines. For the x-axis, the direction cosines should be \\(\\cos{0^\\circ}\\), \\(\\cos{90^\\circ}\\), and \\(\\cos{90^\\circ}\\) because the x-axis makes angles of \\(0^\\circ\\), \\(90^\\circ\\), and \\(90^\\circ\\) with the y and z axes respectively. However, the answer incorrectly lists \\(\\cos{0^\\circ}\\), \\(p\\), and \\(0^\\circ\\). Similarly, for the y-axis, the direction cosines should be \\(0^\\circ\\), \\(1^\\circ\\), and \\(0^\\circ\\) because the y-axis makes angles of \\(0^\\circ\\), \\(0^\\circ\\), and \\(90^\\circ\\) with the x and z axes respectively. The answer mistakenly lists \\(0^\\circ\\), \\(0^\\circ\\), and \\(1^\\circ\\) for the y-axis direction cosines.\n\n**Error:** 1', '**Reasoning:** The answer should state the cosine values corresponding to each direction cosine but does not explicitly list them. It mentions that the x-axis makes angles with the axes but does not specify the cosine values directly. Therefore, there is a logical error as the expected answer would be to provide the cosines for each axis.\n\n**Error:** 1', '**Reasoning:** The answer provided does not accurately represent the direction cosines of the x, y, and z-axis. According to the standard definitions:\n- The direction cosines of the x-axis are \\( \\cos 0^\\circ = 1 \\), \\( \\cos 90^\\circ = 0 \\), \\( \\cos 90^\\circ = 0 \\).\n- The direction cosines of the y-axis are \\( \\cos 90^\\circ = 0 \\), \\( \\cos 0^\\circ = 1 \\), \\( \\cos 90^\\circ = 0 \\).\n- The direction cosines of the z-axis are \\( \\cos 90^\\circ = 0 \\), \\( \\cos 90^\\circ = 0 \\), \\( \\cos 0^\\circ = 1 \\).\n\nHowever, the answer given incorrectly states the direction cosines as \\( 0^\\circ, 1^\\circ, 0^\\circ \\) for the x-axis, \\( 0^\\circ, 0^\\circ, 1^\\circ \\) for the y-axis, and \\( 0^\\circ, 0^\\circ, 1^\\circ \\) for the z-axis, which are incorrect values.\n\n**Error:** 1', '**Reasoning:** The answer incorrectly states that the direction cosines of the x-axis are cos0°, cos90°, and cos90°. It should be cos0°, 0°, 0° instead of cos90°, 0°, 0°. This is a simple arithmetic mistake as cosθ = cos(θ) for θ being 0° or 180°.\n\n**Error:** 1', '**Reasoning:** The answer incorrectly states that the direction cosines of the x-axis are \\(\\cos 0^\\circ\\), \\(\\cos 90^\\circ\\), and \\(p\\). However, the correct direction cosines of the x-axis are \\(\\cos 0^\\circ\\), \\(\\cos 90^\\circ\\), and \\(0\\). Therefore, the answer contains an error.\n\n**Error:** 1']","['**Question:** Find the direction cosines of \\(x\\), \\(y\\) and \\(z\\)-axis.\n\n**Answer:** The \\(x\\)-axis makes angles \\(0^\\circ\\), \\(90^\\circ\\) and \\(90^\\circ\\) respectively with \\(x\\), \\(y\\) and \\(z\\)-axis. Therefore, the direction cosines of the \\(x\\)-axis are \\(\\cos 0^\\circ\\), \\(\\cos 90^\\circ\\), \\(\\cos 90^\\circ\\) i.e., \\(1\\), \\(0\\), \\(0\\). Similarly, the direction cosines of the \\(y\\)-axis and \\(z\\)-axis are \\(0^\\circ\\), \\(1^\\circ\\), \\(0^\\circ\\) and \\(0^\\circ\\), \\(0^\\circ\\), \\(1^\\circ\\) respectively.', '**Question:** Find the direction cosines of \\(x\\), \\(y\\) and \\(z\\)-axis.\n\n**Answer:** The \\(x\\)-axis makes angles \\(0^\\circ\\), \\(90^\\circ\\) and \\(90^\\circ\\) respectively with \\(x\\), \\(y\\) and \\(z\\)-axis. Therefore, the direction cosines of the \\(x\\)-axis are \\(\\cos 0^\\circ\\), \\(\\cos 90^\\circ\\), \\(\\cos 90^\\circ\\) i.e., \\(1\\), \\(0\\), \\(0\\). Similarly, the direction cosines of the \\(y\\)-axis and \\(z\\)-axis are \\(0^\\circ\\), \\(1^\\circ\\), \\(0^\\circ\\) and \\(0^\\circ\\), \\(0^\\circ\\), \\(1^\\circ\\) respectively.']","['**Reasoning:** The answer incorrectly states that the direction cosines of the x-axis are \\(\\cos 0^\\circ\\), \\(\\cos 90^\\circ\\), and \\(\\cos 90^\\circ\\). However, the correct direction cosines for the x-axis should be \\(1\\), \\(0\\), and \\(0\\) because the x-axis makes angles of \\(0^\\circ\\), \\(90^\\circ\\), and \\(180^\\circ\\) with the y-axis, z-axis, and the origin respectively. The answer also incorrectly states that the direction cosines of the y-axis and z-axis are \\(0\\), \\(1\\), \\(0\\) and \\(0\\), \\(0\\), \\(1\\) respectively, which are incorrect as well. The correct direction cosines for the y-axis and z-axis should be \\(0\\), \\(1\\), \\(0\\) and \\(0\\), \\(0\\), \\(1\\) respectively.\n\n**Error:** 1', '**Reasoning:** The answer incorrectly states that the direction cosines of the x-axis are \\(\\cos 0^\\circ\\), \\(\\cos 90^\\circ\\), and \\(\\cos 90^\\circ\\). However, the correct direction cosines for the x-axis should be \\(1\\), \\(0\\), and \\(0\\) because the x-axis makes angles of \\(0^\\circ\\), \\(90^\\circ\\), and \\(180^\\circ\\) with the y-axis, z-axis, and the origin respectively. The answer also incorrectly states that the direction cosines of the y-axis and z-axis are \\(0\\), \\(1\\), \\(0\\) and \\(0\\), \\(0\\), \\(1\\) respectively, which are incorrect as well. The correct direction cosines for the y-axis and z-axis should be \\(0\\), \\(1\\), \\(0\\) and \\(0\\), \\(0\\), \\(1\\) respectively.\n\n**Error:** 1']",Qwen/Qwen2.5-VL-3B-Instruct,100
"\textbf{Question 23} Let \( A = \{1, 2, 3\} \). Then show that the number of relations containing \( (1, 2) \) and \( (2, 3) \) which are reflexive and transitive but not symmetric is three.

"," The smallest relation \( R_1 \) containing \( (1, 2) \) and \( (2, 3) \) which is reflexive and transitive but not symmetric is \( \{(1, 1), (2, 2), (3, 3), (1, 2), (2, 3), (1, 3)\} \). Now, if we add the pair \( \textcolor{red}{(1, 2)} \) to \( R_1 \) to get \( R_2 \), then the relation \( R_2 \) will be reflexive, transitive but not symmetric. Similarly, we can obtain \( R_3 \) by adding \( \textcolor{red}{(2, 3)} \) to \( R_1 \) to get the desired relation. However, we cannot add two pairs \( (2, 1), (3, 2) \) or single pair \( (3, 1) \) to \( R_1 \) at a time, as by doing so, we will be forced to add the remaining pair in order to maintain transitivity and in the process, the relation will become symmetric also which is not required. Thus, the total number of desired relations is three.

",True,True,True,1.3321790402101223,0.5004024235381879,0.0,0.0,False,True,2,0,"['**Question:** Let $A = \\{1, 2, 3\\}$. Then show that the number of reflexive relations containing $(1, 2)$ and $(2, 3)$ which are reflexive and transitive but not symmetric is three.\n\n**Answer:** The smallest relation $R_1$ containing $(1, 2)$ and $(2, 3)$ which is reflexive and transitive but not symmetric is $\\{(1, 1), (2, 2), (3, 3), (1, 2), (2, 3), (1, 3)\\}$. Now, if we add the pair $(1, 2)$ to $R_1$, to get $R_2$, then the relation $R_2$ will be reflexive, transitive but not symmetric. Similarly, we can obtain $R_3$ by adding $(2, 3)$ to $R_1$ to get the desired relation. However, we can not add two pairs $(2, 1), (3, 2)$ or single pair $(3, 1)$ to $R_1$ at a time, as by doing so, we will be forced to add the remaining pair in order to maintain transitivity and in the process, the relation will become symmetric also, which is not required. Thus, the total number of desired relations is three.', '**Question:**\nLet \\( A = \\{1, 2, 3\\} \\). Then show that the number of relations containing \\((1, 2)\\) and \\((2, 3)\\) which are reflexive and transitive but not symmetric is three.\n\nAnswer:\nThe smallest relation \\( R_1 \\) containing \\((1, 2)\\) and \\((2, 3)\\) which is reflexive and transitive but not symmetric is \\(\\{(1, 1), (2, 2), (3, 3), (1, 2), (2, 3), (1, 3)\\}\\). Now, if we add the pair \\((1, 2)\\) to \\(R_1\\) to get \\(R_2\\), then the relation \\(R_2\\) will be reflexive, transitive but not symmetric. Similarly, we can obtain \\(R_3\\) by adding \\((2, 3)\\) to \\(R_1\\) to get the desired relation. However, we cannot add two pairs \\((2, 1)\\), \\((3, 2)\\) or single pair \\((3, 1)\\) to \\(R_1\\) at a time, as by doing so, we will be forced to add the remaining pair in order to maintain transitivity and in the process, the relation will become symmetric also, which is not required. Thus, the total number of desired relations is three.', '**Question:** Let A = \\{1, 2, 3\\}. Then show that the number of relations containing (1, 2) and (2, 3) which are reflexive and transitive but not symmetric is three\n\n**Answer:** The smallest relation R1 containing (1, 2) and (2, 3) which is reflexive and transitive but not symmetric is $\\{(1, 1), (2, 2), (3, 3), (1, 2), (2, 3), (1, 3)\\}$. Now, if we add the pair (1, 2) to R1 to get R2, then the relation R2 will be reflexive, transitive but not symmetric. Similarly, we can obtain R3 by adding (2, 3) to R1 to get the desired relation. However, we can not add two pairs (2, 1), (3, 2) or single pair (3, 1) to R1 at a time, as by doing so, we will be forced to add the remaining pair in order to maintain transitivity and in the process, the relation will become symmetric also, which is not required. Thus, the total number of desired relations is three.', '```latex\n\\textbf{Question:} Let $A=\\{1,2,3\\}$. Then show that the number of relations containing $(1,2)$ and $(2,3)$ which are reflexive and transitive but not symmetric is three.\n\n\\textbf{Answer:} The smallest relation $R_1$ containing $(1,2)$ and $(2,3)$ which is reflexive and transitive but not symmetric is $\\{(1,1), (2,2), (3,3), (1,2), (2,3), (1,3)\\}$. Now, if we add the pair $(1,2)$ to $R_1$, to get $R_2$, then the relation $R_2$ will be reflexive, transitive but not symmetric. Similarly, we can obtain $R_3$ by adding $(2,3)$ to $R_1$ to get the desired relation. However, we can not add two pairs $(2,1), (3,2)$ or single pair $(3,1)$ to $R_1$ at a time, as by doing so, we will be forced to add the remaining pair in order to maintain transitivity and in the process, the relation will become symmetric also, which is not required. Thus, the total number of desired relations is three.\n```', '**Question:** Let $A = \\{1, 2, 3\\}$. Then show that the number of relations containing $(1, 2)$ and $(2, 3)$ which are reflexive and transitive but not symmetric is three\n\n**Answer:** The smallest relation $R_1$ containing $(1,2)$ and $(2,3)$ which is reflexive and transitive but not symmetric is $\\{(1,1), (2,2), (3,3), (1,2), (2,3), (1,3)\\}$. Now, if we add the pair $(1,2)$ to $R_1$ to get $R_2$, then the relation $R_2$ will be reflexive, transitive but not symmetric. Similarly, we can obtain $R_3$ by adding $(2,3)$ to $R_1$ to get the desired relation. However, we can not add two pairs $(2,1)$, $(3,2)$ or single pair $(3,1)$ to $R_1$ at a time, as by doing so, we will be forced to add the remaining pair in order to maintain transitivity and in the process, the relation will become symmetric also which is not required. Thus, the total number of desired relations is three.']","['**Reasoning:** The incorrect answer given in the question states that the smallest relation R containing (1,2) and (2,3) which is reflexive, transitive, but not symmetric is {1,1}, (2,2), (3,3), (1,2), (2,3), (1,3). This is incorrect because the relation (1,1) should be included as it is required to be reflexive. The smallest relation R1 should include all pairs from A x A = {(1,1), (1,2), (1,3), (2,2), (2,3), (3,3)}. Adding (1,1) would make the relation reflexive.\n\n**Error:** 1', '**Reasoning:** The answer contains some logical errors in describing how to form transitive but not symmetric relations with the set \\( \\{1, 2, 3\\} \\). Specifically, it mentions adding pairs \\((2, 1)\\) and \\((3, 2)\\) to \\(R_1\\) to maintain transitivity, which does not adhere to the requirements of the problem. Additionally, the statement about adding \\((3, 1)\\) to \\(R_1\\) and adding the remaining pair to maintain transitivity leads to incorrect conclusions. \n\n**Error:** 1', '**Reasoning:** The answer states that two pairs \\((2,1)\\) and \\((3,2)\\) cannot be added as these would make the relation symmetric, but it does not mention that adding another single pair \\((3,1)\\) would maintain transitivity while ensuring that the relation remains transitive and not symmetric.\n\n**Error:** 1', '**Reasoning:** The answer does not contain any major errors in mathematical logic or calculations. It correctly identifies the conditions required for a relation to be reflexive, transitive, and symmetric. However, it does not explicitly address the uniqueness of the relations found. For instance, it states that ""we can add two pairs (2,1), (3,2) or single pair (3,1) to R_1 at a time,"" but it does not clearly state that these additions would disrupt the existing properties of symmetry and transitivity.\n\n**Error:** 0', '**Reasoning:** The answer describes finding the number of reflexive, transitive but not symmetric relations containing (1,2) and (2,3). However, the answer seems to be confusing the order and structure of the relation in different steps. Specifically, it mentions three relations R1, R2, and R3, but then incorrectly states that R2 will also be reflexive, transitive but not symmetric if we add the pair (1,3) to R1. This suggests a misunderstanding of how to maintain the properties of reflexivity, transitivity, and symmetry while possibly violating one or more of them. Additionally, it seems to imply that R2 and R3 are related in a way that contradicts the initial conditions of the problem, which involves relations containing (1,2) and (2,3) but not necessarily (1,3). \n\n**Error:** 1']","['**Question:**\nLet \\( A = \\{1, 2, 3\\} \\). Then show that the number of relations containing \\((1, 2)\\) and \\((2, 3)\\) which are reflexive and transitive but not symmetric is three.\n\n**Answer:**\nThe smallest relation \\( R_1 \\) containing \\((1, 2)\\) and \\((2, 3)\\) which is reflexive and transitive but not symmetric is \\(\\{(1, 1), (2, 2), (3, 3), (1, 2), (2, 3), (1, 3)\\}\\). Now, if we add the pair \\((1, 2)\\) to \\( R_1 \\) to get \\( R_2 \\), then the relation \\( R_2 \\) will be reflexive, transitive but not symmetric. Similarly, we can obtain \\( R_3 \\) by adding \\((2, 3)\\) to \\( R_1 \\) to get the desired relation. However, we cannot add two pairs \\((2, 1)\\), \\((3, 2)\\) or single pair \\((3, 1)\\) to \\( R_1 \\) at a time, as by doing so, we will be forced to add the remaining pair in order to maintain transitivity and in the process, the relation will become symmetric also, which is not required. Thus, the total number of desired relations is three.', '**Question:**\nLet \\( A = \\{1, 2, 3\\} \\). Then show that the number of relations containing \\((1, 2)\\) and \\((2, 3)\\) which are reflexive and transitive but not symmetric is three.\n\n**Answer:**\nThe smallest relation \\( R_1 \\) containing \\((1, 2)\\) and \\((2, 3)\\) which is reflexive and transitive but not symmetric is \\(\\{(1, 1), (2, 2), (3, 3), (1, 2), (2, 3), (1, 3)\\}\\). Now, if we add the pair \\((1, 2)\\) to \\( R_1 \\) to get \\( R_2 \\), then the relation \\( R_2 \\) will be reflexive, transitive but not symmetric. Similarly, we can obtain \\( R_3 \\) by adding \\((2, 3)\\) to \\( R_1 \\) to get the desired relation. However, we cannot add two pairs \\((2, 1)\\), \\((3, 2)\\) or single pair \\((3, 1)\\) to \\( R_1 \\) at a time, as by doing so, we will be forced to add the remaining pair in order to maintain transitivity and in the process, the relation will become symmetric also, which is not required. Thus, the total number of desired relations is three.']","['**Reasoning:** The answer provided does not contain any mathematical errors. It correctly identifies the smallest relation R1 containing (1,2) and (2,3) which is reflexive and transitive but not symmetric. It then proceeds to explain how adding pairs to R1 results in different relations that are also reflexive, transitive, but not symmetric. The explanation is logically sound and follows the steps required to find all such relations.\n\n**Error:** 0', '**Reasoning:** The answer provided does not contain any mathematical errors. It correctly identifies the smallest relation R1 containing (1,2) and (2,3) which is reflexive and transitive but not symmetric. It then proceeds to explain how adding pairs to R1 results in different relations that are also reflexive, transitive, but not symmetric. The explanation is logically sound and follows the steps required to find all such relations.\n\n**Error:** 0']",Qwen/Qwen2.5-VL-3B-Instruct,100
"If \( a - b = 3 \) and \( a^2 + b^2 = 29 \), find the value of \( ab \).

\begin{enumerate}
    \item[A)] 10
    \item[B)] 12
    \item[C)] 15
    \item[D)] 18
\end{enumerate}

"," Option A
\[
2ab = (a^2 + b^2) - (a - b)^2
\]
\textcolor{red}{Also, recall that the sum of the squares of any two real numbers is always positive.}
\[
= 29 - 9 = 20
\]
\(\Rightarrow ab = 10.\)

",False,True,True,1.6094379124341005,0.0,0.0,0.0,False,False,0,0,"['**Question:** If \\(a - b = 3\\) and \\(a^2 + b^2 = 29\\), find the value of \\(ab\\).\n\n**Answer:** Option A\n\n\\(2ab = (a^2 + b^2) - (a - b)^2\\)\n\nAlso, recall that the sum of the squares of any two real numbers is always positive.\n\n\\[\n= 29 - 9 = 20\n\\]\n\n\\(\\Rightarrow ab = 10\\).', '**Question:**\nIf \\(a - b = 3\\) and \\(a^2 + b^2 = 29\\), find the value of \\(ab\\).\nA) 10\nB) 12\nC) 15\nD) 18\n\n**Answer:**\nOption A\n\\[2ab = (a^2 + b^2) - (a - b)^2\\]\nAlso, recall that the sum of the squares of any two real numbers is always positive.\n\\[= 29 - 9 = 20\\]\n\\[\\Rightarrow ab = 10.\\]', '**Question:**\n$f a - b = 3$ and $a^2 + b^2 = 29$, find the value of $ab$.\n\n\nA) 10\n\nB) 12\n\nC) 15\n\nD) 18\n\n\n**Answer:**\nOption A\n\n$2ab = (a^2 + b^2) - (a - b)^2$\n\nAlso, recall that the sum of the squares of any two real numbers is always positive.\n\n$= 29 - 9 = 20$\n\n$\\Rightarrow ab = 10.$', '**Question:** If \\(a - b = 3\\) and \\(a^2 + b^2 = 29\\), find the value of \\(ab\\).\n\n**Answer:** Option A\n\n\\[2ab = (a^2 + b^2) - (a - b)^2\\]\n\nAlso, recall that the sum of the squares of any two real numbers is always positive.\n\n\\[= 29 - 9 = 20\\]\n\n\\[\\Rightarrow ab = 10.\\]', '**Question:**\n\\begin{align*}\n& \\text{If } a - b = 3 \\text{ and } a^2 + b^2 = 29, \\\\\n& \\text{find the value of } ab. \\\\\n& A) \\quad 10 \\\\\n& B) \\quad 12 \\\\\n& C) \\quad 15 \\\\\n& D) \\quad 18\n\\end{align*}\n\n**Answer:**\n\\begin{align*}\n& \\text{Option A} \\\\\n& 2ab = (a^2 + b^2) - (a - b)^2 \\\\\n& \\text{Also, recall that the sum of the squares of any two real numbers is always positive.} \\\\\n& = 29 - 9 = 20 \\\\\n& \\Rightarrow ab = 10.\n\\end{align*}']","['**Reasoning:** The Answer incorrectly concludes that \\(2ab = 29 - 9\\). The correct approach should be to substitute \\(a^2 + b^2 = 29\\) and \\(a - b = 3\\), and then use the identity \\((a - b)^2 = a^2 + b^2 - 2ab\\). This will lead to the correct value of \\(ab\\), which is 10, as presented in the question. The answer given directly calculates \\(2ab\\) as 20, which is incorrect.\n\n**Error:** 1', '**Reasoning:** The solution incorrectly simplifies the equation involving squares and squaring terms. The correct approach should take into account that \\((a-b)^2\\) includes squared terms, leading to a loss of the term \\(ab\\). Therefore, the step where it subtracts \\((a-b)^2\\) from \\((a^2 + b^2)\\) results in losing the product \\(ab\\).\n\n**Error:** 1', '**Reasoning:** The Answer process starts correctly with expressing \\(2ab\\) using the identity \\( (a^2 + b^2) - (a-b)^2 \\). However, the mistake lies in the calculation for substituting \\(a = b+3\\), then squaring and simplifying the expression. Instead of proceeding correctly, the answer suggests \\(29 - 9 = 20\\) instead of directly substituting and simplifying appropriately.\n\n**Error:** 1', '**Reasoning:** The answer provided follows the steps correctly but mistakenly concludes that \\( ab = 20 \\) instead of concluding it should be \\( ab = 10 \\). The question asks to find the value of \\( ab \\) and the correct mathematical derivation shows that \\( ab = 10 \\).\n\n**Error:** 1', '**Reasoning:** The answer provided does not correctly solve the problem. In the given problem, it is stated that \\(a - b = 3\\) and \\(a^2 + b^2 = 29\\), and the goal is to find the value of \\(ab\\). The provided answer incorrectly states that \\(2ab = (a^2 + b^2) - (a - b)^2\\), then simplifies it to \\(29 - 9 = 20\\). However, the correct way to find \\(ab\\) given these equations is to use the identity \\(a^2 + b^2 = (a - b)^2 + 2ab\\). Substituting the values gives us \\(29 = 9 + 2ab\\), which simplifies to \\(2ab = 20\\), thus \\(ab = 10\\). Therefore, the answer should be Option A, not Option B.\n\n**Error:** 1']","['**Question:** If \\(a - b = 3\\) and \\(a^2 + b^2 = 29\\), find the value of \\(ab\\).\n\n**Answer:** Option A\n\n\\[2ab = (a^2 + b^2) - (a - b)^2\\]\n\nAlso, recall that the sum of the squares of any two real numbers is always positive.\n\n\\[= 29 - 9 = 20\\]\n\n\\(\\Rightarrow ab = 10.\\)', '**Question:** If \\(a - b = 3\\) and \\(a^2 + b^2 = 29\\), find the value of \\(ab\\).\n\n**Answer:** Option A\n\n\\[2ab = (a^2 + b^2) - (a - b)^2\\]\n\nAlso, recall that the sum of the squares of any two real numbers is always positive.\n\n\\[= 29 - 9 = 20\\]\n\n\\(\\Rightarrow ab = 10.\\)']","['**Reasoning:** The answer provided does not correctly solve the problem. The correct approach should be to use the identity \\(a^2 + b^2 - 2ab = (a - b)^2\\). Given \\(a - b = 3\\) and \\(a^2 + b^2 = 29\\), we can substitute these values into the identity to find \\(ab\\):\n\n\\[a^2 + b^2 - 2ab = (a - b)^2\\]\n\\[29 - 2ab = 3^2\\]\n\\[29 - 2ab = 9\\]\n\\[2ab = 20\\]\n\\[ab = 10\\]\n\nTherefore, the correct value of \\(ab\\) is 10, not 18 as stated in the answer.\n\n**Error:** 1', '**Reasoning:** The answer provided does not correctly solve the problem. The correct approach should be to use the identity \\(a^2 + b^2 - 2ab = (a - b)^2\\). Given \\(a - b = 3\\) and \\(a^2 + b^2 = 29\\), we can substitute these values into the identity to find \\(ab\\):\n\n\\[a^2 + b^2 - 2ab = (a - b)^2\\]\n\\[29 - 2ab = 3^2\\]\n\\[29 - 2ab = 9\\]\n\\[2ab = 20\\]\n\\[ab = 10\\]\n\nTherefore, the correct value of \\(ab\\) is 10, not 18 as stated in the answer.\n\n**Error:** 1']",Qwen/Qwen2.5-VL-3B-Instruct,100
"\textbf{Question 15} Find the equation of the hyperbola with foci \( (0, \pm 3) \) and vertices \( (0, \pm \frac{\sqrt{11}}{2}) \).

"," Since the foci is on the y-axis, the equation of the hyperbola is of the form 
\[
\frac{y^2}{a^2} - \frac{x^2}{b^2} = 1
\]
Since vertices are \( (0, \pm \frac{\sqrt{11}}{2}) \), we have \( a = \frac{\sqrt{11}}{2} \).

Also, since foci are \( (0, \pm 3) \); \( c = 3 \) and \( b^2 = c^2 - a^2 = \textcolor{red}{\frac{25}{2}} \).

Therefore, the equation of the hyperbola is 
\[
\frac{y^2}{\frac{11}{4}} - \frac{x^2}{\textcolor{red}{\frac{25}{2}}} = 1, \text{ i.e., } \textcolor{red}{50}y^2 - \textcolor{red}{88}x^2 = 275.
\]

",True,True,False,1.6094379124341005,0.9502705392332347,0.0,0.0,False,True,0,1,"['**Question:** Find the equation of the hyperbola with foci (0,\\pm3) and vertices (0,\\pm\\frac{\\sqrt{11}}{2}).\n\n**Answer:** Since the foci is on the y-axis, the equation of the hyperbola is of the form \\[\\frac{y^{2}}{a^{2}} - \\frac{x^{2}}{b^{2}} = 1\\]\n\nSince vertices are (0,\\pm\\frac{\\sqrt{11}}{2}), we have \\(a=\\frac{\\sqrt{11}}{2}\\).\n\nAlso, since foci are (0,\\pm3), \\(c=3\\) and \\(b^{2}=c^{2}-a^{2}=\\frac{25}{2}\\).\n\nTherefore, the equation of the hyperbola is \\[\\frac{y^{2}}{\\frac{11}{4}} - \\frac{x^{2}}{\\frac{25}{2}} = 1\\]', '**Question:**\n\\[\n\\text{Find the equation of the hyperbola with foci (0, \\pm 3) and vertices (0, \\pm \\frac{\\sqrt{11}}{2}).}\n\\]\n\n**Answer:**\nSince the foci is on the \\(y\\)-axis, the equation of the hyperbola is in the form\n\\[\n\\frac{y^{2}}{a^{2}} - \\frac{x^{2}}{b^{2}} = 1.\n\\]\nSince the vertices are \\((0, \\pm \\frac{\\sqrt{11}}{2})\\), we have \\(a\\) = \\(\\frac{\\sqrt{11}}{2}\\). Also, since the foci are \\((0, \\pm 3)\\); c = 3 and \\(b^{2} = c^{2} - a^{2} = \\frac{25}{2}\\). Therefore, the equation of the hyperbola is\n\\[\n\\frac{y^{2}}{\\frac{11}{4}} - \\frac{x^{2}}{\\frac{25}{2}} = 1, \\quad \\text{i.e., } 50y^{2} - 88x^{2} = 275.\n\\]', '**Question:**\nFind the equation of the hyperbola with foci \\((0, \\pm 3)\\) and vertices \\((0, \\pm \\frac{\\sqrt{11}}{2})\\).\n\n**Answer:**\nSince the foci is on the y-axis, the equation of the hyperbola is of the form \\(\\frac{y^2}{a^2} - \\frac{x^2}{b^2} = 1\\).\n\nSince vertices are \\((0, \\pm \\frac{\\sqrt{11}}{2})\\), we have \\(a = \\frac{\\sqrt{11}}{2}\\).\n\nAlso, since foci are \\((0, \\pm 3)\\); \\(c = 3\\) and \\(b^2 = c^2 - a^2 = \\frac{25}{2}\\).\n\nTherefore, the equation of the hyperbola is \\(\\frac{y^2}{\\frac{11}{4}} - \\frac{x^2}{\\frac{25}{2}} = 1\\).', '**Question:**\nFind the equation of the hyperbola with foci \\((0, \\pm 3)\\) and vertices \\((0, \\pm \\frac{\\sqrt{11}}{2})\\).\n\n**Answer:**\nSince the foci is on the \\(y\\)-axis, the equation of the hyperbola is in the form\n\\[\n\\frac{y^2}{a^2} - \\frac{x^2}{b^2} = 1.\n\\]\nSince vertices are \\((0, \\pm \\frac{\\sqrt{11}}{2})\\), we have \\(a = \\frac{\\sqrt{11}}{2}\\).\nAlso, since the foci are \\((0, \\pm 3)\\); \\(c = 3\\) and \\(b^2 = c^2 - a^2 = \\frac{25}{2}\\). Therefore, the equation of the hyperbola is\n\\[\n\\frac{y^2}{\\frac{11}{4}} - \\frac{x^2}{\\frac{55}{4}} = 1,\n\\]', '**Question:**\n\\[ \\text{Find the equation of the hyperbola with foci (0, \\pm 3) and vertices (0, \\pm \\frac{\\sqrt{11}}{2}).} \\]\n\n**Answer:**\n\\[ \\text{Since the foci is on the y-axis, the equation of the hyperbola is in the form} \\]\n\\[ \\frac{y^2}{a^2} - \\frac{x^2}{b^2} = 1 \\]\n\\[ \\text{Since the vertices are (0, \\pm \\frac{\\sqrt{11}}{2}), we have } a = \\frac{\\sqrt{11}}{2}. \\]\n\\[ \\text{Also, since the foci are (0, \\pm 3), } c = 3 \\text{ and } b^2 = c^2 - a^2 = \\frac{25}{2}. \\]\n\\[ \\text{Therefore, the equation of the hyperbola is} \\]\n\\[ \\frac{y^2}{\\frac{11}{4}} - \\frac{x^2}{\\frac{25}{2}} = 1, \\text{ i.e., } 50y^2 - 88x^2 = 275. \\]']","['**Reasoning:** The given answer seems to contain logical errors. \n1. The question asks for the equation of a hyperbola with foci at \\((0, \\pm 3)\\) and vertices at \\((0, \\pm \\frac{\\sqrt{11}}{2})\\). This implies the hyperbola is centered at the origin (\\(O_0, O_1\\)) in the \\(y\\)-axis.\n2. For the hyperbola with vertices \\((0, \\pm \\frac{\\sqrt{11}}{2})\\), we know \\(a = \\frac{\\sqrt{11}}{2}\\).\n3. Given the foci are at \\((0, \\pm 3)\\), we have \\(c = 3\\).\n4. Using the relationship between \\(a\\), \\(b\\), and \\(c\\) for a hyperbola: \\(c^2 = a^2 + b^2\\). Substituting the known values, we get:\n   \\[\n   c^2 = a^2 + b^2 \\implies 3^2 = \\left(\\frac{\\sqrt{11}}{2}\\right)^2 + b^2 \\implies 9 = \\frac{11}{4} + b^2 \\implies b^2 = 9 - \\frac{11}{4} = \\frac{25}{4}\n   \\]\n5. Therefore, the equation should be:\n   \\[\n   \\frac{y^2}{\\left(\\frac{\\sqrt{11}}{2}\\right)^2} - \\frac{x^2}{\\left(\\frac{\\sqrt{25}}{2}\\right)^2} = 1 \\implies \\frac{y^2}{\\frac{11}{4}} - \\frac{x^2}{\\frac{25}{4}} = 1 \\implies \\frac{4y^2}{11} - \\frac{4x^2}{25} = 1 \\implies 4y^2 - \\frac{4x^2}{25} = 11 \\text{ (or } y^2 - \\frac{x^2}{\\frac{25}{4}} = 1 \\text{)}\n   \\]\n\nHowever, the given answer states the equation as \\(y^2 - 88x^2 =', '**Reasoning:**\nThe Solution incorrectly states that the foci are on the y-axis. Since the foci are given as (0, ±3) and the vertices are (0, ±\\(\\frac{\\sqrt{11}}{2}\\)), it indicates that the hyperbola is horizontally oriented. The correct form for a horizontally oriented hyperbola is \\(\\frac{x^2}{a^2} - \\frac{y^2}{b^2} = 1\\). The correct answer should have \\(a = 3\\) and \\(c^2 - a^2 = \\frac{7}{2}\\), not \\(a = \\frac{\\sqrt{11}}{2}\\).\n\n**Error:** 1', ""**Reasoning:** The answer contains a logical error. The hyperbola's equation should be derived using the relationship between \\(c\\), \\(a\\), and \\(b\\) for a horizontal hyperbola. A horizontal hyperbola opens left and right, and its standard form is \\(\\frac{x^2}{a^2} - \\frac{y^2}{b^2} = 1\\). Here, the foci are at \\((0, \\pm 3)\\) and the vertices are at \\((0, \\pm \\frac{\\sqrt{11}}{2})\\). Therefore, \\(c = 3\\) and \\(a = \\frac{\\sqrt{11}}{2}\\). Also, \\(c^2 = a^2 + b^2\\), so \\(9 = \\left(\\frac{\\sqrt{11}}{2}\\right)^2 + b^2\\), which simplifies to \\(9 = \\frac{11}{4} + b^2\\) or \\(b^2 = \\frac{5}{4}\\). Thus, the correct equation of the hyperbola is \\(\\frac{x^2}{\\left(\\frac{\\sqrt{11}}{2}\\right)^2} - \\frac{y^2}{\\left(\\frac{\\sqrt{5}}{2}\\right)^2} = 1\\), or simplified further as \\(\\frac{4x^2}{11} - \\frac{4y^2}{5} = 1\\). The given answer is incorrect because it does not correctly derive the value of \\(b^2\\).\n\n**Error:** 1"", '**Reasoning:** The answer provides the equation of the hyperbola in standard form, but it seems to contain a mistake in the calculation of \\( b^2 \\). The answer states that \\( b^2 = c^2 - a^2 = \\frac{25}{2} \\), but it should be \\( b^2 = c^2 - a^2 = \\left(\\frac{\\sqrt{11}}{2}\\right)^2 - \\left(\\frac{\\sqrt{11}}{2}\\right)^2 = \\frac{11}{4} - \\frac{11}{4} = 0 \\). Thus, the value of \\( b^2 \\) is incorrect.\n\n**Error:** 1', '**Reasoning:** The problem involves identifying the equation of a hyperbola given its foci and vertices. The equation provided in the answer appears correct. The answer correctly identifies that the hyperbola is in the form \\(\\frac{y^2}{a^2} - \\frac{x^2}{b^2} = 1\\) with \\(a = \\frac{\\sqrt{11}}{2}\\) and \\(c = 3\\). Therefore, \\(b^2 = c^2 - a^2 = 9 - \\left(\\frac{\\sqrt{11}}{2}\\right)^2 = 9 - \\frac{11}{4} = \\frac{25}{4}\\), so \\(b = \\frac{5}{2}\\). The answer then proceeds correctly to find the equation of the hyperbola as \\(\\frac{y^2}{\\frac{11}{4}} - \\frac{x^2}{\\frac{25}{4}} = 1\\).\n\n**Error:** 0']","['**Question:**\nFind the equation of the hyperbola with foci (0, ±3) and vertices (0, ±\\(\\frac{\\sqrt{11}}{2}\\)).\n\n**Answer:**\nSince the foci is on the y-axis, the equation of the hyperbola is in the form \\(\\frac{y^2}{a^2} - \\frac{x^2}{b^2} = 1\\).\n\nSince vertices are (0, ±\\(\\frac{\\sqrt{11}}{2}\\)), we have \\(a = \\frac{\\sqrt{11}}{2}\\).\n\nAlso, since foci are (0, ±3), \\(c = 3\\) and \\(b^2 = c^2 - a^2 = \\frac{25}{2}\\).\n\nTherefore, the equation of the hyperbola is \\(\\frac{y^2}{\\frac{11}{4}} - \\frac{x^2}{\\frac{25}{2}} = 1\\), i.e., 50y² - 88x² = 275.', '**Question:**\nFind the equation of the hyperbola with foci (0, ±3) and vertices (0, ±\\(\\frac{\\sqrt{11}}{2}\\)).\n\n**Answer:**\nSince the foci is on the y-axis, the equation of the hyperbola is in the form \\(\\frac{y^2}{a^2} - \\frac{x^2}{b^2} = 1\\).\n\nSince vertices are (0, ±\\(\\frac{\\sqrt{11}}{2}\\)), we have \\(a = \\frac{\\sqrt{11}}{2}\\).\n\nAlso, since foci are (0, ±3), \\(c = 3\\) and \\(b^2 = c^2 - a^2 = \\frac{25}{2}\\).\n\nTherefore, the equation of the hyperbola is \\(\\frac{y^2}{\\frac{11}{4}} - \\frac{x^2}{\\frac{25}{2}} = 1\\), i.e., 50y² - 88x² = 275.']","['**Reasoning:** The answer contains several errors. First, it states ""Since the foci is on the y-axis,"" but this should be ""Since the foci are on the y-axis."" Second, it incorrectly states ""we have a = \\sqrt{11}/2,"" when the correct value for \\(a\\) should be \\(\\frac{\\sqrt{11}}{2}\\). Third, it incorrectly states ""b^2 = c^2 - a^2 = 25/2,"" when the correct value for \\(b^2\\) should be \\(\\frac{25}{4}\\). Finally, the equation derived from the answer does not match the expected form of the hyperbola equation with the given conditions.\n\n**Error:** 1', '**Reasoning:** The answer contains several errors. First, it states ""Since the foci is on the y-axis,"" but this should be ""Since the foci are on the y-axis."" Second, it incorrectly states ""we have a = \\sqrt{11}/2,"" when the correct value for \\(a\\) should be \\(\\frac{\\sqrt{11}}{2}\\). Third, it incorrectly states ""b^2 = c^2 - a^2 = 25/2,"" when the correct value for \\(b^2\\) should be \\(\\frac{25}{4}\\). Finally, the equation derived from the answer does not match the expected form of the hyperbola equation with the given conditions.\n\n**Error:** 1']",Qwen/Qwen2.5-VL-3B-Instruct,100
"In an experiment, a solution of hydrochloric acid is to be kept between \(30^\circ\) and \(35^\circ\) Celsius. What is the range of temperature in degree Fahrenheit if the conversion formula is given by 

\[
C = \frac{5}{9} (F - 32)
\]

where \(C\) and \(F\) represent temperature in degree Celsius and degree Fahrenheit, respectively?

"," It is given that 

\[
30 < C < 35.
\]

Putting \(C = \frac{5}{9} (F - 32)\), we get 

\[
30 < \textcolor{red}{\frac{9}{5}} (F - 32) < 35.
\]

Multiplying through by \(\frac{9}{5}\):

\[
\frac{9}{5} \times 30 < (F - 32) < \frac{9}{5} \times 35
\]

which simplifies to 

\[
54 < (F - 32) < 63.
\]

Adding \(32\) to all parts gives:

\[
86 < F < 95.
\]

Thus, the required range of temperature is between \(86^\circ\) F and \(95^\circ\) F.

",True,True,True,1.6094379124341005,0.6730116670092565,0.0,0.0,False,True,0,0,"['**Question:**\nIn an experiment, a solution of hydrochloric acid is to be kept between 30° and 35°Celsius. What is the range of temperature in degrees Fahrenheit if the conversion formula given by \\( C = \\frac{5}{9} (F - 32) \\) where \\( C \\) and \\( F \\) represent temperature in degrees Celsius and degrees Fahrenheit respectively?\n\n**Answer:**\nIt is given that \\( 30 < C < 35 \\). Putting \\( C = \\frac{5}{9} (F - 32) \\), we get \\( 30 < \\frac{5}{9} (F - 32) < 35 \\). Multiplying through by \\( \\frac{9}{5} \\), we get \\( \\frac{9}{5} \\times 30 < (F - 32) < \\frac{9}{5} \\times 35 \\), which simplifies to \\( 54 < (F - 32) < 63 \\). Adding 32 to all parts gives \\( 86 < F < 95 \\). Thus, the required range of temperature is between 86°F and 95°F.', '**Question:**\nIn an experiment, a solution of hydrochloric acid is to be kept between 30° and 35°Celsius. What is the range of temperature in degrees Fahrenheit if the conversion formula \\( g \\) is given by:\n\\[ c = \\frac{5}{9} (f - 32) \\]\nwhere \\( c \\) and \\( f \\) represent temperature in degrees Celsius and degrees Fahrenheit respectively.\n\n**Answer:**\nit is given that \\( 30 < c < 35 \\).\n\nputting \\( c = \\frac{5}{9} (f - 32) \\), we get\n\n\\( 30 < \\frac{9}{5} (f - 32) < 35 \\).\n\nmultiplying through by \\( \\frac{9}{5} \\):\n\n\\( \\frac{9}{5} x 30 < (f - 32) < \\frac{9}{5} x 35 \\)\n\nwhich simplifies to \n\n\\( 54 < (f - 32) < 63 \\).\n\nadding 32 to all parts gives:\n\n\\( 86 < f < 95 \\).\n\nThus, the required range of temperature is between 86°F and 95°F.', '**Question:**\nIn an experiment, a solution of hydrochloric acid is to be kept between \\(30^\\circ\\) and \\(35^\\circ\\) Celsius. What is the range of temperature in degrees Fahrenheit if the conversion formula is given by:\n\n\\[\nc = \\frac{5}{9}(f - 32)\n\\]\n\nwhere \\(c\\) and \\(f\\) represent temperature in degrees Celsius and degrees Fahrenheit, respectively.\n\n**Answer:**\nIt is given that \\(30 < c < 35\\).\n\nPutting \\(c = \\frac{5}{9}(f - 32)\\), we get\n\n\\[\n30 < \\frac{5}{9}(f - 32) < 35.\n\\]\n\nMultiplying through by \\(\\frac{9}{5}\\):\n\n\\[\n\\frac{9}{5} \\times 30 < (f - 32) < \\frac{9}{5} \\times 35\n\\]\n\nwhich simplifies to\n\n\\[\n54 < (f - 32) < 63.\n\\]\n\nAdding 32 to all parts gives:\n\n\\[\n86 < f < 95.\n\\]\n\nThus, the required range of temperature is between \\(86^\\circ F\\) and \\(95^\\circ F\\).', '**Question:** In an experiment, a solution of hydrochloric acid is to be kept between 30° and 35°Celsius. What is the range of temperature in degrees Fahrenheit if the conversion formula given is?\n\n\\[\nC = \\frac{5}{9} (F - 32)\n\\]\n\nwhere \\( C \\) and \\( F \\) represent temperature in degrees Celsius and degrees Fahrenheit respectively.\n\n**Answer:** It is given that \\( 30 < C < 35 \\).\n\nPutting \\( C = \\frac{5}{9} (F - 32) \\), we get\n\n\\[\n30 < \\frac{9}{5} (F - 32) < 35\n\\]\n\nMultiplying through by \\( \\frac{9}{5} \\):\n\n\\[\n\\frac{9}{5} \\times 30 < (F - 32) < \\frac{9}{5} \\times 35\n\\]\n\nWhich simplifies to\n\n\\[\n54 < (F - 32) < 63\n\\]\n\nAdding 32 to all parts gives:\n\n\\[\n86 < F < 95\n\\]\n\nThus, the required range of temperature is between 86°F and 95°F.', '**Question:**\n\\[ \\text{In an experiment, a solution of hydrochloric acid is to be kept between 30° and 35°Celsius. What is the range of temperature in degree Fahrenheit if the conversion formula is given by } C = \\frac{5}{9}(F - 32) \\text{ where } C \\text{ and } F \\text{ represent temperature in degrees Celsius and degrees Fahrenheit respectively.} \\]\n\n**Answer:**\n\\[ \\text{It is given that } 30 < C < 35. \\]\n\\[ \\text{Putting } C = \\frac{5}{9}(F - 32), \\text{ we get } \\]\n\\[ 30 < \\frac{5}{9}(F - 32) < 35. \\]\n\\[ \\text{Multiplying through by } \\frac{9}{5}: \\]\n\\[ \\frac{9}{5} \\times 30 < (F - 32) < \\frac{9}{5} \\times 35 \\]\n\\[ \\text{which simplifies to } \\]\n\\[ 54 < (F - 32) < 63. \\]\n\\[ \\text{Adding 32 to all parts gives: } \\]\n\\[ 86 < F < 95. \\]\n\\[ \\text{Thus, the required range of temperature is between } 86^\\circ\\text{F and } 95^\\circ\\text{F}. \\]']","['**Reasoning:** The Answer correctly derives the range of temperature in Fahrenheit from the given Celsius range between 30°C and 35°C using the conversion formula \\( C = \\frac{5}{9}(F - 32) \\). The step-by-step solution is logically sound and accurately follows the algebraic manipulation needed to convert the given Celsius temperatures into Fahrenheit. There are no apparent errors in the sequence of calculations or the interpretation of the results.\n\n**Error:** 0', '**Reasoning:** The error is present in the step where the inequality for \\( F \\) is derived. In the answer, it states ""which simplifies to"" directly from the previous inequality, but there should be an additional step to simplify \\( \\frac{9}{5} \\times 30 \\) and \\( \\frac{9}{5} \\times 35 \\) to their integer equivalents before combining them with the constant term of 32. Specifically, \\( \\frac{9}{5} \\times 30 = 54 \\) and \\( \\frac{9}{5} \\times 35 = 63 \\), which leads to \\( 54 < (F - 32) < 63 \\). However, when adding 32 to all parts, the correct result should be \\( 86 < F < 95 \\), as stated in the question. The answer provided does not include this final step correctly.\n\n**Error:** 1', '**Reasoning:** The given Answer does not contain any mathematical errors. It correctly follows the steps to convert the given temperature range from Celsius to Fahrenheit using the conversion formula \\( F = \\frac{9}{5}C + 32 \\). Each step aligns with standard algebraic operations and the properties of inequalities.\n\n**Error:** 0', '**Reasoning:** The answer correctly begins with the conversion formula but incorrectly states that the range for \\(c\\) in Celsius is between 30° and 35°. This suggests a logical error or misinterpretation in the initial step.\n\n**Error:** 1', '**Reasoning:** The answer incorrectly multiplies through by \\(\\frac{9}{5}\\) instead of \\(\\frac{5}{9}\\). In the conversion formula \\(C = \\frac{5}{9}(F - 32)\\), multiplying by \\(\\frac{9}{5}\\) should yield the correct temperature range in degrees Celsius, not degrees Fahrenheit. Therefore, the multiplication step is incorrect.\n\n**Error:** 1']","['**Question:**\nIn an experiment, a solution of hydrochloric acid is to be kept between 30° and 35°Celsius. What is the range of temperature in degrees Fahrenheit if the conversion formula is given by:\n\n\\[ C = \\frac{5}{9}(F - 32) \\]\n\nwhere \\( C \\) and \\( F \\) represent temperature in degrees Celsius and degrees Fahrenheit respectively.\n\n**Answer:**\nit is given that \\( 30 < C < 35 \\).\n\nPutting \\( C = \\frac{5}{9}(F - 32) \\), we get\n\n\\[ 30 < \\frac{5}{9}(F - 32) < 35 \\]\n\nmultiplying through by \\( \\frac{9}{5} \\):\n\n\\[ \\frac{9}{5} \\times 30 < (F - 32) < \\frac{9}{5} \\times 35 \\]\n\nwhich simplifies to\n\n\\[ 54 < (F - 32) < 63 \\]\n\nadding 32 to all parts gives:\n\n\\[ 86 < F < 95 \\]\n\nThus, the required range of temperature is between \\( 86^\\circ F \\) and \\( 95^\\circ F \\).', '**Question:**\nIn an experiment, a solution of hydrochloric acid is to be kept between 30° and 35°Celsius. What is the range of temperature in degrees Fahrenheit if the conversion formula is given by:\n\n\\[ C = \\frac{5}{9}(F - 32) \\]\n\nwhere \\( C \\) and \\( F \\) represent temperature in degrees Celsius and degrees Fahrenheit respectively.\n\n**Answer:**\nit is given that \\( 30 < C < 35 \\).\n\nPutting \\( C = \\frac{5}{9}(F - 32) \\), we get\n\n\\[ 30 < \\frac{5}{9}(F - 32) < 35 \\]\n\nmultiplying through by \\( \\frac{9}{5} \\):\n\n\\[ \\frac{9}{5} \\times 30 < (F - 32) < \\frac{9}{5} \\times 35 \\]\n\nwhich simplifies to\n\n\\[ 54 < (F - 32) < 63 \\]\n\nadding 32 to all parts gives:\n\n\\[ 86 < F < 95 \\]\n\nThus, the required range of temperature is between \\( 86^\\circ F \\) and \\( 95^\\circ F \\).']","['**Reasoning:** The answer provided does not contain any mathematical errors. It correctly follows the steps to convert the temperature range from Celsius to Fahrenheit using the conversion formula \\( C = \\frac{5}{9}(F - 32) \\). The calculations are performed accurately, and the final result is correctly stated as the temperature range between 86°F and 95°F.\n\n**Error:** 0', '**Reasoning:** The answer provided does not contain any mathematical errors. It correctly follows the steps to convert the temperature range from Celsius to Fahrenheit using the conversion formula \\( C = \\frac{5}{9}(F - 32) \\). The calculations are performed accurately, and the final result is correctly stated as the temperature range between 86°F and 95°F.\n\n**Error:** 0']",Qwen/Qwen2.5-VL-3B-Instruct,100
"
Differentiate 
\[
y = \sqrt{\frac{(x-3)(x^2 + 4)}{3x^2 + 4x + 5}} \text{ w.r.t. } x.
\]

","
Let 
\[
y = \sqrt{\frac{(x-3)(x^2 + 4)}{3x^2 + 4x + 5}}.
\]
Taking logarithm on both sides, we have
\[
\log y = \frac{1}{2} \left[ \log (x - 3) + \log (x^2 + 4) - \log (3x^2 + 4x + 5) \right].
\]
Now, differentiating both sides w.r.t. \(x\), we get
\[
\frac{1}{y} \frac{dy}{dx} = \frac{1}{2} \left[ \frac{1}{(x-3)} + \frac{2x}{x^2 + 4} - \frac{6x + 4}{3x^2 + 4x + 5} \right]
\]
or
\[
\frac{dy}{dx} = \frac{y}{2} \left[ \frac{1}{(x-3)} + \frac{2x}{x^2 + 4} - \frac{6x + 4}{3x^2 + 4x + 5} \right].
\]
Thus, we have
\[
\frac{dy}{dx} = \frac{1}{2} \sqrt{\frac{(x-3)(x^2 + 4)}{3x^2 + 4x + 5}} \left[ \frac{1}{(x-3)} + \frac{2x}{x^2 + 4} - \frac{6x + 4}{3x^2 + 4x + 5} \right].
\]

\textcolor{red}{Assume that \(x > 3\), so \(x-3 > 0\) and we don't need to worry about the domain of the logarithm.}

",True,True,True,1.6094379124341005,0.9502705392332347,0.0,0.0,False,False,0,1,"[""**Question:**\n\\[\ny = \\sqrt{\\frac{(x-3)(x^2+4)}{3x^2 + 4x + 5}}\n\\]\n\n**Answer:**\nLet\n\\[\ny = \\sqrt{\\frac{(x-3)(x^2+4)}{3x^2 + 4x + 5}}\n\\]\nTaking logarithms on both sides, we have\n\\[\n\\log y = \\frac{1}{2} \\left[ \\log (x-3) + \\log (x^2+4) - \\log (3x^2 + 4x + 5) \\right].\n\\]\nNow, differentiating both sides w.r.t. \\( x \\), we get\n\\[\n\\frac{1}{y} \\frac{dy}{dx} = \\frac{1}{2} \\left[ \\frac{1}{(x-3)} + \\frac{2x}{x^2+4} - \\frac{6x+y}{3x^2+4x+5} \\right]\n\\]\nor\n\\[\n\\frac{dy}{dx} = \\frac{y}{2} \\left[ \\frac{1}{(x-3)} + \\frac{2x}{x^2+4} - \\frac{6x+y}{3x^2+4x+5} \\right].\n\\]\nThus, we have\n\\[\n\\frac{dy}{dx} = \\frac{1}{2} \\sqrt{\\frac{(x-3)(x^2+4)}{3x^2 + 4x + 5}} \\left[ \\frac{1}{(x-3)} + \\frac{2x}{x^2+4} - \\frac{6x+y}{3x^2+4x+5} \\right]\n\\]\nAssume that \\( x > 3 \\), so \\( x-3 > 0 \\) and we don't need to worry about the domain of the logarithm."", '**Question:**\n\\[ y = \\sqrt{\\frac{(x-3)(x^2+4)}{3x^2+4x+5}} \\]\n\n**Answer:**\n\\[\n\\begin{aligned}\n&\\text{Taking logarithms on both sides, we have} \\\\\n&\\log y = \\frac{1}{2}\\left[\\log(x-3) + \\log(x^2+4) - \\log(3x^2+4x+5)\\right] \\\\\n&\\text{or} \\\\\n&\\frac{dy}{dx} = \\frac{1}{2}\\left[\\frac{1}{(x-3)} + \\frac{2x}{x^2+4} - \\frac{6x+4}{3x^2+4x+5}\\right].\n\\end{aligned}\n\\]', ""**Question:** \\[\ny = \\sqrt{\\frac{(x-3)(x^2+4)}{3x^2+4x+5}} \\quad \\text{w0. r.t } x.\n\\]\n\n**Answer:** Let\n\n\\[ y = \\sqrt{\\frac{(x-3)(x^2+4)}{3x^2+4x+5}} \\]\n\nTaking logarithms on both sides, we have\n\n\\[\n\\log y = \\frac{1}{2} \\left[ \\log (x-3) + \\log(x^2+4) - \\log(3x^2+4x+5) \\right].\n\\]\n\nNow, differentiating both sides w.r.t. \\(x\\), we get\n\n\\[\n\\frac{1}{y} \\frac{dy}{dx} = \\frac{1}{2} \\left[ \\frac{1}{(x-3)} + \\frac{2x}{x^2+4} - \\frac{6x+4}{3x^2+4x+5} \\right]\n\\]\n\nor\n\n\\[\n\\frac{dy}{dx} = \\frac{y}{2} \\left[ \\frac{1}{(x-3)} + \\frac{2x}{x^2+4} - \\frac{6x+4}{3x^2+4x+5} \\right].\n\\]\n\nThus, we have\n\n\\[\n\\frac{dy}{dx} = \\frac{1}{2} \\sqrt{\\frac{(x-3)(x^2+4)}{3x^2+4x+5}} \\left[ \\frac{1}{(x-3)} + \\frac{2x}{x^2+4} - \\frac{6x+4}{3x^2+4x+5} \\right].\n\\] Assume that \\(x > 3\\), so \\(x-3 > 0\\) and we don't need to worry about the domain of the logarithm."", ""**Question:**\n$y = \\sqrt{\\frac{(x-3)(x^{2}+4)}{3x^{2}+4x+5}}$\n\n**Answer:**\nLet $y = \\sqrt{\\frac{(x-3)(x^{2}+4)}{3x^{2}+4x+5}}$. Taking logarithm on both sides, we have $\\log y = \\frac{1}{2}[\\log(x-3) + \\log(x^{2}+4) - \\log(3x^{2}+4x+5)]$. Now differentiating both sides w.r.t x, we get $\\frac{1}{y}\\frac{dy}{dx} = \\frac{1}{2}[\\frac{1}{(x-3)} + \\frac{2x}{x^{2}+4} - \\frac{6x+y}{3x^{2}+4x+5}]$. Or $\\frac{dy}{dx} = \\frac{y}{2}[\\frac{1}{(x-3)} + \\frac{2x}{x^{2}+4} - \\frac{6x+y}{3x^{2}+4x+5}]$. Thus, we have $\\frac{dy}{dx} = \\frac{1}{2} \\sqrt{\\frac{(x-3)(x^{2}+4)}{3x^{2}+4x+5}}$ [or] $\\frac{1}{(x-3)} + \\frac{2x}{x^{2}+4} - \\frac{6x+y}{3x^{2}+4x+5}$.\n\nAssume that $x > 3$, so $x - 3 > 0$ and we don't need to worry about the domain of the logarithm."", ""**Question:**\n$$Differen ti ate y= \\sqrt { \\frac { (x-3) (x^{2}+4) }{ 3x^{2}+4x+5 } }$$\n\n**Answer:**\nLet\n$$y = \\sqrt { \\frac { (x-3) (x^{2}+4) }{ 3x^{2}+4x+5 } }$$ Taking logarithm on both sides, we have $$\\log y = \\frac { 1 } { 2 } \\left[ \\log (x-3) + \\log (x^{2}+4) - \\log (3x^{2}+4x+5) \\right].$$ Now differentiating both sides w.r.t. x, we get $$ \\frac { 1 } { y } \\frac { d y } { d x } = \\frac { 1 } { 2 } \\left[ \\frac { 1 } { (x-3)} + \\frac { 2x } { x^{2}+4 } - \\frac { 6x+y } { 3x^{2}+4x+5} \\right]$$ or $$ \\frac { d y } { d x } = \\frac { y } { 2 } \\left[ \\frac { 1 } { (x-3)} + \\frac { 2x } { x^{2}+4 } - \\frac { 6x+y } { 3x^{2}+4x+5} \\right].$$ Thus, we have $$ \\frac { d y } { d x } = \\frac { 1 } { 2 } \\sqrt { \\frac { (x-3) (x^{2}+4) }{ 3x^{2}+4x+5 } } \\left[ \\frac { 1 } { (x-3)} + \\frac { 2x } { x^{2}+4 } - \\frac { 6x+y } { 3x^{2}+4x+5} \\right]$$ Assume that x > 3, so x - 3 > 0 and we don't need to worry about the domain of the logarithm.""]","['**Reasoning:** The answer provided does not contain any mathematical errors. It correctly differentiates the function \\( y = \\sqrt{\\frac{(x-3)(x^2+4)}{3x^2 + 4x + 5}} \\) using logarithm properties and differentiation rules. The steps presented for finding the derivative \\( \\frac{dy}{dx} \\) are correct and follow standard calculus procedures. There is no instance where the answer contradicts the properties of differentiation, logarithms, or the domain restrictions of the original function.\n\n**Error:** 0', '**Reasoning:** The answer does not contain any typographical errors or logical mistakes. It correctly differentiates the given function \\( y = \\sqrt{\\frac{(x-3)(x^2+4)}{3x^2+4x+5}} \\) using logarithms and differentiation. However, the expression given for the derivative seems to be missing some terms due to the omission of the square root in the differentiation process within the logarithm. The correct derivative should involve taking the derivative inside the logarithm separately and then applying the quotient rule. Therefore, an error exists in the differentiation step of the answer.\n\n**Error:** 1', '**Reasoning:** The Answer describes a process to differentiate the function \\( y = \\sqrt{\\frac{(x-3)(x^2+4)}{3x^2 + 4x + 5}} \\). The differentiation involves taking logarithms on both sides and differentiating both sides with respect to \\( x \\). However, the differentiation should be done after simplifying the expression inside the square root. The given Answer incorrectly proceeds by differentiating directly the original function rather than simplifying it first. This approach can lead to incorrect results because the differentiation process needs to be applied to the simplified form of the function.\n\n**Error:** **1**', '**Reasoning:** The answer appears to be correct. It correctly differentiates the given function \\( y \\) using logarithmic differentiation. The steps taken to differentiate the function, including taking the derivative with respect to \\( x \\) and considering the domain of the logarithm are all appropriately explained and executed. There are no apparent errors in the application of logarithmic differentiation or in the handling of the domain restriction \\( x > 3 \\).\n\n**Error:** 0', '**Reasoning:** The Answer appears to be correct. It correctly differentiates the function \\( y = \\sqrt{\\frac{(x-3)(x^2+4)}{3x^2+4x+5}} \\) using logarithms and then differentiates both sides to find the derivative \\( \\frac{dy}{dx} \\). The steps taken are consistent with standard differentiation techniques for composite functions involving square roots and logarithms. There seems to be no obvious arithmetic mistakes or logical errors in the answer presented.\n\n**Error:** 0']","[""**Question:**\n\\[ \\text{Differential} \\]\n\\[ y = \\sqrt{\\frac{(x-3)(x^2+4)}{3x^2+4x+5}} \\quad \\text{for } x \\]\n\n**Answer:**\nLet\n\\[ y = \\sqrt{\\frac{(x-3)(x^2+4)}{3x^2+4x+5}} \\]\n\nTaking logarithms on both sides, we have\n\\[ \\log y = \\frac{1}{2} \\left[ \\log (x-3) + \\log (x^2+4) - \\log (3x^2+4x+5) \\right] \\]\n\nNow, differentiating both sides w.r.t. \\( x \\), we get\n\\[ \\frac{1}{y} \\frac{dy}{dx} = \\frac{1}{2} \\left[ \\frac{1}{(x-3)} + \\frac{2x}{x^2+4} - \\frac{6x+y}{3x^2+4x+5} \\right] \\]\n\nor\n\\[ \\frac{dy}{dx} = \\frac{y}{2} \\left[ \\frac{1}{(x-3)} + \\frac{2x}{x^2+4} - \\frac{6x+y}{3x^2+4x+5} \\right] \\]\n\nThus, we have\n\\[ \\frac{dy}{dx} = \\frac{1}{2} \\sqrt{\\frac{(x-3)(x^2+4)}{3x^2+4x+5}} \\left[ \\frac{1}{(x-3)} + \\frac{2x}{x^2+4} - \\frac{6x+y}{3x^2+4x+5} \\right] \\]\n\nAssume that \\( x > 3 \\), so \\( x-3 > 0 \\) and we don't need to worry about the domain of the logarithm."", ""**Question:**\n\\[ \\text{Differential} \\]\n\\[ y = \\sqrt{\\frac{(x-3)(x^2+4)}{3x^2+4x+5}} \\quad \\text{for } x \\]\n\n**Answer:**\nLet\n\\[ y = \\sqrt{\\frac{(x-3)(x^2+4)}{3x^2+4x+5}} \\]\n\nTaking logarithms on both sides, we have\n\\[ \\log y = \\frac{1}{2} \\left[ \\log (x-3) + \\log (x^2+4) - \\log (3x^2+4x+5) \\right] \\]\n\nNow, differentiating both sides w.r.t. \\( x \\), we get\n\\[ \\frac{1}{y} \\frac{dy}{dx} = \\frac{1}{2} \\left[ \\frac{1}{(x-3)} + \\frac{2x}{x^2+4} - \\frac{6x+y}{3x^2+4x+5} \\right] \\]\n\nor\n\\[ \\frac{dy}{dx} = \\frac{y}{2} \\left[ \\frac{1}{(x-3)} + \\frac{2x}{x^2+4} - \\frac{6x+y}{3x^2+4x+5} \\right] \\]\n\nThus, we have\n\\[ \\frac{dy}{dx} = \\frac{1}{2} \\sqrt{\\frac{(x-3)(x^2+4)}{3x^2+4x+5}} \\left[ \\frac{1}{(x-3)} + \\frac{2x}{x^2+4} - \\frac{6x+y}{3x^2+4x+5} \\right] \\]\n\nAssume that \\( x > 3 \\), so \\( x-3 > 0 \\) and we don't need to worry about the domain of the logarithm.""]","['**Reasoning:** The answer provided does not contain any mathematical errors. It correctly differentiates the function \\( y = \\sqrt{\\frac{(x-3)(x^2+4)}{3x^2 + 4x + 5}} \\) using logarithmic differentiation and then differentiates the resulting expression. The steps are logically correct and follow the standard process for differentiating functions involving logarithms and square roots.\n\n**Error:** 0', '**Reasoning:** The answer provided does not contain any mathematical errors. It correctly differentiates the function \\( y = \\sqrt{\\frac{(x-3)(x^2+4)}{3x^2 + 4x + 5}} \\) using logarithmic differentiation and then differentiates the resulting expression. The steps are logically correct and follow the standard process for differentiating functions involving logarithms and square roots.\n\n**Error:** 0']",Qwen/Qwen2.5-VL-3B-Instruct,100
"\textbf{Question} Prove that 

\[
\frac{\sin(x+y)}{\sin(x-y)} = \frac{\tan x + \tan y}{\tan x - \tan y}.
\]

"," We have 

\[
\text{L.H.S.} = \frac{\sin(x+y)}{\sin(x-y)} = \frac{\sin x \cos y + \cos x \sin y}{\sin x \cos y - \cos x \sin y}.
\]

Dividing the numerator and denominator by \(\cos x \cos y\), we get 

\[
\frac{\sin(x+y)}{\sin(x-y)} = \frac{\textcolor{red}{\cot x} + \textcolor{red}{\cot y}}{\textcolor{red}{\cot x} - \textcolor{red}{\cot y}}.
\]

",True,True,True,1.6094379124341005,0.5004024235381879,0.0,0.0,False,True,1,0,"['**Question:**\n\\[\n\\sin \\left( x+y \\right) = \\frac{ \\tan x + \\tan y }{ \\tan x - \\tan y }, \\quad \n\\]\n\n\\[\n\\text{Dividing the numerator and denominator by } \\cos x \\cos y,\n\\]\n\n\\[\n\\text{we get} \\cdot\n\\]\n\n**Answer:**\n\\[\n\\begin{align*}\nLHS &= \\sin(x+y) \\\\\n&= \\frac{\\sin x \\cos y + \\cos x \\sin y}{\\sin x \\cos y - \\cos x \\sin y} \\\\\n\\end{align*}\n\\]\n\n\\[\nD \\cdot H \\cdot S = \\frac{ \\sin (x+y)}{\\sin (x-y)} = \\frac{ \\cot x + \\cot y }{\\cot x - \\cot y}\n\\]', '\\begin{align*}\n\\textbf{Question} & : \\quad \\text{Prove that} \\\\\n& \\frac{\\sin (x+y)}{\\sin (x-y)} = \\frac{\\tan x + \\tan y}{\\tan x - \\tan y} \\\\\n\\textbf{Answer} & : \\quad \\text{We have} \\\\\n& LHS = \\frac{\\sin (x+y)}{\\sin (x-y)} = \\frac{\\sin x \\cos y + \\cos x \\sin y}{\\sin x (\\cos y - \\cos x \\sin y)} \\\\\n& \\text{Dividing the numerator and denominator by } \\cos x \\cos y, \\text{ we get:} \\\\\n& \\frac{\\sin (x+y)}{\\sin (x-y)} = \\frac{\\cot x + \\cot y}{\\cot x - \\cot y}\n\\end{align*}', '**Question:**\n\\[ \\text{Prove that} \\]\n\\[ \\frac{\\sin (x+y)}{\\sin (x-y)} = \\frac{\\tan x + \\tan y}{\\tan x - \\tan y} \\]\n\n**Answer:**\n\\[ \\text{We have} \\]\n\\[ LHS = \\frac{\\sin (x+y)}{\\sin (x-y)} = \\frac{\\sin x \\cos y + \\cos x \\sin y}{\\sin x \\cos y - \\cos x \\sin y} \\]\n\\[ Dividing \\ the\\ numerator\\ and\\ denominator\\ by\\ \\cos x \\cos y,\\ we\\ get.\\]\n\\[ \\frac{\\sin (x+y)}{\\sin (x-y)} = \\frac{\\cot x + \\cot y}{\\cot x - \\cot y} \\]', '**Question:** \\(\\frac{\\sin(x+y)}{\\sin(x-y)} = \\frac{\\tan x + \\tan y}{\\tan x - \\tan y}\\)\n\n**Answer:** We have\n\nL.H.S = \\(\\frac{\\sin(x+y)}{\\sin(x-y)} = \\frac{\\sin x \\cos y + \\cos x \\sin y}{\\sin x \\cos y - \\cos x \\sin y}\\)\n\nDividing the numerator and denominator by \\(\\cos x \\cos y\\) we get,\n\n\\(\\frac{\\sin(x+y)}{\\sin(x-y)} = \\frac{\\cot x + \\cot y}{\\cot x - \\cot y}\\)', '**Question:**\n$$\\frac { \\sin ( x + y ) } { \\sin ( x - y ) } = \\frac { \\tan x + \\tan y } { \\tan x - \\tan y }$$\n\n**Answer:**\nWe have\n\nL.H.S = sin (x+y) = \\frac {\\sin x \\cos y + \\cos x \\sin y} {\\sin x \\cos y - \\cos x \\sin y}\n\nDividing the numerator and denominator by cos x cos y, we get.\n\n\\frac { \\sin (x+y) } { \\sin (x-y) } = \\frac { \\cot x + \\cot y } { \\cot x - \\cot y }']","['**Reasoning:** The answer provided divides the numerator and denominator by \\(\\cos x \\cos y\\) instead of dividing by \\(\\sin x \\sin y\\). This is incorrect, as it should be \\(\\sin x \\sin y\\) to maintain the identity. \n\n**Error:** 1', '**Reasoning:** The answer starts correctly with LHS being simplified as \\(\\frac{\\sin(x+y)}{\\sin(x-y)}\\). However, it then incorrectly divides both the numerator and denominator by \\(\\cos x \\cos y\\) instead of \\(\\cos x \\sin y\\) and \\(\\sin x \\cos y\\), respectively. This leads to incorrect simplification.\n\n**Error:** 1', '**Reasoning:** The answer provided includes a logical step where trigonometric identities are used correctly. However, the last line of the answer seems to have a misplaced expression. It should be:\n\n\\[\n\\frac{\\sin(x+y)}{\\sin(x-y)} = \\cot x + \\cot y\n\\]\n\nInstead, it has been written as:\n\n\\[\n\\frac{\\sin(x+y)}{\\sin(x-y)} = \\cot x - \\cot y\n\\]\n\nThis indicates an error in the final simplification process.\n\n**Error:** 1', '**Reasoning:** The answer provided does not contain any errors. It follows the correct steps to prove the trigonometric identity \\(\\frac{\\sin (x+y)}{\\sin (x-y)} = \\cot x + \\cot y\\) using the sum and difference formulas for sine and tangent. The steps align with standard algebraic manipulations and trigonometric identities, making it correct.\n\n**Error:** 0', '**Reasoning:** The answer provided does not correctly apply the trigonometric identities for sine and tangent. Instead of dividing the numerator and denominator by \\(\\cos x\\cos y\\), it incorrectly divides by \\(\\sin x\\cos y - \\cos x\\sin y\\). This results in a different form of the expression.\n\n**Error:** 1']","['**Question:**\n\\[\n\\frac{\\sin (x+y)}{\\sin (x-y)} = \\frac{\\tan x + \\tan y}{\\tan x - \\tan y}\n\\]\n\n**Answer:**\nWe have\n\nLHS = \\(\\frac{\\sin (x+y)}{\\sin (x-y)} = \\frac{\\sin x \\cos y + \\cos x \\sin y}{\\sin x \\cos y - \\cos x \\sin y}\\)\n\nDividing the numerator and denominator by \\(\\cos x \\cos y\\), we get:\n\n\\[\n\\frac{\\sin (x+y)}{\\sin (x-y)} = \\frac{\\cot x + \\cot y}{\\cot x - \\cot y}\n\\]', '**Question:**\n\\[\n\\frac{\\sin (x+y)}{\\sin (x-y)} = \\frac{\\tan x + \\tan y}{\\tan x - \\tan y}\n\\]\n\n**Answer:**\nWe have\n\nLHS = \\(\\frac{\\sin (x+y)}{\\sin (x-y)} = \\frac{\\sin x \\cos y + \\cos x \\sin y}{\\sin x \\cos y - \\cos x \\sin y}\\)\n\nDividing the numerator and denominator by \\(\\cos x \\cos y\\), we get:\n\n\\[\n\\frac{\\sin (x+y)}{\\sin (x-y)} = \\frac{\\cot x + \\cot y}{\\cot x - \\cot y}\n\\]']","['**Reasoning:** The answer provided does not correctly simplify the expression. The numerator and denominator should be simplified using trigonometric identities, but the given simplification is incorrect. Specifically, the numerator \\(\\sin(x+y)\\) should be simplified as \\(\\frac{\\sin x \\cos y + \\cos x \\sin y}{\\cos x \\cos y}\\), and the denominator \\(\\sin(x-y)\\) should be simplified as \\(\\frac{\\sin x \\cos y - \\cos x \\sin y}{\\cos x \\cos y}\\). The given simplification is incorrect because it does not account for the correct trigonometric identities.\n\n**Error:** 1', '**Reasoning:** The answer provided does not correctly simplify the expression. The numerator and denominator should be simplified using trigonometric identities, but the given simplification is incorrect. Specifically, the numerator \\(\\sin(x+y)\\) should be simplified as \\(\\frac{\\sin x \\cos y + \\cos x \\sin y}{\\cos x \\cos y}\\), and the denominator \\(\\sin(x-y)\\) should be simplified as \\(\\frac{\\sin x \\cos y - \\cos x \\sin y}{\\cos x \\cos y}\\). The given simplification is incorrect because it does not account for the correct trigonometric identities.\n\n**Error:** 1']",Qwen/Qwen2.5-VL-3B-Instruct,100
"Find \( r \), if \( 5 \, {}^4P_r = 6 \, {}^5P_{r-1} \).

"," We have 
\[
5 \, {}^4P_r = 6 \, {}^5P_{r-1}
\]
or 
\[
\frac{5 \times 4!}{(4-r)!} = 6 \times \frac{5!}{(5-r+1)!}
\]
or 
\[
\frac{5!}{(4-r)!} = \frac{6 \times 5!}{(5-r+1)(5-r)(5-r-1)!}
\]
or 
\[
(6 - r)(5 - r) = 6
\]
or 
\[
r^2 - 11r + 24 = 0
\]
or 
\[
r^2 - 8r - 3r + 24 = 0
\]
or 
\[
(r - 8)(r - 3) = 0
\]
or 
\[
r = 8 \quad \textcolor{red}{\text{or} \quad r = 5}
\]
Hence, \( r = 8, \textcolor{red}{5} \).

",True,True,True,1.6094379124341005,0.5004024235381879,0.0,0.0,False,True,1,0,"['**Question:**\n\\[ \\text{Find } x \\text{ if } 5^hP_{x} = 6^sP_{y-1}. \\]\n\n**Answer:**\n\\[ \\text{We have} \\]\n\\[ 5^{h}P_{x} = 6^{s}P_{y-1} \\]\nor\n\\[ \\frac{5!}{(h-x)!} = 6 \\times \\frac{5!}{(5-x+1)!} \\]\nor\n\\[ \\frac{5!}{(h-x)!} = \\frac{6 \\times 5!}{(5-x+1)(5-x)(5-x-1)!} \\]\nor\n\\[ (6-x)(5-x) = 6 \\]\nor\n\\[ x^{2}-11x+24 = 0 \\]\nor\n\\[ x^{2}-8x-3x+24 = 0 \\]\nor\n\\[ (x-8)(x-3) = 0 \\]\nor\n\\[ x = 8 \\ \\text{or} \\ x = 5 \\]\n\n\\[ \\text{Hence}, \\ x = 8, 5. \\]', '\\documentclass{article}\n\\usepackage[margin=1in]{geometry}\n\\usepackage{amsmath}\n\n\\begin{document}\n\n\\textbf{Question:} \\textit{Find \\( x \\), if \\( 5^{\\uparrow} P_8 = 6^{\\uparrow} P_8 - 1 \\).}\n\n\\textbf{Answer:} We have\n\n\\[ 5^{\\uparrow} P_x = 6^{\\uparrow} P_{x+1}, \\]\n\nor\n\n\\[ \\frac{5 \\times 4}{(h-x)!} = 6 \\times \\frac{5!}{(s-x+1)!}, \\]\n\nor\n\n\\[ \\frac{5!}{(h-x)!} = \\frac{6 \\times 5!}{(s-x+1)!(s-x)(s-x-1)!}, \\]\n\nor\n\n\\[ (6-x)(s-x) = 6, \\]\n\nor\n\n\\[ x^2 - 11x + 24 = 0, \\]\n\nor\n\n\\[ x^2 - 8x - 3x + 24 = 0, \\]\n\nor\n\n\\[ (x-8)(x-3) = 0, \\]\n\nor\n\n\\[ x = 8 \\text{ or } x = 5. \\]\n\nHence, \\( x = 8, 5 \\).\n\n\\end{document}', '**Question:**\n\\[ \\text{find } x, \\text{ if } 5^{4}P_{8}=6^{5}P_{x}-1. \\]\n\n**Answer:**\n\\[ \\text{we have} \\]\n\\[ 5^{-4}P_{s}=6^{5}P_{x}-1 \\]\n\\[ \\text{or} \\]\n\\[ \\frac{5\\times4}{(4-x)!}=6\\times\\frac{5!}{(5-x+1)!} \\]\n\\[ \\text{or} \\]\n\\[ \\frac{5!}{(4-x)!} = \\frac{6\\times5!}{(5-x)(5-x-1)!} \\]\n\\[ \\text{or} \\]\n\\[ (6-x)(5-x) = 6 \\]\n\\[ \\text{or} \\]\n\\[ x^{2}-11x+24=0 \\]\n\\[ \\text{or} \\]\n\\[ x^{2}-8x-3x+24 = 0 \\]\n\\[ \\text{or} \\]\n\\[ (x-8)(x-3) = 0 \\]\n\\[ \\text{or} \\]\n\\[ x = 8 \\text{ or } x = 5 \\]\n\\[ \\text{Hence}, x = 8, 5. \\]', '**Question:**\nFind x, if \\( 5^4P_{6}=6^5P_{8}-1 \\).\n\n**Answer:**\nWe have\n\n\\[\n5^{-n}P_n=6^{5}P_{n}-1\n\\]\n\nor\n\n\\[\n\\frac{5 \\times 4}{(n-x)!} = 6 \\times \\frac{5!}{(5-n+1)!}\n\\]\n\nor\n\n\\[\n\\frac{5!}{(n-x)!} = \\frac{6 \\times 5!}{(5-x)(5-x-1)! }\n\\]\n\nor\n\n\\[\n(6-x) (5-x) = 6\n\\]\n\nor\n\n\\[\nx^2 - 11x + 24 = 0\n\\]\n\nor\n\n\\[\nx^2 - 8x - 3x + 24 = 0\n\\]\n\nor\n\n\\[\n(x-8) (x-3) = 0\n\\]\n\nor\n\n\\[\nx=8 \\text{ or } x=5\n\\]\n\nHence,\n\n\\[ x = 8, 5. \\]', '**Question:**  \nfind \\( x \\), if \\( 5^{4}P_{8} = 6^{5}P_{\\gamma}-1 \\).\n\n**Answer:**  \nwe have  \n\\[ 5^{-4}P_{\\gamma} = 6^{5}P_{\\gamma}-1 \\]  \nor  \n\\[ \\frac{5 \\times 4}{2 - \\gamma)!} = 6 \\times \\frac{5!}{(5 - \\gamma + 1)!} \\]  \nor  \n\\[ \\frac{5!}{(4-\\gamma)!} = \\frac{6 \\times 5!}{(5-\\gamma+1)(5-\\gamma)(5-\\gamma-1)!} \\]  \nor  \n\\[ (6-\\gamma)(5-\\gamma) = 6 \\]  \nor  \n\\[ x^{2} - 11x + 24 = 0 \\]  \nor  \n\\[ x^{2} - 8x - 3x + 24 = 0 \\]  \nor  \n\\[ (x-8)(x-3) = 0 \\]  \nor  \n\\[ x = 8 \\text{ or } x = 5 \\]  \nHence, \\( x = 8, 5 \\).']","[""**Reasoning:** The answer appears to contain a logical error. The problem asks to find \\( x \\) such that \\( 5^x P_{8} = 6^x P_{x-1} \\). The Answer correctly starts with this equation but then incorrectly uses permutations instead of factorials, leading to an incorrect interpretation of the relationship between the numbers 5 and 6. The permutation notation \\( P_x \\) should be replaced with the factorial notation \\( x! \\) to correctly represent the factorial relationships. Additionally, the quadratic equation derived from the problem's condition does not match the correct form \\( 5^2 - 11x + 24 = 0 \\) as written in the solution.\n\n**Error:** 1"", '**Reasoning:** The answer contains several steps that do not logically lead to the correct solution. For instance, the first step suggests solving for \\(x\\) using permutations and combinations, but this does not align with the quadratic equation formed later. Additionally, the final step of finding the roots of the quadratic equation \\((x-8)(x-3) = 0\\) seems correct, but it does not directly relate back to the initial problem statement involving permutations and combinations.\n\n**Error:** 1', '**Reasoning:** The answer includes several steps to solve for \\( x \\) using permutations. However, the sequence of operations is incorrect. Specifically, after reaching the equation \\( (6-x)(5-x)=6 \\), the next step should be solving this quadratic equation properly. Substituting \\( y \\) instead of \\( x \\) leads to the wrong form of the equation \\( (y-8)(y-3)=0 \\). This suggests an error in the application of substitution for the variable \\( x \\).\n\n**Error:** 1', '**Reasoning:** The Answer provided does not contain any logical errors in the steps taken to solve the problem. Each step follows a valid mathematical process and correctly applies the principles of combinatorics and algebra. There is no indication of incorrect arithmetic, misapplication of formulas, or other logical inconsistencies.\n\n**Error:** 0', '**Reasoning:** The Answer provided attempts to solve the problem step-by-step. However, it omits an important step: after finding that \\((6 - x)(5 - x) = 6\\), it should then solve this quadratic equation to find the values of \\(x\\). Instead, it directly states ""Hence, \\(x = 8, 5\\)"" without solving the quadratic equation. This step is crucial because it ensures accuracy in finding the correct values of \\(x\\).\n\n**Error:** 1']","['**Question:**\n\\[\n\\text{Find } x \\text{ if } 5^{4}P_{8} = 6^{5}P_{x}-1.\n\\]\n\n**Answer:**\n\\[\n\\text{We have}\n\\]\n\\[\n5^{4}P_{8} = 6^{5}P_{x}-1\n\\]\nor\n\\[\n\\frac{5 \\times 4!}{(4-x)!} = 6 \\times \\frac{5!}{(5-x+1)!}\n\\]\nor\n\\[\n\\frac{5!}{(4-x)!} = \\frac{6 \\times 5!}{(5-x)(5-x-1)!}\n\\]\nor\n\\[\n(6-x)(5-x) = 6\n\\]\nor\n\\[\nx^{2}-11x+24=0\n\\]\nor\n\\[\nx^{2}-8x-3x+24=0\n\\]\nor\n\\[\n(x-8)(x-3)=0\n\\]\nor\n\\[\nx=8 \\text{ or } x=5\n\\]\nHence,\n\\[\nx=8,5.\n\\]', '**Question:**\n\\[\n\\text{Find } x \\text{ if } 5^{4}P_{8} = 6^{5}P_{x}-1.\n\\]\n\n**Answer:**\n\\[\n\\text{We have}\n\\]\n\\[\n5^{4}P_{8} = 6^{5}P_{x}-1\n\\]\nor\n\\[\n\\frac{5 \\times 4!}{(4-x)!} = 6 \\times \\frac{5!}{(5-x+1)!}\n\\]\nor\n\\[\n\\frac{5!}{(4-x)!} = \\frac{6 \\times 5!}{(5-x)(5-x-1)!}\n\\]\nor\n\\[\n(6-x)(5-x) = 6\n\\]\nor\n\\[\nx^{2}-11x+24=0\n\\]\nor\n\\[\nx^{2}-8x-3x+24=0\n\\]\nor\n\\[\n(x-8)(x-3)=0\n\\]\nor\n\\[\nx=8 \\text{ or } x=5\n\\]\nHence,\n\\[\nx=8,5.\n\\]']","['**Reasoning:** The answer provided does not contain any mathematical errors. It correctly follows the steps to solve the problem, including the use of permutations and solving the quadratic equation. There are no logical or arithmetic mistakes in the solution process.\n\n**Error:** 0', '**Reasoning:** The answer provided does not contain any mathematical errors. It correctly follows the steps to solve the problem, including the use of permutations and solving the quadratic equation. There are no logical or arithmetic mistakes in the solution process.\n\n**Error:** 0']",Qwen/Qwen2.5-VL-3B-Instruct,100
"Find the value of $\cos(-1710^\circ)$.

"," We know that values of $\cos x$ repeat after an interval of $2\pi$ or $360^\circ$. Therefore,
\[
\cos(-1710^\circ) = \cos(-1710^\circ + 5 \times 360^\circ) = \cos(\textcolor{red}{-1710^\circ + 1700^\circ}) = \cos(-1710^\circ + 1800^\circ) = \cos 90^\circ = 0.
\]

",True,True,False,1.6094379124341005,0.5004024235381879,0.0,0.0,False,True,0,0,"['**Question:** Find the value of $\\cos(-1710^\\circ)$\n\n**Answer:** We know that values of $\\cos x$ repeat after an interval of $2\\pi$ or $360^\\circ$. Therefore,\n\n\\[\n\\cos(-1710^\\circ) = \\cos(-1710^\\circ + 5 \\times 360^\\circ) = \\cos(-1710^\\circ + 1800^\\circ)\n\\]\n\n\\[\n= \\cos(-1710^\\circ + 1800^\\circ - 360^\\circ \\times 4) = \\cos(90^\\circ) = 0\n\\]', '**Question:** Find the value of \\(\\cos (-1710^\\circ)\\)\n\n**Answer:** We know that values of \\(\\cos x\\) repeat after an interval of \\(2\\pi\\) or \\(360^\\circ\\). Therefore,\n\n\\[\n\\cos (-1710^\\circ) = \\cos (-1710^\\circ + 5 \\times 360^\\circ) = \\cos (-1710^\\circ + 1800^\\circ)\n\\]\n\n\\[\n= \\cos (-1710^\\circ + 1800^\\circ - 360^\\circ) = \\cos 90^\\circ = 0\n\\]', '**Question:** Find the value of \\(\\cos(-1710^\\circ)\\)\n\n**Answer:** We know that values of \\(\\cos x\\) repeat after an interval of \\(2\\pi\\) or \\(360^\\circ\\). Therefore,\n\n\\[\n\\cos(-1710^\\circ) = \\cos(-1710^\\circ + 5 \\times 360^\\circ) = \\cos(-1710^\\circ + 1800^\\circ)\n\\]\n\n\\[\n= \\cos(-1710^\\circ + 1800^\\circ - 360^\\circ) = \\cos90^\\circ = 0\n\\]', '**Question:** Find the value of \\(\\cos(-1710^\\circ)\\)\n\n**Answer:** We know that values of \\(\\cos x\\) repeat after an interval of \\(2\\pi\\) or \\(360^\\circ\\). Therefore,\n\n\\[\n\\cos(-1710^\\circ) = \\cos(-1710^\\circ + 5 \\times 360^\\circ)\n\\]\n\\[\n= \\cos(-1710^\\circ + 1800^\\circ) = \\cos90^\\circ = 0\n\\]', '**Question:** Find the value of \\(\\cos(-1710^\\circ)\\)\n\n**Answer:** We know that values of \\(\\cos x\\) repeat after an interval of \\(2\\pi\\) or \\(360^\\circ\\). Therefore,\n\\[\n\\cos(-1710^{\\circ}) = \\cos(-1710^{\\circ} + 5 \\times 360^{\\circ}) = \\cos(-1710^{\\circ} + 1800^{\\circ})\n\\]\n\\[\n= \\cos(-1710^{\\circ} + 1800^{\\circ}) = \\cos90^{\\circ} - 0\n\\]']","['**Reasoning:** The answer incorrectly states that cosine values repeat every \\(\\pi\\) radians or \\(360^\\circ\\). However, the correct periodicity for cosine functions is actually every \\(2\\pi\\) radians or \\(360^\\circ\\). Therefore, the answer contains an error.\n\n**Error:** 1', '**Reasoning:** The answer does not correctly apply the cosine function properties. Specifically, it incorrectly states that cos(-1710°) = cos(90° - 0°). The correct approach involves reducing the angle within one period of the cosine function, i.e., from 0° to 360°. By adding or subtracting multiples of 360°, we can bring the angle into this range. Therefore, cos(-1710°) should be evaluated as cos(-210°) instead of cos(90° - 0°), since -210° is within the first cycle of the unit circle where cosine values repeat every 360°.\n\n**Error:** 1', '**Reasoning:** \nThe answer contains several errors. First, in the interval part, it states ""interval of 2π or 360°"", but the correct interval should be ""between -3π and 3π"". Second, in the calculation of \\(\\cos(-1710^\\circ)\\), it incorrectly adds \\(5 \\times 360^\\circ\\) instead of \\(180^\\circ\\). Third, in the final step, it incorrectly states \\(\\cos(-1710^\\circ) = \\cos90^\\circ = 0\\) but it should be \\(\\cos(-1710^\\circ + 1800^\\circ) = \\cos90^\\circ = 0\\).\n\n**Error:** 1', '**Reasoning:** The answer process seems to be correct in terms of using the periodicity property of cosine functions. However, there is a mistake in the final step. The cosine function value at 90 degrees should be 0, not -0. Therefore, the entire calculation should have been:\n\\[\n\\cos(-1710^\\circ) = \\cos(-1710^\\circ + 1710^\\circ) = \\cos(0^\\circ) = 1\n\\]\nThis shows that the final answer should be 1, not -0.\n\n**Error:** 1', '**Reasoning:** The answer does not contain any errors in terms of mathematical reasoning and calculations. The steps taken to simplify the expression \\(\\cos(-1710^\\circ)\\) are correct and align with standard trigonometric identities and properties. The answer concludes correctly that \\(\\cos(-1710^\\circ) = \\cos90^\\circ = 0\\).\n\n**Error:** 0']","['**Question:** Find the value of \\(\\cos(-1710^\\circ)\\)\n\n**Answer:** We know that values of \\(\\cos x\\) repeat after an interval of \\(2\\pi\\) or \\(360^\\circ\\). Therefore,\n\n\\[\n\\cos(-1710^\\circ) = \\cos(-1710^\\circ + 5 \\times 360^\\circ) = \\cos(-1710^\\circ + 1800^\\circ)\n\\]\n\n\\[\n= \\cos(-1710^\\circ + 1800^\\circ) = \\cos90^\\circ = 0\n\\]', '**Question:** Find the value of \\(\\cos(-1710^\\circ)\\)\n\n**Answer:** We know that values of \\(\\cos x\\) repeat after an interval of \\(2\\pi\\) or \\(360^\\circ\\). Therefore,\n\n\\[\n\\cos(-1710^\\circ) = \\cos(-1710^\\circ + 5 \\times 360^\\circ) = \\cos(-1710^\\circ + 1800^\\circ)\n\\]\n\n\\[\n= \\cos(-1710^\\circ + 1800^\\circ) = \\cos90^\\circ = 0\n\\]']","['**Reasoning:** The answer incorrectly simplifies the cosine function by adding multiples of 360° instead of considering the periodicity of the cosine function directly. The correct approach would be to reduce the angle modulo 360° to find an equivalent angle within the range of 0° to 360°, which is -1710° ≡ 90° (mod 360°). Therefore, cos(-1710°) = cos(90°) = 0, not cos(-1710° + 5 × 360°) = cos(-1710° + 1800°) = cos(90°) = 0.\n\n**Error:** 1', '**Reasoning:** The answer incorrectly simplifies the cosine function by adding multiples of 360° instead of considering the periodicity of the cosine function directly. The correct approach would be to reduce the angle modulo 360° to find an equivalent angle within the range of 0° to 360°, which is -1710° ≡ 90° (mod 360°). Therefore, cos(-1710°) = cos(90°) = 0, not cos(-1710° + 5 × 360°) = cos(-1710° + 1800°) = cos(90°) = 0.\n\n**Error:** 1']",Qwen/Qwen2.5-VL-3B-Instruct,100
"If Rs. 10 be allowed as true discount on a bill of Rs. 110 due at the end of a certain time, then the discount allowed on the same sum due at the end of double the time is:  
\begin{enumerate}
    \item Rs. 20 
    \item Rs. 21.81 
    \item Rs. 22 
    \item Rs. 18.33 
\end{enumerate}

"," Option D  
S.I. on Rs. (110 - 10) for a certain time = Rs. 10.  
S.I. on Rs. 100 for double the time = Rs. 20.  
T.D. on Rs. 120 = Rs. (120 - 100) = Rs. 20.  
T.D. on Rs. 110 = Rs. \(\left( \frac{20}{120} \textcolor{red}{\div} 110 \right) = \text{Rs. } 18.33\)

",True,False,False,1.3321790402101223,0.0,0.0,0.0,False,True,2,0,"['\\documentclass{article}\n\\usepackage[utf8]{inputenc}\n\n\\begin{document}\n\n**Question:**\nIf Rs. 10 be allowed as true discount on a bill of Rs. 110 due at the end of a certain time, then the discount allowed on the same sum due at the end of double the time is:\n\n1. Rs. 20\n2. Rs. 21.81\n3. Rs. 22\n4. Rs. 18.33\n\n**Answer:**\nOption D: S.I. on Rs. (110 - 10) for a certain time = Rs. 10.\nS.I. on Rs. 100 for double the time = Rs. 20.\nY.D. on Rs. 120 = Rs. (120 - 100) = Rs. 20.\nY.D. on Rs. 110 = Rs. \\(\\left( \\frac{20}{120} \\div 110 \\right) = Rs. 18.33\\).\n\n\\end{document}', '```latex\n\\textbf{Question}: If Rs. 10 be allowed as tax discount on a bill of Rs. 110 due at the end of a certain time, then the discount allowed on the same sum due at the end of double the time is:\n\n1. Rs. 20\n\n2. Rs. 21.81\n\n3. Rs. 22\n\n4. Rs. 18.33\n\n\\textbf{Answer}: Option D S.I. on Rs. (110 - 10) for a certain time = Rs. 10.\n\nS.I. on Rs. 100 for double the time = Rs. 20.\n\nY.D. on Rs. 100 = Rs.\n\n(100 - 100) = Rs. 20.\n\nY.D. on Rs. 110 = Rs. \\left(\\frac{20}{110}\\right) = Rs. 18.33.\n```', '**Question:**\nIf Rs. 10 be allowed as time discount on a bill of Rs. 110 due at the end of a certain time, then the discount allowed on the same sum due at the end of double the time is:\n\n1. Rs. 20\n2. Rs. 21.81\n3. Rs. 22\n4. Rs. 18.33\n\n**Answer:**\nOption D S.I. on Rs. (110 - 10) for a certain time = Rs. 10.\nS.I. on Rs. 100 for double the time = Rs. 20.\nV.D. on Rs. 120 = Rs.\n(120 - 100) = Rs. 20.\nV.D. on Rs. 110 = Rs. (\\frac{20}{120} \\div 110) = Rs. 18.33.', '**Question:**\nIf @Q1@ be allowed as value discount on a bill of Rs. 110 due at the end of a certain time, then the discount allowed on the same sum due at the end of double the time is :\n\n1. @Rs. 20@\n2. @Rs. 21.81@\n3. @Rs. 22@\n4. @Rs. 18.33@\n\n**Answer:**\nOption D S.I. on Rs.(110 - 10) for a certain time = Rs. 10.\nS.I. on Rs. 100 for double the time = Rs. 20.\nY.D. on Rs. 100 = Rs.\n(120 - 100) = Rs. (20 ÷ 120) = Rs. 18.33.', '\\begin{align*}\n& \\textbf{Question:} \\quad \\text{If } Rs.\\ 10 \\text{ be allowed as face discount on a bill of Rs. 110 due at the end of a certain time, then the discount allowed on the same sum due at the end of double the time is:} \\\\\n& 1. \\ Rs.\\ 20 \\\\\n& 2. \\ Rs.\\ 21.81 \\\\\n& 3. \\ Rs.\\ 22 \\\\\n& 4. \\ Rs.\\ 18.33 \\\\\n\\\\\n& \\textbf{Answer:} \\quad \\text{Option D S.I. on Rs. (110 - 10) for a certain time = Rs. 10. S.I. on Rs. 100 for double the time = Rs. 20. V.I.D. on Rs. 120 = Rs. (120 - 100) = Rs. (20 ÷ 120) = Rs. 18.33.}\n\\end{align*}']","['**Reasoning:** The answer provided does not seem to directly address the question. The question asks about discount calculation based on time, but the given answer discusses simple interest on Rs. 110 for double the time period, which is not related to the problem of finding the discount allowed on the same sum at the end of double the time. Therefore, it appears there is an error in the problem-solving approach.\n\n**Error:** 1', '**Reasoning:** The error is present in the calculation of the discount amount. The student incorrectly states that the discount allowed on Rs. 120 for double time is Rs. 0, when it should be Rs. 18.33 as per the correct calculation provided in the Answer. The incorrect calculation is: \\( \\frac{120}{120} \\times 10 = 10 \\), but the correct answer should be \\( \\frac{120}{110} \\times 10 = 18.33 \\).\n\n**Error:** 1', ""**Reasoning:** The answer provided includes a calculation process for finding the discount on a bill of Rs. 110 due at the end of a certain time, followed by a similar calculation for double the time. The approach seems correct as it involves calculating the interest rate and then applying it to the doubled sum to find the new discounted amount. However, the final step, where the answer is calculated to be Rs. 18.33, might need verification if there's a discrepancy with the options given (Rs. 20, Rs. 21.81, Rs. 22). Since the question states that the discount allowed on the same sum due at the end of double the time is supposed to be one of the options provided, the final answer should match one of these values. Without additional context, we can't definitively say there's an error here, but it's worth noting the potential discrepancy between the calculated value and the options.\n\n**Error:** 1"", '**Reasoning:** The answer provided does not seem to directly address the question about the discount on a bill due at the end of certain time period when compared with the same sum due at the end of double the time. It appears to be a calculation related to simple interest but not to the discount mentioned in the question.\n\n**Error:** 1', ""**Reasoning:** The answer provided does not seem to match the question asked. The question asks for the discount on a bill when the discount is allowed on the end of certain time, and then the discount allowed on the same sum due at the end of double the time. However, the answer provided calculates a simple interest rate on a different scenario (simple interest on Rs.10 vs simple interest on Rs.100), which does not align with the question's requirements. Additionally, the calculation presented in the answer does not directly relate to the discount calculation described in the question.\n\n**Error:** 1""]","['**Question:**\nIf Rs. 10 be allowed as true discount on a bill of Rs. 110 due at the end of a certain time, then the discount allowed on the same sum due at the end of double the time is:\n\n1. Rs. 20\n2. Rs. 21.81\n3. Rs. 22\n4. Rs. 18.33\n\n**Answer:**\nOption D S.I. on Rs. (110 - 10) for a certain time = Rs. 10.\nS.I. on Rs. 100 for double the time = Rs. 20.\nV.D. on Rs. 120 = Rs.\n(120 - 100) = Rs. 20.\nV.D. on Rs. 110 = Rs. (20 ÷ 110) = Rs. 18.33.', '**Question:**\nIf Rs. 10 be allowed as true discount on a bill of Rs. 110 due at the end of a certain time, then the discount allowed on the same sum due at the end of double the time is:\n\n1. Rs. 20\n2. Rs. 21.81\n3. Rs. 22\n4. Rs. 18.33\n\n**Answer:**\nOption D S.I. on Rs. (110 - 10) for a certain time = Rs. 10.\nS.I. on Rs. 100 for double the time = Rs. 20.\nV.D. on Rs. 120 = Rs.\n(120 - 100) = Rs. 20.\nV.D. on Rs. 110 = Rs. (20 ÷ 110) = Rs. 18.33.']","['**Reasoning:** The answer provided does not seem to be correct. The calculation presented does not match the expected result. The question asks for the discount allowed on the same sum due at the end of double the time, but the answer seems to be incorrect as it does not align with the expected mathematical operations.\n\n**Error:** 1', '**Reasoning:** The answer provided does not seem to be correct. The calculation presented does not match the expected result. The question asks for the discount allowed on the same sum due at the end of double the time, but the answer seems to be incorrect as it does not align with the expected mathematical operations.\n\n**Error:** 1']",Qwen/Qwen2.5-VL-3B-Instruct,100
"Compute \( (98)^5 \).

"," We express 98 as the sum or difference of two numbers whose powers are easier to calculate, and then use the Binomial Theorem.

Write \( 98 = 100 - 2 \).

Therefore, 
\[
\textcolor{red}{10000000000 - 1000000000 + 40000000 - 1600000 - 32}
\]
\[
(98)^5 = (100 - 2)^5 
\]
\[
= {5 \choose 0} (100)^5 - {5 \choose 1} (100)^4 \cdot 2 - {5 \choose 3} (100)^2 \cdot (2)^3 + {5 \choose 2} (100)^3 \cdot (2)^2 + {5 \choose 4} (100) \cdot (2)^4 - {5 \choose 5} (2)^5
\]
\[
\textcolor{red}{10040008000 - 100800032 = 9039207968.}
\]

Calculating each term:
\[
= 10000000000 - 5 \cdot 100000000 \cdot 2 + 10 \cdot 1000000 \cdot 4 - 10 \cdot 10000 \cdot 16 - 32
\]
\[
= 10000000000 - 1000000000 + 40000000 - 1600000 - 32
\]

\[
\textcolor{red}{= 10040008000 - 100800032}
\]
\[
= 9039207968.
\]

",True,True,True,1.6094379124341005,0.0,0.0,0.0,False,True,0,0,"['**Question:** Compute \\((98)^{5}\\).\n\n**Answer:** We express 98 as the sum or difference of two numbers whose powers are under 4 calculate, and then use the Binomial Theorem. Write \\(98 = 100 - 2\\). Therefore,\n\n\\[1000000000 - 100000000 + 40000000 - 1600000 - 32\\]\n\n\\[(98)^{5} = (100 - 2)^{5}\\]\n\n\\[= \\binom{5}{0}(100)^{5} - \\binom{5}{1}(100)^{4} \\cdot 2 - \\binom{5}{2}(100)^{2} \\cdot (2)^{3} + \\binom{5}{3}(100) \\cdot (2)^{4} - \\binom{5}{4}(2)^{5}\\]\n\n\\[= 10040008000 - 100800032 = 9039207968.\\]\n\nCalculating each item:\n\n\\[= 1000000000 - 5 \\cdot 100000000 \\cdot 2 + 10 \\cdot 1000000 \\cdot 4 - 10000,16 - 32\\]\n\n\\[= 1000000000 - 1000000000 + 40000000 - 1600000 - 32\\]\n\n\\[= 9039207968.\\]', '**Question:** Compute \\( (98)^5 \\).\n\n**Answer:** We express 98 as the sum or difference of two numbers whose powers are easier to calculate, and then use the Binomial theorem. Write 98 = 100 - 2.\n\nTherefore,\n\n\\[ (98)^5 = (100 - 2)^5 \\]\n\n= \\(\\binom{5}{2} (100)^3 - \\binom{5}{1}(100)^2\\cdot 2 - \\binom{5}{3}(100)^2\\cdot(2)^3 + \\binom{5}{4}(100)^2\\cdot(2)^4 + \\binom{5}{5}(2)^5\\)\n\n\\[ 1004008000 - 100800032 = 9039207968 \\]\n\nCalculating each item:\n\n= \\( 1000000000 - 5 \\cdot 100000000 \\cdot 2 + 10 \\cdot 10000000 \\cdot 4 - 10000,16 - 32 \\)\n\n= \\( 1000000000 - 1000000000 + 40000000 - 1600000 - 32 \\)\n\n= \\( 9039207968 \\).', '**Question:**\nCompute \\((98)^5\\).\n\n**Answer:**\nWe express 98 as the sum of two numbers whose powers are easier to calculate, and then use the Binomial Theorem.\nWrite \\(98 = 100 - 2\\).\nTherefore,\n\n\\[1000000000 - 100000000 + 40000000 - 1600000 - 32\\]\n\n\\[(98)^5 = (100 - 2)^5\\]\n\n\\[= \\binom{5}{0} (100)^5 - \\binom{5}{1} (100)^4 \\cdot 2 - \\binom{5}{2} (100)^3 \\cdot (2)^2 + \\binom{5}{3} (100)^2 \\cdot (2)^3 + \\binom{5}{4} (100) \\cdot (2)^4 - \\binom{5}{5} (2)^5\\]\n\n\\[10040008000 - 100800032 = 9039207968.\\]\n\nCalculating each term:\n\n\\[\n= 1000000000 - 5.100000000 \\cdot 2 + 10.10000000 \\cdot 4 - 10000,16 - 32\n\\]\n\n\\[\n= 1000000000 - 100000000 + 40000000 - 1600000 - 32\n\\]\n\n\\[\n= 9039207968.\n\\]', '**Question:**Compute $(98)^{5}$.\n\n**Answer:**We express $98$ as the sum or difference of two numbers whose powers are easier to calculate, and then use the Binomial Theorem.\nWrite $98 = 100 - 2$. Therefore,\n\\[\n(98)^{5} = (100 - 2)^{5}\n\\]\n\\[\n= \\binom{5}{0}(100)^{5} - \\binom{5}{1}(100)^{4} \\cdot 2 - \\binom{5}{2}(100)^{3}(2)^{2} + \\binom{5}{3}(100)^{2}(2)^{3} + \\binom{5}{4}(100)(2)^{4} - \\binom{5}{5}(2)^{5}\n\\]\n\\[\n= 1000000000 - 100000000 + 4000000 - 1600000 - 32\n\\]\n\\[\n= 9039207968.\n\\]', '**Question:** Compute $(98)^5$.\n\n**Answer:** We express $98$ as the sum or difference of two numbers whose powers are under to calculate, and then use the Binomial Theorem. Write $98 = 100 - 2$. Therefore,\n\n\\[\n1000000000 - 100000000 + 4000000 - 160000 - 32\n\\]\n\n\\[\n(98)^5 = (100 - 2)^5\n\\]\n\n\\[\n= \\binom{5}{0}(100)^5 - \\binom{5}{1}(100)^4 \\cdot 2 - \\binom{5}{2}(100)^3 \\cdot 2^3 + \\binom{5}{3}(100)^2 \\cdot 2^4 - \\binom{5}{4}(100) \\cdot 2^5\n\\]\n\n\\[\n= 104008000 - 100800032 = 9039207968.\n\\]\n\nCalculating each item:\n\n\\[\n= 1000000000 - 5.100000000 \\cdot 2 + 10.10000000 \\cdot 4 - 10000, 16 - 32\n\\]\n\n\\[\n= 1000000000 - 100000000 + 40000000 - 1600000 - 32\n\\]\n\n\\[\n= 9039207968.\n\\]']","['**Reasoning:** The solution incorrectly calculates each term using incorrect coefficients. In the binomial theorem expansion, the coefficients should be calculated from \\(\\binom{5}{3} = \\frac{5!}{3!(5-3)!} = 10\\) and \\(\\binom{5}{4} = \\binom{5}{1} = 5\\). However, the solution uses incorrect values such as \\(\\frac{5!}{2!3!} = 10\\) and \\(\\binom{5}{2} = 10\\). These coefficients are incorrect because they do not match the binomial coefficients correctly.\n\n**Error:** 1', '**Reasoning:** The solution incorrectly applies the Binomial Theorem to compute \\((98)^5\\). The use of \\((100-2)^5\\) instead of directly computing \\(98^5\\) with the binomial theorem leads to an incorrect answer. Additionally, there is a misunderstanding in the expansion of the binomial expression, as it should be expanded using the formula for binomial coefficients rather than directly substituting and simplifying.\n\n**Error:** 1', '**Reasoning:** The answer provided contains several logical errors. Firstly, the expression \\((98)^5\\) should be calculated, but it is not derived correctly using the binomial theorem or any other method. Instead, it incorrectly simplifies \\(98\\) to \\(100 - 2\\), which is not valid for the purpose of calculating powers. Secondly, the subsequent calculations involving \\((100-2)^5\\) are not aligned with standard algebraic operations and do not lead to the correct result of \\(9039207968\\). Therefore, the entire approach is flawed and cannot be considered correct.\n\n**Error:** 1', '**Reasoning:** The answer provides a step-by-step breakdown of how to compute \\((98)^5\\) using the Binomial Theorem. However, when it comes to calculating each term, the calculation seems to be incorrect. Specifically, the calculations for each term appear to be incorrect as they result in a value significantly different from \\(9039207968\\). For instance, the calculation of the first term appears to be wrong because the coefficient and the power do not match up correctly with the binomial expansion formula.\n\n**Error:** 1', '**Reasoning:** The answer uses $98$ as $100 - 2$, which is incorrect because it should be expressed as a difference of squares ($a^2 - b^2 = (a-b)(a+b)$). The correct expression for $98$ would be $100 - 2$, but this is not valid for binomial expansion.\n\n**Error:** 1']","['**Question:**\nCompute \\((98)^5\\).\n\n**Answer:**\nWe express 98 as the sum or difference of two numbers whose powers are easier to calculate, and then use the Binomial Theorem.\nWrite \\(98 = 100 - 2\\).\nTherefore,\n\\[1000000000 - 100000000 + 40000000 - 1600000 - 32\\]\n\\[(98)^5 = (100 - 2)^5\\]\n\\[= \\binom{5}{0}(100)^5 - \\binom{5}{1}(100)^4 \\cdot 2 - \\binom{5}{2}(100)^3 \\cdot (2)^2 + \\binom{5}{3}(100)^2 \\cdot (2)^3 + \\binom{5}{4}(100) \\cdot (2)^4 - \\binom{5}{5}(2)^5\\]\n\\[10040008000 - 100800032 = 9039207968.\\]\n\nCalculating each term:\n\\[= 1000000000 - 5.100000000 \\cdot 2 + 10.1000000 \\cdot 4 - 10000,16 - 32\\]\n\\[= 1000000000 - 100000000 + 40000000 - 1600000 - 32\\]\n\\[= 10040008000 - 100800032\\]\n\\[= 9039207968.\\]', '**Question:**\nCompute \\((98)^5\\).\n\n**Answer:**\nWe express 98 as the sum or difference of two numbers whose powers are easier to calculate, and then use the Binomial Theorem.\nWrite \\(98 = 100 - 2\\).\nTherefore,\n\\[1000000000 - 100000000 + 40000000 - 1600000 - 32\\]\n\\[(98)^5 = (100 - 2)^5\\]\n\\[= \\binom{5}{0}(100)^5 - \\binom{5}{1}(100)^4 \\cdot 2 - \\binom{5}{2}(100)^3 \\cdot (2)^2 + \\binom{5}{3}(100)^2 \\cdot (2)^3 + \\binom{5}{4}(100) \\cdot (2)^4 - \\binom{5}{5}(2)^5\\]\n\\[10040008000 - 100800032 = 9039207968.\\]\n\nCalculating each term:\n\\[= 1000000000 - 5.100000000 \\cdot 2 + 10.1000000 \\cdot 4 - 10000,16 - 32\\]\n\\[= 1000000000 - 100000000 + 40000000 - 1600000 - 32\\]\n\\[= 10040008000 - 100800032\\]\n\\[= 9039207968.\\]']","['**Reasoning:** The answer incorrectly applies the Binomial Theorem to compute \\((98)^5\\). The Binomial Theorem should be applied to \\((100 - 2)^5\\), but the calculation presented does not correctly expand this binomial expression. Specifically, the expansion should include terms like \\(100^5\\), \\(-5 \\cdot 100^4 \\cdot 2\\), etc., but the given steps do not match these expansions accurately.\n\n**Error:** 1', '**Reasoning:** The answer incorrectly applies the Binomial Theorem to compute \\((98)^5\\). The Binomial Theorem should be applied to \\((100 - 2)^5\\), but the calculation presented does not correctly expand this binomial expression. Specifically, the expansion should include terms like \\(100^5\\), \\(-5 \\cdot 100^4 \\cdot 2\\), etc., but the given steps do not match these expansions accurately.\n\n**Error:** 1']",Qwen/Qwen2.5-VL-3B-Instruct,100
"Find the value of \( \sin^{-1} \left( \sin \frac{3\pi}{5} \right) \).

"," We know that \( \sin^{-1}(\sin x) = x \). Therefore, 
\[
\sin^{-1} \left( \sin \frac{3\pi}{5} \right) = \frac{3\pi}{5}.
\]

But 
\[
\frac{3\pi}{5} \not\in \left[-\frac{\pi}{2}, \frac{\pi}{2}\right],
\]
which is the principal branch of \( \sin^{-1} x \).

However, 
\[
\sin \left( \frac{3\pi}{5} \right) = \sin \left( \pi - \frac{3\pi}{5} \right) = \sin \textcolor{red}{\frac{8\pi}{5}} = \sin \frac{2\pi}{5}
\] 
and 
\[
\frac{2\pi}{5} \in \left[-\frac{\pi}{2}, \frac{\pi}{2}\right].
\]

Therefore,
\[
\sin^{-1} \left( \sin \frac{3\pi}{5} \right) = \sin^{-1} \left( \sin \frac{2\pi}{5} \right) = \frac{2\pi}{5}.
\]

",True,False,True,1.6094379124341005,0.0,0.0,0.0,False,True,1,0,"['**Question:** Find the value of \\(\\sin^{-1} \\left( \\sin \\frac{3\\pi}{5} \\right)\\).\n\n**Answer:** we know that \\(\\sin^{-1} (\\sin x) = x\\). Therefore,\n\n\\[\n\\sin^{-1} \\left( \\sin \\frac{3\\pi}{5} \\right) = \\frac{3\\pi}{5}\n\\]\n\nBut\n\n\\[\n\\frac{3\\pi}{5} \\notin \\left[ -\\frac{\\pi}{2}, \\frac{\\pi}{2} \\right].\n\\]\n\nwhich is the principal branch of \\(\\sin^{-1} x\\).\n\nHowever,\n\n\\[\n\\sin \\left( \\frac{3\\pi}{5} \\right) = \\sin \\left( \\pi - \\frac{3\\pi}{5} \\right) = \\sin \\frac{8\\pi}{5} = \\sin \\frac{2\\pi}{5}\n\\]\n\nand\n\n\\[\n\\frac{2\\pi}{5} \\in \\left[ -\\frac{\\pi}{2}, \\frac{\\pi}{2} \\right].\n\\]\n\nTherefore\n\n\\[\n\\sin^{-1} \\left( \\sin \\frac{3\\pi}{5} \\right) = \\sin^{-1} \\left( \\sin \\frac{2\\pi}{5} \\right) = \\frac{2\\pi}{5}.\n\\]', '```latex\n\\textbf{Question:} Find the value of \\(\\sin^{-1}(\\sin \\frac{3x}{5})\\).\n\n\\textbf{Answer:} We know that \\(\\sin^{-1}(\\sin x) = x\\). Therefore,\n\\[\n\\sin^{-1}(\\sin \\frac{3x}{5}) = \\frac{3x}{5}.\n\\]\nBut\n\\[\n\\frac{3x}{5} \\notin \\left[-\\frac{\\pi}{2}, \\frac{\\pi}{2}\\right].\n\\]\nwhich is the principal branch of \\(\\sin^{-1}x\\).\nHowever,\n\\[\n\\sin\\left(\\frac{3x}{5}\\right) = \\sin\\left(\\pi - \\frac{3x}{5}\\right) = \\sin\\frac{8x}{5} = \\sin\\frac{2x}{5}\n\\]\nand\n\\[\n\\frac{2x}{5} \\in \\left[-\\frac{\\pi}{2}, \\frac{\\pi}{2}\\right].\n\\]\nTherefore\n\\[\n\\sin^{-1}(\\sin \\frac{3x}{5}) = \\sin^{-1}(\\sin \\frac{2x}{5}) = \\frac{2x}{5}.\n\\]\n```', '**Question:**\n\\[\n\\text{Find the value of } \\sin^{-1} (\\sin \\frac{3\\pi}{5}).\n\\]\n\n**Answer:**\nWe know that \\(\\sin^{-1} (\\sin x) = x\\). Therefore,\n\\[\n\\sin^{-1} (\\sin \\frac{3\\pi}{5}) = \\frac{3\\pi}{5}.\n\\]\nBut\n\\[\n\\frac{3\\pi}{5} \\notin \\left[ -\\frac{\\pi}{2}, \\frac{\\pi}{2} \\right].\n\\]\nwhich is the principal branch of \\(\\sin^{-1} x\\).\nHowever,\n\\[\n\\sin \\left( \\frac{3\\pi}{5} \\right) = \\sin \\left( \\pi - \\frac{3\\pi}{5} \\right) = \\sin \\frac{2\\pi}{5} = \\sin \\frac{2\\pi}{5}.\n\\]\nand\n\\[\n\\frac{2\\pi}{5} \\in \\left[ -\\frac{\\pi}{2}, \\frac{\\pi}{2} \\right].\n\\]\nTherefore\n\\[\n\\sin^{-1} \\left( \\sin \\frac{3\\pi}{5} \\right) = \\sin^{-1} \\left( \\sin \\frac{2\\pi}{5} \\right) = \\frac{2\\pi}{5}.\n\\]', '**Question:** Find the value of \\(\\sin^{-1}(\\sin\\frac{3x}{5})\\).\n\n**Answer:** We know that \\(\\sin^{-1}(\\sin x) = x\\). Therefore,\n\n\\(\\sin^{-1}(\\sin \\frac{3x}{5}) = \\frac{3x}{5}\\).\n\nBut\n\n\\(\\frac{3x}{5} \\notin [-\\frac{x}{2}, \\frac{x}{2}]\\).\n\nwhich is the principal branch of \\(\\sin^{-1}x\\).\n\nHowever,\n\n\\(\\sin(\\frac{3\\pi}{5}) = \\sin(\\pi - \\frac{3\\pi}{5}) = \\sin\\frac{8\\pi}{5} = \\sin\\frac{2\\pi}{5}\\)\n\nand\n\n\\(\\frac{2\\pi}{5} \\in [-\\frac{\\pi}{2}, \\frac{\\pi}{2}]\\).\n\nTherefore\n\n\\(\\sin^{-1}(\\sin\\frac{3x}{5}) = \\sin^{-1}(\\sin\\frac{2\\pi}{5}) = \\frac{2\\pi}{5}\\).', '**Question:** Find the value of \\(\\sin^{-1} (\\sin \\frac{3\\pi}{5})\\).\n\n**Answer:** we know that \\(\\sin^{-1} (\\sin x) = x\\). Therefore,\n\n\\[\n\\sin^{-1} (\\sin \\frac{3\\pi}{5}) = \\frac{3\\pi}{5}.\n\\]\n\nBut\n\n\\[\n\\frac{3\\pi}{5} \\notin \\left[\\frac{\\pi}{2}, \\frac{3\\pi}{2}\\right].\n\\]\n\nwhich is the principal branch of \\(\\sin^{-1}x\\).\n\nHowever,\n\n\\[\n\\sin\\left(\\frac{3\\pi}{5}\\right) = \\sin\\left(\\pi - \\frac{3\\pi}{5}\\right) = \\sin\\frac{2\\pi}{5} = \\sin\\frac{2\\pi}{5}\n\\]\n\nand\n\n\\[\n\\frac{2\\pi}{5} \\in \\left[-\\frac{\\pi}{2}, \\frac{\\pi}{2}\\right].\n\\]\n\nTherefore\n\n\\[\n\\sin^{-1} (\\sin \\frac{3\\pi}{5}) = \\sin^{-1} (\\sin \\frac{2\\pi}{5}) = \\frac{2\\pi}{5}.\n\\]']","['**Reasoning:**\nLet\'s examine the Answer step-by-step to identify any potential errors.\n\n1. The question asks to find the value of \\(\\sin^{-1}(\\sin\\frac{3x}{5})\\).\n2. The answer states that ""we know that \\(\\sin^{-1}(\\sin x) = x\\). Therefore,"" but this statement is incorrect because the principal value of \\(\\sin^{-1}(\\sin x)\\) does not necessarily equal \\(x\\). For example, \\(\\sin^{-1}(\\sin \\frac{\\pi}{2}) = \\frac{\\pi}{2}\\), not \\(\\frac{\\pi}{2}\\).\n3. The answer proceeds by saying \\(\\sin^{-1}(\\sin \\frac{3x}{5}) = \\frac{3x}{5}\\), which is incorrect. The correct way to approach this is to consider the principal range of the inverse sine function, which is \\([- \\frac{\\pi}{2}, \\frac{\\pi}{2}]\\).\n4. The answer then mentions that \\(\\frac{3x}{5} \\not\\in [-\\frac{x}{2}, \\frac{x}{2}]\\), which is also incorrect. The correct range should be considered for the input \\(x\\) itself.\n5. Finally, the answer concludes with \\(\\sin^{-1}(\\sin \\frac{3x}{5}) = \\sin^{-1}(\\sin \\frac{2x}{5}) = \\frac{2x}{5}\\), which again is incorrect. The correct approach involves considering the periodicity and range of the sine function.\n\nTherefore, the entire Answer has several errors.\n\n**Error:** 1\n\n', ""**Reasoning:** The answer process starts off correct but makes an incorrect assumption about the range of \\(\\sin^{-1}(x)\\). It states that \\(\\frac{3\\pi}{5} \\neq [\\frac{\\pi}{2}, \\frac{2\\pi}{2}]\\), which is incorrect because \\(\\frac{3\\pi}{5}\\) is indeed within the principal branch of \\(\\sin^{-1}(x)\\). However, the solution then incorrectly applies the property of inverse trigonometric functions by equating \\(\\sin^{-1}\\left(\\sin\\frac{3\\pi}{5}\\right)\\) to \\(\\sin^{-1}\\left(\\sin\\frac{2\\pi}{5}\\right)\\), which is true but doesn't address the original question's requirement for finding the exact value of \\(\\sin^{-1}\\left(\\sin\\frac{3\\pi}{5}\\right)\\).\n\n**Error:** 1"", '**Reasoning:** The answer contains two main parts. First, it correctly states that \\(\\sin^{-1}(\\sin x) = x\\). However, the second part of the answer attempts to find the principal branch of \\(\\sin^{-1}x\\) using the value \\(3\\frac{\\pi}{5}\\). The issue arises because \\(\\sin^{-1}(x)\\) for \\(x = \\frac{3\\pi}{5}\\) does not lie within the interval \\([- \\frac{\\pi}{2}, \\frac{\\pi}{2}]\\). Instead, \\(\\frac{3\\pi}{5}\\) is greater than \\(\\frac{\\pi}{2}\\), so its inverse sine would be in the range \\([\\frac{\\pi}{2}, \\pi]\\), not \\([- \\frac{\\pi}{2}, \\frac{\\pi}{2}]\\). Therefore, the step involving finding the principal branch of \\(\\sin^{-1}x\\) is incorrect, as this value cannot be used directly in the calculation.\n\n**Error:** 1', '**Reasoning:** The answer indicates that \\(\\sin^{-1}(\\sin \\frac{3\\pi}{5}) = \\frac{3\\pi}{5}\\). However, this is incorrect because \\(\\frac{3\\pi}{5}\\) lies outside the range of the principal branch of \\(\\sin^{-1}(x)\\), which is \\([- \\frac{\\pi}{2}, \\frac{\\pi}{2}]\\). Therefore, the value should be adjusted to fit within this range.\n\n**Error:** 1', ""**Reasoning:** The answer contains an error in the step where it states that \\(\\sin^{-1}\\left(\\sin\\frac{3\\pi}{5}\\right) = \\frac{3\\pi}{5}\\). This is incorrect because \\(\\frac{3\\pi}{5}\\) is not within the range of the principal branch of the inverse sine function, which is \\([- \\frac{\\pi}{2}, \\frac{\\pi}{2}]\\). Instead, \\(\\sin^{-1}\\left(\\sin\\frac{3\\pi}{5}\\right)\\) should be evaluated based on the angle's position relative to \\(\\frac{\\pi}{2}\\). The correct value would involve finding an equivalent angle within the principal branch.\n\n**Error:** 1""]","['**Question:**\nFind the value of \\(\\sin^{-1}(\\sin\\frac{3\\pi}{5})\\).\n\n**Answer:**\nWe know that \\(\\sin^{-1}(\\sin x) = x\\). Therefore,\n\\[\n\\sin^{-1}(\\sin\\frac{3\\pi}{5}) = \\frac{3\\pi}{5}.\n\\]\nBut\n\\[\n\\frac{3\\pi}{5} \\notin \\left[-\\frac{\\pi}{2}, \\frac{\\pi}{2}\\right].\n\\]\nwhich is the principal branch of \\(\\sin^{-1}x\\).\nHowever,\n\\[\n\\sin\\left(\\frac{3\\pi}{5}\\right) = \\sin\\left(\\pi - \\frac{3\\pi}{5}\\right) = \\sin\\frac{2\\pi}{5} = \\sin\\frac{2\\pi}{5}\n\\]\nand\n\\[\n\\frac{2\\pi}{5} \\in \\left[-\\frac{\\pi}{2}, \\frac{\\pi}{2}\\right].\n\\]\nTherefore\n\\[\n\\sin^{-1}\\left(\\sin\\frac{3\\pi}{5}\\right) = \\sin^{-1}\\left(\\sin\\frac{2\\pi}{5}\\right) = \\frac{2\\pi}{5}.\n\\]', '**Question:**\nFind the value of \\(\\sin^{-1}(\\sin\\frac{3\\pi}{5})\\).\n\n**Answer:**\nWe know that \\(\\sin^{-1}(\\sin x) = x\\). Therefore,\n\\[\n\\sin^{-1}(\\sin\\frac{3\\pi}{5}) = \\frac{3\\pi}{5}.\n\\]\nBut\n\\[\n\\frac{3\\pi}{5} \\notin \\left[-\\frac{\\pi}{2}, \\frac{\\pi}{2}\\right].\n\\]\nwhich is the principal branch of \\(\\sin^{-1}x\\).\nHowever,\n\\[\n\\sin\\left(\\frac{3\\pi}{5}\\right) = \\sin\\left(\\pi - \\frac{3\\pi}{5}\\right) = \\sin\\frac{2\\pi}{5} = \\sin\\frac{2\\pi}{5}\n\\]\nand\n\\[\n\\frac{2\\pi}{5} \\in \\left[-\\frac{\\pi}{2}, \\frac{\\pi}{2}\\right].\n\\]\nTherefore\n\\[\n\\sin^{-1}\\left(\\sin\\frac{3\\pi}{5}\\right) = \\sin^{-1}\\left(\\sin\\frac{2\\pi}{5}\\right) = \\frac{2\\pi}{5}.\n\\]']","['**Reasoning:** The answer incorrectly states that \\(\\sin^{-1}(\\sin \\frac{3\\pi}{5}) = \\frac{3\\pi}{5}\\). However, \\(\\sin^{-1}(x)\\) returns the angle whose sine is \\(x\\) within the principal range of \\([- \\frac{\\pi}{2}, \\frac{\\pi}{2}]\\). Since \\(\\frac{3\\pi}{5}\\) is outside this range, \\(\\sin^{-1}(\\sin \\frac{3\\pi}{5})\\) should return an equivalent angle within the principal range. The correct value would be \\(\\frac{2\\pi}{5}\\), as it is the angle in the first quadrant that has the same sine value as \\(\\frac{3\\pi}{5}\\).\n\n**Error:** 1', '**Reasoning:** The answer incorrectly states that \\(\\sin^{-1}(\\sin \\frac{3\\pi}{5}) = \\frac{3\\pi}{5}\\). However, \\(\\sin^{-1}(x)\\) returns the angle whose sine is \\(x\\) within the principal range of \\([- \\frac{\\pi}{2}, \\frac{\\pi}{2}]\\). Since \\(\\frac{3\\pi}{5}\\) is outside this range, \\(\\sin^{-1}(\\sin \\frac{3\\pi}{5})\\) should return an equivalent angle within the principal range. The correct value would be \\(\\frac{2\\pi}{5}\\), as it is the angle in the first quadrant that has the same sine value as \\(\\frac{3\\pi}{5}\\).\n\n**Error:** 1']",Qwen/Qwen2.5-VL-3B-Instruct,100
"The ratio between the length and the breadth of a rectangular park is \( 3 : 2 \). If a man cycling along the boundary of the park at the speed of \( 12 \) km/hr completes one round in \( 8 \) minutes, then the area of the park (in sq. m) is:
\begin{itemize}
    \item[A)] 15360
    \item[B)] 153600
    \item[C)] 30720
    \item[D)] 307200
\end{itemize}

"," \textcolor{red}{The perimeter of the park is 1600 m.}

",True,True,True,0.5004024235381879,0.0,0.0,0.0,False,True,0,0,"['**Question:** The ratio between the length and breadth of a rectangular park is 3:2. If a man cycling along the boundary of the park at the speed of \\(12 \\, km/h\\) completes one round in 8 minutes, then the area of the park (in sq.m) is:\n\nA) 15360\n\nB) 153600\n\nC) 30720\n\nD) 307200\n\n**Answer:** The perimeter of the park is 1600 m.', '**Question:** The ratio between the length and breadth of a rectangular park is 3:2. If a man cycling along the boundary of the park at the speed of 12 km/hr completes one round in 8 minutes, then the area of the park (in sq.m) is:\n\nA) 15360 \\\\\nB) 153600 \\\\\nC) 30720 \\\\\nD) 307200\n\n**Answer:** The perimeter of the park is 1600 m.', '**Question:**\nThe ratio between the length and breadth of a rectangular park is 3:2. If a man cycling along the boundary of the park at the speed of 12 km/h completes one round in 8 minutes, then the area of the park (in sq.m) is:\n\n**(A) 15360**\n\n**(B) 153600**\n\n**(C) 30720**\n\n**(D) 307200**\n\n**Answer:**\nThe perimeter of the park is 1600 m.', '**Question:**\nThe ratio between the length and breadth of a rectangular park is 3:2. If a man cycling along the boundary of the park at the speed of 12 km/h completes one round in 8 minutes, then the area of the park (in sq.m) is:\n\nA) 15360\n\nB) 153600\n\nC) 30720\n\nD) 307200\n\n**Answer:**\nThe perimeter of the park is 1600 m.', '**Question:**\n\\[ \\text{The ratio between the length and breadth of a rectangular park is 3:2. If a man cycling along the boundary of the park at the speed of 12 km/h completes one round in 8 minutes, then the area of the park (in sq.m) is:} \\]\n\n**Answer:**\n\\[ \\begin{aligned}\n&\\boxed{A) \\quad 15360} \\\\\n&\\boxed{B) \\quad 153600} \\\\\n&\\boxed{C) \\quad 30720} \\\\\n&\\boxed{D) \\quad 307200}\n\\end{aligned} \\]']","['**Reasoning:** The question asks for the area of the park given the ratio between the length and breadth, and the speed at which it is cycled. The correct formula to find the area of a rectangle is length × breadth. However, the answer provided states that the perimeter of the park is 1600 meters, which is incorrect for finding the area. The area should be calculated using the ratio given and the perimeter, but the answer only provides the perimeter without solving for the actual dimensions that would give the area.\n\n**Error:** 1', '**Reasoning:** The answer does not provide the correct calculation steps to determine the area of the park. Instead, it directly states the perimeter as 1600 meters, which is incorrect because the perimeter is already given in the question as 8 minutes at a speed of 12 km/h, so the correct calculation should be related to the perimeter rather than the area. Therefore, the answer is incorrect.\n\n**Error:** 1', '**Reasoning:** The answer states that the perimeter of the park is 1600 m, but the calculation in the Problem description shows that the man completes one round in 8 minutes at a speed of 12 km/h, which does not directly translate to the area of the park. The Answer incorrectly associates the perimeter with the area without showing how the given data relates to finding the area.\n\n**Error:** 1', '**Reasoning:** The Answer states that the perimeter of the park is 1600 m. However, without calculating the correct perimeter using the given ratio and speed, it cannot be determined if this calculation matches the options provided. The given Answer does not provide enough context to validate whether the chosen answer is correct or incorrect based solely on the perimeter information.\n\n**Error:** 1', '**Reasoning:** The Answer incorrectly calculates the area of the park. It states that the perimeter of the park is 1600 meters, but it does not provide the necessary dimensions to calculate the area correctly. The question mentions that the man completes one round in 8 minutes at a speed of 12 km/h, which does not directly help in calculating the area of the rectangular park. Therefore, the answer does not provide enough information to determine the correct area, indicating an error.\n\n**Error:** 1']","['**Question:** The ratio between the length and breadth of a rectangular park is 3:2. If a man cycling along the boundary of the park at the speed of 12 km/h completes one round in 8 minutes, then the area of the park (in sq.m) is:\n\nA) 15360\n\nB) 153600\n\nC) 30720\n\nD) 307200\n\n**Answer:** The perimeter of the park is 1600 m.', '**Question:** The ratio between the length and breadth of a rectangular park is 3:2. If a man cycling along the boundary of the park at the speed of 12 km/h completes one round in 8 minutes, then the area of the park (in sq.m) is:\n\nA) 15360\n\nB) 153600\n\nC) 30720\n\nD) 307200\n\n**Answer:** The perimeter of the park is 1600 m.']","['**Reasoning:** The answer provided does not match the question asked. The question asks for the area of the park, but the answer only provides the perimeter of the park. There is no mention of the ratio between the length and breadth of the park or how to calculate the area from the given information.\n\n**Error:** 1', '**Reasoning:** The answer provided does not match the question asked. The question asks for the area of the park, but the answer only provides the perimeter of the park. There is no mention of the ratio between the length and breadth of the park or how to calculate the area from the given information.\n\n**Error:** 1']",Qwen/Qwen2.5-VL-3B-Instruct,100
"Find the square of the following numbers without actual multiplication.  
(i) 39  
(ii) 42  

","  
(i) \( 39^2 = (30 + 9)^2 = 30(30 + 9) + 9(30 + 9) \)  
\(\quad = 30^2 + 30 \times 9 + 9 \times 30 + 9^2 \)  
\(\quad = 900 + 270 + 270 + 81 = \textcolor{red}{1500} \)  

(ii) \( 42^2 = (40 + 2)^2 = 40(40 + 2) + 2(40 + 2) \)  
\(\quad = 40^2 + 40 \times 2 + 2 \times 40 + 2^2 \)  
\(\quad = 1600 + 80 + 80 + 4 = \textcolor{red}{1800} \)  

",True,False,False,1.6094379124341005,0.0,0.0,0.0,False,True,0,0,"['**Question:** Find the Square of the following numbers without actual multiplication.\n(i) 39 (ii) 42\n\n**Answer:** \\begin{align*}\n(i) &\\quad 39^2 = (30+9)^2 = 30(30+9) + 9(30+9) \\\\\n    &= 30^2 + 30 \\times 9 + 9 \\times 30 + 9^2 \\\\\n    &= 900 + 270 + 270 + 81 = 1500\n\n(ii) &\\quad 42^2 = (40+2)^2 = 40(40+2) + 2(40+2) \\\\\n     &= 40^2 + 40 \\times 2 + 2 \\times 40 + 2^2 \\\\\n     &= 1600 + 80 + 80 + 4 = 1804\n\\end{align*}', '**Question:** Find the square of the following numbers without actual multiplication. (i) 39(ii) 42\n\n**Answer:** (i) $39^2 = (30+9)^2 = 30(30+9)+9(30+9)$\n\n                  = $30^2 + 30\\times9 + 9\\times30 + 9^2$\n\n                  = $900 + 270 + 270 + 81 = 1500$\n\n(ii) $42^2 = (40+2)^2 = 40(40+2)+2(40+2)$\n\n                  = $40^2 + 40\\times2 + 2\\times40 + 2^2$\n\n                  = $1600 + 80 + 80 + 4 = 1800$', '**Question:**\nFind the square of the following numbers without actual multiplication.\n(i) 39\n(ii) 42\n\n**Answer:**\n(i) \\(39^2 = (30+9)^2 = 30(30+9)+9(30+9)\\)\n\\[\n= 30^2 + 30 \\times 9 + 9 \\times 30 + 9^2\n\\]\n\\[\n= 900 + 270 + 270 + 81 = 1500\n\\]\n\n(ii) \\(42^2 = (40+2)^2 = 40(40+2)+2(40+2)\\)\n\\[\n= 40^2 + 40 \\times 2 + 2 \\times 40 + 2^2\n\\]\n\\[\n= 1600 + 80 + 80 + 4 = 1800\n\\]', '**Question:**\n\\[\n\\text{Find the square of the following numbers without actual multiplication. (i) } 39 \\text{ (ii) } 42\n\\]\n\n**Answer:**\n\\begin{itemize}\n    \\item (i) $39^2 = (30 + 9)^2 = 30(30 + 9) + 9(30 + 9)$\n        = $30^2 + 30 \\times 9 + 9 \\times 30 + 9^2$\n        = $900 + 270 + 270 + 81 = 1500$\n    \n    \\item (ii) $42^2 = (40 + 2)^2 = 40(40 + 2) + 2(40 + 2)$\n        = $40^2 + 40 \\times 2 + 2 \\times 40 + 2^2$\n        = $1600 + 80 + 80 + 4 = 1800$\n\\end{itemize}', '**Question:** Find the square of the following numbers without actual multiplication.\n\\begin{enumerate}\n    \\item \\(39^{2}\\)\n    \\item \\(42^{2}\\)\n\\end{enumerate}\n\n**Answer:**\n(i) \\(39^{2} = (30 + 9)^{2} = 30(30 + 9) + 9(30 + 9)\\)\n    \\[\n    = 30^2 + 30 \\times 9 + 9 \\times 30 + 9^2\n    \\]\n    \\[\n    = 900 + 270 + 270 + 81 = 1500\n    \\]\n\n(ii) \\(42^{2} = (40 + 2)^{2} = 40(40 + 2) + 2(40 + 2)\\)\n    \\[\n    = 40^2 + 40 \\times 2 + 2 \\times 40 + 2^2\n    \\]\n    \\[\n    = 1600 + 80 + 80 + 4 = 1804\n    \\]']","['**Reasoning:** There is an error in the expansion of the square of 39. The correct expansion should be:\n\\[\n39^2 = (40-1)^2 = 40^2 - 2 \\times 40 \\times 1 + 1^2 = 1600 - 80 + 1 = 1521\n\\]\nHowever, the original answer expands it as:\n\\[\n39^2 = (30+9)^2 = 30(30+9) + 9(30+9)\n\\]\n\\[\n= 30^2 + 30 \\times 9 + 9 \\times 30 + 9^2\n\\]\n\\[\n= 900 + 270 + 270 + 81 = 1521\n\\]\nThis step by step expansion is correct, but substituting the value of \\(30\\) instead of \\(39\\) results in an incorrect final answer of \\(1500\\), not \\(1521\\).\n\nTherefore, the error lies in the initial incorrect assumption about the value of \\(30\\) being used instead of the actual value of \\(39\\).\n\n**Error:** 1', '**Reasoning:** The answer does not correctly expand and simplify the expressions to find the squares of the numbers without multiplication as described in the question. Specifically, when expanding \\((30+9)^2\\) and \\((40+2)^2\\), the terms are not correctly distributed within the binomial expansions, leading to incorrect results. For example, \\((30+9)^2\\) should be expanded as \\(30^2 + 2 \\cdot 30 \\cdot 9 + 9^2\\), but the provided expansion includes additional terms that do not match this pattern.\n\n**Error:** 1', '**Reasoning:** In the solution provided, there is a slight error in the step where the second term of the expansion for \\(42^2\\) is computed. The correct computation should be \\(40 \\times 3\\), but it was incorrectly written as \\(40 \\times 2\\). This results in the incorrect answer of \\(1800\\), which does not match the expected result of \\(1804\\).\n\n**Error:** 1', '**Reasoning:** The answer for \\(39^2\\) is correct. However, for \\(42^2\\), the expansion process is incorrect. The correct expansion should be:\n\\[42^2 = (40+2)^2 = 40(40+2) + 2(40+2)\\]\nThis expands to:\n\\[= 40^2 + 40 \\times 2 + 2 \\times 40 + 2^2\\]\n\\[= 1600 + 80 + 80 + 4 = 1764\\]\nThus, the answer given for \\(42^2\\) is incorrect.\n\n**Error:** 1', 'Reasoning: The answer correctly uses the binomial expansion formula to find the square of \\(39\\) and \\(42\\). However, there seems to be a mistake in the final calculation for \\(39^2 = (30+9)^2\\):\n\\[39^2 = (30+9)^2 = 30 \\cdot 30 + 2 \\cdot 30 \\cdot 9 + 9 \\cdot 9.\\]\nThis simplifies to:\n\\[39^2 = 30^2 + 2 \\cdot 30 \\cdot 9 + 9^2 = 900 + 540 + 81 = 1521.\\]\nThe correct value should be \\(1521\\), not \\(1500\\).\n\n**Error:** 1']","['**Question:** Find the square of the following numbers without actual multiplication.\n(i) 39 (ii) 42\n\n**Answer:** (i) \\(39^2 = (30+9)^2 = 30(30+9) + 9(30+9)\\)\n\\[\n= 30^2 + 30 \\times 9 + 9 \\times 30 + 9^2\n\\]\n\\[\n= 900 + 270 + 270 + 81 = 1500\n\\]\n\n(ii) \\(42^2 = (40+2)^2 = 40(40+2) + 2(40+2)\\)\n\\[\n= 40^2 + 40 \\times 2 + 2 \\times 40 + 2^2\n\\]\n\\[\n= 1600 + 80 + 80 + 4 = 1800\n\\]', '**Question:** Find the square of the following numbers without actual multiplication.\n(i) 39 (ii) 42\n\n**Answer:** (i) \\(39^2 = (30+9)^2 = 30(30+9) + 9(30+9)\\)\n\\[\n= 30^2 + 30 \\times 9 + 9 \\times 30 + 9^2\n\\]\n\\[\n= 900 + 270 + 270 + 81 = 1500\n\\]\n\n(ii) \\(42^2 = (40+2)^2 = 40(40+2) + 2(40+2)\\)\n\\[\n= 40^2 + 40 \\times 2 + 2 \\times 40 + 2^2\n\\]\n\\[\n= 1600 + 80 + 80 + 4 = 1800\n\\]']","['**Reasoning:** The answer for \\(39^2\\) is incorrect. The correct expansion should be:\n\\[39^2 = (40 - 1)^2 = 40^2 - 2 \\cdot 40 \\cdot 1 + 1^2 = 1600 - 80 + 1 = 1521\\]\nHowever, the given answer incorrectly expands it as:\n\\[39^2 = (30 + 9)^2 = 30(30 + 9) + 9(30 + 9)\\]\nThis results in:\n\\[= 30^2 + 30 \\cdot 9 + 9 \\cdot 30 + 9^2 = 900 + 270 + 270 + 81 = 1521\\]\nThus, the answer is correct but the method used is incorrect.\n\n**Error:** 0', '**Reasoning:** The answer for \\(39^2\\) is incorrect. The correct expansion should be:\n\\[39^2 = (40 - 1)^2 = 40^2 - 2 \\cdot 40 \\cdot 1 + 1^2 = 1600 - 80 + 1 = 1521\\]\nHowever, the given answer incorrectly expands it as:\n\\[39^2 = (30 + 9)^2 = 30(30 + 9) + 9(30 + 9)\\]\nThis results in:\n\\[= 30^2 + 30 \\cdot 9 + 9 \\cdot 30 + 9^2 = 900 + 270 + 270 + 81 = 1521\\]\nThus, the answer is correct but the method used is incorrect.\n\n**Error:** 0']",Qwen/Qwen2.5-VL-3B-Instruct,100
"Find the roots of the equation \(2x^2 - 5x + 3 = 0\), by factorisation.

"," Let us first split the middle term \(-5x\) as \(-2x - 3x\) [because \((-2x) \times (-3) = 6x^2 = (2x) \times 3\)].

So,
\[
2x^2 - 5x + 3 = 2x^2 - 2x - 3x + 3 = 2x(x - 1) - 3(x - 1) = \textcolor{red}{(2x - 3(x - 1)}
\]

Now, \(2x^2 - 5x + 3 = 0\) can be rewritten as \(\textcolor{red}{(2x - 3(x - 1)} = 0\).

So, the values of \(x\) for which \(2x^2 - 5x + 3 = 0\) are the same for which \(\textcolor{red}{(2x - 3(x - 1)} = 0\), i.e., either \(\textcolor{red}{2x - 3(x - 1)} = 0\) or \(x - 1 = 0\).

Now, \(\textcolor{red}{2x - 3(x - 1)} = 0\) gives \(x = \frac{3}{2}\) and \(x - 1 = 0\) gives \(x = 1\).

So, \(x = \frac{3}{2}\) and \(x = 1\) are the solutions of the equation.

In other words, \(1\) and \(\frac{3}{2}\) are the roots of the equation \(2x^2 - 5x + 3 = 0\).

",True,True,False,1.6094379124341005,0.5004024235381879,0.0,0.0,False,False,0,0,"['**Question:** Find the roots of the equation \\(2x^{2} - 5x + 3 = 0\\), by factorisation.\n\n**Answer:** Let us first split the middle term \\(-5x\\) as \\(-2x - 3x\\). Because \\((-2x) \\cdot (-3) = 6x^2\\), so,\n\\[2x^{2} - 5x + 3 = 2x^{2} - 2x - 3x + 3 = 2x(x - 1) - 3(x - 1)\\]\nNow, \\(2x^{2} - 5x + 3 = 0\\) can be rewritten as \\((2x - 3)(x - 1) = 0\\).\nSo, the values of \\(x\\) for which \\(2x^{2} - 5x + 3 = 0\\) are the same for which \\((2x - 3)(x - 1) = 0\\), i.e., either \\(2x - 3(x - 1) = 0\\) or \\(x - 1 = 0\\) gives \\(x = 1\\).\nSo, \\(x = \\frac{3}{2}\\) and \\(x = 1\\) are the solutions of the equation.\nIn other words, \\(1\\) and \\(\\frac{3}{2}\\) are the roots of the equation \\(2x^{2} - 5x + 3 = 0\\).', '**Question:**\nFind the roots of the equation $2x^{2} - 5x + 3 = 0$, by factorisation.\n\n**Answer:**\nLet us first split the middle term $-5x$ as $-2x - 3x$. Because $(-2x) \\times (-3) = 6x^{2}$, so,\n\\[2x^{2} - 5x + 3 = 2x^{2} - 2x - 3x + 3 = 2x(x - 1) - 3(x - 1)\\]\nNow, $2x^{2} - 5x + 3 = 0$ can be rewritten as $(2x - 3)(x - 1) = 0$. So, the values of $x$ for which $2x^{2} - 5x + 3 = 0$ are the same for which $(2x - 3)(x - 1) = 0$, i.e., either $2x - 3(x - 1) = 0$ or $x - 1 = 0$, gives $x = 1$. So, $x = \\frac{3}{2}$ and $x = 1$ are the solutions of the equation.\nIn other words, $1$ and $\\frac{3}{2}$ are the roots of the equation $2x^{2} - 5x + 3 = 0$.', '**Question:** Find the roots of the equation \\(2x^2 - 5x + 3 = 0\\) by factorisation.\n\n**Answer:** Let us first split the middle term \\(-5x\\) as \\(-2x - 3x\\). Because \\((-2x) \\times (-3) = 6x^2 = (2x)(-3)\\).\n\nSo,\n\\[2x^2 - 5x + 3 = 2x^2 - 2x - 3x + 3 = 2x(x - 1) - 3(x - 1).\\]\n\nNow, \\(2x^2 - 5x + 3 = 0\\) can be rewritten as \\((2x - 3)(x - 1) = 0\\). So, the values of \\(x\\) for which \\(2x^2 - 5x + 3 = 0\\) are the same for which \\((2x - 3)(x - 1) = 0\\), i.e., either \\(2x - 3(x - 1) = 0\\) or \\(x - 1 = 0\\) gives \\(x = 1\\).\n\nSo, \\(x = \\frac{3}{2}\\) and \\(x = 1\\) are the solutions of the equation.\n\nIn other words, \\(1\\) and \\(\\frac{3}{2}\\) are the roots of the equation \\(2x^2 - 5x + 3 = 0\\).', '**Question:** Find the roots of the equation \\(2x^{2}-5x+3=0\\), by factorisation.\n\n**Answer:** Let us first split the middle term \\(-5x\\) as \\(-2x-3x\\). Because \\((-2x)\\) x (-3) = 6x^2, we get:\n\n\\[2x^{2} - 5x + 3 = 2x^{2} - 2x - 3x + 3 = 2x(x-1) - 3(x-1)\\]\n\nNow, \\(2x^{2} - 5x + 3 = 0\\) can be rewritten as \\((2x-3)(x-1)=0\\).\n\nSo, the values of \\(x\\) for which \\(2x^{2}-5x+3=0\\) are the same for which \\((2x-3)(x-1)=0\\), i.e., either \\(2x-3(x-1)=0\\) or \\(x-1=0\\) gives \\(x=1\\).\n\nSo, \\(x=\\frac{3}{2}\\) and \\(x=1\\) are the solutions of the equation. In other words, \\(1\\) and \\(\\frac{3}{2}\\) are the roots of the equation \\(2x^{2}-5x+3=0\\).', '**Question:**\n\\text{Find the roots of the equation } 2x^{2} - 5x + 3 = 0 \\text{ by factorisation.}\n\n**Answer:**\nLet us first split the middle term \\\\(-5x\\) as \\\\(-2x - 3x\\\\) because \\\\((-2x) \\times (-3) = 6x^2\\\\). \\\\\nSo, \\\\(2x^{2} - 5x + 3 = 2x^{2} - 2x - 3x + 3 = 2x(x - 1) - 3(x - 1)\\\\) \\\\\n\\\\( Now, 2x^{2} - 5x + 3 = 0 can be rewritten as \\\\((2x - 3)(x - 1) = 0\\\\) \\\\\nso, the values of \\(x\\) for which \\\\(2x^{2} - 5x + 3 = 0\\\\) are the same for which \\\\((2x - 3)(x - 1) = 0 , i.e., either \\\\(2x - 3(x - 1) = 0\\\\) or \\\\(x - 1 = 0\\\\) gives \\\\(x = 1\\\\).\\\\) \\\\\nSo, \\\\(x = \\frac{3}{2}\\\\) and \\\\(x = 1\\\\) are the solutions of the equation.\\\\\nIn other words, 1 and \\(\\frac{3}{2}\\) are the roots of the equation \\\\(2x^{2} - 5x + 3 = 0.\\)']","['**Reasoning:** The answer contains a logical flaw in the factorization process. It incorrectly states that \\((-2x)\\) times \\(X\\) equals the middle term of the quadratic equation. This statement is incorrect because the factorization should be done considering the correct coefficients and terms. The proper factorization should involve finding values that multiply to the constant term (\\(6\\)) and add up to the coefficient of the linear term (\\(-5\\)). The correct factorization should result in two factors that multiply to \\(6\\) and add up to \\(-5\\).\n\n**Error:** 1', '**Reasoning:** The answer does not contain any mathematical errors. The steps and calculations presented are correct, following standard procedures for factoring quadratic equations.\n\n**Error:** 0', '**Reasoning:** The answer provided does not contain any errors. It correctly follows the steps to factorize the quadratic equation \\(2x^2 - 5x + 3 = 0\\) by splitting the middle term and then factoring it into \\((2x - 3)(x - 1) = 0\\). The solutions obtained, \\(x = 1\\) and \\(x = \\frac{3}{2}\\), are correctly identified as the roots of the equation.\n\n**Error:** 0', '**Reasoning:** The solution does not contain any logical or computational errors. It correctly identifies and applies the process of factoring the quadratic equation \\(2x^2 - 5x + 3 = 0\\) step-by-step. The steps shown are accurate in splitting the middle term, recognizing the factors, and rewriting the equation, leading to the correct factorization \\((2x - 3)(x - 1) = 0\\). The values of \\(x\\) that satisfy the equation are also derived correctly as \\(x = 1\\) and \\(x = \\frac{3}{2}\\).\n\n**Error:** 0', '**Reasoning:** The answer correctly factors the quadratic equation \\(2x^2 - 5x + 3 = 0\\) by splitting the coefficient of \\(x\\) into two terms: \\(-2x - 3x = (-2x) \\times 3\\). The resulting factorization is correct. However, the answer seems to suggest that the roots are \\(\\frac{3}{2}\\) and \\(1\\), but it should be \\(1\\) and \\(\\frac{3}{2}\\) instead. This is because when we set each factor equal to zero, \\(2x - 3(x - 1) = 0\\) gives us \\(x = 1\\) and \\(2x - 3 = 0\\) gives us \\(x = \\frac{3}{2}\\). Therefore, the roots are actually \\(1\\) and \\(\\frac{3}{2}\\).\n\n**Error:** 0']","['**Question:** Find the roots of the equation \\(2x^2 - 5x + 3 = 0\\), by factorisation.\n\n**Answer:** Let us first split the middle term \\(-5x\\) as \\(-2x - 3x\\). Because \\((-2x) \\times (-3) = 6x^2\\), we have:\n\n\\[2x^2 - 5x + 3 = 2x^2 - 2x - 3x + 3 = 2x(x - 1) - 3(x - 1)\\]\n\nNow, \\(2x^2 - 5x + 3 = 0\\) can be rewritten as \\((2x - 3)(x - 1) = 0\\).\n\nSo, the values of \\(x\\) for which \\(2x^2 - 5x + 3 = 0\\) are the same for which \\((2x - 3)(x - 1) = 0\\), i.e., either \\(2x - 3(x - 1) = 0\\) or \\(x - 1 = 0\\) gives \\(x = 1\\).\n\nSo, \\(x = \\frac{3}{2}\\) and \\(x = 1\\) are the solutions of the equation.\n\nIn other words, \\(1\\) and \\(\\frac{3}{2}\\) are the roots of the equation \\(2x^2 - 5x + 3 = 0\\).', '**Question:** Find the roots of the equation \\(2x^2 - 5x + 3 = 0\\), by factorisation.\n\n**Answer:** Let us first split the middle term \\(-5x\\) as \\(-2x - 3x\\). Because \\((-2x) \\times (-3) = 6x^2\\), we have:\n\n\\[2x^2 - 5x + 3 = 2x^2 - 2x - 3x + 3 = 2x(x - 1) - 3(x - 1)\\]\n\nNow, \\(2x^2 - 5x + 3 = 0\\) can be rewritten as \\((2x - 3)(x - 1) = 0\\).\n\nSo, the values of \\(x\\) for which \\(2x^2 - 5x + 3 = 0\\) are the same for which \\((2x - 3)(x - 1) = 0\\), i.e., either \\(2x - 3(x - 1) = 0\\) or \\(x - 1 = 0\\) gives \\(x = 1\\).\n\nSo, \\(x = \\frac{3}{2}\\) and \\(x = 1\\) are the solutions of the equation.\n\nIn other words, \\(1\\) and \\(\\frac{3}{2}\\) are the roots of the equation \\(2x^2 - 5x + 3 = 0\\).']","['**Reasoning:** The answer provided does not contain any mathematical errors. The steps taken to factorize the quadratic equation \\(2x^2 - 5x + 3 = 0\\) are correct. The factorization process is shown clearly, and the solutions obtained (\\(x = 1\\) and \\(x = \\frac{3}{2}\\)) are consistent with the original equation.\n\n**Error:** 0', '**Reasoning:** The answer provided does not contain any mathematical errors. The steps taken to factorize the quadratic equation \\(2x^2 - 5x + 3 = 0\\) are correct. The factorization process is shown clearly, and the solutions obtained (\\(x = 1\\) and \\(x = \\frac{3}{2}\\)) are consistent with the original equation.\n\n**Error:** 0']",Qwen/Qwen2.5-VL-3B-Instruct,100
"Solve \(\frac{6x+1}{3} + 1 = \frac{x-3}{6}\)

"," Multiplying both sides of the equation by 6,

\[
6 \left(\frac{6x+1}{3}\right) + 6 \times 1 = 6 \left(\frac{x-3}{6}\right)
\]

This simplifies to:

\[
2(6x + 1) + 6 = x - 3
\]

Expanding the brackets gives:

\[
12x + 2 + 6 = x - 3
\]

Which simplifies to:

\[
\textcolor{red}{13x} + 8 = x - 3
\]

Rearranging the equation results in:

\[
\textcolor{red}{13x} - x + 8 = -3
\]

This simplifies to:

\[
12x + 8 = -3
\]

Then, isolating \(x\):

\[
12x = -3 - 8
\]

Which simplifies to:

\[
12x = -11
\]

Finally, we find:

\[
x = -\frac{11}{12}
\]

",True,True,True,1.6094379124341005,0.0,0.0,0.0,False,True,0,0,"['**Question:**\nSolve \\(\\frac{6x + 1}{3} + 1 = \\frac{x - 3}{6}\\)\n\n**Answer:**\nMultiplying both sides of the equation by 6,\n\\[ 6\\left(\\frac{6x + 1}{3}\\right) + 6 \\times 1 = 6\\left(\\frac{x - 3}{6}\\right) \\]\nThis simplifies to:\n\\[ 2(6x + 1) + 6 = x - 3 \\]\nExpanding the brackets gives:\n\\[ 12x + 2 + 6 = x - 3 \\]\nWhich simplifies to:\n\\[ 13x + 8 = x - 3 \\]\nRearranging the equation results in:\n\\[ 13x - x + 8 = -3 \\]\nThis simplifies to:\n\\[ 12x + 8 = -3 \\]\nThen, isolating \\(x\\):\n\\[ 12x = -3 - 8 \\]\nWhich simplifies to:\n\\[ 12x = -11 \\]\nFinally, we find:\n\\[ x = \\frac{-11}{12} \\]', '**Question:**\n```latex\nSolve \\frac{6x+1}{3} + 1 = \\frac{x-3}{6}\n```\n\n**Answer:**\n```latex\nMultiplying both sides of the equation by 6,\n\\[\n6\\left(\\frac{6x+1}{3}\\right) + 6 \\times 1 = 6\\left(\\frac{x-3}{6}\\right)\n\\]\nThis simplifies to:\n\\[\n2(6x+1) + 6 = x - 3\n\\]\n\nExpanding the brackets gives:\n\\[\n12x + 2 + 6 = x - 3\n\\]\n\nWhich simplifies to:\n\\[\n13x + 8 = x - 3\n\\]\n\nRearranging the equation results in:\n\\[\n13x - x + 8 = -3\n\\]\n\nThis simplifies to:\n\\[\n12x + 8 = -3\n\\]\n\nThen, isolating \\(x\\):\n\\[\n12x = -3 - 8\n\\]\n\nWhich simplifies to:\n\\[\n12x = -11\n\\]\n\nFinally we find:\n\\[\nx = \\frac{-11}{12}\n\\]\n```', '**Question:**\n$$\\text{Solve } \\frac{6x+1}{3} + 1 = \\frac{x-3}{6}$$\n\n**Answer:**\nMultiply both sides of the equation by $6$,\n\\begin{align*}\n6 \\left( \\frac{6x+1}{3} \\right) + 6 \\times 1 &= 6 \\left( \\frac{x-3}{6} \\right)\n\\end{align*}\nwhich simplifies to:\n\\begin{align*}\n2(6x+1) + 6 &= x - 3\n\\end{align*}\nExpanding the brackets gives:\n\\begin{align*}\n12x + 2 + 6 &= x - 3\n\\end{align*}\nwhich simplifies to:\n\\begin{align*}\n13x + 8 &= x - 3\n\\end{align*}\nRearranging the equation results in:\n\\begin{align*}\n13x - x + 8 &= -3\n\\end{align*}\nThis simplifies to:\n\\begin{align*}\n12x + 8 &= -3\n\\end{align*}\nThen, isolating $x$:\n\\begin{align*}\n12x &= -3 - 8\n\\end{align*}\nWhich simplifies to:\n\\begin{align*}\n12x &= -11\n\\end{align*}\nFinally, we find:\n\\begin{align*}\nx &= \\frac{-11}{12}\n\\end{align*}', '**Question:** Solve \\(\\frac{6x + 1}{3} + 1 = \\frac{x - 3}{6}\\)\n\n**Answer:** Multiplying both sides of the equation by \\(6\\), we get:\n\\[ 6 \\left( \\frac{6x + 1}{3} \\right) + 6 \\times 1 = 6 \\left( \\frac{x - 3}{6} \\right) \\]\n\nThis simplifies to:\n\\[ 2(6x + 1) + 6 = x - 3 \\]\n\nExpanding the brackets gives:\n\\[ 12x + 2 + 6 = x - 3 \\]\n\nWhich simplifies to:\n\\[ 13x + 8 = x - 3 \\]\n\nRearranging the equation results in:\n\\[ 13x - x + 8 = -3 \\]\n\nThis simplifies to:\n\\[ 12x + 8 = -3 \\]\n\nThen, isolating \\(x\\):\n\\[ 12x = -3 - 8 \\]\n\nWhich simplifies to:\n\\[ 12x = -11 \\]\n\nFinally, we find:\n\\[ x = \\frac{-11}{12} \\]', '**Question:** Solve $\\dfrac{6x+1}{3} + 1 = \\dfrac{x-3}{6}$\n\n**Answer:** Multiplying both sides of the equation by 6,\n\n$6\\left(\\dfrac{6x+1}{3}\\right) + 6 \\times 1 = 6\\left(\\dfrac{x-3}{6}\\right)$\n\nThis simplifies to:\n\n$2(6x+1) + 6 = x - 3$\n\nExpanding the brackets gives:\n\n$12x + 2 + 6 = x - 3$\n\nWhich simplifies to:\n\n$13x + 8 = x - 3$\n\nRearranging the equation results in:\n\n$13x - x + 8 = -3$\n\nThis simplifies to:\n\n$12x + 8 = -3$\n\nThen, isolating $x$:\n\n$12x = -3 - 8$\n\nwhich simplifies to:\n\n$12x = -11$\n\nFinally, we find:\n\n$x = \\dfrac{-11}{12}$']","['**Reasoning:** The answer provided incorrectly simplifies the equation \\(6\\left(\\frac{6x+1}{3}\\right) + 6 \\times 1 = 6\\left(\\frac{x-3}{6}\\right)\\) to \\(12x + 8 = x - 3\\). The correct simplification after multiplication should be \\(12x + 2 + 6 = x - 3\\), which then simplifies to \\(13x + 8 = x - 3\\), not \\(12x + 8 = x - 3\\). Therefore, there is an error at the step where the equation is simplified.\n\n**Error:** 1', '**Reasoning:** The error is present in the final step where it is stated that \\( x = \\frac{-11}{12} \\). The calculation should be \\( x = -\\frac{11}{12} \\) instead of \\( x = \\frac{-11}{12} \\). When solving for \\( x \\), dividing by -3 should result in a negative value, so the correct calculation should simplify to \\( x = -\\frac{11}{12} \\).\n\n**Error:** 1', ""**Reasoning:**\nThe student's answer contains a series of logical mistakes. Let's go through them step-by-step:\n\n1. **Multiplying both sides of the equation**: \n   - The student correctly multiplies both sides by 6.\n   - However, the term \\( +6 \\times 1 \\) should be \\( +6 \\cdot 1 = +6 \\), not simply \\( +6 \\).\n\n2. **Expanding the brackets**: \n   - This step is correct as it results in \\( 12x + 8 = x - 3 \\).\n\n3. **Rearranging the equation**: \n   - This step is correct as well.\n\n4. **Isolating x**: \n   - Here, the student incorrectly simplifies \\( 12x + 8 = -3 \\) to \\( 12x = -3 - 8 \\). Instead, they should subtract 8 from both sides, resulting in \\( 12x = -3 - 8 = -11 \\).\n\n5. **Finding x**: \n   - The final step \\( x = \\frac{-11}{12} \\) is correct based on the intermediate steps up to this point.\n\nGiven these corrections, the main mistake is in the second step where the student incorrectly expanded the brackets.\n\n**Error:** 1\n\n**Output:** 1"", '**Reasoning:** The solution involves several steps to solve the equation:\n1. Multiplying both sides by 6 results in \\(2(6x+1) + 6 = x - 3\\).\n2. Expanding the brackets gives \\(12x + 2 + 6 = x - 3\\).\n3. Rearranging the equation results in \\(13x + 8 = x - 3\\).\n4. Isolating \\(x\\) correctly results in \\(12x = -11\\), but the final answer should be \\(x = \\frac{-11}{12}\\) instead of \\(x = \\frac{11}{12}\\).\n\n**Error:** 1', '**Reasoning:** The solution contains two errors:\n1. In the step where it simplifies \\(2(6x + 1) + 6\\), it should be \\(2 \\times \\frac{6x+1}{3} + 6 = x - 3\\).\n2. In the step where it says ""This simplifies to: \\(13x + 8 = x - 3\\)"", this is incorrect because after simplifying \\(2(6x + 1) + 6\\), we get \\(12x + 2 + 6 = x - 3\\), which simplifies correctly to \\(13x + 8 = x - 3\\). However, it should be corrected as \\(12x + 8 = x - 3\\) instead of \\(13x + 8\\).\n\n**Error:** 1']","['**Question:**\n\\[\n\\text{Solve } \\frac{6x+1}{3} + 1 = \\frac{x-3}{6}\n\\]\n\n**Answer:**\n\\begin{align*}\n\\text{Multiplying both sides of the equation by 6,} \\\\\n6\\left(\\frac{6x+1}{3}\\right) + 6 \\times 1 &= 6\\left(\\frac{x-3}{6}\\right) \\\\\n2(6x+1) + 6 &= x - 3 \\\\\n12x + 2 + 6 &= x - 3 \\\\\n13x + 8 &= x - 3 \\\\\n13x - x + 8 &= -3 \\\\\n12x + 8 &= -3 \\\\\n12x &= -3 - 8 \\\\\n12x &= -11 \\\\\nx &= \\frac{-11}{12}\n\\end{align*}', '**Question:**\n\\[\n\\text{Solve } \\frac{6x+1}{3} + 1 = \\frac{x-3}{6}\n\\]\n\n**Answer:**\n\\begin{align*}\n\\text{Multiplying both sides of the equation by 6,} \\\\\n6\\left(\\frac{6x+1}{3}\\right) + 6 \\times 1 &= 6\\left(\\frac{x-3}{6}\\right) \\\\\n2(6x+1) + 6 &= x - 3 \\\\\n12x + 2 + 6 &= x - 3 \\\\\n13x + 8 &= x - 3 \\\\\n13x - x + 8 &= -3 \\\\\n12x + 8 &= -3 \\\\\n12x &= -3 - 8 \\\\\n12x &= -11 \\\\\nx &= \\frac{-11}{12}\n\\end{align*}']","['**Reasoning:** The answer process appears to be correct up to the point where it simplifies the equation to \\(12x + 8 = -3\\). However, when isolating \\(x\\), the student incorrectly subtracts 8 from both sides, resulting in \\(12x = -3 - 8\\), which simplifies to \\(12x = -11\\). This step is incorrect because the original equation was \\(12x + 8 = -3\\), and subtracting 8 should be done after dividing by 12, not before. Therefore, the final step should be \\(x = \\frac{-11}{12}\\) instead of \\(x = \\frac{-17}{12}\\).\n\n**Error:** 1', '**Reasoning:** The answer process appears to be correct up to the point where it simplifies the equation to \\(12x + 8 = -3\\). However, when isolating \\(x\\), the student incorrectly subtracts 8 from both sides, resulting in \\(12x = -3 - 8\\), which simplifies to \\(12x = -11\\). This step is incorrect because the original equation was \\(12x + 8 = -3\\), and subtracting 8 should be done after dividing by 12, not before. Therefore, the final step should be \\(x = \\frac{-11}{12}\\) instead of \\(x = \\frac{-17}{12}\\).\n\n**Error:** 1']",Qwen/Qwen2.5-VL-3B-Instruct,100
"In a 500 m race, the ratio of the speeds of two contestants A and B is 3 : 4. A has a start of 140 m. Then, A wins by:
\begin{enumerate}
    \item 60 m
    \item 40 m
    \item 20 m
    \item 10 m
\end{enumerate}

"," Option C

To reach the winning post, A will have to cover a distance of \( (500 - 140) \, \text{m} = 360 \, \text{m} \).

While A covers 3 m, B covers 4 m.

While A covers 360 m, B covers 
\[
\left( \frac{4}{3} \times 360 \right) \, \text{m} = 480 \, \text{m}.
\]

\textcolor{red}{Let us consider the scenario if the race length was 600 m. In that case, the calculations would change accordingly. However, since the race is 500 m, we proceed with the given length.}

Thus, when A reaches the winning post, B covers 480 m and therefore remains 20 m behind. 

\(\therefore\) A wins by 20 m.

",False,True,False,1.3321790402101223,0.5004024235381879,0.0,0.0,False,False,2,0,"['**Question:**\nIn a 500 m race, the ratio of the speeds of two contestants A and B is 3:4. A has a start of 140 m. Then, A wins by:\n\n1. 60 m\n2. 40 m\n3. 20 m\n4. 10 m\n\n**Answer:**\nOption C\n\nTo reach the winning post, A will have to cover a distance of (500 - 140)m = 360 m.\n\nWhile A covers 3m, B covers 4m.\n\nWhile A covers 360 m, B covers\n\n\\[\n\\left(\\frac{4}{3} \\times 360\\right) = 480m\n\\]\n\nLet us consider the scenario if the race length was 600 m. In that case, the calculations would change accordingly. However, since the race is soon, we proceed with the given length.\n\nThus, when A reaches the winning post, B covers 480m and therefore remains 20m behind.\n\nA wins by 20m.', '**Question:** In a 500 m race, the ratio of the speeds of two contestants A and B is 3:4. A has a start of 140 m. Then, A wins by:\n\n1. 60 m\n2. 40 m\n3. 20 m\n4. 10 m\n\n**Answer:** Option C\n\nTo reach the winning post, A will have to cover a distance of (500 - 140) m = 360 m.\n\nWhile A covers 3 m, B covers 4 m. While A covers 360 m, B covers $\\left(\\frac{4}{3} \\times 360\\right) = 480$ m.\n\nLet us consider the scenario if the race length was 600 m. In that case, the calculations would change accordingly. However, since the race is soon, we proceed with the given length.\n\nThus, when A reaches the winning post, B covers 480 m and therefore remains 20 m behind. A wins by 20 m.', '```latex\n\\documentclass{article}\n\\usepackage{amsmath}\n\\begin{document}\n\n\\textbf{Question:} In a 500 m race, the ratio of the speeds of two contestants A and B is 3:4. A has a start of 140m. Then, A wins by:\n\n\\begin{enumerate}\n    \\item 60m\n    \\item 40m\n    \\item 20m\n    \\item 10m\n\\end{enumerate}\n\n\\textbf{Answer:} Option C\n\nTo reach the winning post, A will have to cover a distance of (500 - 140) m = 360 m.\n\nWhile A covers 3 m, B covers 4 m.\n\nWhile A covers 360 m, B covers $\\left(\\frac{4}{3} \\times 360\\right) = 480$m.\n\nLet us consider the scenario if the race length was 600 m. In that case, the calculations would change accordingly. However, since the race is soon, we proceed with the given length.\n\nThus, when A reaches the winning post, B covers 480 m and therefore remains 20 m behind.\n\nA wins by 20 m.\n```\n\n```', '```latex\n\\textbf{Question:} \nIn a 500 m race, the ratio of the speeds of two contestants A and B is 3:4. A has a start of 140 m. Then, A wins by:\n\n1. 60 m  \n2. 40 m  \n3. 20 m  \n4. 10 m  \n\n\\textbf{Answer:} \nOption C\n\nTo reach the winning post, A will have to cover a distance of (500 - 140) m = 360 m.\n\nWhile A covers 3 m, B covers 4 m.\n\nWhile A covers 360 m, B covers \\(\\left(\\frac{4}{3} \\times 360\\right) = 480 \\text{ m}\\).\n\nLet us consider the scenario if the race length was 600 m. In that case, the calculations would change accordingly. However, since the race is soon, we proceed with the given length.\n\nThus, when A reaches the winning post, B covers 480 m and therefore remains 200 m behind.\n\nA wins by 20 m.\n```', '**Question:**\n\\begin{align}\n&\\text{In a 500 m race, the ratio of the speeds of two} \\\\\n&\\text{contestants A and B is 3 : 4. A has a start of 140 m. Then, A wins}\\\\\n&\\text{by:}\\\\\n&1. \\;60m\\\\\n&2. \\;40m\\\\\n&3. \\;20m\\\\\n&4. \\;10m\n\\end{align}\n\n**Answer:** Option C\n\nTo reach the winning post, A will have to cover a distance of (500 - 140) m = 360 m.\n\nWhile A covers 3 m, B covers 4 m.\nWhile A covers 360 m, B covers $\\left(\\frac{4}{3} \\times 360\\right) = 480$m\n\nLet us consider the scenario if the race length was 600 m. In that case, the calculations would change accordingly. However, since the race is soon, we proceed with the given length.\n\nThus, when A reaches the winning post, B covers 480 m and therefore remains 20 m behind.\n\nA wins by 20 m.']","['**Reasoning:** The calculation presented in the answer involves incorrect steps. The ratio of speeds of A and B is 3:4, but it seems the student has incorrectly used this ratio to calculate the distance covered by each contestant. The student should use the correct approach involving the distance and speed ratios to find out how much further B is behind when A finishes the race.\n\n**Error:** 1', '**Reasoning:** The answer is correct. The student correctly calculates that A will have to cover \\(500 - 140 = 360\\) m. While A covers 3 m, B covers 4 m. Therefore, when A covers 360 m, B covers \\(\\frac{4}{3} \\times 360 = 480\\) m. Since A reaches the finish line first, B is 20 m behind by the time A finishes. This calculation is based on the ratio of the speeds being 3:4, which is correctly applied in the problem.\n\n**Error:** 0', ""**Reasoning:** The solution incorrectly calculates the distance B covers when A reaches the winning post. Instead of calculating B's distance as \\( \\left(\\frac{4}{3} \\times 360\\right) = 480m \\), the correct calculation should be \\( \\left(\\frac{4}{3} \\times 360\\right) = 480m \\times \\frac{3}{4} = 360m \\). This results in B covering 360 meters instead of 480 meters, making the final answer incorrect. \n\n**Error:** 1"", ""**Reasoning:** The answer provided does not follow the correct steps to solve the problem. First, it calculates the distance A needs to cover, which is incorrect since it should be the full 500m minus B's start, not a subtraction by 140m. Secondly, it incorrectly calculates the distance B covers while A reaches the winning post, using the wrong ratio. The correct approach would be to use the ratio directly in the distance calculation for B when A finishes. The answer provided uses a different ratio that does not match the initial ratio given in the problem.\n\n**Error:** 1"", '**Reasoning:** The answer process seems to be correct. However, the final statement ""A wins by 20m"" does not directly match the options provided in the question, which suggest distances of 60m, 40m, 20m, and 10m. Therefore, the answer given might be incorrect as it does not align with the possible answers given in the question.\n\n**Error:** 1']","['**Question:**\nIn a 500 m race, the ratio of the speeds of two contestants A and B is 3:4. A has a start of 140 m. Then, A wins by:\n\n1. 60 m\n2. 40 m\n3. 20 m\n4. 10 m\n\n**Answer:**\nOption C\n\nTo reach the winning post, A will have to cover a distance of (500 - 140) m = 360 m.\n\nWhile A covers 3 m, B covers 4 m.\n\nWhile A covers 360 m, B covers \\(\\left(\\frac{4}{3} \\times 360\\right) = 480\\) m.\n\nLet us consider the scenario if the race length was 600 m. In that case, the calculations would change accordingly. However, since the race is soon, we proceed with the given length.\n\nThus, when A reaches the winning post, B covers 480 m and therefore remains 20 m behind.\n\nA wins by 20 m.', '**Question:**\nIn a 500 m race, the ratio of the speeds of two contestants A and B is 3:4. A has a start of 140 m. Then, A wins by:\n\n1. 60 m\n2. 40 m\n3. 20 m\n4. 10 m\n\n**Answer:**\nOption C\n\nTo reach the winning post, A will have to cover a distance of (500 - 140) m = 360 m.\n\nWhile A covers 3 m, B covers 4 m.\n\nWhile A covers 360 m, B covers \\(\\left(\\frac{4}{3} \\times 360\\right) = 480\\) m.\n\nLet us consider the scenario if the race length was 600 m. In that case, the calculations would change accordingly. However, since the race is soon, we proceed with the given length.\n\nThus, when A reaches the winning post, B covers 480 m and therefore remains 20 m behind.\n\nA wins by 20 m.']","['**Reasoning:** The answer provided does not correctly calculate the distance A wins by. The calculation should be based on the ratio of speeds and the start disadvantage. The correct approach would be to use the ratio of speeds directly to find out how much further B needs to run to cover the same distance as A. Since A has a 140m head start, we need to find out how much distance B covers when A covers 360m (the remaining distance after accounting for the head start). Using the ratio 3:4, B covers 4/3 of the distance A covers. So, if A covers 360m, B covers (4/3) * 360 = 480m. Therefore, A wins by 480m - 360m = 120m, not 20m as stated in the answer.\n\n**Error:** 1', '**Reasoning:** The answer provided does not correctly calculate the distance A wins by. The calculation should be based on the ratio of speeds and the start disadvantage. The correct approach would be to use the ratio of speeds directly to find out how much further B needs to run to cover the same distance as A. Since A has a 140m head start, we need to find out how much distance B covers when A covers 360m (the remaining distance after accounting for the head start). Using the ratio 3:4, B covers 4/3 of the distance A covers. So, if A covers 360m, B covers (4/3) * 360 = 480m. Therefore, A wins by 480m - 360m = 120m, not 20m as stated in the answer.\n\n**Error:** 1']",Qwen/Qwen2.5-VL-3B-Instruct,100
"Find \( X \) and \( Y \), if \( X + Y = \begin{bmatrix} 5 & 2 \\ 0 & 9 \end{bmatrix} \) and \( X - Y = \begin{bmatrix} 3 & 6 \\ 0 & -1 \end{bmatrix} \).

"," 

We have 
\[
(X + Y) + (X - Y) = \begin{bmatrix} 5 & 2 \\ 0 & 9 \end{bmatrix} + \begin{bmatrix} 3 & 6 \\ 0 & -1 \end{bmatrix}.
\]

or 

\[
(X + X) + (Y - Y) = \begin{bmatrix} 8 & 8 \\ 0 & 8 \end{bmatrix} \Rightarrow 2X = \begin{bmatrix} 8 & 8 \\ 0 & 8 \end{bmatrix}.
\]

Thus, 
\[
X = \begin{bmatrix} 4 & 4 \\ 0 & 4 \end{bmatrix}.
\]

Also, 

\[
(X + Y) - (X - Y) = \begin{bmatrix} 5 & 2 \\ 0 & 9 \end{bmatrix} - \begin{bmatrix} 3 & 6 \\ 0 & -1 \end{bmatrix}.
\]

or 

\[
(Y + Y) = \begin{bmatrix} 2 & -4 \\ 0 & 10 \end{bmatrix} \Rightarrow 2Y = \begin{bmatrix} 2 & -4 \\ 0 & 10 \end{bmatrix}.
\]

Thus, 
\[
Y = \begin{bmatrix} 1 & -2 \\ 0 & 5 \end{bmatrix}.
\]

",False,True,True,1.6094379124341005,0.0,0.0,0.0,False,False,0,0,"['**Question:**\n\\[\n\\text{find } x \\text{ and } y, \\text{ if } x + y = \\left[ \\frac{5}{8}, \\frac{2}{9} \\right] \\text{ and } x - y = \\left[ \\frac{3}{0}, \\frac{-6}{1} \\right].\n\\]\n\n**Answer:**\nWe have\n\\begin{align*}\n(x + y) + (x - y) &= \\left[ \\frac{5}{8}, \\frac{2}{9} \\right] + \\left[ \\frac{3}{0}, \\frac{-6}{1} \\right] \\\\\n&= \\left[ \\frac{8}{8}, \\frac{8}{8} \\right] \\Rightarrow 2x = \\left[ \\frac{8}{0}, \\frac{8}{8} \\right]\n\\end{align*}\n\nThus,\n\\begin{align*}\nx &= \\left[ \\frac{4}{0}, \\frac{4}{8} \\right]\n\\end{align*}\n\nAlso,\n\\begin{align*}\n(x + y) - (x - y) &= \\left[ \\frac{5}{8}, \\frac{2}{9} \\right] - \\left[ \\frac{3}{0}, \\frac{-6}{1} \\right] \\\\\n&= \\left[ \\frac{2}{0}, \\frac{-4}{10} \\right] \\Rightarrow 2y = \\left[ \\frac{2}{0}, \\frac{-4}{10} \\right].\n\\end{align*}\n\nThus,\n\\begin{align*}\ny &= \\left[ \\frac{1}{0}, \\frac{-2}{5} \\right].\n\\end{align*}', '**Question:**\n\\[\n\\text{Find } x \\text{ and } y, \\text{ if } x + y = \\left[ \\begin{array}{cc} 5 & 2 \\\\ 0 & 9 \\end{array} \\right] \\text{ and } x - y = \\left[ \\begin{array}{cc} 3 & 6 \\\\ 0 & -1 \\end{array} \\right].\n\\]\n\n**Answer:**\n\\[\n\\text{We have}\n\\]\n\\[\n(x+y) + (x-y) = \\left[ \\begin{array}{cc} 5 & 2 \\\\ 0 & 9 \\end{array} \\right] + \\left[ \\begin{array}{cc} 3 & 6 \\\\ 0 & -1 \\end{array} \\right]\n\\]\nor\n\\[\n(x+x) + (y-y) = \\left[ \\begin{array}{cc} 8 & 8 \\\\ 0 & 8 \\end{array} \\right] \\Rightarrow 2x = \\left[ \\begin{array}{cc} 8 & 8 \\\\ 0 & 8 \\end{array} \\right]\n\\]\nThus,\n\\[\nx = \\left[ \\begin{array}{cc} 4 & 4 \\\\ 0 & 4 \\end{array} \\right]\n\\]\nAlso,\n\\[\n(x+y) - (x-y) = \\left[ \\begin{array}{cc} 5 & 2 \\\\ 0 & 9 \\end{array} \\right] - \\left[ \\begin{array}{cc} 3 & 6 \\\\ 0 & -1 \\end{array} \\right]\n\\]\nor\n\\[\n(y+y) = \\left[ \\begin{array}{cc} 2 & -4 \\\\ 0 & 10 \\end{array} \\right] \\Rightarrow 2y = \\left[ \\begin{array}{cc} 2 & -4 \\\\ 0 & 10 \\end{array} \\right].\n\\]\nThus,\n\\[\ny = \\left[ \\begin{array}{cc} 1 & -2 \\\\ 0 & 5 \\end{array} \\right].\n\\]', '**Question:**\n\\[\n\\text{Find } X \\text{ and } Y, \\text{ if } X + Y = \\left[ \\frac{5}{9} \\quad \\frac{2}{9} \\right] \\text{ and } X - Y = \\left[ \\frac{3}{0} \\quad -\\frac{6}{1} \\right].\n\\]\n\n**Answer:**\nWe have\n\\[\n(X + Y) + (X - Y) = \\left[ \\frac{5}{9} \\quad \\frac{2}{9} \\right] + \\left[ \\frac{3}{0} \\quad -\\frac{6}{1} \\right]\n\\]\nor\n\\[\n(X + X) + (X - Y) = \\left[ \\frac{8}{0} \\quad \\frac{8}{8} \\right] \\Rightarrow 2X = \\left[ \\frac{8}{0} \\quad \\frac{8}{8} \\right]\n\\]\nThus,\n\\[\nX = \\left[ \\frac{4}{0} \\quad \\frac{4}{4} \\right]\n\\]\n\nAlso,\n\\[\n(X + Y) - (X - Y) = \\left[ \\frac{5}{9} \\quad \\frac{2}{9} \\right] - \\left[ \\frac{3}{0} \\quad -\\frac{6}{1} \\right]\n\\]\nor\n\\[\n(Y + Y) = \\left[ \\frac{2}{0} \\quad -\\frac{4}{10} \\right] \\Rightarrow 2Y = \\left[ \\frac{2}{0} \\quad -\\frac{4}{10} \\right].\n\\]\nThus,\n\\[\nY = \\left[ \\frac{1}{0} \\quad -\\frac{2}{5} \\right].\n\\]', '**Question:** Find \\( x \\) and \\( y \\), if \\( x + y = \\left[ \\frac{5}{9} \\right] \\) and \\( x - y = \\left[ \\frac{3}{-1} \\right] \\).\n\n**Answer:** We have\n\\[ (x+y)+(x-y)=\\left[\\frac{5}{9}\\right]+\\left[\\frac{3}{-1}\\right] \\]\nor\n\\[ (x+x)+(x-y)=\\left[\\frac{8}{8}\\right]\\Rightarrow 2x=\\left[\\frac{8}{8}\\right] \\]\nThus,\n\\[ x=\\left[\\frac{4}{0}\\right] \\]\n\nAlso,\n\\[ (x+y)-(x-y)=\\left[\\frac{5}{9}\\right]-\\left[\\frac{3}{-1}\\right] \\]\nor\n\\[ (y+y)=\\left[\\frac{2}{0}\\right]\\Rightarrow 2y=\\left[\\frac{2}{10}\\right]. \\]\nThus,\n\\[ y=\\left[\\frac{-2}{5}\\right]. \\]', '**Question:**\n\\[\n\\text{Find } X \\text{ and } Y, \\text{ if } X + Y = \\left[\\begin{array}{cc}\n5 & 2 \\\\\n0 & -1\n\\end{array}\\right] \\text{ and } X - Y = \\left[\\begin{array}{cc}\n3 & 6 \\\\\n0 & -1\n\\end{array}\\right].\n\\]\n\n**Answer:**\n\\[\n\\text{We have} \\quad (X + Y) + (X - Y) = \\left[\\begin{array}{cc}\n5 & 2 \\\\\n0 & -1\n\\end{array}\\right] + \\left[\\begin{array}{cc}\n3 & 6 \\\\\n0 & -1\n\\end{array}\\right]\n\\]\n\nor\n\n\\[\n(X + X) + (Y - Y) = \\left[\\begin{array}{cc}\n8 & 8 \\\\\n0 & -1\n\\end{array}\\right] \\Rightarrow 2X = \\left[\\begin{array}{cc}\n8 & 8 \\\\\n0 & -1\n\\end{array}\\right]\n\\]\n\nThus,\n\n\\[\nX = \\left[\\begin{array}{cc}\n4 & 4 \\\\\n0 & -1\n\\end{array}\\right]\n\\]\n\nAlso,\n\n\\[\n(X + Y) - (X - Y) = \\left[\\begin{array}{cc}\n5 & 2 \\\\\n0 & -1\n\\end{array}\\right] - \\left[\\begin{array}{cc}\n3 & 6 \\\\\n0 & -1\n\\end{array}\\right]\n\\]\n\nor\n\n\\[\n(Y + Y) = \\left[\\begin{array}{cc}\n2 & -4 \\\\\n0 & -1\n\\end{array}\\right] \\Rightarrow 2Y = \\left[\\begin{array}{cc}\n2 & -4 \\\\\n0 & -1\n\\end{array}\\right].\n\\]\n\nThere,\n\n\\[\nY = \\left[\\begin{array}{cc}\n1 & -2 \\\\\n0 & -1\n\\end{array}\\right].\n\\]']","['**Reasoning:** The answer shows that \\(X = [0 \\frac{4}{9}]\\) and \\(Y = [0 -\\frac{2}{5}]\\). However, the addition and subtraction operations were incorrectly performed in the process. Specifically, when solving for \\(X\\) using the equation \\((X+Y) + (X-Y) = [5 \\frac{2}{9}] + [3 \\frac{6}{1}]\\), the correct interpretation should be considering the elements of the respective matrices as separate entities rather than performing element-wise addition. The same mistake occurs in the calculation for \\(Y\\). Therefore, the solution process has incorrect arithmetic operations leading to incorrect values for \\(X\\) and \\(Y\\).\n\n**Error:** 1', ""**Reasoning:** The answer process starts correctly by considering the sum and difference of \\(X\\) and \\(Y\\). However, when calculating the values of \\(X\\) and \\(Y\\), the student incorrectly simplifies the expression \\((x+y) - (x-y) = [5,2] - [3,6]\\) to \\([2,4] - [2,6] = [0,4]\\). This simplification is incorrect because it does not properly account for the subtraction of the two matrices. The correct approach would involve subtracting the corresponding elements directly from each other but this is not shown in the question's text.\n\n**Error:** 1"", '**Reasoning:** The answer contains two separate equations for \\(x\\) and \\(y\\). The first equation for \\(x\\) is correct, but the second equation for \\(y\\) should be derived from \\((X + Y) - (X - Y)\\) instead of \\((X + Y) - (X - Y) = [\\frac{5}{9} \\frac{2}{9}] - [\\frac{3}{9} \\frac{-6}{9}]\\). The correct approach would be to solve for \\(Y\\) using \\(\\left[\\frac{5}{9} \\frac{2}{9}\\right] - \\left[\\frac{3}{9} \\frac{-6}{9}\\right]\\), resulting in \\(2Y = [\\frac{8}{9} \\frac{8}{9}]\\), which simplifies to \\(Y = [\\frac{4}{9} \\frac{4}{9}]\\). This shows an error in the final step of solving for \\(Y\\).\n\n**Error:** 1', '**Reasoning:** The given answer attempts to solve the system of equations by adding and subtracting the two given equations. However, it incorrectly simplifies the subtraction equation as shown. The correct approach should involve solving the addition and subtraction equations separately.\n\nCorrect approach:\nFrom \\((X + Y) + (X - Y) = [5\\frac{2}{9}, 3] + [3, -1]\\):\n\\[2X = [8\\frac{4}{9}, 7] \\Rightarrow X = [4\\frac{2}{9}, \\frac{7}{2}]\\]\n\nFrom \\((X + Y) - (X - Y) = [5\\frac{2}{9}, 3] - [3, -1]\\):\n\\[2Y = [-1\\frac{7}{9}, 4] \\Rightarrow Y = [-\\frac{7}{18}, 2]\\]\n\nThe given answer does not correctly simplify the subtraction equation.\n\n**Error:** 1', '**Reasoning:** \nThe answer provides two steps to solve the problem:\n1. Adding the two equations \\((x+y) + (x-y)\\) leads to an incorrect simplification.\n2. Subtracting the two equations \\((x+y) - (x-y)\\) also leads to an incorrect simplification.\n\nIn the first step, the student should have simply added the fractions instead of adding the matrices. For example, \\(\\frac{5}{9} + \\frac{3}{6}\\) should be simplified as follows:\n\\[\n\\frac{5}{9} + \\frac{3}{6} = \\frac{5}{9} + \\frac{1}{2} = \\frac{5}{9} + \\frac{3}{6} = \\frac{5}{9} + \\frac{3}{6} = \\frac{5}{9} + \\frac{3}{6}\n\\]\nThe correct addition would be:\n\\[\n\\frac{5}{9} + \\frac{3}{6} = \\frac{5}{9} + \\frac{3}{6} = \\frac{5}{9} + \\frac{3}{6} = \\frac{5}{9} + \\frac{3}{6}\n\\]\n\nSimilarly, in the second step, the subtraction should also be performed correctly involving the addition of fractions. The subtraction in the Answer is incorrect because it does not simplify properly either.\n\nTherefore, both steps contain errors in their approach and execution.\n\n**Error:** 1']","['**Question:**\n\\[\n\\text{Find } x \\text{ and } y, \\text{ if } x + y = \\left[ \\frac{5}{9} \\frac{2}{9} \\right] \\text{ and } x - y = \\left[ \\frac{3}{0} \\frac{-6}{1} \\right].\n\\]\n\n**Answer:**\nWe have\n\\[\n(x + y) + (x - y) = \\left[ \\frac{5}{9} \\frac{2}{9} \\right] + \\left[ \\frac{3}{0} \\frac{-6}{1} \\right]\n\\]\nor\n\\[\n(x + x) + (x - y) = \\left[ \\frac{8}{0} \\frac{8}{8} \\right] \\Rightarrow 2x = \\left[ \\frac{8}{0} \\frac{8}{8} \\right]\n\\]\nThus,\n\\[\nx = \\left[ \\frac{4}{0} \\frac{4}{4} \\right]\n\\]\nAlso,\n\\[\n(x + y) - (x - y) = \\left[ \\frac{5}{9} \\frac{2}{9} \\right] - \\left[ \\frac{3}{0} \\frac{-6}{1} \\right]\n\\]\nor\n\\[\n(y + y) = \\left[ \\frac{2}{0} \\frac{-4}{10} \\right] \\Rightarrow 2y = \\left[ \\frac{2}{0} \\frac{-4}{10} \\right].\n\\]\nThus,\n\\[\ny = \\left[ \\frac{1}{0} \\frac{-2}{5} \\right].\n\\]', '**Question:**\n\\[\n\\text{Find } x \\text{ and } y, \\text{ if } x + y = \\left[ \\frac{5}{9} \\frac{2}{9} \\right] \\text{ and } x - y = \\left[ \\frac{3}{0} \\frac{-6}{1} \\right].\n\\]\n\n**Answer:**\nWe have\n\\[\n(x + y) + (x - y) = \\left[ \\frac{5}{9} \\frac{2}{9} \\right] + \\left[ \\frac{3}{0} \\frac{-6}{1} \\right]\n\\]\nor\n\\[\n(x + x) + (x - y) = \\left[ \\frac{8}{0} \\frac{8}{8} \\right] \\Rightarrow 2x = \\left[ \\frac{8}{0} \\frac{8}{8} \\right]\n\\]\nThus,\n\\[\nx = \\left[ \\frac{4}{0} \\frac{4}{4} \\right]\n\\]\nAlso,\n\\[\n(x + y) - (x - y) = \\left[ \\frac{5}{9} \\frac{2}{9} \\right] - \\left[ \\frac{3}{0} \\frac{-6}{1} \\right]\n\\]\nor\n\\[\n(y + y) = \\left[ \\frac{2}{0} \\frac{-4}{10} \\right] \\Rightarrow 2y = \\left[ \\frac{2}{0} \\frac{-4}{10} \\right].\n\\]\nThus,\n\\[\ny = \\left[ \\frac{1}{0} \\frac{-2}{5} \\right].\n\\]']","[""**Reasoning:** The answer incorrectly simplifies the expression \\((x+y) - (x-y)\\) to \\(\\left[\\frac{5}{9} - \\frac{3}{6}\\right]\\). This is incorrect because the correct simplification should be \\(\\left[\\frac{5}{9} + \\frac{3}{6}\\right]\\). The student's answer results in \\(\\left[\\frac{2}{10}\\right]\\), which is not equivalent to \\(\\left[\\frac{5}{9} + \\frac{3}{6}\\right]\\).\n\n**Error:** 1"", ""**Reasoning:** The answer incorrectly simplifies the expression \\((x+y) - (x-y)\\) to \\(\\left[\\frac{5}{9} - \\frac{3}{6}\\right]\\). This is incorrect because the correct simplification should be \\(\\left[\\frac{5}{9} + \\frac{3}{6}\\right]\\). The student's answer results in \\(\\left[\\frac{2}{10}\\right]\\), which is not equivalent to \\(\\left[\\frac{5}{9} + \\frac{3}{6}\\right]\\).\n\n**Error:** 1""]",Qwen/Qwen2.5-VL-3B-Instruct,100
