question_id,question,answer,student_answer,error_category,study_level,has_error,reasoning_entropy,grading_correct,n_grading_parse_failures,says_error_frac,all_grading_samples_raw,model_id,quantized
3217955661232020,把一块长为80厘米，宽为60厘米的长方形的画框裱起来，四周都用金线装饰，金线每分米长度的价格是10元，那么装裱这个画框的四周需花费___1___元钱。,280,2800,1,primary,1,0.5004024235381879,True,0,0.8,"['**Reasoning:** The image only shows two numbers: 140 and 286. There is no indication of any calculation or application related to the question about the cost of decorating a rectangular frame with gold wire. The numbers do not seem to be part of the solution process for the given problem, which requires calculating the perimeter of the rectangle and then finding the total cost based on the price per unit length of the wire.\n\n**Error:** 1', '**Reasoning:** The image shows two numbers, ""286"" and ""140,"" but there is no indication that these represent a calculation related to the perimeter of the rectangle or any other operation mentioned in the question. Since the question asks for the cost of the gold strip to decorate the perimeter of a 80 cm x 60 cm frame, the student should have calculated the perimeter first, which would be \\(2 \\times (80 + 60) = 280\\) cm or 28 dm, and then multiplied by the price per dm, which should be \\(28 \\times 10 = 280\\) yuan. The numbers ""286"" and ""140"" do not align with the required calculations.\n\n**Error:** 1', ""**Reasoning:** The image shows two numbers, 140 and 286, but there is no indication of any arithmetic operation being performed between these numbers. Based on the given question about calculating the cost of decorating a rectangular frame with dimensions 80 cm by 60 cm using gold thread, the image does not appear to be related to the question at all. There appears to be no error in the sense that the image should be evaluated based on the question provided, as it fails to address the question at all. However, the instruction is to judge whether the student's work contains an error given the question, which seems to imply that we interpret the image as if the student was working on the question.\n\n**Error:** 1"", '**Reasoning:** The image only shows two numbers, ""140"" and ""286"", which do not appear to be part of a calculation related to the given problem. The problem asks for the cost of decorating the perimeter of a rectangular frame with dimensions 80 cm x 60 cm using gold thread at a rate of 10 yuan per decimeter. However, the image does not show any calculations or steps towards solving this problem. Therefore, there is insufficient information to determine if the student made a mistake or not.\n\n**Error:** 0', '**Reasoning:** The image shows the numbers 280 and 140, but there is no indication of any calculations or steps taken to arrive at these numbers. The question asks for the total cost of gold trim around a rectangular frame with dimensions 80 cm by 60 cm, which requires calculating the perimeter and then multiplying by the cost per dm. The given numbers do not reflect any part of this calculation.\n\n**Error:** 1']",Qwen/Qwen2.5-VL-7B-Instruct,False
3217957299840590,在下面的选项中，将表示长度的数字按从小到大的顺序排列，第二是___1___，第四是___2___。(填编号) ①8.2m；②73dm；③2m9cm；④5m54cm；⑤99dm,4; 1,4; 2,3,primary,1,0.5004024235381879,True,0,0.8,"[""**Reasoning:** The image appears to show some handwriting that might be related to the question, but it is quite unclear and does not seem to directly address the given numbers in the question. The numbers provided in the question are 8.2m, 73dm, 2m9cm, 5m54cm, and 99dm. Without clear and relevant scratchwork, it is impossible to determine if the student's attempt was correct or incorrect based on the limited information available.\n\n**Error:** 1"", '**Reasoning:** The scratchwork appears to be attempting to calculate something but it lacks clear context and the numbers seem unrelated to the given options. The numbers written are likely meant to represent measurements, but they do not align with the given options at all. There is no indication of a correct sequence of these measurements being arranged, thus making the work incorrect relative to the question.\n\n**Error:** 1', '**Reasoning:** The image appears to contain a mix of units and numerical values without clear indication of the operations being performed. The handwritten work does not show a proper calculation or comparison of the given lengths. Therefore, it is impossible to determine if the student has made a correct calculation or not based on the visible work.\n\n**Error:** 1', ""**Reasoning:** The student seems to have written down all the given options but did not perform any calculations. The question asks for the numbers to be arranged from smallest to largest. The correct order should be:\n1. 2m9cm = 2.09m\n2. 73dm = 7.3m\n3. 5m54cm = 5.54m\n4. 8.2m\n5. 99dm = 9.9m\n\nThe student's notes do not indicate any incorrect calculations or methods used; they just list the options. However, there is a lack of the actual problem-solving process shown.\n\n**Error:** 0"", '**Reasoning:** The student appears to be attempting to add the lengths 73dm and 5m54cm. However, there is no indication of a complete calculation or addition process. The handwriting is illegible, but it seems like the student might have started to write out the sum but did not finish. The question asks for the numbers to be sorted, and the student should have been comparing 8.2m, 73dm, 2m9cm, 5m54cm, and 99dm. There is no indication that the student has correctly identified the second and fourth smallest measurements based on the given options.\n\n**Error:** 1']",Qwen/Qwen2.5-VL-7B-Instruct,False
3218147043367120,小明一次能吃6块饼干，81块饼干要全部吃完，至少需要吃___1___次。,14,13,5,primary,1,0.0,True,0,1.0,"['**Reasoning:** The image shows a division operation but the problem requires multiplication. The student wrote ""61 x 3"" which suggests they might have multiplied instead of dividing. However, the image does not clearly show the full division process with remainders. Given the context of the question, it seems like the student did not correctly interpret the division operation required.\n\n**Error:** 1', '**Reasoning:** The image shows the division of 81 by 6, which should be written as \\( \\frac{81}{6} \\) instead of \\( \\frac{21}{6} \\). This suggests a misunderstanding of the problem, where the student has incorrectly interpreted the number of cookies each time and how they should be divided.\n\n**Error:** 1', '**Reasoning:** The image shows a division problem: \\( \\frac{81}{6} = \\frac{21}{1} \\). This indicates the student incorrectly simplified the fraction. The correct simplification should be 13.5, meaning it takes 13.5 times to eat all 81 cookies, but since the number of times must be whole numbers, the minimum integer value is 14. There seems to be a misunderstanding in the simplification process.\n\n**Error:** 1', '**Reasoning:** The problem is asking how many times Xiao Ming needs to eat 6 cookies to finish 81 cookies. The student has written \\( \\frac{81}{6} \\) and calculated it as \\( \\frac{27}{21} \\). This result indicates a division operation is performed correctly but the interpretation of the result seems incorrect because \\( \\frac{27}{21} \\approx 1.29 \\), which does not make sense in the context of counting whole times.\n\n**Error:** 1', '**Reasoning:** The image appears to show the work of dividing 81 by 6, which aligns with the question asking how many times 6 can fit into 81. However, the division seems incomplete, as it only shows ""6|<6)"" and ""21"" at the bottom, suggesting the student may have stopped before finishing the division. This indicates a lack of completion rather than a calculation error itself. The question asks for the total number of times 6 can go into 81, but the presented work does not fully show the division result.\n\n**Error:** 1']",Qwen/Qwen2.5-VL-7B-Instruct,False
3217955017854690,笔算：3627÷54=___1___……___2___。,67; 9,67; 11,0,primary,1,0.5004024235381879,True,0,0.8,"[""**Reasoning:** The division part of the work appears correct. The student has calculated 3627 ÷ 54 = 67 with a remainder of 39. However, the multiplication part seems incorrect because the student is multiplying 54 by numbers that do not match the steps taken in the division problem. The student has multiplied 67 by 64 but should have multiplied 54 by 67 which would give the correct product of 3627. Additionally, the student's work does not align with the question's instruction to find the quotient and remainder.\n\n**Error:** 1"", ""**Reasoning:** The image shows the student attempting a long division problem, but it appears they stopped halfway through. The work includes a division step with a remainder, but the final quotient and remainder are not completed. Additionally, there seems to be a mix-up with the multiplication steps and the subtraction steps, which suggests a lack of proper alignment or misunderstanding of the process. However, the question asks for the quotient and remainder directly, and the student's work does show a partial correct quotient and remainder.\n\n**Error:** 0"", '**Reasoning:** The student appears to have performed long division incorrectly. The quotient should be 67 with a remainder of 3. However, the student has written ""61"" instead of ""67"" as the quotient, which is incorrect. Additionally, the remainder does not match the expected value of 3, but the exact remainder is not shown in the image. The method used looks reasonably correct, but the quotient is wrong.\n\n**Error:** 1', '**Reasoning:** The student has performed long division but made a mistake in the subtraction step. The correct subtrahend should be 324 (54 × 6) instead of 378. This leads to an incorrect quotient and remainder.\n\n**Error:** 1', '**Reasoning:** The division part of the work appears to be incorrect. The student seems to have divided 3627 by 54 and correctly found a quotient of 67 with a remainder of 3. However, it is unclear how they arrived at the quotient 67. The multiplication steps at the bottom also seem to be incorrect. The student multiplied 54 by different numbers but did not align properly which suggests a misunderstanding of the multiplication process related to the division. \n\n**Error:** 1']",Qwen/Qwen2.5-VL-7B-Instruct,False
3217954164498500,某公交车从起点到终点要经过十个公交站，单程需要准备___1___种不同车票。,45,66,1,primary,1,0.0,True,0,1.0,"[""**Reasoning:** The image provided appears to be a series of lines and letters that do not correspond to the mathematical problem described. There is no clear indication that the student attempted to calculate the number of different bus tickets needed. The letters 'A' through 'L' do not represent a calculation process related to permutations or combinations. Without a clear attempt at solving the problem, it is impossible to determine if there is an error or not.\n\n**Error:** 1"", '**Reasoning:** The student has written down the sequence of letters A through L, which seems to be random and does not relate to solving the problem about different bus ticket combinations. This suggests that the student did not understand the question properly or did not attempt to solve it correctly.\n\n**Error:** 1', '**Reasoning:** The question asks how many different tickets are needed for a bus journey with ten stops. This is a combinatorial problem, not a simple counting issue. The answer should be calculated using combinations (nCr) where n is 9 (since there are 9 intervals between 10 stops). The scratchwork provided does not show any attempt at solving the problem correctly and instead shows a string of letters, which is irrelevant to the solution. There is no indication of a correct solution or error in the provided work.\n\n**Error:** 1', '**Reasoning:** The question asks how many different single-trip tickets are needed if there are ten stops. The student has written ""ABC DEF GH IJ KL"", which appears to be random and does not relate to the math problem. There is no clear indication that the student understood the problem or attempted to calculate anything relevant.\n\n**Error:** 1', '**Reasoning:** The question asks how many different types of bus tickets are needed if there are ten bus stops. This is a combinatorial problem, specifically a permutation problem because the order of stops matters. The formula for permutations is P(n, r) = n! / (n-r)!, where n is the total number of items and r is the number of items to choose. In this case, n = 10 and r = 10. The answer should be 10! / (10-10)! = 10! / 0! = 10! / 1 = 3628800. However, the image does not contain any work related to calculating permutations or factorials, indicating the student might not have understood the problem or made a mistake in their approach.\n\n**Error:** 1']",Qwen/Qwen2.5-VL-7B-Instruct,False
3217953951620070,王叔叔骑着摩托车从甲地去往乙地办事，已经行了90千米，比剩下的3倍还少12千米。甲、乙两地相距___1___千米。,124,34,1,primary,1,0.5004024235381879,True,0,0.8,"['**Reasoning:** The image appears to show the student attempting to solve the problem but has not completed the work. The numbers and symbols suggest an attempt to calculate something, but the final answer is not written down, and there is no indication of the correct solution process or result being reached.\n\n**Error:** 1', '**Reasoning:** The student seems to have started solving the problem but did not continue. They might have intended to set up an equation based on the word problem, but stopped midway. The image does not show the continuation of the solution, so we cannot determine if the equation setup was correct or incorrect.\n\n**Error:** 1', '**Reasoning:** The scratchwork provided does not show any calculations related to solving the problem. There seems to be some writing that might be an attempt at solving the problem, but it is not clear and there are no steps that follow the given equation. Given that the scratchwork does not contain correct or relevant work towards solving the problem, it cannot be determined if there was an error in the work itself or just lack of work presented.\n\n**Error:** 1', '**Reasoning:** The scratchwork appears to represent the equation \\(3x - 12 = 90\\), which seems to be derived from the problem statement ""已经行了90千米，比剩下的3倍还少12千米"" (90 kilometers already traveled, 12 kilometers less than three times the remaining distance). However, the image does not show the solving process, so we cannot confirm if the equation setup is correct based on the provided work. We cannot determine if there is an error in the setup or solution since we lack the final step.\n\n**Error:** 0', '**Reasoning:** The scratchwork shown appears to be ""3x - 12"" which suggests the student is setting up an equation based on the given condition. However, there is no indication of solving the equation or finding the value of x. Since the problem states that the distance traveled is 90 km, which is described as being ""3 times the remaining distance minus 12,"" we need an equation like \\(90 = 3(remaining\\ distance) - 12\\). The student\'s work doesn\'t show any attempt to set up or solve this equation, so it is unclear if they understood the problem correctly or made a conceptual error.\n\n**Error:** 1']",Qwen/Qwen2.5-VL-7B-Instruct,False
69eadd53c97ac4e32acaa00e5022d6f4,计算：$3(x + 2) - 1 = \frac{{4x - 2}}{2} - \frac{{x + 2}}{3}$的解是x=____,- 5,\frac{1}{5},0,middle,1,0.6730116670092565,True,0,0.6,"['**Reasoning:** The student correctly began by combining like terms and simplifying both sides of the equation. However, there appears to be a mistake when simplifying the right-hand side. The expression $\\frac{{4x - 2}}{2} - \\frac{{x + 2}}{3}$ should simplify to $2x - 1 - \\frac{x}{3} - \\frac{2}{3}$, which further simplifies to $\\frac{6x - 3 - x - 2}{3} = \\frac{5x - 5}{3}$. The student incorrectly simplified it as $12 - 6 - 2x + 4$, leading to an incorrect equation and solution.\n\n**Error:** 1', ""**Reasoning:** The student correctly expanded both sides of the equation, simplified, and combined like terms. However, there seems to be a misunderstanding in the final step where the equality sign is used instead of the assignment operator (=) which should replace the 'x' with the fraction result. The correct step would be \\( x = \\frac{1}{5} \\), but the student wrote it as an equation instead of the assignment. This does not directly impact the correctness of solving the equation but affects the presentation.\n\n**Error:** 0"", '**Reasoning:** The student correctly distributes the terms within the parentheses and combines like terms. However, there is a mistake in the simplification step where the terms should be combined properly. Specifically, the equation after combining like terms should be \\(20x = 4\\), but it appears as \\(20x = 4\\) with an incorrect sign handling, resulting in \\(x = \\frac{1}{5}\\). The correct solution should involve solving \\(20x = 4\\) which would yield \\(x = \\frac{4}{20} = \\frac{1}{5}\\).\n\n**Error:** 1', '**Reasoning:** The student has made a substitution error when simplifying the equation. After expanding and combining like terms, the equation should simplify to $20x = 4$, but there seems to be a mistake in the step where the student writes $18x + 12 - 6 = 12 - 6 - 2x + 4$. This suggests a misunderstanding or misstep in the algebraic operations.\n\n**Error:** 1', '**Reasoning:** The student correctly distributed the terms inside the parentheses and combined like terms. However, there appears to be a computational error in the last step. The equation simplifies to $20x = 4$, which should lead to $x = \\frac{1}{5}$. But the student incorrectly writes the answer as $x = \\frac{1}{5}$ instead of $x = \\frac{1}{5}$, suggesting a typographical error or a misunderstanding in writing the fraction.\n\n**Error:** 0']",Qwen/Qwen2.5-VL-7B-Instruct,False
60c1bac2b5fb4b876058b23ea52fd0db,计算：$\frac{1}{2}\left( {x - 3} \right) = 2 - \frac{1}{2}\left( {x - 3} \right)$ 的解是x=____,5,2\frac{6}{2},0,middle,1,0.0,True,0,1.0,"['**Reasoning:** The student correctly distributed the fractions and simplified the equation to $x + \\frac{1}{2}x = \\frac{3}{2} + \\frac{3}{2} + 2$. However, there seems to be a misunderstanding in the final step, as the student incorrectly wrote ""x = 2-6/2"" instead of continuing the simplification properly. The correct next step would be to combine like terms and then isolate x, but here it appears the student did not proceed further after combining the fractions and the integer.\n\n**Error:** 1', '**Reasoning:** The student correctly distributed the fractions in the first equation and combined like terms, but the simplification of the right-hand side appears incorrect. Instead of $-2 + \\frac{3}{2}$, the right-hand side should be simplified to $\\frac{-4 + 3}{2} = -\\frac{1}{2}$. This leads to an incorrect equation when combined with the left-hand side, which results in an incorrect solution for x.\n\n**Error:** 1', '**Reasoning:** The student has made a mistake in the second line of their work. The correct operation should involve adding $\\frac{1}{2}x$ to both sides to eliminate it from the left side. Instead, they have added $-\\frac{1}{2}x$ to both sides, leading to an incorrect equation $\\frac{1}{2}x + \\frac{1}{2}x = \\frac{3}{2} + \\frac{3}{2} + 2$. This results in a final solution that does not satisfy the original equation.\n\n**Error:** 1', '**Reasoning:** The student incorrectly combined like terms in the second line. It should have been $\\frac{1}{2}x + \\frac{1}{2}x = x$, instead of $x + \\frac{1}{2}x$. This miscalculation leads to the incorrect solution $x = 2\\frac{1}{2}$.\n\n**Error:** 1', ""**Reasoning:** The student's approach seems to be to distribute and then combine like terms, but there's a misunderstanding in the second step where they add $\\frac{1}{2}x$ instead of subtracting it as part of isolating $x$. This leads to an incorrect simplification and thus an incorrect solution. The correct steps would involve distributing and then combining terms to isolate $x$ correctly.\n\n**Error:** 1""]",Qwen/Qwen2.5-VL-7B-Instruct,False
e4dc843fbe6f11e999b77cd30a5a3038,"二元一次方程组$\left\{\begin{array}{l} - x + y = 4\\4x + y = 14\end{array} \right.$的解为x=____,y=____．","2, 6","-2"",""6",4,middle,1,0.5004024235381879,True,0,0.8,"['**Reasoning:** The student starts by identifying \\(x = 6\\) but then proceeds to solve the system of equations using substitution incorrectly. They substitute \\(x = 6\\) into one of the original equations, but it seems they are trying to solve for \\(y\\). The work on the right side involving \\(4 \\times 6 + y = 14\\) appears to be a misunderstanding as they cancel out terms instead of solving for \\(y\\). The correct approach should involve substituting \\(x = 6\\) into either equation and solving for \\(y\\), but it seems there is a mix-up in the substitutions.\n\n**Error:** 1', '**Reasoning:** The student has made a mistake in solving the system of equations. Initially, they correctly set up the equations:\n1. \\(-x + y = 4\\)\n2. \\(4x + y = 14\\)\n\nHowever, in the solution process, there seems to be a confusion leading to incorrect algebraic manipulations. The step where the student writes \\(-x + 4x + y + y = 18\\) should instead be \\(-x + 4x + y = 18\\) because the constant term \\(y\\) should not be included in the sum with the other \\(x\\) terms. This would result in \\(3x = 18\\) as shown in the correct solution. Furthermore, the student has incorrectly calculated \\(y = 4 - 24\\) which should be \\(y = -20/3\\) based on the correct steps.\n\n**Error:** 1', '**Reasoning:** The student appears to have made a mistake in solving the system of equations. The correct method would involve substitution or elimination to find the values of \\(x\\) and \\(y\\). However, the work shown seems to be an attempt to directly solve for \\(x\\) and \\(y\\) separately, which is incorrect for this problem. The steps leading to \\(x=6\\) and \\(y=10\\) do not logically follow from the given system of equations.\n\n**Error:** 1', '**Reasoning:** The student correctly identified \\(x = 6\\) as part of the solution. However, there seems to be a mistake in solving for \\(y\\). The equation derived from substituting \\(x = 6\\) into either original equation should be \\(4(6) + y = 14\\), which simplifies to \\(24 + y = 14\\). Solving this gives \\(y = 14 - 24 = -10\\), but the student incorrectly solved it as \\(y = 4 - 24 = -20\\).\n\n**Error:** 1', '**Reasoning:** The student correctly solved the system of equations using substitution. They found \\(x = 6\\) and substituted it back into one of the original equations to find \\(y = 10\\). This solution satisfies both equations.\n\n**Error:** 0']",Qwen/Qwen2.5-VL-7B-Instruct,False
3217957152084200,（2022秋•洪洞县期末）一块三角形木架，底12.5米，高6.4米。如果刷一遍（两面都刷），每平方米用油漆0.4千克，刷这个木架用油漆___1___千克。,32,64,0,primary,1,0.0,True,0,1.0,"['**Reasoning:** The student appears to have multiplied the area of the triangle by 0.4, which is correct. However, the area of the triangle should first be calculated as 0.5 * base * height = 0.5 * 12.5 * 6.4 = 39.2 square meters. Then, multiplying by 0.4 gives 15.68 kilograms, but the student has directly calculated 80.00 instead of 15.68.\n\n**Error:** 1', ""**Reasoning:** The image shows two separate calculations. On the left, it appears the student is calculating the area of a triangle using the formula (base * height) / 2, which results in 80 square meters. After this, there seems to be a separate calculation for the total amount of paint needed, but it's not clear how the numbers are connected or if the correct area was used. The right part of the image shows a multiplication of 160 by 6.4, resulting in 160 being multiplied by 6.4, leading to 160 * 64 = 10240, which doesn't match the context given in the problem. Considering the total area calculated is 80 square meters, using 160 as a multiplier seems incorrect. However, the image isn't conclusive about the intended connection between the two parts and whether the area was correctly interpreted or applied.\n\n**Error:** 1"", '**Reasoning:** The student has correctly calculated the area of the triangle using the formula \\( \\text{Area} = \\frac{1}{2} \\times \\text{base} \\times \\text{height} \\), which results in \\( 80 \\) square meters. However, the problem asks for the amount of paint needed for both sides of the triangle, so the total area to be painted should be \\( 2 \\times 80 = 160 \\) square meters.\n\nThe student then multiplies \\( 160 \\) by \\( 0.4 \\) to find the number of kilograms of paint needed, resulting in \\( 64 \\). However, the question asks for the final result as ""1"" in the blank, which seems to be a misunderstanding of the question; typically, such calculations would be written directly.\n\n**Error:** 1', ""**Reasoning:** The student has correctly calculated the area of the triangle using the formula \\( \\text{Area} = \\frac{1}{2} \\times \\text{base} \\times \\text{height} \\), resulting in an area of 40 square meters. They then multiplied this area by 0.4 kg per square meter to find that 16 kg of paint is needed for one side of the wooden frame. Since the problem asks about both sides, they should have doubled the result, which would give 32 kg. However, the student's work does not show this doubling step.\n\n**Error:** 1"", ""**Reasoning:** The student has correctly calculated the area of the triangle as \\( \\frac{1}{2} \\times 12.5 \\times 6.4 = 40 \\) square meters. However, the subsequent multiplication step seems to be incorrect. The student should have multiplied the area by the amount of paint required per square meter (0.4 kg), which would be \\( 40 \\times 0.4 = 16 \\) kg of paint for one side. Since the question asks for both sides, the total should be doubled, making it \\( 16 \\times 2 = 32 \\) kg. The student's multiplication step appears to be incorrect, resulting in an incorrect final answer.\n\n**Error:** 1""]",Qwen/Qwen2.5-VL-7B-Instruct,False
3217955263342370,把7个边长是6厘米的小正方形拼成一个长方形，这个长方形的周长是___1___厘米，面积是___2___平方厘米。,96; 252,252; 96,3,primary,1,0.0,True,0,1.0,"['**Reasoning:** The student has attempted to calculate the perimeter and area but the numbers used are incorrect. The calculations should be based on the dimensions derived from the problem statement. Specifically, if the length of one side of each small square is 6 cm, then with 7 squares arranged in a single row, the length of the long side of the resulting rectangle would be 42 cm (7 * 6). However, the image shows incorrect multiplication results: 42 x 6 = 252 and 42 + 6 = 48 x 2 = 96, which do not match the expected answers based on the problem description.\n\n**Error:** 1', ""**Reasoning:** The image shows two calculations: \\(42 \\times 6 = 252\\) and \\(42 + 6 = 48 \\times 2 = 96\\). The first part of the calculation, \\(42 \\times 6 = 252\\), appears to be incorrect as it should yield \\(252\\) instead of \\(252\\). The second part, \\(42 + 6 = 48 \\times 2 = 96\\), also seems to be incorrect as \\(42 + 6 = 48\\) and \\(48 \\times 2 = 96\\) is only partially correct since it's not showing the actual addition step.\n\n**Error:** 1"", '**Reasoning:** The student appears to be solving a different problem than what was given in the question. The question asks for the perimeter and area of a long rectangle formed by 7 smaller squares with side length 6 cm. However, the student has written out the multiplication of 42 and 6, which does not align with the problem at hand. Additionally, the subsequent calculations seem unrelated to the problem.\n\n**Error:** 1', '**Reasoning:** The student appears to have calculated two separate problems. The first part shows \\(42 \\times 6 = 252\\), which seems unrelated to the question about the perimeter and area of a rectangle formed by seven squares. The second part, \\(42 + 6 = 48 \\times 2 = 96\\), also does not seem relevant. Given the context of the question, the student should be calculating the perimeter and area of a rectangle formed by seven squares with side length 6 cm, but the work shown does not match that.\n\n**Error:** 1', '**Reasoning:** The image appears to show two calculations, one involving multiplication (42×6) and another involving addition and subtraction (42+6=48×2=96). However, these calculations do not correspond to solving the given problem about the perimeter and area of a rectangle formed by 7 small squares with side length 6 cm. Instead, the calculations seem unrelated to the problem at hand.\n\n**Error:** 1']",Qwen/Qwen2.5-VL-7B-Instruct,False
3214393108341640,花园里的花开始凋谢了，每天都比前一天减少2朵，已知第二天花园里还剩11朵花，那么第四天凋谢后还剩___1___朵花，第五天凋谢后还剩___2___朵花。,7; 5,5; 3,1,primary,1,0.6730116670092565,True,0,0.6,"['**Reasoning:** The image contains only a sequence of numbers ""97531"" which does not provide any information related to the problem involving flower凋谢的数量变化。This suggests that there might be a misunderstanding or missing part in the student\'s work, as it doesn\'t align with the provided question. However, since we don\'t have the actual problem-solving steps from the student, we cannot definitively say if an error has occurred in the calculations.\n\n**Error:** 1', ""**Reasoning:** The image provided only shows numbers and does not show any calculations or steps taken to solve the problem. There is insufficient information to determine if there is an error in the student's work as it pertains to the question asked. Without seeing how the student arrived at the answers for the fourth and fifth days, we cannot assess the correctness of their solution.\n\n**Error:** 0"", '**Reasoning:** The image shows a sequence of numbers: 9, 7, 5, 3, 1. However, there is no indication of a calculation being performed or the context of solving a problem related to the question about flowers. The image does not contain any steps or working that would help determine if there has been a mistake in solving the problem.\n\n**Error:** 1', '**Reasoning:** The image shows ""97531"" which likely represents a sequence or pattern related to the problem. However, there is no clear indication of the calculations or steps taken to reach this answer. The student might have made an incorrect assumption or misinterpreted the problem, leading to an incorrect series or number sequence.\n\n**Error:** 1', '**Reasoning:** The image shows only the numbers ""97531"" which do not appear to be part of a solution process related to the given question about flowers凋ishing. There is no evidence of calculations, interpretations, or steps taken towards solving the problem presented in the question. Therefore, there is no indication of an error in the mathematical work as it seems no work has been done related to the question.\n\n**Error:** 0']",Qwen/Qwen2.5-VL-7B-Instruct,False
3214393326801260,简便计算：99×11＝___1___,1089,1080,1,primary,1,0.0,True,0,1.0,"['**Reasoning:** The student is attempting to multiply 99 by 11 using long multiplication. The work shown includes the step-by-step breakdown of multiplying each digit of 99 with each digit of 11. However, the student has incorrectly written ""1060"" as part of their answer. The correct product of 99 times 11 should be 1089.\n\n**Error:** 1', '**Reasoning:** The student has written ""99"" and ""11"" vertically but does not seem to have performed the multiplication. There are no multiplication symbols, and the answer ""1080"" appears below the numbers, which is incorrect as it should be 1089. The student likely intended to multiply the numbers but did not complete the problem.\n\n**Error:** 1', '**Reasoning:** The student appears to have multiplied 99 by 11 incorrectly. The process shown seems to involve breaking down the multiplication into smaller parts but the end result does not match the expected product of 1089.\n\n**Error:** 1', '**Reasoning:** The image shows the calculation process for \\(99 \\times 11\\). The student has written \\(99\\), then \\(11\\) on top of it, followed by \\(1089\\) which seems to be the result. However, the student may have misunderstood the instruction to write the answer as ""1___"" instead of the complete product \\(1089\\). The correct way to respond according to the question would be to write ""1089"" in the blank space.\n\n**Error:** 1', '**Reasoning:** The student appears to have multiplied 99 by 11 using a partially visible method. The top line shows 9911/99, which seems to represent the beginning of a multiplication process but does not complete it. The student did not finish the multiplication correctly, leading to an incorrect result. The bottom line shows 620, which is not the correct product of 99 and 11.\n\n**Error:** 1']",Qwen/Qwen2.5-VL-7B-Instruct,False
3217955959661640,礼品包装盒底面长40cm，宽40cm，高0.6m，侧面印刷广告，1个广告盒需要印刷___1___平方米，50个需要印刷___2___平方米。,0.96; 48,1.28; 64,1,primary,1,0.0,True,0,1.0,"['**Reasoning:** The student seems to have misunderstood the problem. The question asks to calculate the area of one side of the gift box, which is a rectangle with dimensions 40 cm x 40 cm. The student has calculated the area as 0.78 square meters, but the correct area should be 0.16 square meters since \\(40 \\times 40 = 1600\\) cm², which is equivalent to 0.16 m². Additionally, the student has written a fraction at the top right corner, ""0.24"", which does not seem relevant to the problem.\n\n**Error:** 1', '**Reasoning:** The student appears to have calculated the surface area of one side of the box by multiplying the length and height, then multiplied it by 4 to get the total surface area. However, the question asks for the area of one side of the box, which would be a single rectangle with dimensions 40cm x 40cm. The correct calculation should be \\(40 \\times 40 = 1600\\) cm², but the student seems to have made a mistake in the calculation or the interpretation of the problem.\n\n**Error:** 1', '**Reasoning:** The student appears to have calculated the surface area of one side of the box but seems to have used the incorrect dimensions or method. The question asks for the area of one side of the box, which should be calculated using the formula for the area of a rectangle (length x width). However, the scratchwork does not show this calculation, and there seems to be a confusion with the units and the dimensions given.\n\n**Error:** 1', '**Reasoning:** The image appears to show the student attempting to calculate the surface area of a box. However, there is no indication that the student has correctly calculated the dimensions provided in the question. The numbers 0.4, 0.32, and 0.78 do not seem to correspond to measurements of length, width, or height. Additionally, the process indicated does not align with the expected steps to find the surface area of a box, which involves multiplying the area of each face of the box and summing them up.\n\n**Error:** 1', '**Reasoning:** The student appears to have made a mistake by subtracting the area of one base from the total surface area of the box. The correct approach would be to calculate the lateral surface area, which involves multiplying the perimeter of the base by the height. The given numbers suggest they are trying to find the area of one side of the box, but the work shown does not align with calculating the required surface area.\n\n**Error:** 1']",Qwen/Qwen2.5-VL-7B-Instruct,False
3214393109131570,要制作40个长方体饼干桶上的广告，广告标签需围绕饼干桶侧面一周。饼干桶底面为正方形，边长为20厘米，桶高是0.3米，标签需要___1___平方米的材料。,9.6,2.4,0,primary,1,0.5004024235381879,True,0,0.8,"['**Reasoning:** The student has written ""0.06"" and ""40"", which seem to represent the dimensions or numbers involved in the problem. However, there is no multiplication being done with these numbers to find the area of the label. The question asks for the area needed for 40 labels, each around the circumference of a cylindrical surface. The formula for the lateral surface area (area of the label) of a cylinder is \\(2\\pi r h\\), where \\(r\\) is the radius of the base and \\(h\\) is the height. The student has not calculated this correctly based on the units given (centimeters need to be converted to meters before calculating).\n\n**Error:** 1', '**Reasoning:** The handwritten work appears as ""0.06 × 4 = 2.40"". This suggests the student multiplied 0.06 by 4, which equals 0.24, not 2.40. The correct answer should be 0.24 square meters, not 2.40 square meters.\n\n**Error:** 1', '**Reasoning:** The image shows the multiplication of 0.06 by 40. The calculation appears to have been performed correctly as 0.06 × 40 = 2.4. However, the image does not show the next step in the problem, which involves converting the area from square centimeters to square meters. The student did not address this conversion step in their work.\n\n**Error:** 0', ""**Reasoning:** The image shows a multiplication problem written as 6 × 4 = 24. However, the question asks for the amount of material needed to make labels around the circumference of rectangular prisms with square bases, each having a side length of 20 cm and height of 0.3 m. The student's scratchwork does not seem to address the given question but rather performs a simple multiplication which doesn't contribute to solving the problem at hand.\n\n**Error:** 1"", '**Reasoning:** The image appears to show a multiplication problem, 0.06 times 40, which does not directly relate to the question about calculating the area of a label around the side of cylindrical containers. The multiplication is incorrect as it should be 0.06 multiplied by the circumference of the base of the container, which is \\(2 \\times \\pi \\times 10\\) cm (since the edge length of the square base is 20 cm, the radius is 10 cm), but the image does not show this calculation. The image seems to be unrelated to the given question.\n\n**Error:** 1']",Qwen/Qwen2.5-VL-7B-Instruct,False
3217953934676570,巧算：$19 \times 19\frac{{18}}{{19}}{\rm { = }}$___1___,379,379\frac{18}{19},0,primary,1,0.0,True,0,1.0,"['**Reasoning:** The image shows that the student has written $20 - \\frac{1}{19}$, which seems unrelated to the multiplication problem presented. There is no clear indication of how $\\frac{18}{19}$ fits into the equation. The work does not appear to follow the correct method for solving the given problem. Additionally, there is a mistake in the subtraction part, as it should be $380 - \\frac{1}{19}$. This suggests that the student did not correctly interpret the problem.\n\n**Error:** 1', ""**Reasoning:** The image shows two calculations. The first calculation attempts to solve $20 - \\frac{1}{19}$ but it's incorrect as the student seems to have subtracted instead of multiplying. The second calculation attempts to solve $380 - \\frac{1}{19}$ which seems to be a correct understanding of the problem but results in an incorrect answer due to the subtraction instead of multiplication.\n\n**Error:** 1"", ""**Reasoning:** The student appears to have started with the expression $20 - \\frac{1}{19}$ but then seems to have written $380$ and $379\\frac{18}{19}$, which suggests an attempt at multiplication but doesn't align with the original question. The question asks to calculate $19 \\times 19\\frac{18}{19}$, but the work shown doesn't match this operation.\n\n**Error:** 1"", ""**Reasoning:** The student appears to have multiplied 19 by 374 and then added 18/19 as if it were a whole number instead of a fraction. This is incorrect because the problem asks to multiply 19 by \\(19\\frac{18}{19}\\) which should be interpreted as 19 times 19 plus an additional 18/19. The student's scratchwork does not show this correct interpretation and instead performs a whole number multiplication followed by an incorrect addition.\n\n**Error:** 1"", '**Reasoning:** The image appears to show the student writing 379 + 1/19, which seems to be an attempt to calculate \\( 19 \\times 19\\frac{18}{19} \\). This method is incorrect because it does not correctly handle the multiplication of mixed numbers. The correct approach would involve converting the mixed number to an improper fraction, multiplying, and then converting back if necessary. There is no clear indication of this process being followed, leading to an incorrect or incomplete solution.\n\n**Error:** 1']",Qwen/Qwen2.5-VL-7B-Instruct,False
3218147076727430,"一个圆锥形油桶,底面积是12平方分米,高是8分米,如果每立方分米可装油0.7千克,这个油桶可装油___1___千克。(得数保留整数)",22,23,2,primary,1,0.0,True,0,1.0,"['**Reasoning:** The student seems to have attempted to multiply 4 by 8 and then divided the result by 0.7, but this does not match the given problem. The problem requires calculating the volume of the cone using the formula \\(V = \\frac{1}{3} \\pi r^2 h\\) and then finding how much oil it can hold. The given scratchwork does not reflect this process.\n\n**Error:** 1', '**Reasoning:** The image appears to show a mix-up in the problem-solving process. The student seems to have started with the multiplication of 4 and 8, which is correct, but then it jumps to multiplying 22 by 0.7, which is not aligned with the problem statement. The problem involves finding the volume of a cone using the formula \\( V = \\frac{1}{3} \\pi r^2 h \\) and then converting units and multiplying by the density of oil. The student should not have started with multiplying 4 by 8 directly.\n\n**Error:** 1', ""**Reasoning:** The student seems to have attempted to solve a different equation related to the volume of a cone but not the given problem about volume and oil capacity. The formula for the volume of a cone is V = (1/3)πr²h, but the student's calculations do not match this formula. Instead, they appear to be solving an equation involving x and multiplying it by some numbers, which does not align with the problem at hand.\n\n**Error:** 1"", '**Reasoning:** The student seems to have misunderstood the question. The question asks for the volume of the cone-shaped oil barrel, which requires using the formula V = 1/3 * π * r^2 * h. However, the scratchwork appears to be working with multiplication and division operations on 4, 8, and 7, which do not relate to the volume calculation of the cone. This suggests a misunderstanding of the problem.\n\n**Error:** 1', ""**Reasoning:** The student seems to have attempted to calculate something that doesn't correspond to the problem. The question asks for the volume of a cone-shaped oil container and then the amount of oil it can hold, using the formula for the volume of a cone V = (1/3)πr²h. However, the scratchwork appears to involve multiplication and division but does not match the steps needed for the given problem. There is no indication of the correct formula being used, and the numbers don't align with the required calculations. Thus, it cannot be determined if there's an error based solely on the provided image due to the lack of clear representation.\n\n**Error:** 1""]",Qwen/Qwen2.5-VL-7B-Instruct,False
3217956464173270,现要做一个圆柱形无盖大木桶，底面直径1m，深1.2m，这个木桶的底面积是___1___平方分米，做这个木桶所需木材的面积是___2___平方分米,78.5; 455.3,0.785; 4.553,1,primary,1,0.0,True,0,1.0,"['**Reasoning:** The student appears to be calculating the area of the bottom of the cylinder and the lateral surface area of the cylinder. However, the calculations provided do not match the question which asks for the area of the bottom and the total surface area of the cylinder including the top (since it is a closed cylinder). The calculations shown seem to be incorrect for the problem at hand.\n\n**Error:** 1', '**Reasoning:** The image shows two calculations related to finding the area of a circle and multiplying numbers. However, these calculations do not directly relate to solving the given problem about making a cylindrical tank without a lid. The problem involves calculating the surface area of the tank, which includes the bottom and side areas but not the top. The student has performed the multiplication and division correctly, but they are using the wrong context. The calculations in the image do not address the surface area required for the tank as per the question.\n\n**Error:** 1', '**Reasoning:** The student has calculated the area of the bottom of the cylinder using the formula \\( \\pi r^2 \\) where \\( r = 0.5 \\) meters (half of the diameter). However, the problem asks for the area in square decimeters, and the student has not converted the units correctly. The correct area should be \\( 3.14 \\times 0.5^2 = 0.785 \\) square meters, which is 78.5 square decimeters. The student has performed the multiplication correctly but has incorrectly interpreted the units.\n\n**Error:** 1', ""**Reasoning:** The image shows two calculations:\n1. Multiplying 3.14 by 1.2 to find the circumference, which results in 3.768.\n2. Multiplying 3.14 by 0.25 to find the area of the base of the cylinder. However, the numbers seem incorrect as they do not align with the expected values for these operations.\n\nThe first operation (multiplying 3.14 by 1.2) should give approximately 3.768, but the image suggests a different value. The second operation (multiplying 3.14 by 0.25) also results in a number that does not match the expected outcome for finding the area of a circle's base.\n\n**Error:** 1"", '**Reasoning:** The student seems to have attempted to multiply \\(3.14\\) (which should be the area of the base) with \\(1.2\\) (the height) to find the volume of the cylinder but incorrectly multiplied with \\(0.25\\). This is a misinterpretation of the problem. The correct multiplication should involve multiplying the base area \\(3.14\\) by the height \\(1.2\\), which would give \\(3768 \\text{ cm}^2\\).\n\n**Error:** 1']",Qwen/Qwen2.5-VL-7B-Instruct,False
3217956328695730,机床厂原来制造每台机床用钢材1.02吨，改进设计后，每台比原来节约0.12吨，原来制造300台机床所用的钢材，现在可以多制造机床___1___台。,40,2550,1,primary,1,0.0,True,0,1.0,"[""**Reasoning:** The student seems to have attempted to perform multiplication and division calculations, which do not align with the given problem. The problem asks for the number of additional machines that can be produced with the same amount of steel after the improvement. However, the student's work does not reflect the correct solution process. Instead, they appear to be solving a different problem, possibly related to the sum of numbers or a multiplication problem, which is unrelated to the given context.\n\n**Error:** 1"", '**Reasoning:** The student appears to be solving a multiplication problem: \\(300 \\times 1.02\\), which is part of the question but seems unrelated to the final answer required. The final step shows what looks like a division operation \\(430600 \\div 24 = 1794.1667\\). This does not match the expected answer for the question, which asks about the number of additional machines that can be made after reducing the steel consumption per machine. The student has not correctly applied the given information to find the difference in the number of machines that can be produced with the same amount of steel.\n\n**Error:** 1', '**Reasoning:** The student has performed a multiplication operation (300 x 1.02) but the problem asks for the amount of steel saved per machine, which should be calculated as 1.02 - 0.12 = 0.90 tons. The student seems to have incorrectly mixed up these two calculations, leading to an incorrect result in their scratchwork.\n\n**Error:** 1', '**Reasoning:** The student appears to have performed a multiplication incorrectly. The problem asks for the amount of steel saved by manufacturing 300 machines with the new design compared to the old one. The student has calculated the total amount of steel needed for the original 300 machines, which is $300 \\times 1.02 = 306$ tons. However, the problem requires comparing the steel needed before and after the design change, not calculating the total steel needed for 300 machines.\n\nThe student should have calculated the difference in steel usage per machine ($1.02 - 0.12 = 0.90$ tons) and then multiplied this by 300 to find the total saving. Instead, they seem to have multiplied the number of machines by the original amount of steel per machine, which is incorrect for the problem at hand.\n\n**Error:** 1', '**Reasoning:** The student appears to have incorrectly calculated the total savings in steel used when improving the design. The original amount of steel used per machine is 1.02 tons, and the improvement saves 0.12 tons per machine. However, the student has multiplied these two figures together instead of subtracting them to find the total savings. This results in a value that does not logically represent the total savings.\n\n**Error:** 1']",Qwen/Qwen2.5-VL-7B-Instruct,False
3217956582383850,体育课上，老师让小朋友手拉手围成一个长方形，每两人之间的距离是10分米，把手放下后，数了数，每条长边上有11个空，每条短边上有9个空，围成的长方形的周长是___1___米。(忽略小朋友身体的宽度。),40,4,2,primary,1,0.0,True,0,1.0,"['**Reasoning:** The student seems to have multiplied the number of spaces on one long side (11) and two short sides (9 each) by 2, which suggests they might be trying to calculate the total number of points where hands meet. However, the question asks for the perimeter of the rectangle formed by these points, not the total number of connection points. The correct approach would be to calculate the perimeter using the number of spaces given, considering each space represents a distance of 10 dm (or 1 meter). For example, with 11 spaces on one long side, the length of the long side would be \\(11 \\times 1 = 11\\) meters; with 9 spaces on each short side, the width would be \\(9 \\times 1 = 9\\) meters. Therefore, the perimeter should be calculated as \\(2 \\times (11 + 9) = 40\\) meters, not 41 meters.\n\n**Error:** 1', ""**Reasoning:** The student appears to have multiplied 200 by 2, resulting in 400 instead of the correct calculation based on the question's context. The question asks for the perimeter of a rectangle formed by the distances between hands, which should be calculated as \\(2 \\times (\\text{length} + \\text{width})\\). Given there are 11 intervals along each long side and 9 intervals along each short side, we need to calculate the total length and width in terms of the distance between hands (which is 10 dm or 1 meter per interval).\n\n- Long sides: \\(11 \\times 1 = 11\\) meters.\n- Short sides: \\(9 \\times 1 = 9\\) meters.\n- Perimeter: \\(2 \\times (11 + 9) = 2 \\times 20 = 40\\) meters.\n\nThe student's multiplication of 200 by 2 does not match this calculation.\n\n**Error:** 1"", '**Reasoning:** The scratchwork appears to show a division process, but it does not match the given problem. The problem involves finding the perimeter of a rectangle with known distances between points along the sides. The work shown seems to be attempting a different calculation, possibly unrelated to the given problem. Therefore, there is no relevant work being done to solve the problem at hand.\n\n**Error:** 1', ""**Reasoning:** The student seems to have misunderstood the question. The question asks for the perimeter of the rectangle formed by the children's hand distances, but the scratchwork appears to be solving for the area using the numbers given. The student has multiplied the number of spaces between the children (110 and 90) by 2 instead of calculating the actual dimensions of the rectangle and then its perimeter.\n\n**Error:** 1"", ""**Reasoning:** The student has written down the numbers 110, 90, and 200, but it's unclear what these numbers represent. There is no clear indication of how these numbers were derived or their relevance to the problem. The question asks for the perimeter of a rectangle formed by hand spacing, with each side having a certain number of gaps. The given numbers do not align with the problem statement.\n\n**Error:** 1""]",Qwen/Qwen2.5-VL-7B-Instruct,False
3217955473200810,图书馆买来新书852本，平均放在3个书架上，每个书架有4层，平均每层放书___1___本。[br],71,72,4,primary,1,0.0,True,0,1.0,"['**Reasoning:** The image appears to show two separate calculations. On the left, the division \\(952 \\div 3\\) is being attempted, which is incorrect for the given problem as it should be \\(852 \\div 3\\). The right part seems to be a different calculation involving \\(286 \\div 4\\), which also does not match the question. The scratchwork does not address the correct division needed for the problem.\n\n**Error:** 1', '**Reasoning:** The student appears to be performing division calculations but the context of the question is different. The question asks for the average number of books per layer given the total books and the arrangement details. However, the student is calculating the remainder after dividing 852 by 3, which is the total books divided by the number of bookshelves, not per layer as the question suggests.\n\n**Error:** 1', '**Reasoning:** The student appears to have performed division calculations instead of multiplication. The top part of the work seems to involve dividing 952 by 3, which is incorrect according to the question. The bottom part involves 286 divided by 4, which should be the correct calculation based on the question. However, the question asks for the average number of books per layer, which requires multiplication, not division.\n\n**Error:** 1', ""**Reasoning:** The student has attempted to divide 286 by 3, which is incorrect for the problem at hand. The problem requires dividing 852 by 3, as there are 3 bookshelves. The student's work is for 286 divided by 3 instead. This leads to an incorrect calculation, resulting in an incorrect conclusion.\n\n**Error:** 1"", '**Reasoning:** The student has correctly divided 852 by 3 to find the number of books per bookshelf, resulting in 284. However, the question asks for the number of books per layer, which should be calculated by dividing the total number of books by the total number of layers (3 bookshelves * 4 layers each). The student performed division by 3 instead of 12, leading to an incorrect answer.\n\n**Error:** 1']",Qwen/Qwen2.5-VL-7B-Instruct,False
3217955571492630,一台车上有些柴油，如果又加入了36.5L，后又用掉30.8L，还剩下36L；如果先用掉26.5L，再加入40.1L，还剩___1___L。,43.9,43.89,1,primary,1,0.6730116670092565,True,0,0.6,"['**Reasoning:** The left part of the scratchwork correctly calculates 36.0 + 30.8 = 66.8, then subtracts 36.5 to get 30.3, which matches the expected answer. However, the right part of the scratchwork seems to have a misread in the subtraction step. The initial number should be 37.9, but it appears as 30.30 after 26.51 has been subtracted. This results in an incorrect intermediate step before adding 40.1. The final result, 43.89, is also incorrect due to the mistaken intermediate values.\n\n**Error:** 1', ""**Reasoning:** The student has performed addition and subtraction correctly as per the steps given. However, the initial problem statement asks for a different calculation which involves subtraction and addition in a specific order. The student's work does not match the required sequence of operations.\n\nThe first set of calculations should be:\n- Start with 36L.\n- Subtract 30.8L.\n- Add 36.5L.\n\nThe second set of calculations should be:\n- Start with 30.30L.\n- Subtract 26.5L.\n- Add 40.1L.\n\nThe student's work seems to be incorrect because it does not follow the order and context of the problem asked.\n\n**Error:** 1"", '**Reasoning:** The student has performed the addition and subtraction operations correctly as per the instructions given. For the first part, 36.0 + 30.8 - 36.5 = 30.3, which matches the expected answer. Similarly, for the second part, 30.30 - 26.51 + 40.1 = 43.89, also matching the expected answer. There is no error in the calculations shown.\n\n**Error:** 0', '**Reasoning:** The student has correctly calculated both addition and subtraction operations as per the given question. For the first part of the question, the student added 36.0 + 30.8 and then subtracted 36.5, resulting in 30.3, which matches the reference solution. For the second part, the student subtracted 26.5 and then added 40.1, arriving at 43.8, which also matches the reference solution.\n\n**Error:** 0', ""**Reasoning:** The student appears to have performed two separate calculations instead of combining them as required by the problem statement. The first calculation correctly adds 36.0 and 30.8 to get 66.8, then subtracts 36.5 to get 30.3. However, the second calculation incorrectly adds 30.3 and 26.5 to get 37.9, which should be subtracted from 30.3 to find the remaining amount after using 26.5L. Additionally, the addition of 40.1L at the end does not follow the problem's instruction to combine all operations together.\n\n**Error:** 1""]",Qwen/Qwen2.5-VL-7B-Instruct,False
3214393139486310,小李与小王从家去电影院，两人走的路程相同，小李要用25分钟，小王要用\[\frac{2}{5}\]小时，___1___走的快一些。,小王,小李,0,primary,1,0.6730116670092565,True,0,0.6,"['**Reasoning:** The scratchwork seems to involve calculating \\(\\frac{25 \\div 5}{60 \\div 5} = \\frac{5}{12}\\). The problem requires comparing the speeds of two individuals, which would typically involve dividing distances by time or converting time units to find a rate comparison. However, the work shown does not actually address the speed comparison required by the question. Instead, it seems to confuse the concept with a division operation. There is no indication of speed or distance being considered here.\n\n**Error:** 1', '**Reasoning:** The student has attempted to divide 25 by 5 and then divide 60 by 5, which is correct but irrelevant to the question. The question asks who walks faster between two people with equal distances but different times. The student should compare \\(\\frac{2}{5}\\) hours to 25 minutes, and then determine whose time is less. The division part seems to be a miscalculation or unrelated to the actual problem at hand.\n\n**Error:** 1', ""**Reasoning:** The student appears to have attempted to simplify the expression \\(\\frac{25 \\div 5}{60 \\div 5} = \\frac{5}{12}\\). However, the division operation seems to be applied incorrectly. The correct simplification should be \\(\\frac{25 \\div 5}{60 \\div 5} = \\frac{5}{12}\\), but the division by 5 should be applied separately to both the numerator and the denominator. The student's work does not reflect this separation, leading to an incorrect simplification.\n\n**Error:** 1"", ""**Reasoning:** The student's work involves simplifying fractions. The fraction \\(\\frac{25}{60}\\) is simplified to \\(\\frac{5}{12}\\). This part seems correct. However, the division \\(25 \\div 5\\) results in \\(5\\) and the division \\(60 \\div 5\\) results in \\(12\\), which is correctly written as \\(\\frac{5}{12}\\). There doesn't seem to be an error in the simplification process itself; however, there appears to be a discrepancy in the context of the question, as it asks about who is faster, and the solution provided does not directly address the speed comparison between the two individuals.\n\n**Error:** 0"", ""**Reasoning:** The image contains a division problem written as \\(\\frac{25÷5}{60÷5} = 5\\), but there is no complete solution visible. However, the question asks about comparing speeds, which typically involves fractions or ratios. The provided scratchwork seems to be part of solving a division problem, but it doesn't align with the question context. There is no visible error in the calculation itself if we focus solely on the division, but the context suggests a misunderstanding of the question.\n\n**Error:** 0""]",Qwen/Qwen2.5-VL-7B-Instruct,False
3217955828358040,一池锦鲤有4尾，第一次补充池中已有的一倍，以后每次补充池中数量的一倍，第三次补充___1___尾，第五次补充___2___尾。,16; 64,12; 20,1,primary,1,0.6730116670092565,True,0,0.6,"['**Reasoning:** The image shows ""8"" divided by ""12"". This does not match the context of the question, which describes a series of multiplications involving the initial number of carp fish (4) and doubling each subsequent time. There is no indication of division in the problem description. The given work seems irrelevant to the question.\n\n**Error:** 1', '**Reasoning:** The image shows only ""1"" as part of the solution. There is no indication of calculations or steps leading up to this answer, which suggests no work has been done related to the question\'s context about fish in a pond being doubled each time. The student has likely not understood the problem or has not attempted the calculation.\n\n**Error:** 1', '**Reasoning:** The image shows the fraction ""8/12"", which suggests a possible simplification of the number of fish added each time. However, the question asks for the number of fish added in the third and fifth times, which appears to be a misunderstanding since it does not relate to the fraction shown. The fraction itself is not relevant to the context of the question about adding fish. Therefore, there seems to be a misunderstanding of the question and the relevance of the given fraction.\n\n**Error:** 1', '**Reasoning:** The image does not contain any mathematical work; it only shows two numbers written vertically, ""8"" and ""12"". There are no calculations or steps leading up to these numbers, so there is no evidence of a calculation error. However, since the question involves calculating the number of koi fish after each addition, this work is insufficient to determine if there is an error in the process. \n\n**Error:** 0', '**Reasoning:** The image only shows the numbers ""8"" and ""12"", which could represent intermediate steps in the problem-solving process. However, there is no indication of a solution or final answer. The question asks for the number of carp added in the third and fifth times. Since the image does not show these calculations, it is impossible to determine if there are errors in those steps based solely on what is provided.\n\n**Error:** 0']",Qwen/Qwen2.5-VL-7B-Instruct,False
0bd88200f54711e999b77cd30a5a3038,不等式组$\left\{\begin{array}{l}2x + 1 &gt; 3(x - 1)\\\frac{{1 + x}}{2} - \frac{{x - 1}}{3} \le1\end{array} \right.$的最大整数解是____,1,4,2,middle,1,0.0,True,0,1.0,"['**Reasoning:** The first part of the work correctly solves the inequality \\(2x + 1 > 3(x - 3)\\), leading to \\(x < 4\\). The second part incorrectly solves the inequality \\(\\frac{1 + x}{2} - \\frac{x - 1}{3} \\leq 1\\). After simplifying, the correct solution should be \\(x \\leq 1\\), but the student incorrectly simplifies it to \\(x \\leq -1\\).\n\n**Error:** 1', '**Reasoning:** The first inequality $2x+1 > 3(x-1)$ is correct and leads to $x < 4$. However, the second inequality $\\frac{1+x}{2} - \\frac{x-1}{3} \\leq 1$ simplifies incorrectly. The student correctly combined the fractions but then simplified $3+3x-2x+2 \\leq 6$ to $x \\leq 1$, which is incorrect. The correct simplification should be $3+3x-2x+2 \\leq 6$ leading to $x \\leq -1$.\n\n**Error:** 1', '**Reasoning:** For the first inequality, $2x+1 > 3x-3$, the student correctly simplified it to $-x > -4$ and then to $x < 4$. However, for the second inequality, $\\frac{1+x}{2} - \\frac{x-1}{3} \\leq 1$, the student seems to have incorrectly simplified it to $3 + 3x - 2x + 2 \\leq 6$. This simplification should have been $3 + \\frac{3x}{2} - \\frac{x}{3} - \\frac{1}{3} \\leq 6$, which would further simplify to $\\frac{9x}{6} + \\frac{2x}{6} - \\frac{2}{6} \\leq 6$, or $\\frac{11x - 2}{6} \\leq 6$. The correct final step should be solving for $x \\leq \\frac{38}{11}$, not $x \\leq 1$ as shown.\n\n**Error:** 1', ""**Reasoning:** For the first inequality \\(2x + 1 > 3x - 3\\), the solution is correct with \\(x < 4\\). However, for the second inequality \\(\\frac{1 + x}{2} - \\frac{x - 1}{3} \\le 1\\), the student simplified it incorrectly. The correct simplification should involve finding a common denominator, which would be 6, leading to \\(3(1 + x) - 2(x - 1) \\leq 6\\). This results in \\(3 + 3x - 2x + 2 \\leq 6\\) and simplifies to \\(x + 5 \\leq 6\\), hence \\(x \\leq 1\\). The student's simplification is incorrect as it did not correctly combine like terms.\n\n**Error:** 1"", '**Reasoning:** The first inequality $2x+1 > 3(x-1)$ simplifies correctly as it results in $-x > -4$ and thus $x < 4$. However, the second inequality $\\frac{1+x}{2} - \\frac{x-1}{3} \\leq 1$ simplifies incorrectly. The correct simplification should lead to $x \\leq 1$, but the student has written $x \\leq -1$. This indicates the incorrect simplification step.\n\n**Error:** 1']",Qwen/Qwen2.5-VL-7B-Instruct,False
3217954805139710,在一次数学实验课上，老师为了测量四名同学的跳远成绩，发现小杰的成绩是3.26米，比小芳多跳了0.15米，小宁比小芳少跳了0.14米，小超比小宁多跳了0.11米，则小超的跳远成绩是___1___米。,3.08,2.98,0,primary,1,0.0,True,0,1.0,"['**Reasoning:** The student has solved three separate equations:\n1. $2.87 + 0.11 = 2.98$\n2. $3.6 - 0.15 = 3.45$ instead of $3.11$\n3. $3.11 - 0.14 = 2.97$ instead of $2.47$\n\nThe first equation is correct. The second equation incorrectly calculates the difference between 3.6 and 0.15 as 3.45 instead of 3.45. The third equation incorrectly calculates the difference between 3.11 and 0.14 as 2.97 instead of 2.47.\n\n**Error:** 1', ""**Reasoning:** The student has calculated three different additions and subtractions incorrectly. The correct calculations should be:\n- 小芳的成绩: 3.26 - 0.15 = 3.11\n- 小宁的成绩: 3.11 - 0.14 = 2.97\n- 小超的成绩: 2.97 + 0.11 = 3.08\n\nThe student's work does not match these correct values.\n\n**Error:** 1"", '**Reasoning:** The student has performed the arithmetic calculations correctly:\n- 3.26 - 0.15 = 3.11 (Correct)\n- 3.11 + 0.14 = 3.25 (Correct)\nHowever, the final answer does not match the expected value based on the problem statement. The student should have calculated 3.11 + 0.11 = 3.22, which is the correct answer according to the problem.\n\n**Error:** 1', '**Reasoning:** The image contains calculations unrelated to the given problem. The student has written some arithmetic operations but they do not correspond to the question about the jump distances. The question asks for the jump distance of Xiao Chao based on the given differences between the jump distances of Xiao Jie, Xiao Fang, Xiao Ning, and Xiao Chao. The handwritten work does not address the question at all.\n\n**Error:** 1', ""**Reasoning:** The student appears to have solved the equations incorrectly based on the given addition and subtraction operations. The problem states that Yujie's score is 3.26 meters, which is 0.15 meters more than Xiaofang's score. Therefore, Xiaofang's score should be 3.26 - 0.15 = 3.11 meters. Next, Xiaoming's score is 0.14 meters less than Xiaofang's score, so Xiaoming's score should be 3.11 - 0.14 = 2.97 meters. Finally, Xiao Chao's score is 0.11 meters more than Xiaoming's score, so Xiao Chao's score should be 2.97 + 0.11 = 3.08 meters. However, the student's scratchwork does not reflect these calculations correctly.\n\n**Error:** 1""]",Qwen/Qwen2.5-VL-7B-Instruct,False
3217954236670680,体育馆有一块长17米，宽9米的长方形空地，现这块空地要放上板凳供小朋友入座，如果每平方米可以放4个板凳，这块空地一共可以放___1___个板凳。,612,38,1,primary,1,0.0,True,0,1.0,"['**Reasoning:** The image shows a division problem being worked out, but it does not match the context of the question. The question asks about the number of board seats that can fit in a rectangular field, which involves multiplication of area and density. The image appears to be solving an unrelated division problem.\n\n**Error:** 1', '**Reasoning:** The student appears to be attempting long division but seems to have made an arithmetic error. The number 38.2 should be the quotient if dividing 153.0 by 4, but the student has written it as the dividend instead. This suggests the student might have written 38.2 incorrectly or is using it as part of the division problem instead of the divisor.\n\n**Error:** 1', ""**Reasoning:** The image appears to show a division problem where 53.0 is divided by 4, resulting in 13.25. However, the question asks about the number of benches that can be placed on the area of a rectangle with dimensions 17 meters by 9 meters, which is 153 square meters. If each square meter can accommodate 4 benches, then the correct calculation should be 153 * 4 = 612 benches. The student's work seems to have a confusion between multiplication and division, as well as the calculation of the area.\n\n**Error:** 1"", '**Reasoning:** The image shows a division problem where the student is dividing 153.0 by 4. The quotient shown is 38.2, which is correct. However, the divisor and dividend appear reversed compared to the question. The question asks about the number of board seats that can fit into a rectangular area of 17 meters by 9 meters at a rate of 4 seats per square meter. The division should be 17 * 9 / 4 = 35.625, not the reverse division shown. The scratchwork does not reflect the correct interpretation of the problem.\n\n**Error:** 1', '**Reasoning:** The image shows a division problem where the student has divided 153.0 by 4, which resulted in 38.2. However, the question asks for the number of board benches that can fit on a rectangular area with a length of 17 meters and a width of 9 meters, given that each square meter can accommodate 4 board benches. The student seems to have misunderstood the problem as a division problem instead of calculating the area first.\n\n**Error:** 1']",Qwen/Qwen2.5-VL-7B-Instruct,False
9980471fd64224791579ca5d3087ebcd,"若三角形的三边长分别为$10m + 3,5m,5m + 6$，当\____时， 此三角形是直角三角形 ．","$\frac{{3\sqrt 3 }}{{10}}$ 或$\frac{{3\sqrt 6 }}{{10}}$, $\frac{{3\sqrt 6 }}{{10}}$或$\frac{{3\sqrt 3 }}{{10}}$, $\frac{{3}}{{10}}\sqrt 3 $ 或$\frac{{3}}{{10}}\sqrt 6 $, $\frac{{3}}{{10}}\sqrt 6 $或$\frac{{3}}{{10}}\sqrt 3 $",\frac{3\sqrt{150}}{50}或\frac{3\sqrt{3}}{10},3,middle,1,0.5004024235381879,True,0,0.8,"['**Reasoning:** The student correctly expanded both $(10m+3)^2$ and $(5m)^2 + (5m+6)^2$. However, there seems to be a mistake in combining like terms after expanding. Specifically, the coefficient of $m^2$ should be adjusted to reflect the correct sum of the terms. The step where the student writes $50m^2$ instead of $75m^2$ indicates an error as it should be $75m^2 - 25m^2 = 50m^2$. Also, the simplification of the equation should lead to a quadratic equation which can be solved for $m^2$, not directly for $m$. \n\n**Error:** 1', '**Reasoning:** The student appears to have made an error while expanding the binomial expressions. The expansion should be as follows:\n- \\((10m + 3)^2 = 100m^2 + 60m + 9\\)\n- \\((5m)^2 = 25m^2\\) \n- \\((5m + 6)^2 = 25m^2 + 60m + 36\\)\n\nHowever, the student incorrectly wrote \\(68m\\) instead of \\(60m\\) when combining like terms after squaring and expanding the expressions. This miscalculation leads to an incorrect quadratic equation and subsequent incorrect solutions for \\(m\\).\n\n**Error:** 1', ""**Reasoning:** The student's work appears to attempt solving a quadratic equation derived from the Pythagorean theorem, but the calculations are incorrect. The equation should be $(10m+3)^2 = (5m)^2 + (5m+6)^2$, but it incorrectly expands to $100m^2 + 60m + 9 = 25m^2 + 25m^2 + 60m + 36$. This results in an additional term of $60m$ that should not be there, leading to an incorrect solution.\n\n**Error:** 1"", ""**Reasoning:** The student has attempted to apply the Pythagorean theorem to find when the triangle is a right triangle. However, there's a mistake in the application of the theorem. The given sides are $10m+3$, $5m$, and $5m+6$. For the triangle to be a right triangle, one side must be the hypotenuse. The student should have squared each side and set the sum of the squares of the two shorter sides equal to the square of the longest side if it is the hypotenuse.\n\nThe student's work includes squaring the expressions correctly, but there's an error in identifying the hypotenuse. The longest side should be considered as the potential hypotenuse, which is $5m+6$, not $10m+3$. The correct setup should be $(5m)^2 + (5m)^2 = (5m+6)^2$. The student incorrectly used $10m+3$ and $5m+6$ instead.\n\n**Error:** 1"", '**Reasoning:** The student has correctly set up the equation for the Pythagorean theorem based on the given side lengths. They have expanded both squared terms correctly but made a mistake in the simplification step. Specifically, the term \\(60m\\) should be simplified to \\(27\\), not \\(78\\). This results in a correct expression \\(50m^2 = 27\\), which is then solved correctly for \\(m\\).\n\n**Error:** 0']",Qwen/Qwen2.5-VL-7B-Instruct,False
3217954352147380,四年级二班要植一批树，计划每小时植84棵，需要8小时可以植完。实际每小时可以植96棵，那么实际可以提前___1___小时完成植树任务。,1,7,1,primary,1,0.0,True,0,1.0,"['**Reasoning:** The student seems to have attempted to divide the total number of trees (672) by the new planting rate (96) to find the time taken. However, the scratchwork does not show the correct step-by-step process for solving the problem. Instead, it appears to have written ""7"" which might be the quotient from the division but lacks the context of the complete calculation. This suggests a misunderstanding or an incomplete attempt at solving the problem.\n\n**Error:** 1', '**Reasoning:** The student has written ""672"" which seems like an intermediate step in the division problem but does not correspond to a correct calculation based on the given numbers. The actual calculation should be \\(96 \\div 8 = 12\\), but it appears as if the student might have intended to calculate something else or made a mistake in writing down the numbers. The final answer ""576"" does not align with the given problem either, suggesting a misunderstanding or incorrect application of the formula.\n\n**Error:** 1', '**Reasoning:** The scratchwork appears to show a division problem, possibly intended to calculate something related to the number of trees planted per hour. However, there is no clear indication of the actual division process being performed correctly. The top part seems to represent a division with a remainder, but it is not written in a standard format and lacks detail. The bottom part shows a different division problem, which also does not appear to be solved correctly. There is no evident connection to the original question about planting trees and how many hours would be saved by planting at a faster rate.\n\n**Error:** 1', ""**Reasoning:** The student seems to have attempted long division but it doesn't appear they completed the problem correctly. There is an initial incorrect setup or a miscalculation leading to a wrong quotient. Given the question asks for how many hours can be saved if planting at 96 trees per hour, the student should have calculated the total number of trees required and then determined the new time needed at the higher rate, which isn't reflected in the image.\n\n**Error:** 1"", '**Reasoning:** The student has written ""7"" as the quotient when dividing 672 by 84, but 672 divided by 84 equals 8, not 7. There is a calculation error in the work shown.\n\n**Error:** 1']",Qwen/Qwen2.5-VL-7B-Instruct,False
19cfe8ac366f3abaf6fbc6db9a631c4a,"直角三角形的两边之和为27，这两边之差为3,那么它的第三边长度为____．","9或$3\sqrt {41} $, $3\sqrt {41} $或$9$",\sqrt{369}或9,3,middle,1,0.0,True,0,1.0,"[""**Reasoning:** The student incorrectly solved a system of equations intended for a right triangle problem involving two sides summing to 27 and their difference being 3. However, the student's work shows solving a different system of equations with variables a and b, and their approach seems to involve incorrect arithmetic or mistaken steps.\n\n**Error:** 1"", '**Reasoning:** The student correctly solved the system of equations but made a mistake in the final step. The equations given are:\n1. \\(a + b = 27\\)\n2. \\(a - b = 3\\)\n\nThey correctly solved these equations to find \\(a = 15\\) and \\(b = 12\\). However, instead of finding the length of the third side using the Pythagorean theorem, they attempted to subtract the squares of \\(a\\) and \\(b\\) which is incorrect.\n\n**Error:** 1', '**Reasoning:** The student correctly set up the equations based on the problem statement. However, there seems to be a misunderstanding in the solution process. The student added \\(a + b\\) and then subtracted it again instead of using substitution or elimination effectively. The correct approach would involve solving the system of equations directly or using substitution/elimination methods correctly. Instead, the student correctly solved for \\(b\\) but the setup for solving \\(a\\) was incorrect.\n\n**Error:** 1', '**Reasoning:** The student has correctly set up and solved the system of equations to find the lengths of the two given sides of the right triangle. The calculations for finding \\(a\\) and \\(b\\) appear to be correct based on the initial setup. However, the third side length of the right triangle should be calculated using the Pythagorean theorem, \\(c = \\sqrt{a^2 + b^2}\\). The student has not performed this calculation.\n\n**Error:** 1', '**Reasoning:** The student has correctly set up the equations based on the given problem: \\(a + b = 27\\) and \\(a - b = 3\\). They subtracted these equations to find \\(2a = 30\\), which correctly gives \\(a = 15\\). However, they then added the two original equations instead of substituting \\(a = 15\\) into one of the equations to solve for \\(b\\). This step should have been \\(15 + b = 27\\), giving \\(b = 12\\). The student then multiplied 12 by 2, but this is not necessary to solve for \\(b\\).\n\n**Error:** 1']",Qwen/Qwen2.5-VL-7B-Instruct,False
3217957357594620,丽丽家每天订2袋牛奶，每袋牛奶1.8元，7月份丽丽家订牛奶一共花费___1___元。,111.6,1116,6,primary,1,0.0,True,0,1.0,"['**Reasoning:** The student has correctly calculated the total cost for one month and then multiplied it by 31 days. However, the multiplication step seems to have been done incorrectly, as the product \\(3.6 \\times 31\\) should yield \\(111.6\\), but the student wrote \\(711.6\\).\n\n**Error:** 1', '**Reasoning:** The student has multiplied 3.6 by 31, which is incorrect based on the context of the question. The question asks for the total cost of 2 bags of milk at 1.8 yuan each per day over the month of July, which requires multiplying 1.8 by 2 first, then by the number of days in July (which is 31). The student did not perform the multiplication correctly and appears to have multiplied 3.6 with 31 instead.\n\n**Error:** 1', ""**Reasoning:** The student has correctly calculated the cost of one month's milk at 1.8 * 31 = 55.8 yuan. However, the total monthly cost should be 1.8 * 7 = 12.6 yuan, not 55.8 yuan as indicated in the student's work.\n\n**Error:** 1"", '**Reasoning:** The student appears to have multiplied 1.8 by 31 instead of 30 as intended. The correct multiplication would be 1.8 * 30 = 54. The student has calculated 1.8 * 31 = 55.8, which is incorrect according to the question.\n\n**Error:** 1', '**Reasoning:** The student has correctly multiplied 1.8 by 30 to get 54, but then incorrectly multiplied 1.8 by 1 to get 1.8 instead of recognizing that multiplying by 1 does not change the number, resulting in 54 + 0 = 54. The correct sum should be 54 + 1.8 = 55.8.\n\n**Error:** 1']",Qwen/Qwen2.5-VL-7B-Instruct,False
3217954520305290,简便计算。 $202 \times 204 \times (\frac{1}{{202 \times 203}} -\frac{1}{{203 \times 204}})$=___1___,\frac{2}{{203}},2,1,primary,1,0.0,True,0,1.0,"[""**Reasoning:** The student seems to have simplified the expression incorrectly. The expression given is $202 \\times 204 \\times \\left(\\frac{1}{202 \\times 203} - \\frac{1}{203 \\times 204}\\right)$. Simplifying inside the parentheses first gives:\n$$\\frac{1}{202 \\times 203} - \\frac{1}{203 \\times 204} = \\frac{204 - 202}{202 \\times 203 \\times 204} = \\frac{2}{202 \\times 203 \\times 204}.$$\nThen multiplying by $202 \\times 204$ results in:\n$$202 \\times 204 \\times \\frac{2}{202 \\times 203 \\times 204} = \\frac{2}{203}.$$\nThe student's scratchwork does not correctly simplify the expression and results in a different, incorrect form.\n\n**Error:** 1"", '**Reasoning:** The student appears to have attempted the problem but made a mistake in simplifying the difference between the two fractions. The correct approach would involve finding a common denominator and then performing the subtraction. However, the image does not provide the completed solution, making it difficult to determine if the intermediate steps are correct. The student seems to have stopped before completing the subtraction, which cannot be verified from the given image alone.\n\n**Error:** 1', '**Reasoning:** The student has correctly simplified the fraction $\\frac{1}{202 \\times 203} - \\frac{1}{203 \\times 204}$ to $\\frac{1}{203^2}$. However, the work does not show the next step where this expression would be multiplied with the product $202 \\times 204$. There is no indication of calculating the final result of the entire expression $202 \\times 204 \\times \\left(\\frac{1}{202 \\times 203} - \\frac{1}{203 \\times 204}\\right)$. \n\n**Error:** 1', '**Reasoning:** The student has performed the operations within the parentheses correctly: $\\frac{1}{202 \\times 203} - \\frac{1}{203 \\times 204}$ simplifies to $\\frac{1}{202 \\times 203} - \\frac{1}{202 \\times 203 \\times 204/203} = \\frac{1}{202 \\times 203} - \\frac{1}{202 \\times 204}$. This step is correct. However, the student then multiplies this result by $202 \\times 204$ instead of just taking the reciprocal as required by the original expression. The correct answer should be $\\frac{1}{203 \\times 204}$.\n\n**Error:** 1', '**Reasoning:** The student tried to simplify the expression but made a mistake. They correctly recognized that the terms inside the parentheses would cancel out, but they incorrectly wrote the expression as $\\frac{1}{202 \\times 203} - \\frac{1}{203 \\times 204}$ instead of simplifying it to $\\frac{1}{203 \\times 202} - \\frac{1}{203 \\times 204}$. This leads to an incorrect calculation because the terms do not directly cancel out as initially thought.\n\n**Error:** 1']",Qwen/Qwen2.5-VL-7B-Instruct,False
3214393474162250,周末西西去超市买了25.8元的饼干与64元的巧克力，所带的钱刚好用完。如果西西用这些钱买78.5元的赛车，还能剩下___1___元。,11.3,1.3,0,primary,1,0.5004024235381879,True,0,0.8,"['**Reasoning:** The student appears to have added 25.8 and 64 incorrectly, resulting in 79.8 instead of the correct sum of 89.8. This suggests a miscalculation.\n\n**Error:** 1', '**Reasoning:** The student attempted to add 25.8 and 64 to find the total cost, which is correct. However, the sum they calculated (79.8) does not match the expected total cost based on the question. The question states that the money exactly matches the total cost of the items, implying there should be no remainder. The correct calculation would be 25.8 + 64 = 89.8, not 79.8, indicating an error in either the addition or the interpretation of the question.\n\n**Error:** 1', '**Reasoning:** The student wrote down the addition problem 25.8 + 64 = 79.8. This calculation is incorrect because the correct sum should be 89.8. Since the question states that the total amount spent exactly equals the money brought, the student should have written 89.8 as the total instead of 79.8.\n\n**Error:** 1', '**Reasoning:** The student\'s work shows the addition of 25.8 and 64, which results in 89.8. However, the question asks for the total cost of the items bought, which should be a sum of 25.8 and 64. The student has incorrectly written ""79.8"" instead of ""89.8"", indicating a calculation error.\n\n**Error:** 1', '**Reasoning:** The student has correctly added 25.8 and 64 to get 89.8. However, the subtraction step is incorrect as the student seems to have subtracted 78.5 instead of checking if 78.5 fits into the total amount spent. The result should be checked against the total expenditure to determine the leftover money, but the student did not perform this check.\n\n**Error:** 0']",Qwen/Qwen2.5-VL-7B-Instruct,False
3218146973446340,5000kg＋2t=___1___t [br]21kg－8000g＝___2___kg,7; 13,7; 13000,4,primary,1,0.0,True,0,1.0,"['**Reasoning:** The image appears to show the student has written ""2"" at the top right, which likely represents the answer to the equation 5000kg + 2t = __t. This is incorrect because 5000kg + 2000kg = 7000kg, which is equivalent to 7t, not 2t.\n\n**Error:** 1', '**Reasoning:** The image appears to show a series of connected lines without any numerical values or calculations. This suggests that the student may have written their work but it is incomplete or illegible. Without clear numbers, there is no way to determine if the student attempted the correct calculations or if they misunderstood the question.\n\n**Error:** 1', '**Reasoning:** The image appears to be a signature or a random scribble, unrelated to the mathematical problem at hand. There is no visible attempt at solving the given arithmetic problems. This indicates that the student did not carry out the required calculations.\n\n**Error:** 1', '**Reasoning:** The image only shows a signature or some squiggly lines without any calculations related to the given question. There are no numbers or equations visible to evaluate.\n\n**Error:** 1', ""**Reasoning:** The image displays an attempt at solving a problem involving units of mass. However, it appears to be a signature or a random scribble rather than actual working or calculations related to the given problem. Since there are no numbers, equations, or relevant steps written, it's impossible to determine if the student made any errors in their understanding or application of the problem. \n\n**Error:** 1""]",Qwen/Qwen2.5-VL-7B-Instruct,False
3213527085183260,巧算：$\frac{7}{8} \times \frac{{36}}{{28}} \times 32 \times \frac{1}{{72}}$=___1___,\[\frac{1}{2}\]或0.5,\frac{2}{3},0,primary,1,0.0,True,0,1.0,"[""**Reasoning:** The student's work appears to be attempting to simplify each fraction before multiplying them together. However, the fractions $\\frac{7}{8}$, $\\frac{36}{28}$, and $\\frac{1}{72}$ do not simplify easily to whole numbers or simpler fractions, and the process seems incorrect as it does not lead to a simplified form or a clear multiplication step. The student should have multiplied the numerators together and the denominators together, then simplified if possible.\n\n**Error:** 1"", '**Reasoning:** The image shows several crossed-out calculations which suggest the student was trying different combinations but did not complete the problem correctly. The student seems to be exploring various fractions and their products, possibly mixing up the order or values. However, the image does not show the final step to get the product of all the fractions together properly. This indicates that the student did not solve the given multiplication problem correctly.\n\n**Error:** 1', ""**Reasoning:** The student appears to have crossed out a part of the expression and has partially written it back down, but it does not seem to be a correct continuation. The expression should be simplified step-by-step but the student's work seems to mix up the sequence of operations and simplification steps. There might be a misunderstanding in the order of simplifying fractions or multiplying them.\n\n**Error:** 1"", '**Reasoning:** The student has written several expressions that do not match the original question. The question asks to multiply $\\frac{7}{8} \\times \\frac{36}{28} \\times 32 \\times \\frac{1}{72}$, but the student seems to have written different fractions and numbers. There is no clear indication of what operations were intended. This suggests a misunderstanding of the question.\n\n**Error:** 1', '**Reasoning:** The student has not correctly performed the multiplication or simplification steps required. They have attempted to simplify fractions but have not executed the calculations properly. For example, $\\frac{7}{8} \\times \\frac{36}{28}$ should be simplified further before multiplying with the other numbers. Instead, the student seems to have written random numbers without following through with the problem.\n\n**Error:** 1']",Qwen/Qwen2.5-VL-7B-Instruct,False
3217955765242730,列方程解决下面的问题。 甲乙两列火车分别从相距210千米的A、B两地同时出发，同向行驶，甲车在前，乙车在后，甲车的速度是60千米/时，7小时后追上甲车，则乙车的速度是___1___千米/小时。,90,30,1,primary,1,0.0,True,0,1.0,"['**Reasoning:** The student correctly set up the equation based on the problem statement, which states that the distance covered by both trains after 7 hours should be equal since the train speeds and times are given. The equation \\(7L + \\frac{3}{7} = \\frac{42}{210}\\) seems to be attempting to solve for something but is not aligned with the correct interpretation of the problem. The correct way would be to set up an equation where the total distance covered by each train equals the distance between them after 7 hours, leading to \\(7 \\times \\text{speed\\_of\\_train\\_A} + 7 \\times \\text{speed\\_of\\_train\\_B} = 210\\). The student might have misunderstood or incorrectly interpreted the setup of the equation.\n\n**Error:** 1', '**Reasoning:** The image shows two fractions: \\( \\frac{3b}{210} \\) and \\( \\frac{42}{210} \\). These appear to be part of a calculation but it seems disconnected from the context of the problem, which involves finding the speed of the second train based on the distance covered by both trains in 7 hours. The fractions do not seem to represent speeds directly and there is no clear equation or step-by-step solution leading to the final answer.\n\n**Error:** 1', '**Reasoning:** The image appears to show two numbers, `-42` and `49`. However, there is no mathematical operation or equation visible that would indicate these numbers were derived from solving the given problem about the trains. The problem involves setting up and solving an equation involving the speeds and times of the trains, but the scratchwork does not seem to contain any steps related to this problem.\n\n**Error:** 1', '**Reasoning:** The student appears to have written ""7L"" which seems like a typo or a misunderstanding. Given the context of the problem, it should be ""210"" as they are solving for the distance covered by both trains before the faster one (乙) catches up to the slower one (甲). There are no calculations or methods shown, only the result seems to have been mistakenly written as ""7L"".\n\n**Error:** 1', '**Reasoning:** The student seems to have written ""7h"" but it\'s unclear what they were trying to calculate. There is no visible work showing the correct equation setup based on the problem description. The question asks to find the speed of the second train after 7 hours when it catches up with the first train. However, the student\'s scratchwork does not address this correctly. The problem setup should involve the distance covered by both trains over 7 hours and the fact that the second train catches up with the first one, implying a difference in their distances traveled.\n\n**Error:** 1']",Qwen/Qwen2.5-VL-7B-Instruct,False
8cfd6739498211ea99b77cd30a5a3038,"在直角坐标系中,若点$P\left( {2a + 1,6 + 3b} \right)$与点$Q\left( {b - 2,a + 6} \right)$关于原点成中心对称,则$a + {b^2} = $____.",28,23,0,middle,1,0.0,True,0,1.0,"[""**Reasoning:** The student appears to be working on solving a system of linear equations but has incorrectly multiplied the second equation by 2. The correct multiplication should be \\(3(b) + a = -12 \\times 2\\), which would result in \\(3b + a = -24\\). Instead, the student wrote \\(3b + a = -12 \\times 2\\), which is incorrect as it includes an additional term '2' that does not belong.\n\n**Error:** 1"", '**Reasoning:** The image appears to show the student attempting to solve a system of linear equations derived from the condition that points \\( P(2a+1, 6+3b) \\) and \\( Q(b-2, a+6) \\) are symmetric with respect to the origin. However, the equation \\( 2a + b = 1 \\) does not match the system of equations formed from the symmetry condition. The correct steps should involve substituting and simplifying the coordinates to form consistent equations. The student has likely made a mistake in setting up the equations or solving them.\n\n**Error:** 1', '**Reasoning:** The student has correctly transformed the given conditions into the system of equations:\n\\[2a + 1 = -(b - 2),\\]\n\\[6 + 3b = -(a + 6).\\]\nThis simplifies to:\n\\[2a + b = 1,\\]\n\\[3b + a = -12.\\]\n\nAdditionally, the student has correctly multiplied the second equation by 2 to align it with the first equation:\n\\[3b + a = -12,\\]\n\\[6b + 2a = -24.\\]\n\nThis setup appears correct, indicating the student used the right method to solve the system of equations. However, the image does not show the solution process to find \\(a\\) and \\(b\\). Therefore, we cannot determine if the final values for \\(a\\) and \\(b\\) are correct based solely on the given information.\n\n**Error:** 1', ""**Reasoning:** The student appears to have attempted to manipulate the equations related to the coordinates of points \\( P \\) and \\( Q \\). The equations given suggest a system involving \\( a \\) and \\( b \\), which should be solved to find their values. However, there is no indication of solving these equations correctly. The steps shown do not align with typical methods for solving such systems, and there's no further working to find the values of \\( a \\) and \\( b \\). The focus seems misplaced, and there’s no solution provided for \\( a + b^2 \\).\n\n**Error:** 1"", '**Reasoning:** The student appears to be solving a system of linear equations but seems to have made a mistake in the substitution or simplification process. The equations given are:\n\\[2a + 1 = -b + 2\\]\n\\[6 + 3b = -a - 6\\]\n\nThe student has rewritten the second equation as:\n\\[2a + b = 1\\]\nand then multiplied it by 3, resulting in:\n\\[6b + 2a = -12\\]\n\nHowever, there should be no need to multiply the second equation by 3 since it already equates to \\(6 + 3b = -a - 6\\) which simplifies to:\n\\[6 + 3b = -a - 6\\]\nMultiplying through by 3 would change the left side to \\(18 + 9b\\) and the right side to \\(-3a - 18\\), which is incorrect.\n\n**Error:** 1']",Qwen/Qwen2.5-VL-7B-Instruct,False
8f1cab15df8811e999b77cd30a5a3038,已知一次函数$y = (1 + 2m)x + 4$中，函数值$y$随自变量$x$的增大而减小，那么$m$的取值范围是____,"m < - \frac{1}{2}, m < - 0.5",m>-\frac{1}{2},0,middle,1,0.0,True,0,1.0,"[""**Reasoning:** The student's scratchwork shows the steps to solve the inequality $1 + 2m < 0$:\n1. $1 + 2m < 0$ (Original inequality)\n2. $2m < -1$ (Subtracting 1 from both sides)\n3. $m > -\\frac{1}{2}$ (Dividing both sides by 2)\n\nHowever, the question asks about the conditions for the function $y = (1 + 2m)x + 4$ to have a decreasing value with increasing $x$. For the slope $(1 + 2m)$ to be negative, the condition should be $1 + 2m < 0$, which simplifies to $m < -\\frac{1}{2}$. The student's solution incorrectly leads to $m > -\\frac{1}{2}$, which does not satisfy the requirement for a decreasing function.\n\n**Error:** 1"", '**Reasoning:** The student appears to have solved the inequality \\(1 + 2m < 0\\), which is correct. However, the problem asks for the range of \\(m\\) such that the function \\(y = (1 + 2m)x + 4\\) is decreasing with respect to \\(x\\). This means the coefficient of \\(x\\) must be negative, i.e., \\(1 + 2m < 0\\). The solution \\(m > -\\frac{1}{2}\\) is incorrect because it does not satisfy the condition \\(1 + 2m < 0\\). The correct range for \\(m\\) would be \\(m < -\\frac{1}{2}\\).\n\n**Error:** 1', '**Reasoning:** The student has attempted to solve the inequality \\(1 + 2m < 0\\) and simplified it to \\(m > -\\frac{1}{2}\\). However, the problem involves a decreasing linear function \\(y = (1 + 2m)x + 4\\), which implies that the coefficient of \\(x\\) must be negative (\\(1 + 2m < 0\\)). Solving \\(1 + 2m < 0\\) correctly gives \\(m < -\\frac{1}{2}\\), not \\(m > -\\frac{1}{2}\\).\n\n**Error:** 1', ""**Reasoning:** The student's work does not appear to be solving the inequality given by the question. Instead, it seems to be solving a different equation, $1 + 2m = 0$, which does not address the condition that $y$ decreases as $x$ increases. The correct approach would involve determining the slope of the line, which is $1 + 2m$. Since the function value $y$ decreases as $x$ increases, the slope must be negative, thus $1 + 2m < 0$, leading to $m < -\\frac{1}{2}$. The student's work seems to have skipped over the crucial step of setting up the correct inequality related to the slope.\n\n**Error:** 1"", '**Reasoning:** The student has correctly isolated \\( m \\) in the inequality but has made a mistake in the final step. The original inequality should have been \\( 1 + 2m < 0 \\), leading to \\( 2m < -1 \\). Correctly dividing both sides by 2 gives \\( m < -\\frac{1}{2} \\), which is the correct solution.\n\n**Error:** 1']",Qwen/Qwen2.5-VL-7B-Instruct,False
3216946020385530,街道上挂的小彩灯是按“3个黄色、1个蓝色、2个红色、3个黄色、1个蓝色、2个红色……”的规律排列的，一共挂了40个小彩灯，其中黄色彩灯有___1___个。,21,15,1,primary,1,0.0,True,0,1.0,"[""**Reasoning:** The student appears to be calculating the total number of light bulbs rather than the number of yellow light bulbs. The work shows the multiplication of 6 times 6 which is incorrect for counting yellow lights. The question asks for the count of yellow lights, but the student's work does not correctly address this aspect of the problem.\n\n**Error:** 1"", '**Reasoning:** The student seems to have misunderstood the problem. They wrote ""6x6=36"" which might indicate they were trying to multiply 6 by something else, but it does not directly relate to solving the problem at hand. The question asks about the number of yellow lights in a sequence of colored lights, not involving multiplication as shown. There is no clear indication of the correct steps for solving the problem based on the visible scratchwork.\n\n**Error:** 1', '**Reasoning:** The student appears to have attempted to calculate the number of yellow lights by multiplying the total number of lights by a fraction representing the proportion of yellow lights. However, the student\'s arithmetic is incorrect. For example, ""6 x 6 = 36"" should be ""6 x 3 = 18"". The correct approach should involve dividing the total number of yellow lights by the total number of lights in one cycle (6) and then multiplying by the total number of lights. The student\'s method seems to be a misunderstanding of how fractions work in this context.\n\n**Error:** 1', '**Reasoning:** The student seems to be calculating the total number of lights based on the given pattern but is not directly addressing the count of yellow lights as required by the question. The calculations shown (6×6=36 and 36+4=40) do not directly relate to the problem of counting yellow lights.\n\n**Error:** 1', '**Reasoning:** The student seems to have started solving the problem using multiplication, which is incorrect. The correct approach should involve identifying the pattern length and then determining how many complete cycles fit into 40 lamps. Each cycle consists of 6 lamps (3 yellow + 1 blue + 2 red). By dividing 40 by 6, we get approximately 6 full cycles with a remainder of 4, meaning there are 6 full cycles plus 4 additional lamps. In each full cycle, there are 3 yellow lamps, giving us \\(6 \\times 3 = 18\\) yellow lamps from the full cycles. Adding the 3 yellow lamps from the remaining 4 lamps gives a total of 21 yellow lamps.\n\n**Error:** 1']",Qwen/Qwen2.5-VL-7B-Instruct,False
3214393433694350,小明抄写一本书一次抄7页，227页要全部抄完，至少需要___1___次。,33,35,4,primary,1,0.0,True,0,1.0,"['**Reasoning:** The student appears to have divided 227 by 7. The quotient is written as 32 with a remainder. However, the division process is incomplete, as there should be a check at each step to ensure the subtraction is correct and the quotient is accurate. Additionally, the remainder seems to be written as ""17"" without a clear indication of the remainder symbol (R), which is incorrect in standard division notation.\n\n**Error:** 1', '**Reasoning:** The image shows the division process but only with two steps. The first step correctly divides 227 by 7 to get 32 with a remainder of 3. The second step divides the remainder 3 by 7, which is incorrect because 3 is less than 7 and cannot be divided further without producing a fraction. The student should have noted that after the division, there is no need to divide the remainder as it is already less than the divisor.\n\n**Error:** 1', '**Reasoning:** The student seems to have performed a division operation, writing ""32"" as the quotient and ""21"" as the remainder when dividing 227 by 7. However, the question asks for the number of times one needs to copy 7 pages to complete 227 pages, which is essentially asking for the integer part of the division of 227 by 7, i.e., the whole number of pages that can be copied in full. The remainder is not relevant here.\n\n**Error:** 1', '**Reasoning:** The image shows a division where 32 divided by 7 equals approximately 4 with a remainder. However, this is not related to solving the original question which asks how many times 7 pages can fit into 227 pages. The student seems to have performed a different calculation unrelated to the problem at hand.\n\n**Error:** 1', '**Reasoning:** The student seems to have performed the division of 227 by 7, which is correct. However, the result shown as 32 with a remainder of 17 suggests that they intended to find how many times 7 fits into 227, but ended up with 32 as the quotient. This is incorrect because 7 * 32 = 224, leaving a remainder of 3, not 17. Therefore, the correct quotient should be 32 with a remainder of 3, meaning at least 33 copies are needed to finish 227 pages.\n\n**Error:** 1']",Qwen/Qwen2.5-VL-7B-Instruct,False
3218146931694780,可可的桌面长6分米，宽54厘米，现在可可用边长为6厘米的正方形卡通画布置桌面，可可最少可以贴___1___张卡通画。,90,9,1,primary,1,0.6730116670092565,True,0,0.6,"['**Reasoning:** The student has correctly solved the division problems \\(6 \\div 6 = 1\\) and \\(54 \\div 6 = 9\\). These calculations are accurate based on the given problem statement. The problem also indicates that the student needs to determine how many 6 cm square pictures can fit on a 6 dm x 54 cm table. However, the divisions performed do not directly determine the number of pictures that can fit because the units need to be consistent (both in centimeters). Given that 6 dm equals 60 cm, the correct division should be \\(60 \\div 6\\) and \\(54 \\div 6\\), which would give 10 and 9 respectively. The provided scratchwork only shows the division steps but does not include the final application to the problem scenario.\n\n**Error:** 1', '**Reasoning:** The student has written two divisions: \\(6 \\div 6 = 1\\) and \\(54 \\div 6 = 9\\). These calculations are correct. However, the question asks how many 6x6 cm squares can fit into a 6 dm x 54 cm table. The student seems to have misunderstood the dimensions and calculated the number of squares instead of fitting them.\n\n**Error:** 1', ""**Reasoning:** The student appears to have correctly solved the division problems: \\(6 \\div 6 = 1\\) and \\(54 \\div 6 = 9\\). These calculations are correct. However, the question asks how many square cards Can can make with a rectangular table, which involves finding how many 6 cm by 6 cm squares fit into the 6 dm (60 cm) by 54 cm dimensions of the table. The scratchwork does not show this calculation, so it's not clear if the student understood the problem correctly.\n\n**Error:** 0"", '**Reasoning:** The student performed two division problems correctly: \\(6 \\div 6 = 1\\) and \\(54 \\div 6 = 9\\). These calculations are accurate according to the given numbers. However, the question asks for the number of 6 cm x 6 cm square paintings that can fit on a table with dimensions 6 dm (which is 60 cm) by 54 cm. The student did not address the requirement of fitting the paintings within the table dimensions.\n\n**Error:** 1', '**Reasoning:** The student correctly solved both divisions: \\(6 \\div 6 = 1\\) and \\(54 \\div 6 = 9\\). These calculations are correct according to the given problem. There is no indication of a misreading of the question or a wrong method used.\n\n**Error:** 0']",Qwen/Qwen2.5-VL-7B-Instruct,False
3217956615876600,简便计算。 $1.01 \times 2.6$＝___1___。,2.626,2.86,0,primary,1,0.0,True,0,1.0,"['**Reasoning:** The student has written the expression $(1+0.9) \\times 2.6$, which is different from the original question $1.01 \\times 2.6$. The student seems to have made a mistake by substituting $1.01$ with $1 + 0.9$. This alters the original multiplication problem, leading to a different answer.\n\n**Error:** 1', ""**Reasoning:** The student has written $(1+0.01) \\times 2.6$, which is mathematically correct but not fully simplified. The expression simplifies to $1.01 \\times 2.6$. However, the student's answer of $2.6$ suggests they might have simplified the expression incorrectly to just $2.6$ instead of $2.626$.\n\n**Error:** 1"", '**Reasoning:** The image shows the expression \\( (1+0.9) \\times 2.6 \\), which simplifies to \\( 1.9 \\times 2.6 \\). The student appears to have solved \\( 2.6 \\times 2.6 \\), which is incorrect. This indicates a misunderstanding of the problem statement and the need to add 0.9 to 1 before multiplying by 2.6.\n\n**Error:** 1', '**Reasoning:** The student appears to have written $(1+0.9) \\times 2.6$, which simplifies to $1.9 \\times 2.6$. However, the question asks to solve $1.01 \\times 2.6$, which means the student might have misread the question or made a mistake in the expression they wrote down.\n\n**Error:** 1', '**Reasoning:** The student wrote down the expression $(1+0.01) \\times 2.6$, which is correct according to the given question. However, the student did not perform the calculation or show the steps involved. The answer 2.6 is given but it seems like the student missed solving the multiplication step. The solution to the problem should be $(1.01 \\times 2.6 = 2.626)$.\n\n**Error:** 1']",Qwen/Qwen2.5-VL-7B-Instruct,False
3217954471279730,一块砌墙用的砖头，长20厘米，宽为11厘米，高为6厘米，每立方厘米砖头重1.5克，这块砖头重___1___千克。,1.98,19.8,0,primary,1,0.0,True,0,1.0,"['**Reasoning:** The student correctly calculates the volume of the brick as \\(20 \\times 11 \\times 6 = 1320\\) cubic centimeters. The weight per cubic centimeter is given as 1.5 grams. To find the total weight, the student should multiply the volume by the weight per cubic centimeter: \\(1320 \\times 1.5\\). However, the student incorrectly calculated this multiplication, resulting in \\(4980\\) grams instead of the correct \\(1980\\) grams. The conversion from grams to kilograms should then be done by dividing by 1000, which results in \\(1.98\\) kilograms. The handwritten work shows the incorrect multiplication and an incorrect final result.\n\n**Error:** 1', ""**Reasoning:** The student has calculated the volume of the brick correctly as \\(20 \\times 11 \\times 6 = 1320\\) cubic centimeters. However, the student then incorrectly multiplied 1320 by 1.5 instead of performing the calculation step-by-step. The correct approach would be to multiply each dimension by 1.5 to find the weight per dimension's unit, and then sum up the weights, or simply multiply the total volume by 1.5 directly which should yield 1980 grams or 1.98 kilograms.\n\n**Error:** 1"", ""**Reasoning:** The student has correctly calculated the volume of the brick as \\(20 \\times 11 \\times 6 = 1320\\) cubic centimeters. However, there seems to be a misunderstanding in converting the volume to weight. The correct conversion should involve multiplying the volume by the density, which is 1.5 grams per cubic centimeter, resulting in \\(1320 \\times 1.5 = 1980\\) grams. The student has written down the multiplication but seems to have incorrectly added numbers together instead of multiplying. The final answer should be 1.98 kilograms, but the student's work suggests they might have added the numbers.\n\n**Error:** 1"", '**Reasoning:** The student correctly calculated the volume of the brick as \\(20 \\times 11 \\times 6 = 1320\\) cubic centimeters. Then, multiplying this volume by the weight per cubic centimeter (1.5 g) gives \\(1320 \\times 1.5 = 1980\\) grams. However, the student incorrectly rounded and wrote the answer as 197800 grams instead of converting it to kilograms (which would be 1980/1000 = 1.98 kg). The conversion step is missing, leading to an incorrect final answer in terms of the unit specified in the question.\n\n**Error:** 1', '**Reasoning:** The student has correctly calculated the volume of the brick as 1320 cubic centimeters using the formula \\(V = l \\times w \\times h\\). Then, they have multiplied the volume by the weight per cubic centimeter to find the total weight, which is 1980 grams. However, the question asks for the weight in kilograms, and the student should convert 1980 grams to kilograms by dividing by 1000, resulting in 1.98 kilograms. The student has made a conversion error by not dividing the final result by 1000.\n\n**Error:** 1']",Qwen/Qwen2.5-VL-7B-Instruct,False
3214393517363390,一辆客车从北京到距离约1425千米的上海，6小时行驶570千米，照这个速度。剩下的路程还要行___1___时。,9,15,1,primary,1,0.0,True,0,1.0,"['**Reasoning:** The student appears to have made a mistake in the arithmetic used to calculate the remaining time. The initial division seems correct, but the subtraction step is incorrect. The subtraction of 1425 from 570 should yield -855, which is not logical in the context of the problem. The student should have subtracted the distance already covered (570) from the total distance (1425), which would give 855, not 30. Then, dividing this result by the speed (95 km/h) gives 9 hours, not 4.7.\n\n**Error:** 1', ""**Reasoning:** The student appears to be solving the problem using long division methods, which might be a mix-up with finding the quotient for the given numbers. However, the problem seems to be asking for the time required to cover the remaining distance at the same speed. Long division isn't the appropriate method here. Instead, they should calculate the distance covered per hour and then use it to find the time for the remaining distance. The image does not show the actual calculations needed to solve the problem correctly.\n\n**Error:** 1"", '**Reasoning:** The image shows a division problem with a divisor that seems to be 95, and the dividend is 570. The quotient is written as 6, which appears correct based on dividing 570 by 95. However, the remainder is incorrectly written as 30 instead of 25, leading to a result of 4725 (which should be 472.5). This suggests a mistake in placing the decimal point correctly after performing the division.\n\n**Error:** 1', '**Reasoning:** The student has correctly performed the division \\(570 \\div 95\\) and calculated the quotient as 6. However, the question asks for the remaining time based on the speed calculated, which should be \\( \\frac{1425 - 570}{\\text{speed}} = \\frac{855}{95} \\). The student did not continue with this calculation.\n\n**Error:** 1', '**Reasoning:** The student seems to have performed long division incorrectly. Instead of continuing the division process correctly to find the remaining time, they appear to have stopped with the remainder and written it as the answer. The correct approach would involve subtracting 570 from 1425 to get the remaining distance, then dividing that by the speed to find the additional time needed.\n\n**Error:** 1']",Qwen/Qwen2.5-VL-7B-Instruct,False
3213526991897210,8个渔民一起在三条大河里捕鱼，每条大河里捕鱼6袋，每袋有72条，渔民一共捕了___1___条鱼。,1296,1290,4,primary,1,0.0,True,0,1.0,"['**Reasoning:** The student has calculated \\(18 \\times 72\\) instead of \\(3 \\times 72\\), which is incorrect according to the question. The correct calculation should be \\(3 \\times 30 = 90\\).\n\n**Error:** 1', '**Reasoning:** The student has incorrectly calculated the total number of fish caught. According to the problem, there are 3 rivers with 6 bags in each, and each bag contains 72 fish. The multiplication should be 18 x 72, but the student has written 12 x 71 instead. This results in a wrong intermediate step which leads to the incorrect final answer.\n\n**Error:** 1', '**Reasoning:** The student appears to have multiplied 18 by 72, which is not correct according to the problem statement. The correct calculation should be 3 * 72 because there are three rivers, each with 18 fishers who each caught 72 fish. However, the image only shows 18 times 72, leading to the incorrect result 1290 instead of the correct total of 360 fish.\n\n**Error:** 1', '**Reasoning:** The student has multiplied 18 by 72, which is incorrect based on the context of the question. The correct multiplication should be 8 times 6 times 72, as there are 8 fishermen and each fisher caught 6 bags of 72 fish each. The image only shows the partial step of multiplying 18 by 72, which is not aligned with the problem statement.\n\n**Error:** 1', '**Reasoning:** The student has performed multiplication incorrectly. They have written ""30"" under the first line but should have multiplied 18 by 2 instead, resulting in ""36"". Then, they should multiply 18 by 7 and add the result to 36, which would give a correct sum of 129. However, it seems there is a mistake in understanding the problem as well; the student has multiplied only once and then added the result to itself, which is incorrect.\n\n**Error:** 1']",Qwen/Qwen2.5-VL-7B-Instruct,False
3210855786672550,（2023春•洪泽区期中改编）一本书69页，红红第一天看了23页，第二天看了24页。还剩___1___页没看。,22,19,0,primary,1,0.0,True,0,1.0,"['**Reasoning:** The student has subtracted 23 from 69 correctly to get 46 as the intermediate result. However, the final step shows the subtraction of 24 from 46, which results in 22, not 25 as indicated in the question. The student likely intended to subtract 24 from 69 directly to find the remaining pages, but mistakenly subtracted it from the intermediate result.\n\n**Error:** 1', '**Reasoning:** The student correctly subtracted 23 from 69 to get 43. However, the problem asks for the total number of pages remaining after both days of reading. The second digit subtraction (from 3 to 4) should not have happened as it leads to a negative result, which is incorrect given the context of the problem. This suggests the student may have misinterpreted the question by subtracting instead of finding a cumulative total after two days.\n\n**Error:** 1', '**Reasoning:** The student has performed a subtraction incorrectly. The problem asks for the remaining pages after Red红红 read 23 pages the first day and 24 pages the second day. However, the student has calculated 69 - 23 instead of 69 - 23 - 24. The correct calculation should be 69 - 23 - 24 = 22.\n\n**Error:** 1', '**Reasoning:** The student has written down the subtraction problem correctly as ""69 - 23 = 43"" but then added ""24"" instead of subtracting it, resulting in ""43 + 24 = 79"". This indicates a misunderstanding of the problem, as the student should have subtracted the number of pages read on the second day from the remaining pages after the first day.\n\n**Error:** 1', '**Reasoning:** The student has written down the subtraction 69 - 23 = 43 correctly. However, the problem asks for the total number of pages Red Red has already read, which is 23 + 24, not 69 - 23. The student has not performed the addition required by the question, and instead, they have subtracted incorrectly.\n\n**Error:** 1']",Qwen/Qwen2.5-VL-7B-Instruct,False
3217954384217910,小黄家要给一间长15米，宽6米屋子铺上地砖，有以下两种设计方案。 方案一：用边长2分米的正方形的方砖，每块需要6元； 方案二：用边长3分米的正方形的方砖，每块需要11元； 选择方案___1___更便宜，需要___2___元。,二; 11000,一; 11000,4,primary,1,0.0,True,0,1.0,"[""**Reasoning:** The student seems to have attempted to multiply fractions incorrectly. The problem requires multiplication of two fractions, but the student's work is incorrect. The correct step should involve multiplying \\(\\frac{15}{3}\\) by \\(\\frac{1}{90}\\), which results in \\(\\frac{15}{270} = \\frac{1}{18}\\). This step is crucial because it appears to be part of the solution process for the problem at hand, which involves calculating costs related to tiles.\n\n**Error:** 1"", '**Reasoning:** The student seems to have performed some calculations related to multiplication and division, but these calculations appear unrelated to the given question. The problem asks for the cost of laying tiles using two different sizes of square tiles, but the scratchwork does not address this at all; it includes calculations like \\(9 \\times 136\\) and \\(1350 \\div 9\\), which do not help answer the question about tile costs.\n\n**Error:** 1', '**Reasoning:** The student has not addressed the question correctly. The question asks for the cost of tiling a room using two different designs of square floor tiles. However, the scratchwork only shows calculations related to dividing numbers and does not include any reference to the costs or the sizes of the tiles mentioned in the question. Therefore, the work does not correspond to the given question.\n\n**Error:** 1', '**Reasoning:** The student has attempted to solve a different problem related to division and multiplication, which is unrelated to the given question about choosing between two floor tile schemes based on cost and area. The calculations shown do not match the context of the question.\n\n**Error:** 1', ""**Reasoning:** The student has calculated the area of the room correctly as 90 square meters. However, the student has made a mistake in determining the total number of tiles needed for each scheme. For Scheme 1, the student should calculate the area that one tile covers (2 dm * 2 dm = 4 square decimeters) and then divide the total area by this. Similarly, for Scheme 2, the student should calculate the area covered by one tile (3 dm * 3 dm = 9 square decimeters) and then divide the total area by this. The student's calculation for Scheme 1 appears incorrect as it seems to be a multiplication instead of a division. The result for Scheme 2 is also incorrect because it does not match the total cost calculation given on the right side of the image.\n\n**Error:** 1""]",Qwen/Qwen2.5-VL-7B-Instruct,False
3217955144162520,用一条长440厘米的彩带围成一个平行四边形，平行四边形的一条边长140厘米，和它相邻的一条边长___1___厘米。,80,300,2,primary,1,0.0,True,0,1.0,"['**Reasoning:** The image shows a subtraction problem: \\( 440 - 140 = 300 \\). This does not match the expected answer based on the context of the question. The question asks to find the length of one of the adjacent sides of a parallelogram given the perimeter and one side length, but the subtraction problem is unrelated to the question.\n\n**Error:** 1', '**Reasoning:** The student has written the subtraction problem as \\( 440 - 140 = 300 \\). However, the question asks to find the length of one side of a parallelogram given the perimeter and one side. The perimeter of the parallelogram is 440 cm, and one side is 140 cm. Since opposite sides of a parallelogram are equal, if one side is 140 cm, the opposite side is also 140 cm. The other two sides must sum to \\( 440 - 2 \\times 140 = 60 \\) cm each. Thus, the correct answer should be 60 cm, not 300 cm.\n\n**Error:** 1', ""**Reasoning:** The student has performed the subtraction correctly: 440 - 140 = 300. However, there seems to be a discrepancy between the student's work and the question. The question asks for the length of the adjacent side of a parallelogram with one side being 140 cm and the perimeter being 440 cm. The correct calculation should involve dividing the total perimeter by 2 since opposite sides of a parallelogram are equal. Therefore, the calculation should be \\( \\frac{440}{2} - 140 \\) to find the length of the adjacent side.\n\n**Error:** 1"", '**Reasoning:** The student has performed a subtraction operation correctly: 440 - 140 = 300. However, the image shows ""306"" instead of ""300"". This discrepancy suggests a copying error, as the calculation is correct.\n\n**Error:** 1', '**Reasoning:** The image shows the subtraction of 140 from 440, which is correct as per the question\'s requirements. However, the answer ""306"" appears to be a misinterpretation or random number rather than a result of the subtraction process. The question asks for the length of the adjacent side if one side is 140 cm and the perimeter is 440 cm.\n\n**Error:** 1']",Qwen/Qwen2.5-VL-7B-Instruct,False
d3c2ebefe92d11b43e41e583e2ff5479,已知5a+3与﹣2a+9是互为相反数，|m﹣1|＝2，正数b的倒数的绝对值是$\frac{1}{4}$，则﹣$\frac{1}{2}$a+$\frac{1}{4}$b+m的值是____,"6或2, $2$或$6$",6,2,middle,1,0.0,True,0,1.0,"[""**Reasoning:** The student's work shows the solution to the equation \\(5a + 3 = -(-2a + 9)\\), which simplifies to \\(5a + 3 = 2a - 9\\). Solving for \\(a\\) gives \\(3a = -12\\) or \\(a = -4\\). This part is correct. However, the subsequent steps are not related to the original problem. The student seems to have started working on another unrelated problem involving \\(m\\) and \\(b\\), which are not relevant to the given equation. The final expression \\(-\\frac{1}{2}a + \\frac{1}{4}b + m\\) does not match the context of the original question.\n\n**Error:** 1"", '**Reasoning:** The student has correctly identified the equation \\(5a + 3 = -(-2a + 9)\\) and simplified it to \\(3a + 12 = 0\\), leading to \\(a = -4\\). However, the subsequent calculations seem to be unrelated to solving for \\(a\\) and instead involve other variables \\(m\\) and \\(b\\) which were not part of the initial equation. The expression \\(-\\frac{1}{2} \\times (-4) + 1 + 3\\) simplifies correctly to \\(6\\), but it does not match the required expression involving \\(a\\), \\(b\\), and \\(m\\). The student has not addressed the entire problem statement.\n\n**Error:** 1', ""**Reasoning:** The student correctly sets up the equation 5a + 3 = -(-2a + 9) and simplifies it to 3a + 12 = 0. However, there seems to be confusion with the value of 'a' being set as -4, which is incorrect based on the simplified equation. The correct solution should be a = -4. Additionally, the student then calculates -1/2 * (-4) + 1 + 3 but uses m instead of the correct value. The value of m should be calculated first using |m-1| = 2, which gives m = 3 or m = -1. Since m is not explicitly defined as -1 or 3 in the question, the student's use of m = 2 is incorrect.\n\n**Error:** 1"", '**Reasoning:** The student appears to have solved the equation \\(5a + 3 = -(-2a + 9)\\) correctly, which simplifies to \\(5a + 3 = 2a - 9\\). However, they incorrectly simplified further to \\(3a + 12 = 0\\) instead of \\(3a = -12\\), leading to an incorrect value of \\(a = -4\\). This step is incorrect, as it should be \\(a = -4\\), not \\(a = -4\\).\n\n**Error:** 1', '**Reasoning:** The student seems to have solved the equation \\(5a + 3 = -(-2a + 9)\\) incorrectly. The correct solution should be:\n\\[5a + 3 = -(-2a + 9) \\Rightarrow 5a + 3 = 2a - 9 \\Rightarrow 3a = -12 \\Rightarrow a = -4.\\]\nAdditionally, the student has noted values for \\(m\\) and \\(b\\) but these do not align with the given conditions. Also, the final expression \\(-\\frac{1}{2}a + \\frac{1}{4}b + m\\) is being evaluated incorrectly with the values provided, leading to an incorrect result.\n\n**Error:** 1']",Qwen/Qwen2.5-VL-7B-Instruct,False
3217955440865900,一个圆柱形鱼缸，底面积是1256平方厘米，高是30厘米，里面盛有一些水，把一个底面半径10厘米的圆锥形金属铸件完全浸没在水中，鱼缸的水上升了2厘米。这个圆锥的高是___1___厘米.,24,8,0,primary,1,0.0,True,0,1.0,"['**Reasoning:** The given problem involves calculating the volume of water displaced by the submerged metal cast piece and then using that to find the height of the metal cast piece. The scratchwork appears to be attempting to calculate something related to multiplication but does not align with the steps required to solve the problem. There seems to be a mismatch between the intended solution path and the calculations shown.\n\n**Error:** 1', '**Reasoning:** The student seems to have attempted to multiply 1256 by 2, which gives 2512, but the question asks about the effect of placing a metal cast into a cylinder. The scratchwork does not show any relevant calculations related to the volume of the cylinder or the height of the cone. This suggests a misunderstanding of the problem requirements.\n\n**Error:** 1', ""**Reasoning:** The scratchwork appears to be the beginning steps of solving a problem involving a cylinder and a cone. However, there are some issues with the handwriting and clarity. The first line seems to be an attempt at multiplying 1256 by 2, but it's difficult to discern if this is correct or part of another calculation. The rest of the work is not clear and doesn't appear to directly relate to the given problem.\n\n**Error:** 1"", '**Reasoning:** The student appears to have calculated the volume increase caused by the submerged cone but then incorrectly interpreted the result. The formula for the volume of the cone given in the image is incorrect. The correct formula should be \\( V = \\frac{1}{3} \\pi r^2 h \\), but the student used \\( 2512 \\times 3 + 314 \\), which seems to be a mix-up of terms. Additionally, the calculation \\( 2512 \\times 2 = 5024 \\) is also incorrect as it should be related to the original volume calculation. The final answer \\( -8 \\) does not seem reasonable either.\n\n**Error:** 1', ""**Reasoning:** The student has written down the equation `1256*2=2512`, which seems unrelated to calculating the height of the cone. The actual problem involves calculating the volume of water displaced by the cone and then using that to find the cone's height. The student should have used the formula for the volume of a cylinder (V = A * h) to first calculate the volume of water displaced and then use the volume of a cone (V = ⅓πr²h_cone) to find the height of the cone. However, since the image only shows the incorrect multiplication step, it's not sufficient to determine the full error in the solution process.\n\n**Error:** 1""]",Qwen/Qwen2.5-VL-7B-Instruct,False
3217955102289240,花店里有康乃馨25朵，玫瑰花的数量是康乃馨的13倍，玫瑰花比康乃馨多___1___朵。,300,325,1,primary,1,0.6730116670092565,True,0,0.6,"['**Reasoning:** The student has started to multiply 25 by 13 but only wrote the partial product ""75"". This indicates a partial or incomplete calculation instead of a full multiplication, which might lead to an incorrect final answer if completed incorrectly. However, the image doesn\'t show the completion of the multiplication process.\n\n**Error:** 0', '**Reasoning:** The student wrote the multiplication \\( 25 \\times 13 \\) but did not complete the multiplication. The result should be 325, which is correct after completing the multiplication. Since the problem asks for the difference between the number of roses and carnations, and the student correctly calculated 325 as the product, the work is correct up to this point.\n\n**Error:** 0', '**Reasoning:** The image shows a multiplication problem with 25 multiplied by 13, resulting in 325. However, the question asks for the difference between the number of roses (which is 13 times 25) and the number of carnations (25). The multiplication is correct, but the interpretation of the problem seems to be incorrect. The image does not show the subtraction step which would give the final answer as 300 (325 - 25 = 300).\n\n**Error:** 1', '**Reasoning:** The student incorrectly multiplied 25 by 13 instead of calculating how many more roses there are compared to carnations. The correct approach would be to find the difference between the quantities of roses and carnations, which is \\(25 \\times 13 - 25 = 325 - 25 = 300\\). However, the student has simply multiplied 25 by 13, resulting in an incorrect calculation.\n\n**Error:** 1', '**Reasoning:** The student multiplied 25 by 13 correctly, resulting in 325. This is the number of roses. However, the question asks how many more roses there are than carnations, which is simply the difference between the number of roses and carnations. The student did not perform this subtraction step.\n\n**Error:** 1']",Qwen/Qwen2.5-VL-7B-Instruct,False
3217955571417340,计算：240＋480÷30×2=___1___.,272,520,0,primary,1,0.0,True,0,1.0,"['**Reasoning:** The image shows the work for a division problem (480 ÷ 30) but not for the multiplication part (× 2). The division is correct as 480 ÷ 30 equals 16. However, there is no multiplication step shown, which is required before summing with 240. The image also does not show the addition at the end.\n\n**Error:** 1', ""**Reasoning:** The student has performed the division correctly (480 ÷ 30 = 16). However, they appear to have multiplied this result by 2 before adding it to 240. The correct sequence should be: 240 + (480 ÷ 30) × 2 = 240 + 16 × 2 = 240 + 32 = 272. The student's addition of 160 instead of 32 suggests a miscalculation.\n\n**Error:** 1"", '**Reasoning:** The student computed \\(480 \\div 30 = 16\\), then multiplied it by 2 which equals 32, and finally added 240 resulting in 520. This follows the order of operations correctly but there seems to be a confusion with the original problem as it should be interpreted as \\(240 + (480 \\div 30) \\times 2\\). In the image, it looks like \\(16\\) was intended to be used directly in the equation instead of being part of a multiplication step.\n\n**Error:** 1', '**Reasoning:** The student has performed the division and multiplication before addition, which is incorrect according to the order of operations (PEMDAS/BODMAS). The correct answer should follow the sequence of operations as 240 + (480 ÷ 30) × 2 = 240 + 16 × 2 = 240 + 32 = 272.\n\n**Error:** 1', '**Reasoning:** The student has performed a division operation before multiplication as per the order of operations (PEMDAS/BODMAS). The correct sequence should have been multiplication first, then division. The division step seems correct, but the initial multiplication step should have occurred before it. The final sum is incorrect due to the incorrect order of operations.\n\n**Error:** 1']",Qwen/Qwen2.5-VL-7B-Instruct,False
3217955189053890,乐乐饭后沿着一个长30米、宽21米的长方形花坛散步。如果乐乐走一步大约是3分米，那么他绕花坛一周大约要走___1___步。,340,34,1,primary,1,0.0,True,0,1.0,"['**Reasoning:** The image shows the number ""34"" written at the top right corner, which appears unrelated to the problem-solving process depicted in the rest of the image. Since there is no calculation visible for the perimeter of the rectangle, it seems that the student did not perform the necessary steps to solve the problem. The correct approach would involve calculating the perimeter of the rectangle first (30 meters + 21 meters) = 51 meters, then converting meters to decimeters (510 dm), and finally dividing by the step length to find the number of steps. However, the image does not show any calculation related to the perimeter or conversion.\n\n**Error:** 1', ""**Reasoning:** The image appears to show the number '364' written at the top, but there is no clear indication of a calculation process or the steps leading to this result. Since the question asks for the perimeter of a rectangle with a length of 30 meters (300 dm) and a width of 21 meters (210 dm), the correct calculation should be \\(2 \\times (300 + 210) = 2 \\times 510 = 1020\\) dm. The number '364' does not correspond to the correct answer. There seems to be no work shown to support how the number '364' was obtained, and it is not related to the problem being solved.\n\n**Error:** 1"", '**Reasoning:** The image appears to show the student writing ""34"" and ""1"" with a line underneath, possibly indicating a fraction or a simple calculation result. However, the handwriting is not clear enough to determine the exact operation or numbers involved. Since the question asks for the perimeter of a rectangle (30 meters long and 21 meters wide) which is calculated as \\(2 \\times (30 + 21) = 102\\) meters, and then converting it into steps if each step is 3 decimeters (or 0.3 meters), the correct number of steps should be \\(102 / 0.3\\). The image does not clearly show the necessary calculations or results to determine if there is an error.\n\n**Error:** 1', '**Reasoning:** The image appears to be an attempt at solving the problem by dividing the perimeter of the rectangle by the step size. However, it seems like the student has written ""34"" as if it were a division result, but the context suggests that the student should have calculated the perimeter first (which is \\(2 \\times (30 + 21) = 102\\) meters) and then divided by the step size (30 centimeters per step, which is 3 meters). The issue here is that the student hasn\'t written out the steps clearly enough, and there\'s ambiguity about what the number ""34"" represents.\n\n**Error:** 1', '**Reasoning:** The image appears to show a handwritten number ""34"" with a line drawn through it. There is no clear indication of a calculation related to the perimeter of the rectangle or the step count as per the question. The number ""34"" might represent some intermediate step but lacks context within the given problem.\n\n**Error:** 1']",Qwen/Qwen2.5-VL-7B-Instruct,False
3218147102112680,班级进行了一次数学考试，70分及以上的人数有54人，比70分以下的多80%，则这次考试70分以下的人数是___1___人。,30,10.8,2,primary,1,0.0,True,0,1.0,"['**Reasoning:** The student appears to have multiplied 54 by 2, which is incorrect based on the problem statement. The student should multiply 54 by 1.2 (which means increasing it by 80%) instead of multiplying by 2. This leads to a wrong calculation and hence an incorrect answer.\n\n**Error:** 1', ""**Reasoning:** The student appears to have attempted to calculate \\(54 \\times 70\\%\\) which is not relevant to the problem. The problem requires finding the number of students who scored less than 70 points, given that 54 students scored 70 points or more, which is 80% higher than the number of students who scored less than 70 points. This can be calculated as follows:\n\\[ \\text{Let } x \\text{ be the number of students who scored less than 70 points.} \\]\n\\[ 54 = 1.8x \\]\n\\[ x = \\frac{54}{1.8} = 30 \\]\n\nThe student's work does not reflect this correct approach.\n\n**Error:** 1"", '**Reasoning:** The student has written ""54 x 70%"" which seems to be an attempt at calculating 70% of 54. This approach is incorrect because it does not solve the problem as stated. The problem requires finding 20% of 54 to determine how many people scored below 70 if those who scored 70 and above are 80% more. The correct calculation would be 54 / 1.8 to find the original number before the increase. The student\'s work does not align with the requirement of the question.\n\n**Error:** 1', '**Reasoning:** The student has written ""54 x 70%"" which implies multiplying 54 by 70%, but the problem statement asks for the number of students below 70 points, which should involve subtraction after finding the ratio. The multiplication step does not directly solve the problem as stated.\n\n**Error:** 1', '**Reasoning:** The student has written ""54 x 70%"" which likely intended to represent multiplying 54 by 70%. However, the question asks for the percentage increase from 70% down to 2%, and it seems like the student might have misinterpreted the problem or made a mistake in setting up the equation. The correct equation should involve finding what number, when increased by 80%, results in 54, but the student\'s work does not show this setup.\n\n**Error:** 1']",Qwen/Qwen2.5-VL-7B-Instruct,False
3217955389983850,列式计算。 被除数是9.84，商是2.4，余数是1.2，除数是___1___,3.6,4.6,0,primary,1,0.0,True,0,1.0,"[""**Reasoning:** The calculation appears to involve a confusion between addition and subtraction. The student wrote down 9.84 + 1.2 = 11.04, which is correct, but then seems to have subtracted 2.4 multiple times instead of dividing. The partial results written below 11.04 do not represent a valid division process given the question context. The expected operation should be 9.84 ÷ 2.4 = 4.1, not 144. Additionally, the method used does not align with the question's requirement to find the divisor.\n\n**Error:** 1"", ""**Reasoning:** The student has performed addition instead of division as required by the question. The problem asks to find the divisor given the dividend (9.84), quotient (2.4), and remainder (1.2). The student's work shows 9.84 + 1.2 = 11.04, which is incorrect. The correct operation should be \\( \\text{dividend} - \\text{remainder} = \\text{divisor} \\times \\text{quotient} \\).\n\n**Error:** 1"", '**Reasoning:** The image shows two operations: addition and division. The addition part seems to correctly calculate \\(9.84 + 1.2 = 11.04\\). However, the division operation is incorrect. The problem asks for dividing 9.84 by 2.4, which should yield 4.1, not 11.04. The student appears to have mixed up the numbers, performing an incorrect operation.\n\n**Error:** 1', '**Reasoning:** The student seems to have attempted to solve a division problem where the divisor is unknown. However, the scratchwork shows two separate operations: addition (9.84 + 1.2) and multiplication (2.4 * 17.04), which do not align with the given instruction. The instruction asks to find the divisor, but the work does not lead to finding it.\n\n**Error:** 1', '**Reasoning:** The image shows the student has performed some arithmetic operations but seems to have mixed up the concepts of multiplication and division. The student appears to have written 9.84 + 1.2 = 11.04 which is correct, but then they seem to be trying to perform a division operation incorrectly as indicated by the handwritings like ""24/11.04"" and ""96/144"" which do not correspond to the question\'s instructions. The question asks for the divisor given the dividend (9.84), quotient (2.4), and remainder (1.2). The correct approach should involve using these values to find the divisor, not performing addition and division as seen here.\n\n**Error:** 1']",Qwen/Qwen2.5-VL-7B-Instruct,False
3217954352699070,"某班女生体重如下:(单位:千克) 根据表中的数据,完成下面的表格。 A，B，C分别应该填___1___。（只填数字，中间用逗号连接）","4, 8, 3","4,8,4",4,primary,1,0.5004024235381879,True,0,0.8,"[""**Reasoning:** The image appears to show some calculations that do not correspond to the problem presented in the question, which asks to complete a table based on given data about girls' weights. The scratchwork includes division of two numbers and what looks like a sequence of numbers, but it does not align with the context of filling in missing values in a table related to weights. Therefore, it seems that the student has not addressed the actual problem at hand.\n\n**Error:** 1"", ""**Reasoning:** The image appears to contain some arithmetic errors and a misinterpretation of the question. The numbers 34 and 35 seem to have been used incorrectly in the calculations, as they were not part of the data set being analyzed. Additionally, there are several incorrect values written below, such as '29', '27', '26', which do not match any data points from the original problem. Without seeing the original data and the context of the question, it is difficult to determine the correct values for A, B, and C. However, the presence of these errors suggests that the student may have made mistakes in their arithmetic or misread the problem.\n\n**Error:** 1"", ""**Reasoning:** The image does not show any actual scratchwork related to solving the given problem about the女生体重 (female students' weights). Instead, it appears to contain various unrelated calculations involving numbers like 34, 27, 29, etc., without any context or reference to the original question. Since there is no relevant work pertaining to the problem at hand, it cannot be determined if there is an error or not based solely on the provided image.\n\n**Error:** 1"", ""**Reasoning:** The image does not show any calculations related to the question about the girls' weights. Instead, it shows some arithmetic operations that do not match the given question. The question asks for the completion of a table based on given data about girls' weights, but the image contains unrelated calculations involving division and subtraction. Therefore, there is no evidence suggesting any error in the arithmetic operations within the image itself, as they are not relevant to the question at hand.\n\n**Error:** 0"", '**Reasoning:** The student appears to be attempting a division problem but has made errors in the process. Specifically, the first line of scratchwork ""30÷35"" should result in a quotient less than 1, but the student has written ""3.4"", which seems incorrect. The subsequent lines ""20÷24"" and ""15÷29"" also show a similar pattern with incorrect results. The method used does not appear to be correct for the given problem context.\n\n**Error:** 1']",Qwen/Qwen2.5-VL-7B-Instruct,False
3217956022587440,牛奶每盒12元，买三送一，学校要买120盒，一共要花___1___元。[br],1080,480,1,primary,1,0.0,True,0,1.0,"['**Reasoning:** The image shows the student attempting to divide 120 by 3, which is likely part of the process to determine how many boxes are bought for free under the ""buy three get one free"" offer. However, the division does not seem to match the context of the problem. The correct approach would involve considering the cost of 4 boxes (3 paid plus 1 free) and then calculating the total cost for 120 boxes using that unit price. The division shown seems incorrect and unrelated to solving the given problem.\n\n**Error:** 1', '**Reasoning:** The student has attempted to divide 48 by 3, which is part of the solution to find the cost per box under the ""buy three get one free"" offer. However, there seems to be a misunderstanding because the problem states that the school buys 120 boxes and receives 3 free for every 4 purchased. Therefore, the correct approach would involve calculating how many sets of 4 boxes the school needs to buy to get 120 boxes in total, then multiplying by the price per 4 boxes. The division shown does not align with the problem statement.\n\n**Error:** 1', '**Reasoning:** The image shows the student attempting to perform a division operation using long division, but it appears to be solving a different problem altogether. The division process does not match the multiplication problem given in the question. Additionally, the numbers used in the division do not correspond to the multiplication problem either. The student seems to have made a significant error in setting up the problem.\n\n**Error:** 1', '**Reasoning:** The image shows the student attempting to calculate \\( \\frac{48}{3} \\) which should equal 16, but the work appears to be for \\( \\frac{120}{3} \\), resulting in 40. However, since the question asks for the total cost of 120 boxes with a ""buy three get one free"" promotion, we should calculate how many sets of three are included in 120 boxes. Here, it\'s 39 sets of three plus the additional box for the remaining 3 boxes (since \\(120 / 3 = 40\\), but we only count 39 full sets plus one more box). Therefore, the correct calculation involves multiplying the number of boxes by the price per box divided by 4 (since every 4th box is free). The student\'s work does not reflect this logic correctly.\n\n**Error:** 1', '**Reasoning:** The student appears to have attempted to divide 48 by 3 to find the cost per box under the promotion, leading to an incorrect result of 16 (since \\(48 \\div 3 = 16\\)). However, this division step seems unrelated to solving the original problem of finding the total cost for 120 boxes under the ""buy three get one free"" offer.\n\nTo calculate the total cost correctly, we need to consider how many boxes the school will receive for each set of four boxes bought (3 paid + 1 free). This can be done by dividing 120 by 4 to find out how many sets the school gets: \\(120 \\div 4 = 30\\) sets. Each set costs 3 boxes at 12 yuan each, which totals \\(30 \\times 3 \\times 12 = 1080\\) yuan.\n\n**Error:** 1']",Qwen/Qwen2.5-VL-7B-Instruct,False
3214393443673280,某工厂十月份原计划用水480吨，实际比原计划节约了\[\frac{{\rm{3}}}{{\rm{8}}}\]，十月份实际用水___1___吨。,300,800,2,primary,1,0.0,True,0,1.0,"['**Reasoning:** The student appears to have attempted to calculate \\(\\frac{3}{8} \\times 480\\) instead of finding what 3/8 of 480 is after saving that amount. This indicates a misunderstanding of the problem where they have not subtracted the part saved from the original quantity but multiplied it directly.\n\n**Error:** 1', '**Reasoning:** The student is trying to calculate how much water was saved by determining \\(\\frac{3}{8}\\) of 480 tons. The work shown appears to be \\(\\frac{45}{3} = 160\\) which seems to be a miscalculation. The correct step should be \\(480 \\times \\frac{3}{8} = 180\\), but the student likely misread the fraction or made an arithmetic mistake.\n\n**Error:** 1', '**Reasoning:** The image appears to show a division problem and a percentage symbol, which does not correspond to the problem at hand. The question asks for the calculation involving the fraction \\(\\frac{3}{8}\\) of 480 tons. The student might have been working on a different problem.\n\n**Error:** 1', '**Reasoning:** The student appears to have calculated the savings amount by multiplying 480 by 3/8, which is incorrect. The correct approach would involve subtracting the fraction of water saved from the original amount. The correct calculation should be \\(480 - \\left(480 \\times \\frac{3}{8}\\right) = 480 - 180 = 300\\) tons.\n\n**Error:** 1', '**Reasoning:** The student appears to have calculated the amount saved as \\( \\frac{480}{8} = 60 \\) and then subtracted it from the original plan of 480, resulting in \\( 480 - 60 = 420 \\). However, the question specifies that the actual saving is \\( \\frac{3}{8} \\) of the original plan, which should be calculated as \\( \\frac{3}{8} \\times 480 = 180 \\) tons saved, not 60 tons. Thus, the correct final answer would be \\( 480 - 180 = 300 \\) tons.\n\n**Error:** 1']",Qwen/Qwen2.5-VL-7B-Instruct,False
fc84164b72f7064879b14d9244e894a7,"半径为10cm,圆心角为$72^\circ $的扇形的弧长是____cm．(结果保留π)",4\pi,4,4,middle,1,0.0,True,0,1.0,"['**Reasoning:** The formula used in the image appears to be incorrect. For a sector with radius \\( r \\) and central angle \\( \\theta \\), the arc length \\( L \\) is given by the formula \\( L = \\frac{\\theta \\pi r}{180} \\). The student seems to have the formula correct but has made a mistake in the calculation. Specifically, they wrote \\( 387 \\) instead of \\( 2 \\times 10 \\times \\pi \\times \\frac{72}{360} \\), which simplifies to \\( 40\\pi \\). The mistake is in the simplification step.\n\n**Error:** 1', '**Reasoning:** The formula used by the student is incorrect for calculating the arc length of a sector. The correct formula for the arc length \\( l \\) of a sector with radius \\( r \\) and central angle \\( \\theta \\) (in radians) is \\( l = r\\theta \\). Since \\( \\theta \\) must be in radians, the student should convert the given degree measure to radians first. The student seems to have incorrectly interpreted the formula as \\( l = \\frac{n\\pi r}{360} - \\frac{720\\pi}{180}\\), which is incorrect.\n\n**Error:** 1', '**Reasoning:** The student seems to have attempted to calculate the arc length using the formula \\( L = \\frac{n\\pi r}{180} \\), which is correct for finding the arc length of a sector given the central angle and radius. However, the student has written ""nπr"" as ""nπ72"" instead of ""nπr"", and omitted the multiplication sign between ""n"" and ""π"". Additionally, there appears to be a division by ""38"", which does not align with the correct formula.\n\n**Error:** 1', '**Reasoning:** The student appears to have attempted to calculate the arc length using the formula \\( l = \\frac{n\\pi r}{180} \\) with \\( n = 72 \\) and \\( r = 10 \\). However, there seems to be a mix-up in the formula application. The correct form should be \\( l = \\frac{72\\pi \\cdot 10}{180} \\), but instead, the student has written \\( l = \\frac{n\\pi r - 720\\pi}{38} \\), which is incorrect. The subtraction of \\( 720\\pi \\) does not fit the given problem.\n\n**Error:** 1', '**Reasoning:** The equation shown in the image is incorrect. The formula for the arc length \\( l \\) of a sector with radius \\( r \\) and central angle \\( \\theta \\) (in radians) is given by:\n\\[ l = r\\theta \\]\nHowever, the student has used the incorrect formula \\( l = \\frac{n\\pi r}{180} - \\frac{720\\pi}{n} \\), which does not match the standard formula. Additionally, the student has substituted \\( n = 72 \\) incorrectly as \\( \\pi \\). The correct substitution should be \\( n = 72^\\circ \\times \\frac{\\pi}{180} = \\frac{\\pi}{5} \\).\n\n**Error:** 1']",Qwen/Qwen2.5-VL-7B-Instruct,False
3217954574544430,61颗鸡蛋，9颗装一盒，最多能装满___1___个盒子。,6,5,0,primary,1,0.6730116670092565,True,0,0.6,"['**Reasoning:** The image appears to show a hand-drawn representation of a square root calculation involving the number 61 under a square root symbol with a caret notation possibly indicating a power of 5. However, there is no actual calculation carried out, and the result is not provided. Since the question asks for solving ""61颗鸡蛋，9颗装一盒，最多能装满___1___个盒子,"" which translates to ""How many boxes can be filled with 61 eggs if 9 eggs are packed per box?"" the student should calculate how many times 9 goes into 61, which is approximately 6.78. Since only whole boxes can be filled, the answer would be 6. There is no indication of a mistake in the image since it does not contain any calculation.\n\n**Error:** 0', '**Reasoning:** The image appears to show an attempt at writing a fraction but it is not fully clear what the expression is meant to represent. There is no calculation shown, so it is difficult to determine if there is a mistake in the process. However, based on the context of the question provided, which asks about dividing 61 by 9 to find how many full boxes can be made, the image seems to be an attempt to write the division expression \\(\\frac{61}{9}\\). Since no working is shown, we cannot confirm if the student intended to calculate this correctly or incorrectly.\n\n**Error:** 0', '**Reasoning:** The student seems to have written ""961"" which might indicate a misunderstanding or misinterpretation of the question. The question asks to find how many full boxes of 9 can be made from 61 eggs. The correct calculation should involve dividing 61 by 9, which would give the number of full boxes. However, the student\'s work does not show the actual division process, only the numbers seemingly written without context.\n\n**Error:** 1', '**Reasoning:** The image shows a hand-drawn sketch with no numerical or mathematical content. There\'s no indication of any calculations being performed or the result of the calculation. Since the question asks to solve ""61 eggs, 9 in each box, how many full boxes can be filled?"", the image does not provide any steps or solution related to this problem.\n\n**Error:** 1', '**Reasoning:** The image shows ""9^5"" which does not match the problem statement asking how many boxes can be filled with 61 eggs given that each box holds 9 eggs. The student seems to be performing a completely incorrect operation here, likely due to misunderstanding the question or making a typographical error.\n\n**Error:** 1']",Qwen/Qwen2.5-VL-7B-Instruct,False
3217955791576330,（2023春•高坪区期末）一个无盖的长方体铁皮水桶，底面是边长为$4dm$的正方形，桶高$6dm$，做20个这样的水桶至少需要___1___平方米的铁皮。如果每平方米的铁皮需要60元，做这些水桶一共需要___2___元钱。,22.4; 1344,2240; 134400,1,primary,1,0.5004024235381879,True,0,0.8,"[""**Reasoning:** The student has written the formula for the surface area of a rectangular prism with one side open, which is correct but does not match the question. The question asks for the total amount of iron plate needed to make 20 such water buckets and how much it would cost at a rate of 60 yuan per square meter. The student's formula seems to be for the surface area of a closed box ($4 \\times 4 + 4 \\times 6 \\times 4$), but the problem specifies a box with a top missing, so the correct formula should be $4 \\times 4 + 4 \\times 6 \\times 4 - 4 \\times 4$.\n\n**Error:** 1"", '**Reasoning:** The student appears to be calculating the surface area of a rectangular prism with a square base. The formula for the surface area of such a prism without the top is $2lw + 2lh + lh$, where $l$ is the length, $w$ is the width, and $h$ is the height. Here, the base is a square with side length 4 dm, so $l = w = 4$ dm and $h = 6$ dm. The calculation seems to involve multiplying these values directly, which is incorrect for finding the surface area. The correct steps should include calculating the area of the four sides ($2lw + 2lh$) and the bottom ($lw$), then summing them up. The image does not show the correct calculation, only some numbers that do not match the problem statement.\n\n**Error:** 1', '**Reasoning:** The student appears to have misunderstood the problem. The question asks for the amount of iron needed to make 20 such water buckets, but the work shown is an unrelated multiplication problem involving numbers not directly related to the dimensions given in the question. The scratchwork does not address the problem of calculating the surface area of the water bucket as required by the question.\n\n**Error:** 1', '**Reasoning:** The image appears to show a multiplication of 112 by 20, which is correct as per the question asking for the total surface area of the water buckets needed for 20. However, the image is incomplete and does not show the intermediate steps, so we cannot confirm if the multiplication is done correctly. There is no indication of a misreading or incorrect method in the given portion of the work.\n\n**Error:** 0', '**Reasoning:** The student\'s scratchwork seems to be related to solving the problem by calculating the surface area of a rectangular water bucket. The numbers ""96"" and ""112"" might represent different calculations within the problem, but the main issue here is that the student appears to have mixed up the units. The problem involves square decimeters (dm²), but the scratchwork includes a mix-up with 112 × 20, which could be a misunderstanding or miscalculation. This does not align with the question which asks for an area in square meters (m²) after converting from dm².\n\n**Error:** 1']",Qwen/Qwen2.5-VL-7B-Instruct,False
3210855767322170,植树节这天，五年级全体师生共植树200棵，其中学生植树的棵树比老师植树棵树的5倍多2棵，老师植树___1___棵，学生植树___2___棵。,33; 167,167; 33,3,primary,1,0.0,True,0,1.0,"['**Reasoning:** The image appears to show a rough attempt at solving a system of linear equations, but the calculations do not seem to align with the problem statement. The work seems to be attempting to solve for x using the equation \\(6x + 2 = 203\\), which is incorrect because it does not reflect the relationship given in the problem. The correct approach should involve setting up two equations based on the problem statement and solving them simultaneously.\n\n**Error:** 1', '**Reasoning:** The problem states that the total number of trees planted is 200, and that the number of trees planted by students is 5 times the number of trees planted by teachers plus 2. The student has written: ""6x + 2 = 203"" which seems to be misinterpreting the equation. The correct equation should be \\( x + 5x + 2 = 200 \\) because \\( x \\) represents the number of trees planted by teachers, and \\( 5x + 2 \\) represents the number of trees planted by students. The student\'s equation does not reflect this relationship correctly.\n\n**Error:** 1', '**Reasoning:** The image appears to show a trial-and-error approach to solving the equation \\(6x + 2 = 203\\) as part of the solution process. However, the scratchwork is confusing and does not clearly demonstrate the steps taken to solve the equation correctly. The presence of unrelated calculations and scribbles suggests that the student might have made a mistake in setting up or solving the equation, but the image is too unclear to determine the exact nature of the error definitively.\n\n**Error:** 1', '**Reasoning:** The student seems to have made a misinterpretation of the problem. The question states that the number of trees planted by students is 5 times the number of trees planted by teachers plus 2. However, the student appears to have divided 200 by 6 and then subtracted twice the quotient, which does not match the original equation given in the problem.\n\n**Error:** 1', ""**Reasoning:** The student's scratchwork attempts to solve the equation \\(6x + 2 = 200\\) but incorrectly divides both sides by 6 instead of subtracting 2 from both sides and then dividing by 6. This leads to a wrong result. The correct steps should be:\n1. Subtract 2 from both sides: \\(6x = 198\\)\n2. Divide both sides by 6: \\(x = 33\\)\n\n**Error:** 1""]",Qwen/Qwen2.5-VL-7B-Instruct,False
3218147158684980,一间教室，用边长4.5dm的方砖铺地，需要80块；如果改用边长6dm的方砖铺地，需要___1___块。,45,60,5,primary,1,0.0,True,0,1.0,"['**Reasoning:** The student has correctly calculated the total area covered by 80 tiles with a side length of 4.5 dm as 360 square decimeters. However, they then mistakenly used this result to divide by 6 instead of using it to find the number of tiles needed for the new size. The correct method should involve dividing the total area (360 square dm) by the area of one tile with a side length of 6 dm (which would be 36 square dm). Instead, the student divided by 6 directly, which does not give the correct number of tiles needed.\n\n**Error:** 1', '**Reasoning:** The student correctly set up the equation \\(4.5 \\times 8 = 6x\\) but made a mistake in the multiplication part. The correct multiplication should be \\(4.5 \\times 8 = 36\\), not 360. This leads to the incorrect equation \\(360 = 6x\\) instead of \\(36 = 6x\\), resulting in the wrong solution \\(x = 60\\) instead of the correct \\(x = 6\\).\n\n**Error:** 1', '**Reasoning:** The student correctly set up the equation \\(45 \\times 8 = 6x\\) and solved it step-by-step. However, there seems to be a misinterpretation of the question asking how many \\(6\\text{dm}\\) square tiles are needed instead of solving for \\(x\\). The calculation \\(360 ÷ 6 = x\\) should have resulted in \\(x = 60\\), which is correct but the interpretation of the problem itself is incorrect.\n\n**Error:** 1', ""**Reasoning:** The student's work shows the calculation of \\( 45 \\times 8 \\) which equals 360, and then dividing 360 by 6 to get \\( x = 60 \\). However, the question asks for the number of 6 dm square tiles needed if using 4.5 dm square tiles would require 80 tiles. The student appears to have correctly calculated the total area covered by 45 dm tiles and then divided by the area of one 6 dm tile to find the number of 6 dm tiles required. The correct approach should involve calculating the total area first and then dividing by the new tile size. The student's method suggests an error in understanding the requirement for the new tile size.\n\n**Error:** 1"", '**Reasoning:** The student incorrectly multiplied 45 by 8 instead of 6. They then divided the incorrect result (360) by 6, which resulted in x = 60, but this is not the correct solution based on the original problem statement.\n\n**Error:** 1']",Qwen/Qwen2.5-VL-7B-Instruct,False
3217956572947310,（2022春•梁子湖区期末）新冠疫情期间，为确保“停课不停学”，五爱小学开设了网络直播课。小李用妈妈的手机流量上课，每小时要消耗约522MB的流量。小李每天上3小时的网课，那么一周（5天）大约要用掉___1___MB流量。,7830,2610,1,primary,1,0.5004024235381879,False,0,0.2,"['**Reasoning:** The student has written down the numbers correctly as 522 and 5 but has placed them vertically instead of horizontally for multiplication. This vertical arrangement does not affect the multiplication process but makes it look unusual. The bottom line shows the product as 2610, which is correct for the multiplication 522 times 5. There is no error in the calculation itself, only in the layout.\n\n**Error:** 0', '**Reasoning:** The student has performed the multiplication 522 × 5, which results in 2610. This is correct according to standard multiplication rules. There is no indication of a misreading of the question or an incorrect method used.\n\n**Error:** 0', ""**Reasoning:** The image shows the multiplication of 522 by 5, resulting in 2610. However, the question asks for the total amount of data consumed by small Li over five days if he uses 522 MB per hour for three hours each day. The correct calculation should be 522 * 3 * 5 = 7830 MB. The student's work does not match this calculation.\n\n**Error:** 1"", '**Reasoning:** The student has performed the multiplication correctly: 522 x 5 = 2610. This is the correct way to calculate the total MB of traffic used if each hour uses 522 MB over 5 days.\n\n**Error:** 0', '**Reasoning:** The student has written ""522 x 5"" and the answer is ""2610"". This is a multiplication problem where the student should multiply 522 by 5. The correct result of this multiplication is 2610. However, the problem itself asks for the total amount of data used over a week, which means the student needs to multiply this result by 3 (hours per day) and then by 5 (days). The student did not perform this additional step.\n\n**Error:** 0']",Qwen/Qwen2.5-VL-7B-Instruct,False
3217955658196120,有一种铁皮，10张约厚2厘米，照这样推算，100万张约厚___1___分米，1 亿张约厚___2___千米,20000; 200,200000; 200,6,primary,1,0.0,True,0,1.0,"['**Reasoning:** The image shows a series of zeros but does not contain any calculations or steps leading up to the answer. There is no indication of how the student arrived at the numbers ""1"" and ""2"", which appear to be the answers to the question. Since the image lacks the actual mathematical work that should have been done, it cannot be determined if there is an error in the calculation itself. However, since the question asks for the thickness of a certain number of sheets of iron, and the image does not show any attempt to calculate the thickness, it suggests that the student might have misunderstood the question or did not carry out the required calculation.\n\n**Error:** 1', '**Reasoning:** The image shows a sequence of numbers, but it does not contain any calculations related to the question. The question asks for the thickness of 1 million and 100 million sheets of iron, given that 10 sheets are approximately 2 cm thick. The image appears to be a list of numbers which do not correspond to any valid calculation steps for the problem.\n\n**Error:** 1', '**Reasoning:** The image shows a sequence of numbers but there is no clear indication of a calculation being performed or the context related to the question. The student appears to have written a series of numbers which might be random or part of another problem, but it does not correspond directly to the given question about the thickness of iron sheets.\n\n**Error:** 1', ""**Reasoning:** The image shows a handwritten attempt at solving the problem but lacks any numerical calculation. The numbers appear to be random scribbles without any connection to the problem's requirements. The student has not attempted to solve the question correctly.\n\n**Error:** 1"", '**Reasoning:** The image does not contain any mathematical work related to the given question. Instead, it appears to show a series of numbers written in a seemingly random fashion, which does not correspond to the problem statement or the expected calculations. There is no evidence of a solution to the question about the thickness of iron sheets if 100,000 or 1 billion sheets were stacked.\n\n**Error:** 1']",Qwen/Qwen2.5-VL-7B-Instruct,False
3217953875360620,脱式计算：$0.15 \times 63 + 2.4$=___1___。,11.85,3.345,4,primary,1,0.0,True,0,1.0,"['**Reasoning:** The student has correctly performed the multiplication $0.15 \\times 63 = 9.45$. However, when adding $2.4$, the correct sum should be $9.45 + 2.4 = 11.85$ instead of $3.345$ as indicated. The student likely made a mistake in the addition step.\n\n**Error:** 1', '**Reasoning:** The student has two errors in their work. First, they have incorrectly calculated $0.15 \\times 63$, which results in $9.45$ instead of the correct $9.45$. Second, they have written the answer $2.945$ at the bottom, which seems to be a mix-up of digits from somewhere else in the work. The final step involves adding $8.945$ to something, which does not match the original problem statement.\n\n**Error:** 1', '**Reasoning:** The student has performed a multiplication and addition correctly as per the given question. However, there seems to be a misalignment issue with the decimal point in the final answer. The correct answer should be $9.45$, not $0.945$. This suggests a potential oversight in aligning the decimal points during the addition process.\n\n**Error:** 1', '**Reasoning:** The student has correctly performed the multiplication $0.15 \\times 63 = 9.45$. However, when adding $9.45$ to $2.4$, the correct sum should be $11.85$, not $3.345$. The student likely made a transcription error during the addition step.\n\n**Error:** 1', '**Reasoning:** The student has performed the multiplication correctly ($0.15 \\times 63 = 9.45$) but has made a mistake in the addition part. The correct sum should be $8.945 + 2.4 = 11.345$, not $3.345$. The student seems to have added the digits incorrectly, missing a carry-over.\n\n**Error:** 1']",Qwen/Qwen2.5-VL-7B-Instruct,False
3217955840427980,图书室有740本课外读物，平均分给5个年级。三年级拿到课外读物后，又平均分给4个班级。三年级每个班级可以分到___1___本课外读物。[br],37,148,1,primary,1,0.0,True,0,1.0,"['**Reasoning:** The student seems to have attempted to divide 740 by 5, but then the work does not continue correctly. It appears as if they stopped at 24 and did not proceed with the division step by step. The correct approach should involve performing the division 740 ÷ 5 first and then dividing the quotient by 4.\n\n**Error:** 1', '**Reasoning:** The student appears to have divided 740 by 5 first, which is correct, but then they should have taken the quotient from that division and divided it by 4 next. However, the student did not perform the second division, instead writing ""148"" as if it were the final answer. The problem asks for the number of books each class gets after dividing the books evenly among four classes, so the student needs to divide 148 by 4, which equals 37.\n\n**Error:** 1', ""**Reasoning:** The student has attempted to divide 740 by 5 first, which results in 148. However, the problem requires dividing the result by 4 next, which should be 148 divided by 4. The student's work seems to have skipped the second division step, leading to an incorrect answer.\n\n**Error:** 1"", '**Reasoning:** The student appears to have performed a long division incorrectly. The divisor is 5 and the dividend is 740. The correct process should lead to 148 as the quotient, which is not what is written. The number ""148"" at the top left of the image seems out of place and does not represent part of the division algorithm being used.\n\n**Error:** 1', '**Reasoning:** The student divided 740 by 5 first, which is correct. However, then they took the quotient and divided it by 4 instead of the original 5, leading to an incorrect result. The student should have divided the initial quotient by 5 again before dividing by 4.\n\n**Error:** 1']",Qwen/Qwen2.5-VL-7B-Instruct,False
3217956008460180,光明学校从兰花、玫瑰、百合花、康乃馨、满天星中选3种花种植在学校花圃中，一共有___1___种不同的选法。,10,6,2,primary,1,0.0,True,0,1.0,"['**Reasoning:** The student has simply written down the numbers 3+2+1 without performing any addition. There appears to be no attempt to solve the problem as stated. This indicates a misunderstanding of the question, which asks for the number of different ways to choose 3 flowers out of 5, not a simple addition of the numbers given.\n\n**Error:** 1', '**Reasoning:** The student appears to have written down a simple addition problem, ""3 + 2 + 1,"" which is unrelated to the combinatorial question about selecting flowers. The question asks for the number of ways to choose 3 flowers out of 5, which involves a combination calculation (not addition). The handwritten work does not address the given problem correctly.\n\n**Error:** 1', '**Reasoning:** The image appears to show the student\'s attempt at solving a math problem, but the handwriting is very unclear. There is a drawing above the numbers, which makes it difficult to determine what the student intended to write. The numbers ""3+2+1"" are partially visible, suggesting the student might have been working on a similar math problem. However, there is no clear indication that the student is solving the given question about choosing 3 types of flowers from a list, as per the instruction.\n\n**Error:** 1', '**Reasoning:** The image shows the simple addition problem \\(3 + 2 + 1\\). There is no indication of the student solving the problem, only the numbers appear. Since the instruction was to solve the problem but no calculations are shown, it suggests that the student did not perform the required operation, which is an error.\n\n**Error:** 1', '**Reasoning:** The question asks for the number of ways to select 3 types of flowers from a set of 5 types (兰花, 玫瑰, 百合花, 康乃馨, 满天星). The image does not contain any calculations or methods related to combinatorics or permutations, which would have been necessary to solve this problem. The student has simply written ""3+2+1"" which suggests they might have misunderstood the question or attempted to add some numbers without context.\n\n**Error:** 1']",Qwen/Qwen2.5-VL-7B-Instruct,False
3217956009570460,爸爸买了1500克的水蜜桃，又买了5个芒果，每个芒果重300克。爸爸买这两种水果一共重___1___千克。,3,3000,1,primary,1,0.5004024235381879,True,0,0.8,"[""**Reasoning:** The scratchwork only shows '1500', which seems to be written as part of a larger solution but does not indicate any arithmetic operations. Given the question asks for the total weight of the fruits, the '1500' likely represents the weight of the watermelon. However, it is missing the calculation for the mangoes' weight, which is 5 * 300 = 1500 grams. There is no addition operation shown between the two weights to get the total weight. Therefore, there is an error in the work since the problem requires calculating the total weight by summing the weights of both fruits after determining each fruit's contribution.\n\n**Error:** 1"", '**Reasoning:** The image only shows the number ""1500"" written, which appears to be part of the answer but does not show any calculation or work. Since the question asks for the total weight of the fruits bought by the father, it requires addition of the weights of the watermelon and the mangoes. There is no evidence of such calculations being performed.\n\n**Error:** 1', '**Reasoning:** The image shows only the number ""1500,"" which might be part of the initial step in solving the problem but does not indicate a complete solution to the question. The question asks for the total weight of watermelons and mangoes combined, assuming each mango weighs 300 grams. Based on the image alone, there is no clear indication of calculations or a conclusion. The image does not contain enough information to determine if the student has made an error or if the answer is correct.\n\n**Error:** 1', '**Reasoning:** The image only shows the number ""1500"", which appears to be part of the problem statement but does not show any calculations related to the question about the total weight of the watermelon and mangoes. There is no evidence of a mistake in the calculation since there is no calculation shown.\n\n**Error:** 0', '**Reasoning:** The image shows ""1500"" written down, which seems to be a part of the answer but does not show any calculation process. There isn\'t enough information to determine if this number is correct based solely on the image. However, since the question asks for the total weight of the fruits in kilograms, it appears the student might have written the initial part of the sum without completing it.\n\n**Error:** 1']",Qwen/Qwen2.5-VL-7B-Instruct,False
3216946007054510,大伯家今年用电量为2200千瓦$/$时，去年用电量为2000千瓦时，大伯家去年用电量是今年的___1___%。（百分号前保留一位小数）。,90.9,10,2,primary,1,0.0,True,0,1.0,"[""**Reasoning:** The student correctly set up the problem as a percentage calculation: last year's consumption divided by this year's consumption. However, the student incorrectly performed the operation, dividing 2000 by 2200 instead of 2200 by 2000. This results in a larger value than should be, which is incorrect for finding how much less the previous year's consumption was compared to the current year.\n\n**Error:** 1"", ""**Reasoning:** The image appears to show a division process where the student is attempting to find the fraction of last year's consumption compared to this year's. This is incorrect because the question asks for the percentage of last year's consumption relative to this year's. The division should be the reverse of what is shown here.\n\n**Error:** 1"", ""**Reasoning:** The student has written down the division of last year's electricity usage by this year's electricity usage, which is the correct approach to find the percentage of last year's usage compared to this year's. However, the result is not fully calculated, and it appears as 10 instead of the actual percentage value. This suggests a potential error in the final step of the calculation.\n\n**Error:** 1"", ""**Reasoning:** The student appears to be attempting to calculate the percentage increase from last year's electricity usage (2000 kWh) to this year's (2200 kWh). However, the student has incorrectly divided the difference between the two years by the current year's value (2200 - 2000) / 2200 instead of using the previous year's value as the base. This results in an incorrect calculation which should be (2000/2200) * 100%.\n\n**Error:** 1"", '**Reasoning:** The image shows the student has written ""10"" as a result, but the question asks to find the percentage of last year\'s electricity consumption relative to this year\'s. The formula should be (last year\'s consumption / this year\'s consumption) * 100%. The student seems to have made a division instead of the correct formula, leading to an incorrect result.\n\n**Error:** 1']",Qwen/Qwen2.5-VL-7B-Instruct,False
3217956665215010,奇思商店进来26箱饮料，每箱12瓶，每瓶10元。奇思商店一共进来___1___瓶饮料，每箱___2___元。,312; 120,312; 3120,1,primary,1,0.6730116670092565,False,0,0.4,"['**Reasoning:** The student appears to have correctly calculated the total number of bottles using multiplication: 26 boxes * 12 bottles per box = 312 bottles. However, there seems to be a confusion with the second part of the question. The student likely intended to find the cost per box, but instead wrote ""312"" as if it were the total cost when each bottle costs 10 yuan. The correct calculation should be 26 boxes * 12 bottles per box * 10 yuan per bottle = 3120 yuan for all bottles together. But since only one part of the question is being addressed here, the student has completed the multiplication correctly.\n\n**Error:** 0', '**Reasoning:** The student has performed multiplication correctly to find the total number of bottles (26 x 12 = 312) and the total value per bottle (10). However, the image does not contain the final step to calculate the total cost, which would be 312 * 10. Additionally, there is no indication that the student was asked to calculate the total cost, only to find the total number of bottles and the value per bottle.\n\n**Error:** 0', '**Reasoning:** The student seems to have mixed up the units for the total number of bottles and the price per box. The left part of the image shows the multiplication of 26 by 12, which is correct for finding the total number of bottles. However, the right part does not reflect the price per box calculation which should involve multiplying the total number of bottles by the price per bottle (10 yuan). Instead, it appears to be attempting another addition unrelated to the initial problem.\n\n**Error:** 1', '**Reasoning:** The student has written ""312"" twice in the work, which seems to be a misread or incorrect result derived from the multiplication ""26 x 12"". The correct product should be ""312"", but the student might have misunderstood the process or copied incorrectly. However, there\'s no indication that the student made a computational error in writing down ""312"" as part of the multiplication process.\n\n**Error:** 0', ""**Reasoning:** The scratchwork appears to show the student multiplying 26 by 12, which should indeed give 312 as the total number of bottles of drinks. However, the text at the top of the image indicates that the student needs to find the total number of bottles (which is correct) but also the cost per box based on the price of each bottle. Since the student's work only calculates the total number of bottles, there is no evidence of calculating the cost per box, which seems to be the second part of the question. Therefore, while the answer to the first part is correct, it doesn't address the second part of the question.\n\n**Error:** 1""]",Qwen/Qwen2.5-VL-7B-Instruct,False
3214393389258150,食堂先后买进两批大米，共620千克大米，如果从第一批里面倒出15千克给第二批，两批大米就一样多，第一批买进___1___千克大米，第二批买进___2___千克大米。,325; 295,340; 310,4,primary,1,0.0,True,0,1.0,"['**Reasoning:** The image appears to show a division problem instead of the subtraction problem related to the question. The numbers ""325"" and ""340"" do not seem to be directly connected to solving the problem about two batches of rice. There is no clear indication of how these numbers relate to the solution of the problem, and the presence of a number like ""650"" out of context seems misplaced. This suggests that the student might have misunderstood the problem or attempted to solve it using unrelated calculations.\n\n**Error:** 1', '**Reasoning:** The image shows the work `650 - 325 = 325`, which appears to be a mistaken calculation. The problem suggests that after transferring 15 kg from the first batch to the second, both batches have the same amount of rice. This means originally the difference between the two batches was 30 kg (since 15 kg * 2 = 30 kg). The correct steps should be:\n1. Let \\( x \\) be the amount of the first batch.\n2. The second batch then is \\( x - 30 \\).\n3. After moving 15 kg from the first batch to the second, the equations become:\n   \\[\n   x - 15 = (x - 30) + 15\n   \\]\n   Simplifying, we get:\n   \\[\n   x - 15 = x - 15\n   \\]\n   Which confirms the difference is 30 kg. The total is 620 kg, so solving for \\( x \\):\n   \\[\n   x + (x - 30) = 620 \\implies 2x - 30 = 620 \\implies 2x = 650 \\implies x = 325\n   \\]\n   Therefore, the first batch is 325 kg and the second is 315 kg.\n\n**Error:** 1', '**Reasoning:** The image shows the subtraction process: 650 - 325 = 340. This looks like a simple arithmetic operation intended to find the difference between two numbers. However, there is no context given that this difference should be used to solve the problem about the two batches of rice. The question asks for the quantities of the first and second batches, which typically requires setting up equations based on the information provided.\n\nThe work seems to be a calculation unrelated to the problem at hand. There is no error in the arithmetic itself as shown, but there is an error in the application of the calculation to the problem because it doesn’t address the required solution.\n\n**Error:** 1', ""**Reasoning:** The image appears to show the student's work for solving a system of linear equations, but it is not clear what they are trying to solve. However, the visible text suggests they might have been attempting to solve the problem related to the total amount of rice bought and the transfer between two batches. The student seems to have written numbers without showing the complete process of setting up and solving the equations. There is no evidence of any calculation being performed correctly or incorrectly based on the image.\n\n**Error:** 1"", '**Reasoning:** The student appears to have written the numbers ""650"", ""325"", ""310"", and ""340"" but it is unclear what these numbers represent without additional context. Given the problem statement, it seems the student might be trying to solve for two unknowns (the quantity of rice bought in two batches) but there is no equation or setup visible that directly addresses the problem. The numbers could be part of a different context or the student might have made a mistake in writing them down.\n\n**Error:** 1']",Qwen/Qwen2.5-VL-7B-Instruct,False
3217956625602710,计算:12.5+2.32-5.42=___1___,9.4,9.40,3,primary,1,0.5004024235381879,True,0,0.8,"['**Reasoning:** The student has written down the numbers they are supposed to add and subtract but did not perform the actual calculation. The work does not show any intermediate steps or results, so it cannot be determined if there is a mistake in the addition, subtraction, or final result based on this image alone.\n\n**Error:** 0', '**Reasoning:** The student has written down the numbers involved in the operations but does not appear to perform any calculations. This suggests a lack of understanding of how to carry out the arithmetic operations or a failure to actually do so.\n\n**Error:** 1', '**Reasoning:** The student has performed the addition correctly as \\(12.5 + 2.32 = 14.82\\). However, they have not subtracted \\(5.42\\) from the sum but instead seem to have written it as another number sequence below. This suggests a misunderstanding or a misreading of the subtraction part of the question.\n\n**Error:** 1', '**Reasoning:** The student has written down the numbers 12.5, 2.32, and 5.42, but it appears there are no arithmetic operations being performed. The numbers are simply listed in sequence. The question asks for the sum of these numbers, and based on the scratchwork, there seems to be no calculation taking place.\n\n**Error:** 1', '**Reasoning:** The student appears to have written numbers in a columnar form but it seems they did not perform any calculations as the numbers remain unchanged and there are no intermediate steps shown. This suggests either a lack of attempt at solving the problem or an uncompleted calculation process.\n\n**Error:** 1']",Qwen/Qwen2.5-VL-7B-Instruct,False
0bcb441ff54711e999b77cd30a5a3038,不等式组$- 2 &lt; 10 - 4(x - 3) \le 2(x - 1)$的解集是____,4 \le x &lt; 6,-4\le x<5,0,middle,1,0.0,True,0,1.0,"['**Reasoning:** The student has started on the right track by distributing and simplifying the inequalities. However, there appears to be a mistake when simplifying $-4(x - 3)$. The correct simplification should be $-4x + 12$, not $-4x - 12$, which changes the inequality $22 - 4x \\leq 2x - 2$ to $22 - 4x \\leq 2x - 2$. This results in an incorrect sequence of steps after further simplification.\n\n**Error:** 1', ""**Reasoning:** The student has made several mistakes. They incorrectly distributed the negative sign when moving terms across the inequality signs. Specifically, they incorrectly simplified $10 - 4(x - 3)$ to $22 - 4x$, instead of correctly distributing the $-4$ to get $10 - 4x + 12$. Additionally, there's a mix-up with the direction of the inequality signs during the simplification process, which is not aligned with the correct algebraic manipulations. The final answer step also seems incorrect as it doesn't align with the proper solution obtained from the correct algebraic steps.\n\n**Error:** 1"", '**Reasoning:** The student has attempted to solve the inequality $-2 < 10 - 4(x - 3) \\le 2(x - 1)$. However, there seems to be confusion with the steps taken. The scratchwork does not correctly break down and simplify the inequality. Specifically, the student should first distribute the $-4$ and $2$ into the parentheses, then combine like terms. The work shown does not follow these steps properly, and it does not lead to a correct solution. The final step incorrectly suggests solving for $x > 5$, which is not consistent with the original inequality.\n\n**Error:** 1', ""**Reasoning:** The student has made a mistake in simplifying the inequality. The step $-2 < 10 - 4x + 12 \\le 2x - 2$ should simplify to $-2 < 22 - 4x \\le 2x - 2$. However, the student incorrectly simplified it to $-2 < 22 - 4x \\le 2x - 2$, which is not equivalent. Also, the correct simplification of $22 - 4x \\le 2x - 2$ should be $-6x \\le -24$, leading to $x \\geq 4$. The student's work shows $x \\leq 4$, which is incorrect.\n\n**Error:** 1"", '**Reasoning:** The student appears to have simplified incorrectly by introducing extraneous symbols and operations that do not align with the original inequality. Specifically, the step involving the introduction of an equals sign and operations like ""L"" and ""2"" seems to be incorrect. The correct simplification should not have these additional steps and should focus on solving the inequality directly.\n\n**Error:** 1']",Qwen/Qwen2.5-VL-7B-Instruct,False
3217955760932580,巧算：18×（$\frac{1}{3}$+$\frac{5}{9}$-$\frac{1}{6}$）=___1___,13,14,0,primary,1,0.0,True,0,1.0,"[""**Reasoning:** The student has taken the expression inside the parentheses as 18 × (√3 + √5 - √6) instead of 18 × (1/3 + 5/9 - 1/6). This is a misinterpretation of the question. The correct calculation should be based on the arithmetic operations inside the parentheses, which are addition and subtraction, not square roots. The student's work does not reflect the correct interpretation of the problem.\n\n**Error:** 1"", '**Reasoning:** The student has incorrectly multiplied 18 with only part of the expression inside the parentheses. Specifically, they have multiplied 18 by $\\frac{1}{3}$ instead of considering the entire expression within the parentheses. This results in an incorrect intermediate step which then leads to the wrong final answer.\n\n**Error:** 1', '**Reasoning:** The student appears to have directly simplified the expression inside the parentheses without performing the multiplication first, which is incorrect according to the order of operations. The correct approach would be to multiply each term inside the parentheses by 18 before adding or subtracting them. The work seems to stop mid-problem without continuing the multiplication step needed.\n\n**Error:** 1', '**Reasoning:** The student appears to have multiplied 18 by each term inside the parentheses separately and then added the results, which is incorrect. The correct approach would be to simplify the expression inside the parentheses first before multiplying by 18. The correct solution should be \\(18 \\times (\\frac{1}{3} + \\frac{5}{9} - \\frac{1}{6}) = 18 \\times \\frac{2}{3} = 12\\).\n\n**Error:** 1', '**Reasoning:** The student has made a significant error by directly simplifying the expression inside the parentheses instead of first simplifying the fractions. The correct approach would be to find a common denominator for the fractions in the parentheses before performing the arithmetic operations. The student should have calculated $\\frac{1}{3} + \\frac{5}{9} - \\frac{1}{6}$ first, which equals $\\frac{6}{18} + \\frac{10}{18} - \\frac{3}{18} = \\frac{13}{18}$. Then the calculation would have been $18 \\times \\frac{13}{18} = 13$.\n\n**Error:** 1']",Qwen/Qwen2.5-VL-7B-Instruct,False
3214393441669240,李老师第一节课用去一根粉笔的$\frac{1}{3}$，第二节课用去的粉笔是第一节课的$\frac{4}{5}$，第二节课用了这根粉笔的___1___。（填分数）,\frac{4}{{15}},\frac{8}{15},5,primary,1,0.0,True,0,1.0,"['**Reasoning:** The problem asks for the fraction of the whole stick used in the second lesson, which is $\\frac{1}{3} \\times \\frac{4}{5}$. The student has written $\\frac{2}{3} \\times \\frac{4}{5}$ instead, which indicates a mistake in the numerator of the first fraction. This results in a different calculation and answer.\n\n**Error:** 1', '**Reasoning:** The student wrote $\\frac{2}{3} \\times \\frac{4}{5}$, which is not related to the problem at hand. The problem asks for the fraction of the粉笔 used in the second lesson, which should be calculated as $\\frac{1}{3} \\times \\frac{4}{5}$. The student seems to have multiplied the fractions incorrectly.\n\n**Error:** 1', '**Reasoning:** The student has written $\\frac{2}{3} \\times \\frac{4}{5}$, which seems to be an attempt at solving the problem. However, the problem asks for the fraction used in the second lesson, which is $\\frac{4}{5}$ of the fraction used in the first lesson ($\\frac{1}{3}$). The scratchwork does not appear to correctly represent this. Instead of showing $\\frac{1}{3} \\times \\frac{4}{5}$, the student has incorrectly multiplied $\\frac{2}{3}$ by $\\frac{4}{5}$, which is not relevant to the question.\n\n**Error:** 1', '**Reasoning:** The image shows the expression $\\frac{2}{3} \\times \\frac{4}{5}$, but the question asks about $\\frac{1}{3} \\times \\frac{4}{5}$. This suggests that the student might have made a mistake by not following the correct instruction given in the question.\n\n**Error:** 1', ""**Reasoning:** The image shows the expression $\\frac{2}{3} \\times \\frac{4}{5}$, but the question asks for the fraction used by the teacher in the second lesson, which should be $\\frac{1}{3} \\times \\frac{4}{5}$. The student's work does not match the question being asked.\n\n**Error:** 1""]",Qwen/Qwen2.5-VL-7B-Instruct,False
3214393454424060,（2023秋•镇原县期中）小华看一本故事书，三天看完。第一天看了18页，第二天看了29页，第三天看了35页。这本故事书共有多少页？ 列综合算式并计算：___1___（页）,18+29+35＝82或18+35+29＝82或29+18+35＝82或29+35+18＝82或35+18+29＝82或35+29+18＝82,82,1,primary,1,0.0,True,0,1.0,"['**Reasoning:** The scratchwork shows the addition of 18, 29, and 33, which does not match the numbers given in the question (18, 29, and 35). This suggests a misreading or incorrect numbers have been used.\n\n**Error:** 1', '**Reasoning:** The student has written down the numbers involved in the problem (18, 29, and 35) but it appears they have stopped before performing the addition. The student seems to have incorrectly written ""47"" and ""82"" without completing the sum. The correct sum should be 18 + 29 + 35 = 82.\n\n**Error:** 1', '**Reasoning:** The student has correctly written down the numbers 18, 29, and 35 as part of the sum. However, there seems to be no attempt at addition, and instead, the numbers are simply listed as if they were separate values. This indicates that the student did not perform the required addition to find the total number of pages in the book.\n\n**Error:** 1', '**Reasoning:** The student has written the numbers given in the problem but has not added them together. The problem asks for the total number of pages in the storybook, which is obtained by performing the addition of the pages read each day: 18 + 29 + 35. The student has not performed this addition.\n\n**Error:** 1', '**Reasoning:** The given scratchwork shows the addition of numbers, but it does not match the total sum required by the question. The question asks for the total number of pages in the storybook, which should be the sum of 18, 29, and 35. The scratchwork seems to have been written without performing the addition correctly or at all, resulting in incorrect intermediate results.\n\n**Error:** 1']",Qwen/Qwen2.5-VL-7B-Instruct,False
3217953873485780,解方程：$\frac{1}{4}x - \frac{4}{9} \div \frac{2}{3} = 3\frac{1}{3}$，\[x\]=___1___,16,\frac{32}{3},0,primary,1,0.0,True,0,1.0,"[""**Reasoning:** The image shows that the student has attempted to solve a different equation than the one given in the question. The student is working with fractions and seems to have made an attempt at simplifying expressions, but the work does not match the question provided. The question asks to solve for \\(x\\) in the equation \\(\\frac{1}{4}x - \\frac{4}{9} \\div \\frac{2}{3} = 3\\frac{1}{3}\\), yet the student's work appears to be unrelated to this problem.\n\n**Error:** 1"", '**Reasoning:** The student has attempted to perform arithmetic operations but the problem asks to solve for \\( x \\) in the equation \\(\\frac{1}{4}x - \\frac{4}{9} \\div \\frac{2}{3} = 3\\frac{1}{3}\\). The scratchwork provided does not represent the original equation or the solution process required. Instead, it seems to involve multiplication and addition of fractions, which is not relevant to solving the given equation.\n\n**Error:** 1', '**Reasoning:** The student appears to have misunderstood the problem. The original equation is $\\frac{1}{4}x - \\frac{4}{9} \\div \\frac{2}{3} = 3\\frac{1}{3}$. However, the student has performed $10/3 \\times 2/3$ and $20/9 + 4/9$, which do not match the original equation. The student seems to have substituted values into the equation incorrectly.\n\n**Error:** 1', '**Reasoning:** The student has performed multiplication incorrectly. The expression $\\frac{10}{3} \\times \\frac{2}{3}$ should be calculated as $\\frac{10 \\times 2}{3 \\times 3} = \\frac{20}{9}$. However, the student seems to have simplified it further to $\\frac{4}{3}$, which is incorrect. There is also a confusion with the division operation, which is not relevant to the given equation.\n\n**Error:** 1', '**Reasoning:** The student attempted to multiply fractions but did not correctly perform the operation. The correct calculation for $\\frac{10}{3} \\times \\frac{2}{3}$ should be $\\frac{20}{9}$, not $\\frac{8}{3}$. The work does not show the correct fraction multiplication, and there seems to be confusion with the addition of fractions as well. The final result of $3\\frac{1}{3}$ suggests an incorrect solution.\n\n**Error:** 1']",Qwen/Qwen2.5-VL-7B-Instruct,False
3217957277123170,一车间和二车间共有工人700名，其中一车间的人数比二车间人数的2倍多10人，一车间有工人___1___名，二车间有工人___2___名。,470; 230,230; 470,3,primary,1,0.5004024235381879,True,0,0.8,"[""**Reasoning:** The image only shows part of the solution process, with the equation \\( x = 2x + 10 \\) written down. However, there is no process or solution shown after this step. We don't have enough information to determine if there is an error in the equation itself or in the rest of the solution. Since the image does not show the complete solution, we cannot confirm the correctness of the method or the final answer based solely on this image.\n\n**Error:** 1"", '**Reasoning:** The student has written ""x"" next to ""2x+10"". This suggests they have set up the equation as x = 2x + 10, which is incorrect based on the problem statement. The correct interpretation should be that if we let x represent the number of workers in the first workshop, then the number of workers in the second workshop would be 2x + 10. Therefore, the equation should be x + (2x + 10) = 700, not x = 2x + 10.\n\n**Error:** 1', '**Reasoning:** The image only shows the expression ""x"" and ""2x+10"", which does not represent any part of solving the given problem. There is no working shown that indicates the solution process has been followed to find x and the number of workers in each factory. We cannot determine if there is an error since we lack the actual steps taken by the student to solve the problem.\n\n**Error:** 0', '**Reasoning:** The image shows only the expression ""x"" and ""2x + 10,"" which do not represent the solution process or the actual equation derived from the problem statement. The problem states that one factory has twice the number of workers in the other factory plus 10 more, making the total 700. This would typically involve setting up an equation like \\( x + 2x + 10 = 700 \\). Therefore, the image does not show any work that addresses the problem correctly.\n\n**Error:** 1', '**Reasoning:** The image shows only the equation \\( x = 2x + 10 \\) which does not match the problem statement. According to the problem, one车间的人数 (人数 means people/number of people) is twice the number of people in the other车间 and 10 more. The correct equation should be \\( x = 2(700 - x) + 10 \\). The student has not set up the correct equation based on the given conditions.\n\n**Error:** 1']",Qwen/Qwen2.5-VL-7B-Instruct,False
3217957329547500,用500粒玉米种子做发芽实验，结果有10粒没有发芽，玉米种子的发芽率是___1___。,98\%,98,4,primary,1,0.5004024235381879,False,0,0.2,"[""**Reasoning:** The image provided does not contain any handwritten work or calculations. There is only a single dot at the center of the image, which appears to be a typo or unrelated element. Since there is no mathematical work to evaluate, it cannot be determined if an error exists in the student's work.\n\n**Error:** 0"", '**Reasoning:** The image only shows a single dot with no calculations or numbers associated with it. Since there is no mathematical work or information related to the question about corn seed germination rates, it is impossible to determine if there is an error in the approach or result.\n  \n**Error:** 0', '**Reasoning:** The question asks for the seed germination rate using 500 seeds, with 10 not germinating. The formula for germination rate is (number of germinated seeds / total number of seeds) * 100%. The student did not show any calculations or any part of the formula being applied. There is no evidence of an error in the provided image as it appears blank.\n\n**Error:** 0', ""**Reasoning:** The question asks for the kernel germination rate based on the number of non-germinated kernels, which is given as 10 out of 500 kernels. However, there is no visible mathematical work or calculations in the image. Since the problem statement and the question itself are clearly understood, we cannot determine if the student made an error because the actual work isn't shown. Therefore, we must assume there is no error since the problem's structure is correct.\n\n**Error:** 0"", ""**Reasoning:** The problem asks for the germination rate of 500 corn seeds with 10 seeds not germinating. The formula for germination rate is `(number of germinated seeds / total number of seeds) * 100`. Since there is only one dot visible, it appears the student has not started the calculation or made a mistake in understanding the question. There is no written work showing the calculation, so we don't have enough information to determine if there's an error in the process.\n\n**Error:** 1""]",Qwen/Qwen2.5-VL-7B-Instruct,False
3217955652161040,有一个长20米，宽8米的长方形苗圃，如果每平方米种1棵白玉兰树，这个苗圃一共可以种___1___棵白玉兰树。,160,16,3,primary,1,0.6730116670092565,True,0,0.6,"['**Reasoning:** The image does not contain any numerical work or calculations related to the problem. The question asks for the total number of white magnolia trees that can be planted in a rectangular garden with dimensions 20 meters in length and 8 meters in width, if one tree can be planted per square meter. However, the image is completely blank, showing only unclear scribbles. Since there is no actual work shown, it is impossible to determine if there is an error or not based solely on what is visible.\n\n**Error:** 0', ""**Reasoning:** The image appears to show only a sequence of numbers '36' and '14'. There is no work related to calculating the area of a rectangular plot with dimensions 20 meters by 8 meters, nor is there any indication of the final step of dividing the total area by 1 to determine how many trees can be planted. This suggests that the student might have started working on the problem but did not complete it.\n\n**Error:** 1"", '**Reasoning:** The image shows the work as ""16"" which seems to be the result of multiplying 20 by 8, but there is no indication of how it was performed in the image. However, the question asks for the area of a rectangle with dimensions 20 meters by 8 meters, and the area is calculated correctly as \\(20 \\times 8 = 160\\) square meters, not 16. Therefore, the work presented in the image is incorrect.\n\n**Error:** 1', '**Reasoning:** The image appears to show the number ""160"" which might suggest the student calculated the area of the rectangle (length x width = 20m x 8m = 160 square meters). However, there is no multiplication symbol or indication that this is part of the solution process. The image does not contain the actual workings leading to this number, only the result itself. Since the problem asks for the number of trees that can be planted given the area, it\'s assumed the student has correctly calculated the area, though the scratchwork doesn\'t demonstrate the process.\n\n**Error:** 0', '**Reasoning:** The image does not contain any written work related to solving the given problem. There is no calculation, formula, or numerical result visible. It seems to be an attempt at handwriting but lacks any mathematical content relevant to the problem.\n\n**Error:** 1']",Qwen/Qwen2.5-VL-7B-Instruct,False
3217954124678200,"动物园有37只大猴,小猴的只数是大猴12倍,大猴比小猴少了___1___只。",407,444,5,primary,1,0.5004024235381879,True,0,0.8,"['**Reasoning:** The image does not contain any calculations or steps that the student would have performed to solve the problem. The numbers ""37"" and ""4"" appear but there is no evidence of multiplication or subtraction being done to find the difference between the number of monkeys. Therefore, it cannot be determined if the student made an error based on what is shown.\n\n**Error:** 1', '**Reasoning:** The student has written ""37 - 2"", which is likely intended to represent subtracting 2 from 37. However, the image does not show the full solution process, and it is not clear if the student\'s intention was to find the difference between the number of big monkeys and little monkeys. Given the context of the question, the student should have calculated \\(37 \\times 12\\) for the number of little monkeys and then subtracted the number of big monkeys from that total. The image does not provide enough information to determine if the student has performed the correct calculations.\n\n**Error:** 1', '**Reasoning:** The image shows a partial division process with numbers that appear to be part of a solution. However, the numbers seem to have been written without context, and the method used does not align with the problem statement. The problem asks for the difference between the number of small monkeys (which is 37 times the number of large monkeys) and the number of large monkeys. The provided scratchwork appears to be a division problem, which is not relevant to solving this particular word problem.\n\n**Error:** 1', '**Reasoning:** The student seems to have performed a division operation (37 divided by 12) but based on the context of the question, this is incorrect. The question asks how many more monkeys there are in the group of small monkeys compared to the group of big monkeys. This requires multiplication rather than division. The student should multiply 37 by 12 to find the number of small monkeys and then subtract the number of big monkeys from it to get the difference. The scratchwork appears to be just a division attempt, which is not what the problem requires.\n\n**Error:** 1', '**Reasoning:** The image appears to show the process of calculating 37 times 12. However, the work is not fully completed, and there seems to be a discrepancy in the digits used in the multiplication. The student might have started writing ""37x12"" but did not finish the multiplication correctly. There is no final result indicated, which is missing from the image. Without the actual multiplication being completed correctly, it\'s not possible to definitively state if there is an error in the method or calculation.\n\n**Error:** 0']",Qwen/Qwen2.5-VL-7B-Instruct,False
3217955238076630,面粉厂用$3000kg$小麦磨出了$2580kg$的面粉，小麦的出粉率是___1___。,86\%,86,3,primary,1,0.0,True,0,1.0,"['**Reasoning:** The student appears to have misunderstood the division as multiplication. The problem asks for the ratio of wheat to flour, which should be calculated as 3000 ÷ 2580, not 2580 ÷ 3000. The correct approach would involve dividing the given amounts directly to find the percentage or ratio.\n\n**Error:** 1', '**Reasoning:** The student appears to have used a division method to find the ratio of wheat to flour instead of calculating the percentage of flour produced from wheat. The division process suggests they are trying to find how many kilograms of wheat are needed to produce one kilogram of flour, which is the reciprocal of what is required to calculate the出粉率 (flour rate). The correct approach would be to divide the amount of flour by the amount of wheat to get the flour rate.\n\n**Error:** 1', '**Reasoning:** The student appears to be performing long division incorrectly. The question asks for the wheat flour production rate, which should be calculated as the amount of flour produced divided by the amount of wheat used, i.e., \\( \\frac{2580}{3000} \\). However, the work shows a division problem that does not match this requirement. The student has written \\( 3000 \\div 2580 \\), which is the inverse of what is needed. Additionally, the interpretation of the fraction \\( \\frac{2580}{3000} \\) as \\( 0.86 \\) seems incorrect because it suggests only 86% of the wheat was used, which might not be the intended meaning for calculating the production rate.\n\n**Error:** 1', '**Reasoning:** The student appears to have attempted to divide $3000$ by $2580$ instead of calculating the ratio of flour produced to the amount of wheat used. This suggests a misunderstanding of the problem, as they should have been calculating how much wheat produces $1kg$ of flour, which requires division, not multiplication.\n\n**Error:** 1', '**Reasoning:** The student seems to have interpreted the problem as a division problem instead of multiplication. They calculated \\( \\frac{2580}{3000} = 0.86 \\) which is incorrect. The correct approach would be to solve \\( \\frac{2580 \\times 4}{3000} \\). This indicates a misunderstanding of the problem statement.\n\n**Error:** 1']",Qwen/Qwen2.5-VL-7B-Instruct,False
3217956156662480,用一根铁丝围一个长方形，长13分米、宽11分米。如果用这根铁丝围一个正方形，那么正方形的面积是___1___平方分米。,144,121,0,primary,1,0.0,True,0,1.0,"[""**Reasoning:** The image shows an attempt at solving the problem, but it seems to be a mix-up of concepts. The student has written what appears to be the area of a rectangle (13 * 11) but then divided it by 121 instead of using it to find the side length of a square. The correct approach should be dividing the perimeter of the original rectangle by 4 to find the side length of the new square, then squaring it to find the area. The given work does not align with the question's requirements.\n\n**Error:** 1"", '**Reasoning:** The student has written a formula resembling the area of a rectangle but the context of the question requires the perimeter of a square, which would be based on the total length of the wire used to form both shapes. The given work does not show the correct calculation for the perimeter of the square or the area of the square derived from the given dimensions of the rectangle.\n\n**Error:** 1', ""**Reasoning:** The image shows a very rough sketch, but it seems to represent the area calculation of a rectangle with dimensions 13 dm and 11 dm. The question asks for the area of a square formed using the same perimeter as these dimensions. The scratchwork does not show a calculation related to the given problem. There's no indication of the correct method or result.\n\n**Error:** 1"", ""**Reasoning:** The student has written what appears to be \\(\\sqrt{\\frac{1}{2}}\\), which is not relevant to solving the given problem. The problem asks about the area of a square formed by the same perimeter as a rectangle with dimensions 13 dm and 11 dm. However, the student's work does not address this at all but seems to be attempting to find the square root of a fraction, which is not relevant to the given question.\n\n**Error:** 1"", '**Reasoning:** The image shows a division problem where the numerator appears to be √(1/(21)), but there is no clear evidence that the student has attempted to solve this expression. Instead, the focus seems to be on calculating the perimeter using the given dimensions of the rectangle, which is irrelevant to solving the question about the area of a square with the same perimeter. However, since the question asks for the area of the square, we need to calculate the side length of the square first.\n\nThe perimeter of the rectangle is 2 * (13 + 11) = 48 dm. This perimeter should be used to find the side length of the square, \\( s \\), such that \\( 4s = 48 \\). Solving for \\( s \\), we get \\( s = 12 \\) dm. Then, the area of the square would be \\( s^2 = 12^2 = 144 \\) square dm. The image does not show any steps related to finding this area.\n\n**Error:** 1']",Qwen/Qwen2.5-VL-7B-Instruct,False
3217957087726300,（2023春•万载县期末）一盏台灯20元，一本笔记本8元。 （1）一盏台灯比一本笔记本贵___1___元; （2）小明买这两种物品付了50元，应找回___2___元钱。,12; 22,12; 38,1,primary,1,0.5004024235381879,False,0,0.2,"[""**Reasoning:** The student seems to have subtracted 8 from 20, which correctly gives 12. However, the subtraction part of the problem asks how much more a lamp costs compared to a notebook, which should be calculated as 20 - 8 = 12. The second part of the subtraction, 50 - 12, is also correct and results in 38. The student's work indicates they performed these calculations accurately.\n\n**Error:** 0"", '**Reasoning:** The student has performed subtraction correctly for both parts of the problem. For the first part, 20 - 8 = 12 is correct, and for the second part, finding change from 50 after spending 12 on items, 50 - 12 = 38 is also correct.\n\n**Error:** 0', '**Reasoning:** The student has performed two separate subtractions but labeled them as the answer to both questions. The subtraction `20 - 8` correctly gives `12`, which corresponds to the first part of the question asking how much more a lamp costs than a notebook. The second subtraction `50 - 12` is correct in giving `38`, which should be the change if a lamp and a notebook cost together 50 yuan. However, the problem states that the total is 50 yuan, so the correct change should be `12` yuan, not `38`.\n\n**Error:** 1', '**Reasoning:** The student has written the subtraction problem as 20 - 8 = 12, which is correct. However, the question asks for the difference between 20 and 8, which is indeed 12. There is no indication that the student misunderstood the question or made a calculation error. The subtraction is correctly performed, and the answer matches the expected value.\n\n**Error:** 0', ""**Reasoning:** The student has written two separate calculations. The first one subtracts 8 from 20, which is correct, resulting in 12. However, the second calculation subtracts 12 from 50, which is also correct, resulting in 38. Since these steps are independent and both appear to be correct, there is no error in the student's work.\n\n**Error:** 0""]",Qwen/Qwen2.5-VL-7B-Instruct,False
3217956338498770,比35的14倍少36的数是___1___。,454,354,0,primary,1,0.0,True,0,1.0,"['**Reasoning:** The student has performed the multiplication correctly but made an arithmetic error when summing the results. The correct partial products are 490 and 350, which should sum up to 840, not 354 as written. The addition of 490 + 350 should be done as follows: \n- Align the digits under each other:\n  ```\n    4 9 0\n+ 3 5 0\n---------\n  8 4 0\n  ```\n\n**Error:** 1', '**Reasoning:** The student correctly multiplied 35 by 14 to get 490. However, they did not subtract 36 as required by the question. Instead, they added it to 490, resulting in 490 + 36 = 526, which is not the correct solution.\n\n**Error:** 1', ""**Reasoning:** The student's work appears to be performing multiplication and then subtraction, which is correct for solving the problem as stated. However, there seems to be a confusion with the last step of addition instead of subtraction. The student should have added 36 to 490, not subtracted it.\n\n**Error:** 1"", '**Reasoning:** The student has multiplied 35 by 14 correctly, resulting in 490. However, when subtracting 36 from 490, the student writes 354 instead of 454. This suggests a misunderstanding in the subtraction process, where the correct answer should be 454.\n\n**Error:** 1', '**Reasoning:** The image clearly shows a multiplication problem being solved incorrectly. The student has multiplied 35 by 14 but has written the incorrect intermediate steps and final result. The correct intermediate step should be 35 x 4 = 140, as the student mistakenly wrote 3570, which is incorrect. The final answer should be 35 x 14 = 490 - 36 = 454. However, the image shows an incorrect final answer of 354, which is incorrect based on the correct working.\n\n**Error:** 1']",Qwen/Qwen2.5-VL-7B-Instruct,False
eb66d2c35d2663bbcc54f5d4cf3c9b1a,计算：$(\frac{a}{4} - \frac{b}{3})( - \frac{a}{4} - \frac{b}{3}) = $____,"\frac{{{b^2}}}{9} - \frac{{{a^2}}}{{16}}, - \frac{{{a^2}}}{{16}} + \frac{{{b^2}}}{9}, \frac{1}{9}b^2-\frac{1}{16}a^2, -\frac{1}{16}a^2+\frac{1}{9}b^2",-\left({\frac{a^2}{16}-\frac{b^2}{9}}\right),3,middle,1,0.0,True,0,1.0,"['**Reasoning:** The student has written the expression $(\\frac{a}{4} - \\frac{b}{3})(- \\frac{a}{4} - \\frac{b}{3})$ but it looks like they are trying to simplify it incorrectly. The correct way to handle this would be using the difference of squares formula, which states that $(x + y)(x - y) = x^2 - y^2$. Here, $x = -\\frac{a}{4}$ and $y = -\\frac{b}{3}$. So the student should have simplified their expression to $\\left(-\\frac{a}{4}\\right)^2 - \\left(-\\frac{b}{3}\\right)^2$, which simplifies further to $\\frac{a^2}{16} - \\frac{b^2}{9}$.\n\n**Error:** 1', '**Reasoning:** The student has written the expression as $(\\frac{a}{4} - \\frac{b}{3})( - \\frac{a}{4} - \\frac{b}{3})$ but it looks like they did not expand or simplify it further. The expression inside the square brackets should be expanded using the difference of squares formula, but instead, they seem to have written something else entirely. This suggests a misunderstanding or misinterpretation of the question.\n\n**Error:** 1', '**Reasoning:** The student has written down the expression $(\\frac{a}{4} - \\frac{b}{3})( - \\frac{a}{4} - \\frac{b}{3})$, but it seems like they have not expanded or simplified it further. The image does not show the expanded form, so we cannot determine if the expansion is correct or not based solely on this image. However, the question asks for the expansion of the given expression, and the student has only written the expression without performing the multiplication. This suggests that the student did not attempt to solve the problem as per the instructions.\n\n**Error:** 1', '**Reasoning:** The student has written $(\\frac{a}{4} - \\frac{b}{3})(- \\frac{a}{4} + \\frac{b}{3})$, which is similar to the given expression but with a negative sign before $\\frac{a}{4}$ in the first parenthesis. This does not match the original expression, which should be $(\\frac{a}{4} - \\frac{b}{3})(-\\frac{a}{4} - \\frac{b}{3})$. The student missed the minus sign in front of $\\frac{a}{4}$.\n\n**Error:** 1', '**Reasoning:** The student has written down the expression $(\\frac{a}{4} - \\frac{b}{3})( - \\frac{a}{4} - \\frac{b}{3})$ but it does not appear that they have performed any further operations such as expanding the expression into a difference of squares or any other simplification. The problem seems to require the expansion of the product, which involves squaring each term and subtracting the products of the cross terms.\n\n**Error:** 1']",Qwen/Qwen2.5-VL-7B-Instruct,False
3217954735911520,李明乘飞机从甲城到乙城，飞机上午9:15从甲城起飞，11:15刚好到达乙城，已知飞机的平均速度是850千米/时，则甲乙两城相距___1___千米。,1700,425,2,primary,1,0.5004024235381879,True,0,0.8,"['**Reasoning:** The image appears to show a calculation involving roots, but the question asked to calculate the distance between two cities based on time and speed. The work does not align with the question since it does not involve the given average speed or time duration. The student seems to have started solving the problem but did not complete it correctly.\n\n**Error:** 1', ""**Reasoning:** The student appears to have written the formula for distance, which is \\( \\frac{4h}{2} = 850 \\), but it is not clear what 'h' represents. Since the question states that the plane travels from 9:15 AM to 11:15 AM, the duration is 2 hours, not 4 hours. The student might have misunderstood the time duration as 4 hours instead of 2 hours.\n\n**Error:** 1"", '**Reasoning:** The image shows the student has written \\( \\frac{4R}{2R} \\), which simplifies to 2. However, the problem involves distance, speed, and time, and the scratchwork is likely meant to represent a part of the solution. The image does not provide enough context to determine if this is a correct step or simply a partial calculation. There is no clear indication of a wrong calculation, misreading of the question, or a wrong method. The image appears to be missing the full solution process that would clarify the intended step.\n\n**Error:** 0', '**Reasoning:** The image shows an unclear handwritten work with some numbers and symbols, but it does not appear to be a solution related to the given question about calculating the distance between two cities based on a given average speed and travel time. The work seems more like a random sequence of numbers and symbols that do not correspond to the problem at hand.\n\n**Error:** 1', '**Reasoning:** The image shows \\( \\frac{4R^2}{2\\sqrt{8}} \\), which appears to be part of solving for the area of a circle. However, the question involves calculating distance based on speed and time. The work does not reflect this calculation. It seems the student wrote something unrelated to the given problem.\n\n**Error:** 1']",Qwen/Qwen2.5-VL-7B-Instruct,False
3217956319411210,"下列数中，读出三个零的是第___1___个，一个零也不读的是第___2___个，读出两个零的共有___3___个。（填编号,若有多个答案用逗号连接） ①9 9090 0009；②9 9009 9009；③909 0009 0009；④9 0090 0990；⑤9 9000 9900",3; 5; 3,"3; 5; 1,2,4",1,primary,1,0.0,True,0,1.0,"[""**Reasoning:** The image appears to show two sets of three identical marks (//) followed by a single dot. However, there is no mathematical problem or solution process presented in the image that corresponds to the given question. The question is asking about the numbers' reading of zero, but the scratchwork does not provide any calculations or reference to the numbers listed in the question. Therefore, it seems that the student might have started working on the problem but did not complete it correctly or did not write down their work properly.\n\n**Error:** 1"", '**Reasoning:** The image only shows some vertical lines and dots, which do not appear to be related to solving the given numerical problem. There is no evidence of calculations, methods applied, or results for the numbers provided in the question. The lack of relevant work suggests that the student did not attempt to solve the problem correctly.\n\n**Error:** 1', '**Reasoning:** The image consists solely of two sets of parentheses, which do not provide any relevant context or calculations related to the question asked. There is no information about reading zeros in numbers, so it appears there might be confusion between the question and the work displayed.\n\n**Error:** 1', '**Reasoning:** The image does not contain any numerical work or calculations related to the question. It only shows three ""||"" symbols which do not correspond to any part of the problem presented. There are no steps, numbers, or mathematical operations visible that could be evaluated for correctness against the given question.\n\n**Error:** 1', 'The image shows a series of tally marks: ||| ||| |||. This does not appear to be related to the mathematical problem provided, which asks about reading zeros in numbers. \n\n**Reasoning:** The student did not attempt to solve the problem, as there is no relevant work shown that correlates with the question.\n\n**Error:** 1']",Qwen/Qwen2.5-VL-7B-Instruct,False
3217956651619860,曾侯乙编钟是战国早期文物，是我国目前发现数量最多、保存最好的一套大型编钟。这套编钟一共65件，其中最小的高20.4厘米，最大的高度约是最小的7.5倍，最大的编钟比最小的编钟高___1___厘米。,132.6,153,1,primary,1,0.5004024235381879,True,0,0.8,"['**Reasoning:** The student has written 20.4 as one of the numbers being multiplied by 7.5, but it appears that there might be confusion with the original number 204. The multiplication should be 204 times 7.5, which is indeed 1530. However, the image only shows the step involving 20.4, so we cannot be certain if the rest of the work was correct based solely on this picture. Since the question asks for the height of the largest编钟 compared to the smallest one, and the student correctly multiplied 204 by 7.5 to get 1530, there is no error in the given part of the work.\n\n**Error:** 0', '**Reasoning:** The scratchwork performed is a multiplication problem: 20.4 × 7.5 = 153. The student has written down some numbers but does not appear to have correctly calculated the product. The question asks for the difference in height between the largest and smallest clocks, which would involve subtraction after multiplication, but the student seems to have overlooked this part.\n\n**Error:** 1', '**Reasoning:** The student has performed multiplication correctly, calculating 20.4 cm * 7.5 = 153 cm. However, the question asks for the difference in height between the largest and smallest clocks, which is 153 cm - 20.4 cm ≠ 132.6 cm, not 1600 cm as indicated in the image. This suggests a misinterpretation of the subtraction step.\n\n**Error:** 1', '**Reasoning:** The student appears to have multiplied 20.4 by 7.5, resulting in 153. Therefore, the difference between the largest and smallest heights should be calculated as 153 - 20.4 = 132.6 cm, which is different from what is written in the answer section.\n\n**Error:** 1', '**Reasoning:** The student has correctly multiplied 20.4 by 7.5 to get 153, as indicated in the image. However, the question asks for the difference between the height of the largest and smallest编钟s. Therefore, the student should subtract 20.4 from 153, which gives 132.6. There is no error in the multiplication, but the student did not perform the subtraction step.\n\n**Error:** 1']",Qwen/Qwen2.5-VL-7B-Instruct,False
3214393462345010,两数相乘，积是36，一个因数乘2，另一个因数除以3，那么积是___1___.<br/>,24,216,1,primary,1,0.0,True,0,1.0,"[""**Reasoning:** The image shows the multiplication of 12 by 18, which equals 216. However, the problem statement does not ask for the product of 12 and 18; instead, it asks what the new product would be if one factor is doubled and the other is divided by three. This involves changing the original factors to 24 (12*2) and 12 (18/3). The correct product should be \\(24 \\times 12 = 288\\), but the student's work does not reflect this change.\n\n**Error:** 1"", '**Reasoning:** The student appears to have attempted to multiply two numbers. However, the problem asks about the effect of changing one number by multiplication and division on the product. The scratchwork does not reflect any such operations and instead suggests a direct multiplication of 12 and 18, which equals 216, but the problem requires considering changes to the factors first before multiplying.\n\n**Error:** 1', '**Reasoning:** The student appears to have performed a multiplication incorrectly. The problem asks to multiply 12 by 18, but the student has written a 9 instead of completing the multiplication. This suggests a mistake in the actual calculation rather than interpretation of the question.\n\n**Error:** 1', '**Reasoning:** The image shows the multiplication of two numbers: \\(12 \\times 8 = 96\\). However, the question asks for the result when one number is multiplied by 2 and the other by 3. This means if we take \\(12\\) as the original number, then \\(12 \\times 2 = 24\\), and if we take \\(8\\) as the original number, then \\(8 \\div 3 \\approx 2.67\\). The product would be approximately \\(24 \\times 2.67 \\approx 64.08\\), which does not match the expected answer of \\(1\\).\n\n**Error:** 1', ""**Reasoning:** The student has calculated \\(12 \\times 18 = 216\\). The problem states that one number is multiplied by 2 and the other is divided by 3 to find a new product. However, the problem does not specify which number each operation is applied to, so the scratchwork alone does not give enough information to determine if the result is correct according to the given operations. Without additional context about which number is multiplied by 2 and which is divided by 3, it's impossible to confirm if the student's result matches the requirements of the problem.\n\n**Error:** 1""]",Qwen/Qwen2.5-VL-7B-Instruct,False
3215901344577940,小红家距离动物园8000米，小红从家骑自行车行了半小时后离动物园还有2000米，照这样的速度，再经过___1___分钟可以到达动物园。,10,200,1,primary,1,0.0,True,0,1.0,"[""**Reasoning:** The image does not contain any numerical calculations or steps that demonstrate the student's working process. There is no clear evidence of a calculation related to speed, time, or distance. Without seeing the actual work, it's impossible to determine if there is an error in the method or the final result.\n\n**Error:** 1"", '**Reasoning:** The scratchwork appears to show a division operation, possibly intended as part of solving the problem. However, the image does not contain a complete solution or any calculations that would directly address the distance-related question. There is no clear indication of the speed calculated or the remaining time needed to reach the zoo. Thus, it is difficult to determine if there is an error based solely on the provided image.\n\n**Error:** 1', ""**Reasoning:** The image only shows a signature line without any numerical calculations or relevant problem-solving steps. There is no evidence of the student addressing the question about the distance to the zoo. Therefore, it's impossible to determine if there's an error in the calculations based on the given content.\n\n**Error:** 1"", '**Reasoning:** The image appears to show a part of a signature or doodle and does not contain any mathematical work related to the given problem. There is no calculation, method application, or final result visible that could be evaluated for correctness.\n\n**Error:** 1', ""**Reasoning:** The image shows an incomplete or unclear representation of the student's work. There is no visible calculation, method, or result related to solving the problem. The question asks for the time required after traveling half the distance to reach the destination. The image does not provide any information about speed, distance traveled, or time taken for the first part of the journey, which are necessary to determine the remaining time. Therefore, based solely on the provided image, it's impossible to determine if there is an error or not.\n\n**Error:** 1""]",Qwen/Qwen2.5-VL-7B-Instruct,False
40075180a3d011e999b77cd30a5a3038,计算：${\left( { - \frac{{{m^2}}}{{3n}}}\right)^3} \cdot {\left( {\frac{{2p}}{{mn}}} \right)^2} \cdot {\left({\frac{{{n^3}}}{{mp}}} \right)^2}$的结果是____。,"- \frac{{4{m^2}n}}{{27}}, - \frac{{4n{m^2}}}{{27}}, -\frac{4}{27}m^2n",\frac{4}{27}m^2n,6,middle,1,0.0,True,0,1.0,"[""**Reasoning:** The student's work does not match the original question. The student appears to have simplified a different expression:\n\\[\n\\frac{m^6 m^2}{27 n^3} \\cdot \\frac{4 p^2}{n^2 p^2} \\cdot \\frac{n^6 n}{m^2 p^2}.\n\\]\nHowever, the original question asks to compute:\n\\[\n\\left( -\\frac{m^2}{3n} \\right)^3 \\cdot \\left( \\frac{2p}{mn} \\right)^2 \\cdot \\left( \\frac{n^3}{mp} \\right)^2.\n\\]\nThese expressions are different, so the student did not address the correct problem.\n\n**Error:** 1"", ""**Reasoning:** The student's work simplifies the expression in a way that does not match the original question. The original expression involves cube and square powers, but the student's work does not reflect these correctly. Specifically, the student has simplified the expression as if it were being multiplied together without considering the power rules.\n\n**Error:** 1"", ""**Reasoning:** The student seems to have simplified each fraction separately and multiplied them directly, but the correct approach involves expanding the exponents first before multiplying the fractions. The student did not correctly handle the powers of $m$, $n$, and $p$ in the expression.\n\nFor instance, expanding ${\\left( { - \\frac{{{m^2}}}{{3n}}}\\right)^3} = -\\frac{m^6}{27n^3}$ is incorrect as it should be handled with the negative sign outside the parentheses. Similarly, the student's simplification steps do not follow the rules of algebra correctly.\n\n**Error:** 1"", ""**Reasoning:** The student's work appears to have multiplied the powers of variables incorrectly. The original expression is:\n\\[ \\left(-\\frac{m^2}{3n}\\right)^3 \\cdot \\left(\\frac{2p}{mn}\\right)^2 \\cdot \\left(\\frac{n^3}{mp}\\right)^2 \\]\n\nThe student simplified each part as if they were multiplying the numerators and denominators directly, which is incorrect when raising fractions to a power. For example, \\(\\left(\\frac{a}{b}\\right)^n = \\frac{a^n}{b^n}\\), but the student wrote \\(\\frac{4}{27}m^2n\\) instead of \\(\\frac{4}{27}m^6 n^3\\).\n\n**Error:** 1"", '**Reasoning:** The student simplified the expression step by step as follows:\n1. Simplified the first fraction $\\frac{m^6}{27n^5}$.\n2. Simplified the second fraction $\\frac{4p^2}{mn^2}$.\n3. Simplified the third fraction $\\frac{n^6}{m^2p^2}$.\n4. Multiplied these results together and simplified further.\n\nHowever, the multiplication and simplification steps were incorrect. Specifically, the coefficients and the exponents should have been combined differently. The correct approach would involve multiplying the coefficients (4 times 1 times 1 = 4) and summing the exponents for each variable. The correct solution should be $\\frac{4}{27}m^n$ with $n$ being the sum of the exponents of $n$ from all fractions, which is 9 (from $n^6$, $-n^2$, and $n^6$).\n\n**Error:** 1']",Qwen/Qwen2.5-VL-7B-Instruct,False
3217955003038820,一根圆柱形钢管，外直径是$8cm$，内直径是$4cm$，长$1m$。每立方分米钢管重$7.8kg$，这根钢管重___1___千克。（得数保留整数）,29,294,6,primary,1,0.0,True,0,1.0,"['**Reasoning:** The image shows only the numbers ""16"" and ""3/168"", which do not resemble a solution to the given problem. There is no indication of calculations, methods used, or steps towards solving the volume or mass of the cylindrical steel pipe. The question requires calculating the volume of the cylindrical section first, then multiplying it by 7.8 kg per cubic decimeter to find the weight.\n\n**Error:** 1', '**Reasoning:** The image only shows some numbers without any calculations or steps leading up to a final answer. There is no evidence of the student attempting to calculate the volume of the cylindrical钢管 (metal pipe) or using the given density to find the weight. Therefore, it is impossible to determine if there is an error based on the given image alone.\n\n**Error:** 1', ""**Reasoning:** The image provided does not show any mathematical calculations or steps taken to solve the problem. There is no indication of the student's attempt at solving the question, making it impossible to determine if there is an error or not.\n\n**Error:** 1"", '**Reasoning:** The image appears to show the numbers ""164"" and ""3/68,"" which do not seem to represent steps in solving the given problem. The problem involves calculating the volume of a cylindrical pipe and then determining its weight based on the given density. However, the image does not contain any work related to these calculations. Therefore, it cannot be determined if there\'s an error in the student\'s work as there is no actual work visible.\n\n**Error:** 1', '**Reasoning:** There is no mathematical work or calculations visible in the image. The image only shows two numbers written separately. This does not indicate a solution to the given problem, which involves calculating the volume of a cylindrical ring (annulus) and then determining its weight.\n\n**Error:** 1']",Qwen/Qwen2.5-VL-7B-Instruct,False
3217956716748160,6公顷＋230000平方米=___1___公顷； 23平方千米-600公顷=___2___公顷,29; 1700,290000; 1700,0,primary,1,0.0,True,0,1.0,"['**Reasoning:** The image appears to show the addition of 60000 square meters (which is equal to 6 hectares) and 230000 square meters. The sum should be 290000 square meters. However, the student has written ""270000"" which seems to be a miscalculation, likely due to a misalignment issue where digits were mixed up or omitted during addition.\n\n**Error:** 1', '**Reasoning:** The student has written the numbers correctly as 60000 and 230000, but it appears they have added them together instead of converting 230000 square meters to hectares before adding. The correct approach should be to convert 230000 square meters to 23 hectares before adding to 6 hectares.\n\n**Error:** 1', '**Reasoning:** The student appears to have added 60000 square meters (6 hectares) and 230000 square meters together, resulting in 290000 square meters. This is correct. However, the question asks to convert the total into hectares, which should be 29 hectares, not 27 hectares as shown. \n\n**Error:** 1', '**Reasoning:** The handwritten work appears to show the addition of 6,000平方米 and 230,000平方米, which equals 290,000平方米, but the student seems to have written it as ""270000"" instead of ""290000"". This suggests a possible miscalculation or misunderstanding of the sum.\n\n**Error:** 1', '**Reasoning:** The student has performed addition correctly: 60000 square meters + 230000 square meters equals 290000 square meters. However, the student did not convert this sum into hectares as required by the question. The question asks for the total in hectares, but the student only wrote the answer in square meters.\n\n**Error:** 1']",Qwen/Qwen2.5-VL-7B-Instruct,False
3217954237756310,一场围棋赛进行了110分钟，到下午3：10结束，这场围棋赛是下午___1___时___2___分开始的。,1; 20,2; 00,0,primary,1,0.0,True,0,1.0,"['**Reasoning:** The image shows the student\'s attempt to solve a problem involving time subtraction. The student wrote ""3:10"" and ""1:50"" but did not perform the subtraction correctly. The correct way to subtract these times should yield a start time before 1:00 PM, which the student does not seem to have calculated. However, the question asks for the start time, not the end time, and the given times suggest the student might have incorrectly treated them as subtraction endpoints instead of start and end times.\n\n**Error:** 1', '**Reasoning:** The image appears to show a calculation involving time subtraction but does not match the problem statement. The numbers written seem to represent time in hours and minutes, but they do not align with the context of the question asking about the start time of the game given the end time and duration. There is ambiguity and lack of clarity in what the numbers represent, which indicates a misunderstanding of the problem.\n\n**Error:** 1', '**Reasoning:** The scratchwork appears to show the subtraction of times, but it does not clearly indicate the correct steps needed to find the start time. The numbers written seem to be different times or results, but the lack of clear subtraction or conversion makes it difficult to determine if the student is on the right track. There could be confusion between the end time and the difference between times.\n\n**Error:** 1', '**Reasoning:** The student has written three times: 3:10, 4:50, and 1:60. These appear to be calculations that might be related to the start time of the game. However, there is no clear indication of how these times are used in the context of solving the problem. The image lacks the steps to determine the starting time based on the given end time and duration. This suggests that the student might have approached the problem incorrectly or lacks the necessary steps to solve it accurately.\n\n**Error:** 1', '**Reasoning:** The image shows the student writing ""3:10"" in one part and ""7:50"" in another part. This suggests an attempt at subtraction to find the start time of the game. However, the student seems to have written ""3:10 - 1:60"" which is incorrect because it implies subtracting a larger number from a smaller one, which doesn\'t make sense in the context of time. The correct approach would be to calculate the start time as 3:10 minus the total duration of 110 minutes, converting 110 minutes into hours and minutes (1 hour and 50 minutes) before performing the subtraction.\n\n**Error:** 1']",Qwen/Qwen2.5-VL-7B-Instruct,False
3217955768932450,直接写出得数。 $\frac{3}{8} \div \frac{9}{{16}} = $___1___； $\frac{{11}}{{16}} \div \frac{{11}}{{16}} = $___2___； $4 \div 1\frac{3}{5} = $___3___。,"\frac{2}{3}; 1; $\frac{5}{2}$
或$2\frac{1}{2}$
或2.5",\frac{2}{3}; 1; \frac{3}{2},0,primary,1,0.5004024235381879,True,0,0.8,"['**Reasoning:** The first line shows $\\frac{3}{8} \\div \\frac{9}{16}$, which should be simplified to $\\frac{3}{8} \\times \\frac{16}{9}$. However, the student did not perform the multiplication correctly, as they seem to have multiplied the numerators and denominators directly, resulting in a wrong answer. The second line correctly simplifies to 1 since both fractions are the same. The third line incorrectly shows $4 \\div 1\\frac{3}{5}$ as $\\frac{3}{4 \\times 8}$, which does not match the original problem.\n\n**Error:** 1', ""**Reasoning:** The student has written the expressions but did not perform any calculations. For the first expression $\\frac{3}{8} \\div \\frac{9}{16}$, the correct approach would involve multiplying by the reciprocal, resulting in $\\frac{3}{8} \\times \\frac{16}{9} = \\frac{3 \\times 16}{8 \\times 9} = \\frac{48}{72} = \\frac{2}{3}$. For the second expression $\\frac{11}{16} \\div \\frac{11}{16}$, the correct answer is 1 because any number divided by itself equals 1. For the third expression $4 \\div 1\\frac{3}{5}$, the mixed number should be converted to an improper fraction, which is $\\frac{8}{5}$, so the correct calculation would be $4 \\times \\frac{5}{8} = \\frac{20}{8} = \\frac{5}{2}$. The student's work does not show these steps or results.\n\n**Error:** 1"", '**Reasoning:** The student appears to have attempted to simplify each expression separately:\n- For the first expression, $\\frac{3}{8} \\div \\frac{9}{16}$, the student correctly identified that dividing by a fraction is equivalent to multiplying by its reciprocal, but the multiplication step does not seem to be executed.\n- For the second expression, $\\frac{11}{16} \\div \\frac{11}{16}$, the student correctly simplified it to 1.\n- For the third expression, $4 \\div 1\\frac{3}{5}$, the student wrote ""$4 \\times \\frac{3}{8}$"", which seems to be an attempt at converting the mixed number into an improper fraction and then performing the division as multiplication, but the correct answer should be 2, as there is no mistake in the method used.\n\n**Error:** 0', '**Reasoning:** For the first problem, $\\frac{3}{8} \\div \\frac{9}{16}$, the student has written the reciprocal and multiplied it correctly as $\\frac{3}{8} \\times \\frac{16}{9}$. The calculation is correct but there seems to be a misunderstanding regarding the answer being simplified to $\\frac{2}{3}$ instead of the correct $\\frac{2}{3}$ after simplification. The second problem is $\\frac{11}{16} \\div \\frac{11}{16} = 1$, which is also correct. The third problem involves division by a mixed number, which should be converted to an improper fraction first before division. The student seems to have written a multiplication operation as well, which may indicate confusion about the operation required.\n\n**Error:** 1', ""**Reasoning:** The student wrote $\\frac{1}{16}$ as the answer for the first problem, which appears incorrect because $\\frac{3}{8} \\div \\frac{9}{16} = \\frac{3}{8} \\times \\frac{16}{9} = \\frac{3 \\times 16}{8 \\times 9} = \\frac{3 \\times 2}{9} = \\frac{2}{3}$.\n\nFor the second problem, the student wrote $\\frac{11}{16}$ again incorrectly. The correct answer should be $\\frac{11}{16} \\div \\frac{11}{16} = 1$.\n\nThe third problem seems correct; $4 \\div 1\\frac{3}{5} = 4 \\div \\frac{8}{5} = 4 \\times \\frac{5}{8} = \\frac{20}{8} = \\frac{5}{2}$.\n\nHowever, since the task is to identify if there is an error in the student's work, focusing on the provided answers, the first two answers are incorrect.\n\n**Error:** 1""]",Qwen/Qwen2.5-VL-7B-Instruct,False
3217956627975450,（2023春•阿勒泰地区期末）小卖部要做一个长$2.2m$，宽$40cm$、高$80cm$的玻璃柜台。现在要在柜台各边都安上角铁，至少需要___1___米的角铁。,13.6,136,0,primary,1,0.0,True,0,1.0,"['**Reasoning:** The image contains two parts of handwritten work. The first part seems to involve fractions being added, but the numbers are not clearly written, making it difficult to verify if there are errors. The second part appears to be an attempt at multiplication, with ""3.4"" multiplied by ""2.5"", which results in ""8.5"". This does not seem to align with the question, which asks for the perimeter of a rectangular glass case with dimensions given in meters. The calculation of the perimeter should not involve multiplication. The work does not directly address the problem of calculating the perimeter of the glass case.\n\n**Error:** 1', '**Reasoning:** The student appears to have attempted to find the perimeter of the base of the glass柜台, which is incorrect for determining the length of the corner iron needed. The correct approach would involve calculating the total length of edges along all sides of the rectangular prism, including the height and width dimensions. The student correctly calculated $2.2 + 0.4 + 0.8 = 3.4$ but did not include the height dimension in their sum, leading to an incorrect result of 3.4 meters instead of the total required length of corner iron.\n\n**Error:** 1', '**Reasoning:** The student appears to have been calculating the perimeter of a rectangle formed by the dimensions of the glass cabinet. The formula for the perimeter of a rectangle is \\(P = 2(l + w)\\), where \\(l\\) is the length and \\(w\\) is the width. The student has written \\(2.2 + 4 + 7 + 3.7\\), which suggests they have misinterpreted the problem. They seem to have added all four sides together instead of using the correct formula for perimeter.\n\n**Error:** 1', '**Reasoning:** The student has correctly identified the dimensions of the glass柜台 as 2.2m x 40cm x 80cm and has calculated the perimeter of one face of the rectangular prism, which is 96cm. However, the question asks for the total length of corner iron needed for all sides of the prism. There seems to be a misunderstanding here since the student only calculated the perimeter of one face, not the entire edge length required for all sides of the rectangular prism.\n\n**Error:** 1', ""**Reasoning:** The image shows the student attempting to calculate the perimeter of a rectangular box with dimensions 2.2 meters by 40 cm by 80 cm. However, the student's calculations are incorrect because they appear to be multiplying the dimensions instead of summing them. The correct approach would be to convert all measurements to the same unit (e.g., meters) and then sum the perimeters of each face of the box multiplied by the number of times each edge is repeated on all faces.\n\n**Error:** 1""]",Qwen/Qwen2.5-VL-7B-Instruct,False
a8735e9b411419b93d413a9ae15e7076,计算:$ - 6{x^2}{y^2}\left( {{x^2} + 2xy - {y^2}} \right)$$ - {\left( { - 3xy} \right)^2}\left( {2{x^2} - 4xy + {y^2}} \right)$=____(按照x的降幂排列),- 24{x^4}{y^2} + 24{x^3}{y^3} - 3{x^2}{y^4},-24x^4y^2+24x^3y^3,4,middle,1,0.0,True,0,1.0,"['**Reasoning:** The student incorrectly simplified the expression. The original expression is:\n\\[ -6x^2y^2(x^2 + 2xy - y^2) - (-3xy)^2(2x^2 - 4xy + y^2) \\]\nThe correct simplification should be:\n\\[ -6x^2y^2 \\cdot x^2 - 6x^2y^2 \\cdot 2xy + 6x^2y^2 \\cdot y^2 - 9x^2y^2 \\cdot 2x^2 + 9x^2y^2 \\cdot 4xy - 9x^2y^2 \\cdot y^2 \\]\nThis simplifies to:\n\\[ -6x^4y^2 - 12x^3y^3 + 6x^2y^4 - 18x^4y^2 + 36x^3y^3 - 9x^2y^4 \\]\nCombining like terms, we get:\n\\[ -24x^4y^2 + 24x^3y^3 - 3x^2y^4 \\]\n\n**Error:** 1', '**Reasoning:** The student has made a mistake in the second part of the expression. According to the original question, the term $-{\\left( { - 3xy} \\right)^2}$ should be simplified first before multiplying it with $\\left( {2{x^2} - 4xy + {y^2}} \\right)$. However, the student incorrectly applied the distributive property, leading to terms like $-18x{y^2}$ instead of the expected $-9{x^2}{y^2}$. The correct simplification should be $-9{x^2}{y^2}$.\n\n**Error:** 1', '**Reasoning:** The student appears to have incorrectly expanded the polynomial expressions. The correct expansion should involve distributing each term in the second expression to every term in the first expression. The student seems to have missed some terms and miscalculated coefficients.\n\n**Error:** 1', '**Reasoning:** The student appears to have made an error in the expansion of the terms involving \\( xy \\). Specifically, the incorrect multiplication of \\( -3xy \\) with itself results in \\( 9x^2y^2 \\), which should be \\( 9x^2y^2 \\times (-1) = -9x^2y^2 \\). This error propagates through the subsequent calculations, leading to the wrong final expression.\n\n**Error:** 1', '**Reasoning:** The student appears to have made a mistake in the second term of the expression. The correct expansion should factor out \\(9x^2y^2\\) from the second term instead of \\(9xy\\). The correct term should be \\(9x^2y^4\\) instead of \\(9xy\\), leading to \\(9x^2y^4 - 25x^2y^4 = -16x^2y^4\\).\n\n**Error:** 1']",Qwen/Qwen2.5-VL-7B-Instruct,False
3214393177264480,简便计算：98×45＝___1___。,4410,4590,0,primary,1,0.0,True,0,1.0,"['**Reasoning:** The image shows the work for multiplying 45 by 2, which is incorrect for solving 98×45 as required by the question. The correct step should involve multiplying 98 by 45, but instead, it appears to be an attempt at multiplication with a different set of numbers.\n\n**Error:** 1', '**Reasoning:** The student seems to have multiplied 45 by 2, which is correct as indicated by the partial calculation ""45x2=90"". However, the student appears to have written ""950"" at the beginning, which does not match the multiplication problem or the partial result. This suggests a possible misreading of the question or an unrelated addition that should not be part of the calculation.\n\n**Error:** 1', '**Reasoning:** The student appears to have attempted to calculate 45 x 2 instead of 98 x 45 as instructed. The correct process should involve multiplying 98 by 45, but the student has multiplied 45 by 2, leading to an incorrect solution.\n\n**Error:** 1', '**Reasoning:** The student has written ""950"" instead of ""98"" at the top left. This suggests a misreading of the multiplication problem. The multiplication should be between 98 and 45, but it appears as if the student multiplied 950 by 45.\n\n**Error:** 1', '**Reasoning:** The student appears to have multiplied 45 by 2 instead of 45 by 98 as instructed. The calculation shown is \\( 45 \\times 2 = 90 \\), which does not match the question asking for \\( 98 \\times 45 \\).\n\n**Error:** 1']",Qwen/Qwen2.5-VL-7B-Instruct,False
